Quotation ID,Customer Key,Quotation date,BST Code,Quotation No,Sales Rep 1,Quote Total,Currency AP,Air or Sea shipping,PO List,GST Perc,GST Amt,Total aft GST,DOs with this Quotation
cda6636f,6460ff92,6/1/2022 17:43,B,B01062022174617,3E98Omn83X,785,SGD,,75e0e647,,,,cae17ced
,,,,,,,,,,,,,
14711cfd,4DS6poaMwG,7/1/2022 12:57,S,S01072022125749,3E98Omn83X,149.62,SGD,,,,,,
fc5589ff,06suB5p2mX,17/5/2022 13:55,S,S01072022130343,3E98Omn83X,14923,SGD,Sea,,,,,c8b93cbb
759de132,ggx24SP0Ql,7/1/2022 15:35,S,S01072022153602,8X5EJG61Hk,0,SGD,,,,,,
,,,,,,,,,,,,,
7bd9399b,fvIH3Ur1DW,7/1/2022 15:45,B,B01072022154518,8X5EJG61Hk,18.31,SGD,,,,,,
d3bdbd17,2mBWQiax6J,7/1/2022 16:34,B,B01072022163438,,5998.2,SGD,,6cb2654a,,,,"1d6d12c5, c6ff2870, dac3a50f"
76220112,1956cd18,7/1/2022 16:29,S,S01072022163900,3E98Omn83X,660,SGD,,b8d505e6,,,,f0da4a70
0e29525e,HuraT82YGW,7/1/2022 16:42,AB,B01072022164228,8X5EJG61Hk,918.4,SGD,,fdf0451e,,,,"9eb02432, e2e12cda"
3143c1a4,06suB5p2mX,10/1/2022 12:09,S,S01102022120945,3E98Omn83X,839,SGD,Air,"5796fbf0 , 2421929e",,,,"1dfcb2d4, 74b3862f, dbf097e4, 278dae44"
d9238171,vwjM9hSH4s,10/1/2022 13:26,B,B01102022132717,,0,SGD,,cd9877d9,,,,
ffbb13d1,xEK6r63Cy3,10/1/2022 13:49,S,S01102022134951,3E98Omn83X,210,SGD,,ae76f8d9,,,,7f75b5dc
7a4dcde6,TN21q93OXm,10/1/2022 14:42,B,B01102022144257,,6,SGD,,,,,,
d5f5ecb8,39N5vR34gp,10/1/2022 16:10,B,B01102022162119,8X5EJG61Hk,99,SGD,,,,,,
09d4b3e1,39N5vR34gp,10/1/2022 17:26,B,B01102022172658,8X5EJG61Hk,2269.1,SGD,,0bf6f902,,,,"356f474d, 505ded89, 722f7034, ab2ea5c4, 440b5153, 84d55d07"
f8f99b32,ggx24SP0Ql,10/1/2022 17:35,S,S01102022173541,8X5EJG61Hk,1687,SGD,,d8ef8646,,,,6c8a7455
,,,,,,,,,,,,,
bc000adf,xw71fJ415b,11/1/2022 10:59,S,S01112022105955,,851,USD,Air,,,,,
,,,,,,,,,,,,,
38418b41,9lla53i77x,11/1/2022 13:51,B,B01112022140029,3E98Omn83X,0,SGD,Air,,,,,
f4fe6ff4,79hR9tOBwB,11/1/2022 14:03,B,B01112022140354,8X5EJG61Hk,2116,SGD,Air,35036617,,,,7cad47b8
fdb0e910,g084484ZO9,11/1/2022 18:10,AB,AB01112022181046,8X5EJG61Hk,688,SGD,Air,0358eaf9,,,,46475975
,,,,,,,,,,,,,
783b9126,jpZSXU2A8V,12/1/2022 11:29,B,B01122022113010,8X5EJG61Hk,448,SGD,Air,"c127df63 , fb5152af",,,,"2daf83bd, 58676506"
6e21eeec,53281641,12/1/2022 12:36,B,B01122022123632,8X5EJG61Hk,1192,SGD,Air,,,,,
1e9dcb0e,53281641,12/1/2022 13:02,B,B01122022130221,8X5EJG61Hk,838,SGD,Air,717303ed,,,,7cfa08de
ca3dd089,lD89r7qsyL,12/1/2022 14:18,S,S01122022141815,8X5EJG61Hk,1560,SGD,Air,70d524d8,,,,7ba1eb36
4971f5ed,fvIH3Ur1DW,12/1/2022 14:51,B,B01122022145207,8X5EJG61Hk,2906,SGD,Air,23b9ab0d,,,,"30ba0d38, 0b3c0d6a, b92ac31a, 1cd86d3c"
0ec522ee,b911b807,12/1/2022 15:48,B,B01122022160228,3E98Omn83X,977.4,SGD,Air,b47ec6a8,,,,c87c788c
1fddf80a,fEXeW6R1J3,12/1/2022 17:06,B,B01122022170704,8X5EJG61Hk,896,SGD,Air,32daad68,,,,"1f6cd225, a05b555a, 549ed0ab"
fc0501b6,e3f3c9e7,7/10/2022 11:59,S,S01132022075606,3E98Omn83X,4372.5,SGD,Air,,7%,306.08,4678.58,6186506b
fe1b95b1,60c8e006,13/1/2022 8:01,B,B01132022081021,3E98Omn83X,568,SGD,Air,,,,,
d563af47,8qbgngVgJ0,13/1/2022 12:07,S,S01132022120805,3E98Omn83X,468,SGD,Air,827ccf7d,,,,7df47353
9064b2ce,5bdH431NVo,13/1/2022 13:39,B,B01132022134056,8X5EJG61Hk,3214,SGD,Air,08816f71,,,,f9f14345
3251bdfd,vwjM9hSH4s,13/1/2022 14:50,L,L01132022145133,,850,SGD,Air,,,,,
3cd276da,4Yk09HecPy,13/1/2022 15:22,AB,AB1022011601,8X5EJG61Hk,3649.98,SGD,Air,6a126ca2,,,,"49bb6b48, d73b0047, eaedd6e3"
35c7e73c,4a9af5d4,13/1/2022 16:15,AB,B01132022161521,8X5EJG61Hk,2625,SGD,Air,,,,,
89791c50,31h6x6N35A,13/1/2022 16:11,B,B01132022161120,8X5EJG61Hk,567,SGD,Air,823988f5,,,,8bab8369
9c4d8c2f,fEXeW6R1J3,13/1/2022 16:29,B,B01132022162920,8X5EJG61Hk,776.2,SGD,Air,17ecb354,,,,051276dd
f330997a,4I3HDTm7GG,13/1/2022 16:54,B,B01132022165621,8X5EJG61Hk,488,SGD,Air,9873a50f,,,,9cce5ea8
e9a16e92,rAmb9tQZRc,14/1/2022 10:19,T,T01142022102009,,212.01,SGD,Air,,,,,
c3c939d6,43fb1479,14/1/2022 11:24,B,B01142022112457,8X5EJG61Hk,501,SGD,Air,0022ac40,,,,"1beacb04, b3641f7b"
377a5c65,5q282qed0R,14/1/2022 15:14,S,S01142022151500,,472,SGD,Air,e7badf7d,,,,f32bdf70
9856c6c7,6n9h7u47e8,14/1/2022 16:08,B,B01142022160906,,0,SGD,Air,,,,,
a596491e,X2ywZ9GnQE,14/1/2022 16:25,B,B01142022162554,8X5EJG61Hk,5657.93,SGD,Air,ea27d975,,,,"7563ee71, 7148dc6c, 23b0df1c"
bf82c3c0,0fc805bf,14/1/2022 17:08,B,B01142022170818,3E98Omn83X,4008.99,SGD,Air,c633625a,,,,"e40ca79e, 31954f6e, 486b394d"
20153194,tE2rb73Kp9,14/1/2022 23:45,B,B01142022234607,3E98Omn83X,11044,SGD,Air,,,,,
f3e3e096,1QjSD5K2L8,14/1/2022 23:54,B,B01142022235506,3E98Omn83X,1193,SGD,Air,bc2c9f37,,0,1193,"384c5fe1, 9a63fb24, 09a8b9fc, 9d94d392"
787db41b,1QjSD5K2L8,15/1/2022 9:58,B,B01152022095904,3E98Omn83X,15,SGD,Air,,,,,
5e9b5962,0fc805bf,15/1/2022 13:39,B,B01152022133932,3E98Omn83X,4941,SGD,Air,,,,,
bb35ab37,0d7dcda7,15/1/2022 13:38,B,B01152022134712,8X5EJG61Hk,241,SGD,Air,7329fcdc,,,,d75d5ecd
f942aea8,95be4153,17/1/2022 8:08,S,S01172022080905,,560,SGD,Air,ae603a6c,,,,e6650a8a
18b4fd12,vwjM9hSH4s,17/1/2022 9:10,S,S01172022091013,,3349.5,SGD,Air,"e1797025 , 4461ee74",,,,"c560de00, b6626008, 66699787, 61efe68d"
feed779a,673afc11,17/1/2022 10:58,S,S01172022105815,,176,SGD,Air,4eb0421e,,,,e70e5d1b
cdab0f97,6AyX6y7B9p,17/1/2022 12:27,S,S01172022122754,8X5EJG61Hk,4547,SGD,Sea,f700d8d5,,,,cc721fbc
a81bc619,u7jS44DAAW,17/1/2022 14:10,B,B01172022141013,3E98Omn83X,1156,SGD,Air,,,,,
9dd3b9de,6n9h7u47e8,6/1/2022 14:36,B,B01172022143645,,46,SGD,Air,,,,,
7d3a33d5,g084484ZO9,17/1/2022 16:04,AB,AB01172022160428,8X5EJG61Hk,5956,SGD,Air,,,,,
,,,,,,,,,,,,,
be4c4f68,4WD4e3BQj1,17/1/2022 16:47,B,B01172022164807,,4882,SGD,Air,eb411f58,,,,"f6621ced, 2c093006, 5b8c59e7"
4fc843f3,2mBWQiax6J,17/1/2022 18:04,AB,AB01172022180439,8X5EJG61Hk,5764,SGD,Air,efb5e383,,,,"bc703612, 4d2c19df"
81a39130,41I4EvJB02,18/1/2022 13:35,B,B01182022133536,8X5EJG61Hk,3801,SGD,Air,a1b114a0,,,,"d02aa660, 9ba8aa3f, 86343805"
b60d45be,8qbgngVgJ0,18/1/2022 14:29,S,S01182022143008,,63758,SGD,Sea,,,,,
743cffdf,06suB5p2mX,18/1/2022 17:23,B,B01182022172315,3E98Omn83X,0,SGD,Air,,,,,
dd03ed62,8Nzo71FGPE,18/1/2022 17:26,T,T01182022172713,3E98Omn83X,3327,SGD,Air,e605b506,,,,d69f3f8e
dd8017be,H65cij0dBc,19/1/2022 9:44,B,B01192022094506,8X5EJG61Hk,60,SGD,Air,9444fce4,,,,85d2fc06
45ee9da8,3PMyW67W67,19/1/2022 14:22,T,T01192022142410,3E98Omn83X,92,SGD,Air,,,,,
e5bb55b7,xsumAjY50P,11/8/2022 16:47,S,S01192022164747,8X5EJG61Hk,996.72,SGD,Sea,,,0,996.72,9e55f7e8
93248353,jCh0R09xTJ,20/1/2022 19:04,S,S01202022190501,8X5EJG61Hk,648,SGD,Air,20e7d317,,,,2b47a93a
5788644b,WL91eH602H,21/1/2022 10:09,S,S01212022102215,,5885,SGD,Air,,,,,
f54c33a3,Ss1dWMP4hX,21/1/2022 12:20,S,S01212022122026,8X5EJG61Hk,1582,SGD,Air,0f90c512,,,,"a28004e2, ff48499a"
,,,,,,,,,,,,,
c54446f0,fEXeW6R1J3,24/1/2022 10:03,B,B01242022100341,8X5EJG61Hk,644,SGD,Air,154583b2,,,,"9aeaa93d, b08d6c99"
8dc4b3cf,cc6c5bdc,24/1/2022 11:53,B,B01242022115400,8X5EJG61Hk,803,SGD,Air,d8263659,,,,"561d9b5f, 1fb35711"
7e82d0bc,b48e8c5f,24/1/2022 12:17,S,S01242022121717,8X5EJG61Hk,429,SGD,Air,408e05b5,,,,a0039042
67f30b6f,j6v26jLuwm,24/1/2022 17:19,AB,AB01242022171950,,2900,SGD,Air,8582ab63,,,,"08a4d77a, 41bf86f3, 4467ddfe"
4f88ba83,VCvp286I3Q,25/1/2022 16:20,S,S01252022162100,3E98Omn83X,963,SGD,Air,b54fe952,,,,852aec3c
9c267672,9Db6HRRP8a,26/1/2022 9:10,S,S01262022091036,3E98Omn83X,12539,SGD,Air,,,,,
d3e13a45,9Db6HRRP8a,26/1/2022 18:34,S,S01262022183432,3E98Omn83X,28488,SGD,Sea,,,,,
bc37e12b,9Db6HRRP8a,29/4/2022 10:45,S,S01262022183634,3E98Omn83X,61954.02,SGD,Sea,,,0,61954.02,"02576ddf, ec8995f6"
cc700de6,lRbOdn1f5e,27/1/2022 10:07,B,B01272022100740,8X5EJG61Hk,2542.24,SGD,Air,fbdcc4d7,,,,"6fea562a, 3547b46d, d74e7b45, 2ffbd7eb, c52e7a89, 39f15dbc, b9dfa4fc"
bbcd1908,64c0444d,27/1/2022 14:02,S,S01272022140323,3E98Omn83X,1521,SGD,Air,,,,,
0d1680f3,9Db6HRRP8a,28/1/2022 11:36,S,S01282022113637,3E98Omn83X,76927,SGD,Air,,,,,
7506fc40,W1xrXd4C1W,28/1/2022 17:11,B,B01282022171152,,37800,SGD,Air,ca459200,,,,643d59ab
90fc6023,4ZRd9NGZZQ,28/1/2022 17:59,B,B01282022175933,3E98Omn83X,651,SGD,Air,d29fc2f9,,,,3207b175
da892ca6,4ZRd9NGZZQ,28/1/2022 18:14,B,B01282022181430,3E98Omn83X,562,SGD,Air,ecd98130,,,,1f6ff5e5
c8fbd78b,39N5vR34gp,30/1/2022 21:39,B,B01302022213910,8X5EJG61Hk,2188,SGD,Sea,,,,,
a5da98ea,ea851c92,3/2/2022 9:57,B,B02032022102956,,10837,SGD,Air,,,,,
41946148,39N5vR34gp,9/3/2022 13:23,B,B02032022132348,8X5EJG61Hk,810.12,SGD,Air,6d3b15a9,,,,"74787c1c, 7bac0098, d1daa62f"
a1cb2249,VCvp286I3Q,3/2/2022 16:11,S,S02032022161137,,369,SGD,Air,521c1273,,,,e1716d21
6c0abc88,07UkT3V9b1,4/2/2022 10:01,S,S02042022100208,3E98Omn83X,872,SGD,Air,9adf86a5,,,,fc8afa18
75c7fea9,WL91eH602H,13/4/2022 15:14,B,B02042022151422,3E98Omn83X,3549,SGD,Air,,,,,6936a210
45b7a940,Ss1dWMP4hX,7/2/2022 10:41,B,B02072022104156,8X5EJG61Hk,485,SGD,Air,d04af837,,,,88435bd7
f7f2fe7d,2rHQ5q2g6a,7/2/2022 13:26,T,T02072022132626,8X5EJG61Hk,2439.04,SGD,Air,,,,,
923d287d,2rHQ5q2g6a,7/2/2022 13:33,T,T02072022133349,8X5EJG61Hk,4968,SGD,Air,c8b50483,,,,a742370b
187508ca,fEXeW6R1J3,7/2/2022 16:13,B,B02072022161329,8X5EJG61Hk,767,SGD,Air,f936107b,,,,d4a3cd1c
9aaa13e0,OCyg84BDvJ,8/2/2022 11:52,S,S02082022115223,,632.4,SGD,Air,f23f65bf,,,,"764c2ce9, 5e270b3b"
1eaaa6d4,WL91eH602H,23/6/2022 10:35,B,B02082022120319,3E98Omn83X,1074,SGD,Air,,,,,95dee461
f0b6c447,fvIH3Ur1DW,8/2/2022 13:51,B,B02082022135138,8X5EJG61Hk,2624,SGD,Air,67b80c7c,,,,84bf286f
f76fe1b2,6n9h7u47e8,8/2/2022 16:21,B,B02082022162142,,380.01,SGD,Air,,,,,
40c911f2,IEGO2KU1a7,8/2/2022 16:37,S,S02082022163805,8X5EJG61Hk,2320,SGD,Air,,,,,
802e8ad0,L9sXyUZtXD,8/2/2022 16:53,B,B02082022165329,8X5EJG61Hk,779,SGD,Air,4aad84b6,,,,"b9ce7ad2, 124444cf"
c7d5bc69,y3rYf2f9gy,9/2/2022 10:48,S,S02092022104838,3E98Omn83X,985,SGD,Air,,,,,
7411bf1a,06suB5p2mX,9/2/2022 12:00,S,S01102022120945BF,3E98Omn83X,59,SGD,Air,,,,,
ad9cd5d2,8d95ebdd,9/2/2022 11:55,B,B02092022115703,3E98Omn83X,433,SGD,Air,,,,,
e4e54454,07UkT3V9b1,9/2/2022 13:09,S,S02092022130928,3E98Omn83X,394,SGD,Air,,,,,
314a2760,1w5H2WCoXZ,9/2/2022 14:16,B,B02092022141657,3E98Omn83X,800,SGD,Air,2fefb0e8,,,,455c34ac
732b0bce,0e1a9851,9/2/2022 14:42,S,S02092022144359,,1183,SGD,Air,,,,,
688f4e1e,0a0f9e01,9/2/2022 15:13,S,S02092022151324,8X5EJG61Hk,540.9,SGD,Air,d7e28087,,,,4cb865ef
6f62aa6d,a6f7d643,9/2/2022 16:22,B,B02092022162525,3E98Omn83X,149,SGD,Air,,,,,
ddac54e2,8Nzo71FGPE,10/2/2022 10:28,T,T02102022102822,3E98Omn83X,2046,SGD,Air,73c7864d,,,,da612a64
479fe2a7,nskJqPCfph,10/2/2022 15:10,S,S02102022151051,3E98Omn83X,1527,SGD,Air,,,,,
3f03c3e9,31h6x6N35A,10/2/2022 16:18,B,B02102022161817,8X5EJG61Hk,49,SGD,Air,59abe2fd,,,,ea44e235
beff7176,5q282qed0R,11/2/2022 9:17,S,S02112022091727,,9392,SGD,Air,,,,,
4c84bab4,y3rYf2f9gy,11/2/2022 9:37,B,B02112022093813,3E98Omn83X,1654,SGD,Air,a38d194d,,,,64890bdb
f464434d,Y2MYCQ56NK,11/2/2022 10:52,S,S02112022105453,8X5EJG61Hk,2523,SGD,Air,,,,,
cc7515d9,vwjM9hSH4s,11/2/2022 11:01,S,S02112022110130,,69447,SGD,Air,,,,,
97109468,Y2MYCQ56NK,14/4/2022 10:01,S,S02112022110144,8X5EJG61Hk,1757,SGD,Sea,,,,,
2549b12e,xw71fJ415b,11/2/2022 11:26,S,S02112022112704,,3631,USD,Air,7d39fd5c,,,,5329be04
43b5cac0,be19c1e3,11/2/2022 11:48,B,B02112022114824,8X5EJG61Hk,381,SGD,Air,b71ce702,,,,c4a1d663
1aaa3cfa,FOxPJznvAx,11/2/2022 16:50,S,S02112022165023,,1696,SGD,Air,3c078d56,,,,d05df5ee
,,,,,,,,,,,,,
397e3f60,4Yk09HecPy,14/2/2022 8:48,B,B02142022084818,,5855,SGD,Air,,,,,
14ad02a9,31h6x6N35A,14/2/2022 9:50,L,L02142022095020,8X5EJG61Hk,74,SGD,Air,e2a908d5,,,,4358d8e0
be2e313d,6H04q7tR9v,14/2/2022 10:28,S,S02142022102903,,1667,SGD,Air,,,,,
adcba6b6,55kcyJWnQ9,14/2/2022 12:50,T,T02142022125023,3E98Omn83X,1301,SGD,Air,,,,,
ef679a3c,fvIH3Ur1DW,14/2/2022 13:18,B,B02142022131826,8X5EJG61Hk,1570,SGD,Air,e0300fad,,,,"4f64ad25, a0ae1745"
23a12a7a,48iGKBLCt6,14/2/2022 13:28,B,B02142022133546,8X5EJG61Hk,760,SGD,Air,ea50e317,,,,1ee23818
ef0903be,4Yk09HecPy,14/2/2022 13:43,B,B02142022134331,,5757,SGD,Air,6e94bac5,,,,3b29947f
76c9552f,UzdUJe146M,14/2/2022 14:11,B,B02142022141213,8X5EJG61Hk,2987,SGD,Sea,,,,,
8c68c145,oBZ1jj29Q9,14/2/2022 14:18,B,B02142022141848,8X5EJG61Hk,2236,SGD,Sea,,,,,
435e8c0c,UzdUJe146M,14/2/2022 14:30,AB,AB02142022143105,8X5EJG61Hk,2984,SGD,Air,,,,,c4466066
,,,,,,,,,,,,,
4e353f89,fEXeW6R1J3,14/2/2022 15:45,B,B02142022154606,8X5EJG61Hk,760,SGD,Air,175cd3b9,,,,"86478c56, 32ee05ad, 07a64e1c"
0bc787a2,1w5H2WCoXZ,14/2/2022 16:16,B,B02142022161627,3E98Omn83X,473,SGD,Air,212942b9,,,,e17271a3
1841d980,XIy2CiF5zT,10/3/2022 11:22,S,S02142022232235,8X5EJG61Hk,558,SGD,Sea,0242ad64,,,,1dda5924
9531b2dc,4a9af5d4,15/2/2022 12:59,B,B02152022125955SJ,8X5EJG61Hk,2975,SGD,Air,,,,,
48925a45,UzdUJe146M,15/2/2022 13:05,B,B02152022130556SJ,8X5EJG61Hk,0,SGD,Air,,,,,
efa68a08,4a9af5d4,15/2/2022 13:09,B,B02152022131001SJ,8X5EJG61Hk,2972,SGD,Air,,,,,
587c57bd,X2ywZ9GnQE,15/2/2022 13:39,B,B02152022133951,8X5EJG61Hk,2950,SGD,Air,f511b381,,,,
5685aa95,PCxZ1ce9Pm,15/2/2022 3:01,B,B02152022030352,,0,SGD,Air,,,,,
166255f5,3PMyW67W67,15/2/2022 14:55,S,S02152022145545,3E98Omn83X,1277,SGD,Air,,,,,
5f3cab5d,4DS6poaMwG,15/2/2022 15:05,S,S02152022150528,3E98Omn83X,550,SGD,Air,369fc609,,,,"b9e0239d, ef4f9379"
edbc8c05,15jpR2Djf1,15/2/2022 4:16,B,B02152022041644,,4860,SGD,Air,4f4b4ac9,,,,"f9741ad1, 439fc33a, 8786d484, 2dd97d4d, 82ff7f33, 5a0607e9"
d828a758,vwjM9hSH4s,15/2/2022 17:03,S,S02152022170320,,101052,SGD,Air,,,,,
1deb8ed6,15jpR2Djf1,15/2/2022 5:51,B,B02152022055152SJ,,93,SGD,Air,,,,,
7a38d6a4,g084484ZO9,15/2/2022 17:36,B,B02152022173651,,2983.86,SGD,Air,c7a74cfa,,,,704b5d2f
21a5ccbc,VCrR9IvzfA,15/2/2022 17:40,B,B02152022174118,8X5EJG61Hk,2987,SGD,Air,,,,,
848ac38b,X2ywZ9GnQE,15/2/2022 17:45,AB,AB02152022174515SJ,8X5EJG61Hk,2438.9,SGD,Air,,,,,
bfeec30a,VCrR9IvzfA,15/2/2022 18:13,AB,AB02152022181345SJ,8X5EJG61Hk,2957,SGD,Air,,,,,
db824c7a,X2ywZ9GnQE,15/2/2022 18:18,AB,AB02152022181912SJ,8X5EJG61Hk,3000,SGD,Air,,,,,
fab20b48,VCrR9IvzfA,15/2/2022 18:23,AB,AB02152022182439,8X5EJG61Hk,1967,SGD,Air,,,,,
0010cc5a,8Nzo71FGPE,15/2/2022 21:17,T,T02152022211806,3E98Omn83X,600,SGD,Air,6fe891cf,,,,e7bd2443
9ededc84,2mBWQiax6J,15/2/2022 21:23,AB,AB02152022213106,8X5EJG61Hk,5886,SGD,Air,3dbc5283,,,,"c8cd2ad5, 5dfbd60e, 3704b18d"
fcc95eb8,vwjM9hSH4s,16/2/2022 12:36,B,B02162022123638,,41992,SGD,Air,,,,,
a712ef39,4f39f7be,16/2/2022 13:16,B,B02162022131658,8X5EJG61Hk,1228.64,AUD,Air,a4337f70,,,,de1fb1a4
2be0bc70,mBB4FCi2BK,16/2/2022 14:13,B,B02162022141323,,1004.1,SGD,Air,041ffe94,,,,77dc95fa
df46bd7f,1f6et5pP1O,17/2/2022 11:05,T,T02172022110528,3E98Omn83X,252,SGD,Air,,,,,
4f6056ba,6613f2d7,17/2/2022 17:02,B,B02172022170223,8X5EJG61Hk,2670,SGD,Air,11908e2a,,,,d0134f13
516ea7e5,naic6d0imR,17/2/2022 17:14,T,T02172022171410,3E98Omn83X,558,SGD,Air,e170b8e4,,,,02ca5472
46b38705,1c73fd10,17/2/2022 20:12,B,B02172022201241,8X5EJG61Hk,2950,SGD,Air,65442778,,,,140a7260
7b365376,5fiS378Rr1,18/2/2022 2:40,B,B02182022024119,3E98Omn83X,1130,SGD,Air,ef86cc98,,,,"d799aa20, 80211401"
18d9c25e,jjC9BO9046,18/2/2022 15:12,S,S02182022151250,3E98Omn83X,280,SGD,Air,b86f73da,,,,97149bd1
765b4efb,FOxPJznvAx,18/2/2022 16:09,S,S02182022160915,,5925,SGD,Air,0221f0d8,,,,d7305bf6
b92c4600,y3rYf2f9gy,18/2/2022 17:36,S,S02182022173735,3E98Omn83X,563,SGD,Air,27e1eeef,,,,"68e195c7, b502094b, 0d2ff45c"
f6fbfce0,5fiS378Rr1,18/2/2022 6:28,B,B02182022062900SJ,3E98Omn83X,10,SGD,Air,,,,,
,,,,,,,,,,,,,
96f0cd34,fvIH3Ur1DW,21/2/2022 17:06,B,B02212022170702,8X5EJG61Hk,692,SGD,Air,4be13d6e,,,,bf2c13c7
a247836c,bbd2f7c9,21/2/2022 18:20,B,B02212022182210,3E98Omn83X,2079,SGD,Air,6ee374ad,,,,20b213a6
2d90ce86,bcd08322,22/2/2022 14:04,B,B02222022140430R,8X5EJG61Hk,4800,SGD,Air,1f71a3e5,,,,"efd8731d, a4e836b8, 280d1c66, bcaf29e8"
909600ac,g084484ZO9,22/2/2022 14:06,AB,AB02222022140635,8X5EJG61Hk,342,SGD,Air,34873862,,,,"b2b29c2b, dfd51100"
9fdf1883,N6QXxBprMz,22/2/2022 15:24,S,S02222022152600,8X5EJG61Hk,4617,SGD,Air,09f0c702,,,,7aac4912
3c499c11,4WD4e3BQj1,22/2/2022 17:42,B,B02222022174222,,4471,SGD,Air,76b34685,,,,"53c9ed4a, 8356eff2, db109faa, e0a9ad28"
8928f462,YRDfn5Wf9O,22/2/2022 18:58,B,B02222022185851,8X5EJG61Hk,201,SGD,Air,3caa535f,,,,bd903638
b425abd1,x33h2drOuX,22/2/2022 19:18,S,S02222022191830,8X5EJG61Hk,14431,SGD,Air,,,,,
35f50e8e,xEK6r63Cy3,22/2/2022 20:44,B,B02222022204458,,275,SGD,Sea,fec619d0,,,,d924c534
3297daf1,vwjM9hSH4s,22/2/2022 21:30,B,B02222022213059,,3090,SGD,Air,8a17ff3b,,,,f1f469d2
383de1ac,64ot8mATSB,23/2/2022 10:23,B,B02232022102359,,0,SGD,Air,964ec3bd,,,,
4c193f93,x33h2drOuX,23/2/2022 12:39,S,S02232022124000,8X5EJG61Hk,655,SGD,Air,,,,,
,,,,,,,,,,,,,
c43bbd41,ygrNSaz4bh,23/2/2022 13:24,AB,AB02232022132456,,2140,SGD,Air,8b07faa1,,,,d5a77c25
d0ccd26f,I51lshr5ZM,23/2/2022 14:37,S,S02232022143750,8X5EJG61Hk,2534.99,SGD,Air,7ed73a85,,,,f2e13335
,,,,,,,,,,,,,
7b9d8c0e,6Lwm5z7Yj9,23/2/2022 16:12,B,B02232022161339,8X5EJG61Hk,2664,SGD,Air,ac1e9ca3,,,,
1b10f1e6,e6666cbb,23/2/2022 21:42,B,B02232022214515,8X5EJG61Hk,2106.5,SGD,Air,"ab1e9677 , 41468156",,,,"ea14aed2, 62ae0f22, bf10c559, 242a5cc9, 17fc4bef, 467f6bd2"
,,,,,,,,,,,,,
709ce933,xEK6r63Cy3,24/2/2022 14:04,B,B02242022140437,,457,SGD,Air,,,,,
a052ad9b,dc701372,24/2/2022 14:49,B,B02242022145015,,745,SGD,Sea,,,,,
d7769d6e,MGWf4062EF,24/2/2022 16:45,S,S02242022164601,3E98Omn83X,798,SGD,Air,eb0c811c,,,,"7410cbe8, 46347169, 74b73311"
f9771ae1,Y2MYCQ56NK,14/4/2022 9:34,S,S02252022143439,8X5EJG61Hk,1081,SGD,Sea,,,,,091eeea8
3490e4e9,96g659z86z,25/2/2022 15:25,S,S02252022152520,3E98Omn83X,846,SGD,Air,,,,,
650b2a00,4DS6poaMwG,25/2/2022 16:23,S,S02252022162357,3E98Omn83X,569,SGD,Air,,,,,
3671a9bf,3MgTz1s36U,25/2/2022 18:05,B,S02252022180559,3E98Omn83X,4038,SGD,Air,18833df0,,,,15ef8671
,,,,,,,,,,,,,
6dd5f6b8,3MgTz1s36U,28/2/2022 9:35,B,B02282022093546,3E98Omn83X,5883,SGD,Air,44324b99,,,,acdc0ce1
9227f120,W1xrXd4C1W,28/2/2022 10:09,B,B02282022100941,,27399.35,SGD,Air,a070b41e,,,,2e07b353
9a68c471,6n9h7u47e8,28/2/2022 10:34,B,B02282022103451,,12977.95,SGD,Air,8c95ada4,,,,1eb06a36
eb886f92,3MgTz1s36U,28/2/2022 10:52,B,B02282022105255,3E98Omn83X,4756.99,SGD,Air,9bd72cdb,,,,8210c7f2
834ac869,j6v26jLuwm,28/2/2022 13:22,T,T02282022132516,,1953,SGD,Air,f5c8cf82,,,,1e80fde6
6ddd14ad,j6v26jLuwm,28/2/2022 13:32,AS,AS02282022133235,,5967,SGD,Air,fb9b7652,,,,bf6b9f4d
064c3375,b99e96ff,27/4/2022 16:53,B,B02282022165333,8X5EJG61Hk,2585.01,SGD,Air,,,,,9e4a12a0
f605e888,177efdda,28/2/2022 18:23,B,B02282022182354,,995,USD,Air,,,,,
14123338,fvIH3Ur1DW,1/3/2022 10:00,B,B03012022100101,8X5EJG61Hk,336,SGD,Air,a6c6f08a,,,,09c7bd1d
df5cbe27,VL9576yh06,1/3/2022 11:30,T,T03012022113041,3E98Omn83X,2923.98,SGD,Air,,,,,
84571b69,jpZSXU2A8V,1/3/2022 11:39,B,B03012022113939,8X5EJG61Hk,378.98,SGD,Air,dbf777a7,,,,"7d394652, dd68e105"
9eff2395,bHy0p906sS,1/3/2022 12:41,BB,BB03012022124139,,1330.75,SGD,Air,,,0,1330.75,
6c7a35b1,6n9h7u47e8,1/3/2022 15:19,B,B03012022151927,,0,SGD,Air,,,,,
e1105df9,1b04ee43,1/3/2022 16:20,B,B03012022162525,3E98Omn83X,3815,SGD,Air,8647e1ed,,,,01dad41e
c8005f70,ae24516a,1/3/2022 17:19,S,S03012022171936,8X5EJG61Hk,499,SGD,Air,,,,,
8e1e409f,fvIH3Ur1DW,2/3/2022 13:22,B,B03022022132213,8X5EJG61Hk,1560,SGD,Air,ea32643e,,,,11f4a238
637c83bb,3PMyW67W67,2/3/2022 13:47,S,S03022022134753,3E98Omn83X,278,SGD,Air,,,,,
98e59a2e,TELcJA9M9q,2/3/2022 15:27,B,B03022022153138,3E98Omn83X,313,SGD,Air,3fff876d,,,,c1823e02
41755dc0,3MgTz1s36U,2/3/2022 17:44,AB,AB030202209,3E98Omn83X,4370,SGD,Air,b58a33a0,,,,19691f69
,,,,,,,,,,,,,
cc8dd2f7,541ddfac,3/3/2022 8:58,BB,BB03032022085928,,197.4,GBP,Air,,,,,
4523e2f6,5e3e7559,3/3/2022 9:09,BB,BB03032022090926,,250,SGD,Air,,,,,
d7982d11,b186e66e,3/3/2022 11:21,S,S03032022112206,8X5EJG61Hk,3074,SGD,Air,,,,,
59f130d7,xRW3mYR957,3/3/2022 11:28,B,B03032022112834,3E98Omn83X,201,SGD,Air,23249567,,,,2cd08ce7
16ecc47a,Sjd5ocDqmp,3/3/2022 11:37,S,S03032022113721,3E98Omn83X,1690,SGD,Air,24ca9549,,,,87218bda
2bf7203e,e888eb32,3/3/2022 13:15,B,B03032022133433,,316,SGD,Air,,,,,
9084d01e,d16a8528,3/3/2022 13:42,B,B03032022134257,8X5EJG61Hk,0,SGD,Air,,,,,
a30a7468,03193ccf,3/3/2022 13:45,B,B03032022134527,8X5EJG61Hk,0,SGD,Air,,,,,
2e086f00,159uhrD8su,3/3/2022 13:50,B,B03032022135109,8X5EJG61Hk,7023.3,SGD,Air,c02c16bc,,,,85e27be8
b92dc7fb,6n9h7u47e8,3/3/2022 15:14,B,B03032022151429,,8781.17,SGD,Air,9facd465,,,,108d5e2a
2d5b8bb7,4DS6poaMwG,3/3/2022 16:17,S,S03032022162547,3E98Omn83X,236,SGD,Air,f990942c,,,,3d713330
,,,,,,,,,,,,,
b40e629e,oBZ1jj29Q9,4/3/2022 14:18,B,B03042022141809,,1545.98,SGD,Air,2c8ed4f1,,,,"3577120b, bf738d8e"
a979b49a,0fc805bf,4/3/2022 16:15,B,B03042022161532,3E98Omn83X,4941,SGD,Air,,,,,
987f747c,0fc805bf,4/3/2022 18:16,AB,AB03042022181654,3E98Omn83X,4510,SGD,Air,278290bb,,,,d57de7bf
1321768b,0fc805bf,4/3/2022 18:21,B,B03042022182141,3E98Omn83X,1221,SGD,Air,adbc226b,,,,7ed08650
0fbfa5ac,96g659z86z,5/3/2022 10:32,S,S03052022103255,3E98Omn83X,2055,SGD,Air,,,,,
ffb433b1,a02f5a82,7/3/2022 9:46,B,B03072022094649,,2204,USD,Air,5c9e09e7,,,,e687e920
2b079781,uoQUND7q4X,7/3/2022 12:14,S,S03072022121500,3E98Omn83X,5868.99,SGD,Sea,,,,,
4be726a5,1w5H2WCoXZ,7/3/2022 13:40,S,S03072022134040,3E98Omn83X,4950,SGD,Air,cd25aec2,,,,186bc895
9130570b,AQ6LQGkxDX,7/3/2022 14:03,B,B03072022140413,8X5EJG61Hk,0,SGD,Air,,,,,
559ae7ec,5q282qed0R,7/3/2022 14:23,S,S03072022142321,,931,SGD,Air,,,,,
92d56259,lRbOdn1f5e,7/3/2022 14:25,AT,AT03072022142608,8X5EJG61Hk,439,SGD,Air,,,,,e1652583
e6fa1f95,39N5vR34gp,5/4/2022 9:31,B,B03072022153612,8X5EJG61Hk,2898,SGD,Air,,,,,"85812241, f340ad3b"
02386db7,3PMyW67W67,7/3/2022 16:48,S,S03072022164827,3E98Omn83X,2549,SGD,Air,ec9b51e9,,,,"6a9846e3, 960a7c78, 38c9eb22"
b76e5841,4WD4e3BQj1,7/3/2022 22:06,B,03072022220625SJ,,1257,SGD,Air,,,,,
67c94a4b,iB1CZOmgBh,8/3/2022 11:03,B,B03082022110335,,5233,SGD,Sea,,,,,
e2df685b,Y2MYCQ56NK,8/3/2022 12:04,S,S03082022120428,3E98Omn83X,2164,SGD,Air,,,,,
233691d3,31bc2bd5,8/3/2022 15:20,B,B03082022152239,3E98Omn83X,2276,SGD,Air,,,,,
b5765023,fEXeW6R1J3,8/3/2022 16:00,B,B03082022160157,8X5EJG61Hk,948,SGD,Air,418f1903,,,,"fbce792c, 9f5cc71e, b2e0dc6d, 87c73352"
3efe065d,Pox366MK2r,9/3/2022 13:58,B,B03092022135822,8X5EJG61Hk,2922,SGD,Air,345446eb,,,,d1f7e088
794cd627,d159604b,9/3/2022 14:58,B,B03092022145825,,2405.04,SGD,Air,,,,,
7fcddd93,UzdUJe146M,9/3/2022 16:00,B,B03092022160017,8X5EJG61Hk,1227,SGD,Air,4c494a70,,,,d90922a2
461010f7,fb713344,9/3/2022 16:07,B,B03092022160750,8X5EJG61Hk,2975,SGD,Air,07b090a9,,,,d36ebea8
fcb54429,1QjSD5K2L8,9/3/2022 17:01,B,B03092022170136,3E98Omn83X,200,SGD,Air,c205b17f,,,,36590ba9
71a693de,64c0444d,9/3/2022 17:05,S,S03092022170552,3E98Omn83X,1251,SGD,Air,,,,,
d97f0ea1,AQ6LQGkxDX,7/3/2022 22:53,L,L03102022095228,8X5EJG61Hk,100,SGD,Air,482fe3e2,,,,ad70b3b3
c05420a7,xEK6r63Cy3,10/3/2022 10:09,S,S03102022100917,3E98Omn83X,182,SGD,Air,,,,,
5398f4b9,5bdH431NVo,10/3/2022 13:56,S,S03102022135619,8X5EJG61Hk,2760,SGD,Air,8f7918f7,,,,b35335c5
9f588aa9,f374Qy83SV,10/3/2022 14:35,B,B03102022143508,,861,SGD,Air,e23c641c,,,,"111fc3bd, 03c2a77b"
e22b6c36,6f0r25MOht,10/3/2022 14:56,L,L03102022145634,8X5EJG61Hk,129,SGD,Air,c4d0aed2,,,,06d1d3d0
ea92b1f7,Y2MYCQ56NK,10/3/2022 15:41,S,S03102022154202,3E98Omn83X,226,SGD,Air,6be793ab,,,,1f2099ba
3d227399,506af81b,10/3/2022 20:09,B,B03102022201436,8X5EJG61Hk,966,SGD,Air,4f05433c,,,,"868c22da , d5087e5d"
3f27117d,xhT0E4h7iP,11/3/2022 11:09,B,B03112022110939,8X5EJG61Hk,1568,SGD,Air,284ab68b,,,,9cf6fd63
72f10968,6AyX6y7B9p,11/3/2022 11:40,S,S03112022114035,8X5EJG61Hk,5975,SGD,Sea,0cd40649,,,,9ce45769
9a05933d,g084484ZO9,11/3/2022 15:56,B,B03112022155623,8X5EJG61Hk,828,SGD,Air,dc4e5888,,,,"6a02f777, 297ab12a, f8fb3626, e54f4c5e"
4c46fa9b,4WD4e3BQj1,11/3/2022 16:13,B,B03112022161413,,5028,SGD,Air,99f869c0,,,,6037f1fe
27cf4c9e,dc701372,11/3/2022 16:42,B,B03112022164311,,142,SGD,Air,,,,,
b5354418,4WD4e3BQj1,11/3/2022 17:31,AB,AB03112022173144,,935,SGD,Air,ec624f20,,,,"6c4dda9a, b4d8ac45, fe480515, aa5a5b15, d9d09b25, df905ae3, edcb03a5"
3b96014b,Ss1dWMP4hX,14/3/2022 10:53,S,S03142022105406,8X5EJG61Hk,320,SGD,Air,f05f49d5,,,,93d4f090
826cfdd6,6AyX6y7B9p,14/3/2022 13:56,S,S03142022135621,8X5EJG61Hk,18371,SGD,Air,,,,,
f1445563,6AyX6y7B9p,14/3/2022 14:09,S,S03142022140952,8X5EJG61Hk,5915,SGD,Sea,,,,,
54457c6f,I51lshr5ZM,14/3/2022 14:55,S,S03142022145538,8X5EJG61Hk,10375.06,SGD,Air,,,,,
334d954e,TELcJA9M9q,14/3/2022 17:08,B,B03142022170814,3E98Omn83X,3426,SGD,Air,,,,,
176ac279,hL800efJnq,15/3/2022 10:26,B,B03152022102645,8X5EJG61Hk,281.02,SGD,Air,7745f19f,,,,"04af9de8 , b0ea46e3 , 7b155977 , 0b5698fa , 96bb650e , 11491a22"
03b18e1d,a5837967,15/3/2022 10:44,BB,BB03152022104458,,198.62,SGD,Air,,,,,
f2cfe7bc,b7f94378,15/3/2022 11:24,B,B03152022112841,,8188,SGD,Air,,,,,
5e819d0b,06suB5p2mX,15/3/2022 14:00,S,S03152022140058,3E98Omn83X,1234.99,SGD,Air,,,,,
36128f0a,39N5vR34gp,7/4/2022 14:48,B,B03152022144819,8X5EJG61Hk,115,SGD,Air,,,,,c51682ec
7ce5fbfe,4DS6poaMwG,15/3/2022 15:47,S,S03152022154753,3E98Omn83X,444,SGD,Air,b765616c,,,,55e4a72f
985eefae,j6v26jLuwm,15/3/2022 15:48,AB,B03152022154828,,1160.03,SGD,Air,d7419db8,,,,"fee591e9, 40f5b8cc"
47a1ec59,39N5vR34gp,7/4/2022 16:12,AB,AB03152022161244,8X5EJG61Hk,103,SGD,Air,,,,,624df0d6
94a0c546,b7f94378,16/3/2022 11:30,B,B03162022113104,,6893,SGD,Air,,,,,
2cdb6841,1f6et5pP1O,16/3/2022 12:14,S,S03162022121440,3E98Omn83X,5197,SGD,Air,,,,,
8f57fa1c,RZtZBelX7w,16/3/2022 13:51,B,B03162022135153,,1075.3,SGD,Air,05042d83,,,,4fc7c42d
215786d7,4Yk09HecPy,16/3/2022 14:43,BB,BB03162022144407,,5173,SGD,Air,1a83e74f,,,,"150fca2d, 8ebf36d6, 7550d536, d95182c2, 70bb1338"
678a1dfa,4Yk09HecPy,16/3/2022 15:30,AB,AB03162022144407SJ,,45,SGD,Air,,,,,
3b672156,f3d429eb,16/3/2022 16:09,S,S03162022160913,8X5EJG61Hk,305.99,SGD,Air,8233c856,,,,2f81cd56
49c1ed4d,55kcyJWnQ9,16/3/2022 17:53,T,T03162022175403,3E98Omn83X,524,SGD,Air,,,,,
3b4a16f9,5q282qed0R,17/3/2022 11:32,S,S03172022113258,,2701,SGD,Air,,,,,
e8aca2be,taVC7LD6U1,17/3/2022 12:02,S,S03172022120219,3E98Omn83X,489.04,SGD,Air,,,,,
9635c1a2,0fc805bf,17/3/2022 14:18,S,S03172022141819,3E98Omn83X,657.2,SGD,Air,a5aeb884,,,,65c38c71
ac154fef,hL800efJnq,17/3/2022 15:54,B,B03172022155426,,457.07,SGD,Air,1f018fab,,,,"5f377f09, e888897e"
680ba42f,06suB5p2mX,14/4/2022 11:29,S,S03172022171725,3E98Omn83X,4220.08,SGD,Air,,,0,4220.08,"ef65875c, 0b93559e, 1eb8dee1, a2821fc6, 2b907b89, 3844f500"
b3ef594f,1w5H2WCoXZ,17/3/2022 17:21,B,B03172022172137,,1075.3,SGD,Air,dc40b7a7,,,,1eb81e82
938b4617,xw71fJ415b,17/3/2022 17:54,S,S03172022175503,,1857,USD,Air,,,,,
99b8d67d,ZY46m6DFg1,18/3/2022 10:14,S,S03182022101519,,807.6,SGD,Air,,,,,eda84655
6ecb6f37,5b4e72bc,18/3/2022 10:50,BB,Shopify 1021,,167.31,SGD,Air,13c7b76b,,,,b715282a
0bf94d11,3ae63be1,18/3/2022 11:06,BB,Shopify 1022,,190,SGD,Air,5a5ba330,,,,c183ebe7
bea20980,Tb6MBkP8o7,18/3/2022 11:25,S,S03182022112512,3E98Omn83X,9650.04,SGD,Air,,,,,
29d52ee9,4a9af5d4,18/3/2022 15:07,AB,AB03182022150758,8X5EJG61Hk,896,SGD,Air,fdc3393a,,,,"d6dd377d, e41c51f8, 795ef37e, a64c1eea, 50fdc6e1"
29f09309,5q282qed0R,18/3/2022 15:46,S,S03182022154647,,7026,SGD,Air,,,,,
29c72f73,fEXeW6R1J3,18/3/2022 16:19,B,B03182022161912,8X5EJG61Hk,733,SGD,Air,4b5f192f,,,,48f63178
24bfabe5,8qbgngVgJ0,18/3/2022 18:00,S,S03182022180106,,1603.01,SGD,Air,,,,,80c87723
0f6cb0e0,hnzo75eojx,18/3/2022 18:26,B,B03182022182642,3E98Omn83X,1551,SGD,Air,6899570f,,,,ea0a1e5e
,,,,,,,,,,,,,
8dd3e084,bcd08322,21/3/2022 12:43,B,B03212022124433,8X5EJG61Hk,3661,SGD,Air,cf2e10d5,,,,"f70c9aa1, ce7d311f"
,,,,,,,,,,,,,
faa4616e,4O5G9tNusl,21/3/2022 12:46,S,S03212022124735,3E98Omn83X,2232,SGD,Sea,,,,,
bd4e4612,4O5G9tNusl,21/3/2022 12:53,S,S03212022125335,3E98Omn83X,2232,SGD,Sea,,,,,
2b81497b,4O5G9tNusl,21/3/2022 12:55,S,S03212022125530,3E98Omn83X,2289,SGD,Sea,,,,,
3ac4cf9c,4O5G9tNusl,21/3/2022 13:08,S,S03212022131044,3E98Omn83X,2223.5,SGD,Sea,,,,,abc28ccf
f0487c84,4f18u3537C,21/3/2022 14:08,S,S03212022140907,3E98Omn83X,687,SGD,Air,2bc6af56,,,,7b9e513e
7a576bb0,6AyX6y7B9p,21/3/2022 14:11,S,S03212022141201,8X5EJG61Hk,3559.04,SGD,Air,c72ec621,,,,"8ff5f7f9, b7aa2ea3"
6d783fdd,6AyX6y7B9p,21/3/2022 14:11,S,S03212022141210,8X5EJG61Hk,0,SGD,Air,,,,,
816b1c10,47dc23c1,21/3/2022 18:08,B,B03212022180813,8X5EJG61Hk,6180,SGD,Air,,,,,
1113ec86,7a686853,22/3/2022 10:16,B,B03222022101638,8X5EJG61Hk,1581,SGD,Air,,,,,"ce432a9b, 92c40f04"
5cf0c527,74ffdf05,22/3/2022 10:17,B,B03222022101736,5JZoDxoN8a,1102,SGD,Air,,,,,"564b0f5b, f5453022"
b4775db9,GSdCKW3Z5w,22/3/2022 10:31,S,S03222022103116,8X5EJG61Hk,437,SGD,Air,,,,,
ef8edceb,TELcJA9M9q,22/3/2022 14:01,B,B03222022140157,3E98Omn83X,2020,SGD,Air,0af394a5,,,,c64cca56
1f8a5ba2,39N5vR34gp,23/3/2022 9:38,B,B03232022094103,5JZoDxoN8a,983.82,SGD,Air,,,,,
0bfd991c,6Lwm5z7Yj9,23/3/2022 10:57,B,B03232022105748,,1757,SGD,Air,,,,,
4b4459a8,GSdCKW3Z5w,18/5/2022 11:45,AS,AS03232022114557,8X5EJG61Hk,2014,SGD,Sea,,,,,47fae775
0345cbe0,rAmb9tQZRc,23/3/2022 12:43,S,S03232022124332,,3505.5,SGD,Air,,,,,fc35342b
1d6e94ae,dc701372,23/3/2022 12:45,B,B03232022124526,,0,SGD,Air,,,,,
acef2a12,cc6c5bdc,23/3/2022 15:01,B,B03232022150135SJ,8X5EJG61Hk,4657,SGD,Air,,,,,
9581be9d,39N5vR34gp,23/3/2022 15:15,B,B03232022151527,5JZoDxoN8a,2778.99,SGD,Air,,,,,
bce1cc5e,Z3UDr9nQA8,23/3/2022 15:24,S,S03232022152428,3E98Omn83X,923,SGD,Sea,,,,,9ea9fcf0
7e7b25ca,KDPNJN51Yk,23/3/2022 16:08,B,B03232022160900SJ,8X5EJG61Hk,724,SGD,Air,,,,,
91fbb4d8,XpP0Bn0s55,24/3/2022 8:30,S,S03242022083049,,1565.01,SGD,Air,a979b0fd,,,,"1dc62473, ecb432d6, e2b3b412"
b0300ca7,f63e6d5a,24/3/2022 8:55,B,B03242022085519,5JZoDxoN8a,1790,SGD,Air,c59e14f3,,,,"d8e4ae06, ac0e3719, 7391d6a4, 9a6720af"
f21e37d9,88339719,24/3/2022 9:36,BB,Shopify 1023,,234.85,SGD,Air,7d8e9a0a,,,,9caac94a
e3589fc8,8Nzo71FGPE,24/3/2022 9:56,T,T03242022095645,3E98Omn83X,473.01,SGD,Air,,,,,
c0a81ef3,8qbgngVgJ0,24/3/2022 9:58,S,S03242022095906,,8192,SGD,Air,,,,,8b31f0b4
c4484ce8,dc701372,24/3/2022 14:41,B,B03242022144120,,51,SGD,Air,,,,,
cc2f811f,jjC9BO9046,14/4/2022 8:47,S,S03242022165936,3E98Omn83X,555,SGD,Air,,,,,"efadef16, 52c27815"
bbaa4473,uNzP6QTAl5,31/3/2022 9:33,B,B03242022213423,8X5EJG61Hk,5455.01,AUD,Air,,,,,4102eafb
69fbc187,XpP0Bn0s55,25/3/2022 11:19,S,S03252022111937,,223.75,SGD,Air,0ce9a106,,,,620c04c9
32457b7c,cc6c5bdc,25/3/2022 12:49,B,B03252022124940,8X5EJG61Hk,4657,SGD,Sea,b6627694,,,,7c440244
6dfeac7f,lD89r7qsyL,18/4/2022 13:49,B,B03252022134914,8X5EJG61Hk,88953,SGD,Sea,,,,,e5995f5e
a4e227f7,1b04ee43,25/3/2022 14:02,B,B03252022140248,3E98Omn83X,3115,SGD,Air,,,,,28fc5a53
e33aa5a2,lD89r7qsyL,17/5/2022 14:29,AB,AB03252022142938,8X5EJG61Hk,19947,SGD,Sea,,,,,656c3b9b
71f105f4,taVC7LD6U1,25/3/2022 14:33,S,S03252022143322,3E98Omn83X,5626,SGD,Air,,,,,
55dbbcfb,27f8114b,28/3/2022 9:28,S,S03282022092838,5JZoDxoN8a,3288,SGD,Air,,,,,
f719ca08,HCXlM3d1LR,28/3/2022 10:12,S,S03282022101215,8X5EJG61Hk,2453,SGD,Air,,,,,4e50e951
0480fd77,8qbgngVgJ0,28/3/2022 18:26,S,S03282022182630,,2200.02,SGD,Air,,,,,
8d471c20,55kcyJWnQ9,29/3/2022 12:43,T,T03292022124325,3E98Omn83X,6669.97,SGD,Air,,,,,
3772dbbd,Z7A9zK1QE1,30/3/2022 9:33,B,B03302022093357,8X5EJG61Hk,470,SGD,Air,,,,,
f43d561a,39N5vR34gp,30/3/2022 13:13,B,B03302022131434,5JZoDxoN8a,249,SGD,Air,,,,,
5631b526,64c0444d,27/4/2022 13:24,S,S03302022152424,3E98Omn83X,622,SGD,Air,,,,,
5eee06f2,39N5vR34gp,30/3/2022 17:30,B,B03302022173033,5JZoDxoN8a,146.98,SGD,Air,,,,,
777c92b4,b0Aif96VUF,31/3/2022 9:07,B,B03312022090759,,17300,SGD,Sea,,,,,
ca572dc3,9ee27e19,31/3/2022 10:05,T,T03312022100614,8X5EJG61Hk,379,SGD,Air,,,,,
08c436bd,b0Aif96VUF,31/3/2022 10:39,B,B03312022103953,3E98Omn83X,5866,SGD,Sea,,,,,24344324
7aa60226,b0Aif96VUF,31/3/2022 10:44,AB,AB20220331,3E98Omn83X,5728,SGD,Sea,,,,,09891bbb
f124c288,b0Aif96VUF,31/3/2022 10:51,BB,BB1501220331,3E98Omn83X,3460,SGD,Sea,,,,,794f0a1c
1b936f57,GHbrZ9WLG3,31/3/2022 13:26,B,B03312022132658,8X5EJG61Hk,871,SGD,Air,,,,,97289bb5
f1a1f295,15jpR2Djf1,31/3/2022 14:37,B,B03312022143812,5JZoDxoN8a,2937,SGD,Air,,,,,602a449a
60b9901b,taVC7LD6U1,31/3/2022 16:52,S,S03312022165239,3E98Omn83X,672,SGD,Air,,,,,0e00dc61
1199f3af,tE2rb73Kp9,31/3/2022 17:11,S,S03312022171140,3E98Omn83X,625,SGD,Air,,,,,
9df4765a,a2a70b56,31/3/2022 18:36,B,B03312022184001,8X5EJG61Hk,349,SGD,Air,,,,,c8df34ac
01ac7c23,15jpR2Djf1,1/4/2022 10:15,B,B04012022101553,5JZoDxoN8a,2238,SGD,Air,,,,,22548a1f
931e5fd1,0WoOQFQSLY,1/4/2022 18:29,B,B04012022182936,8X5EJG61Hk,5886,SGD,Air,,,,,c015efa3
7fe05fec,fEXeW6R1J3,1/4/2022 19:56,B,B04012022200253,8X5EJG61Hk,956.97,SGD,Air,,,,,eeb8a5e8
32586731,0WoOQFQSLY,4/4/2022 10:14,S,S04042022101458,8X5EJG61Hk,8213,SGD,Air,,,,,
c72d5220,ec3a2d0c,4/4/2022 10:47,B,B04042022104725,5JZoDxoN8a,5535,SGD,Air,,,,,"f625624c, 630fe290, 5167220c, 6496fbfa, 14b003f6, 63faeff5, 90ee8fa0"
fe2a0f5a,j3bHOnoQdu,4/4/2022 11:03,S,S04042022110334,3E98Omn83X,330,SGD,Air,,,,,d7cbeedd
1ce6f55b,db09a28c,12/5/2022 14:54,S,S04042022145433,8X5EJG61Hk,4122.91,SGD,Sea,,,,,"fc5ef4fa, da2537b5"
9dbe74d5,fEXeW6R1J3,4/4/2022 16:31,B,B04042022163202,8X5EJG61Hk,819,SGD,Air,,,,,"11f4a9b0, 034d9e01, 8935099e"
e9e2cd89,3d2c0780,4/4/2022 17:34,B,B04042022173421,5JZoDxoN8a,398.03,SGD,Air,,,,,"3b270c88, 25127211"
c1044943,64c0444d,4/4/2022 17:44,S,S04042022174451,3E98Omn83X,681,SGD,Air,,,,,
,,,,,,,,,,,,,
28d3524a,Sjd5ocDqmp,5/4/2022 11:10,S,S04052022111048,3E98Omn83X,2366,SGD,Air,,,,,
94561694,Sjd5ocDqmp,8/6/2022 9:15,S,S04052022111919,3E98Omn83X,1183,SGD,Sea,,,,,ecc57ed5
952be7b8,hL800efJnq,5/4/2022 21:32,B,B04052022213219,8X5EJG61Hk,2032,SGD,Air,,,,,"dde54b94, 1e1f3b54, f3a835bb, b4df76fd, a7511de6, c427980a"
8057ef08,885d18dd,6/4/2022 9:51,BB,Shopify 1024,,317.6,SGD,Air,,,,,8d84ffef
7b83d9e1,0316535c,6/4/2022 9:59,BB,Shopify 1025,,1207.14,SGD,Air,,,,,a0088ae7
caee2283,4DS6poaMwG,6/4/2022 11:24,B,B04062022112430,3E98Omn83X,130,SGD,Air,,,,,ffdeb4ce
6a82668c,85b59abf,6/4/2022 11:30,B,B04062022113045,,795,SGD,Air,,,,,2aa8f2cd
3b93d4b1,VLSxI59801,6/4/2022 13:32,S,S04062022133211,3E98Omn83X,189,SGD,Air,,,,,b2599844
e7d66529,TELcJA9M9q,6/4/2022 13:55,S,S04062022135556,3E98Omn83X,946,SGD,Sea,,,,,550b857e
2ee609d5,Ss1dWMP4hX,6/4/2022 14:51,S,S04062022145201,8X5EJG61Hk,520,SGD,Air,,,,,0de547d2
98c67c42,718dc6ea,6/4/2022 16:19,S,S04062022162008,5JZoDxoN8a,435,SGD,Air,,,,,
969030d9,taVC7LD6U1,6/4/2022 16:47,S,S04062022164729,3E98Omn83X,165,SGD,Air,,,,,4cc142cd
b961b009,39N5vR34gp,6/4/2022 21:55,B,B04062022215531,8X5EJG61Hk,233.01,SGD,Air,,,,,0e74e3e2
f01879fd,39N5vR34gp,6/4/2022 22:25,AB,AB04062022222552,8X5EJG61Hk,3070.04,SGD,Air,,,,,"578c4443, a7ec2334, 5b29e957, ce7da75c"
3c7acbbd,8qbgngVgJ0,7/4/2022 9:55,S,S04072022095551,,61080,SGD,Air,,,,,
4483f892,8qbgngVgJ0,7/4/2022 9:59,S,S04072022095917,,119133,SGD,Air,,,,,
457d388b,6n9h7u47e8,6/4/2022 10:19,BB,BB04072022101953,,816,SGD,Air,,,,,
325b486d,74ffdf05,7/4/2022 10:28,B,B04072022102838,5JZoDxoN8a,235.6,SGD,Air,,,,,
aa213252,6484de0b,7/4/2022 10:58,T,T04072022105851,3E98Omn83X,253,SGD,Air,,,,,ef5626e5
5e9232ec,f374Qy83SV,7/4/2022 11:14,B,B04072022111438,3E98Omn83X,5942,SGD,Sea,,,,,9fe0c336
0acfbd65,oBZ1jj29Q9,7/4/2022 17:59,B,B04072022180009,5JZoDxoN8a,4591.95,SGD,Air,,,,,"1db0a022, ee3a4b3d, 8a60d74e, 8706bd40, 758119d2, d7497024, abbea47a, c0b5f522, e56dd3f3"
783200f3,d1d2de33,7/4/2022 20:18,B,B04072022201857,8X5EJG61Hk,1412,USD,Air,,,,,34412074
3ed35ca7,oBZ1jj29Q9,7/4/2022 21:19,B,B04072022180009SJ,5JZoDxoN8a,236,SGD,Air,,,,,
a386ea61,L9sXyUZtXD,8/4/2022 10:35,B,B04082022103611,5JZoDxoN8a,268,SGD,Air,,,,,
78c5455c,FIc17Ck457,28/4/2022 11:23,S,S04082022112337,8X5EJG61Hk,130,SGD,Air,,,,,
6d5f9931,4O5G9tNusl,8/4/2022 16:48,AS,AS04082022164936,,2668,SGD,Air,,,,,
c1aea4f0,4O5G9tNusl,8/4/2022 16:49,BB,BB040816459,,2966,SGD,Air,,,,,
654e28bf,4a9af5d4,10/4/2022 10:23,B,B04102022102314,8X5EJG61Hk,784,SGD,Air,,,,,042da76c
32a75ded,HCXlM3d1LR,11/4/2022 10:38,L,L04112022103827,8X5EJG61Hk,0,SGD,Air,,,,,
7ce2d1d0,xw71fJ415b,11/4/2022 11:31,S,S04112022113203,,1926,USD,Air,,,0,1926,60c42331
507fa89e,1292f213,11/4/2022 16:39,S,T04112022164019,3E98Omn83X,3619,SGD,Air,,,,,
0c4a455e,Z3UDr9nQA8,13/4/2022 17:53,S,S04122022105355,3E98Omn83X,260,SGD,Sea,,,,,
0c8d8185,6460ff92,12/4/2022 11:18,B,B04122022112009,5JZoDxoN8a,396,SGD,Air,,,,,"ee9bb90d, 770f3193"
1f3bcfb8,8Nzo71FGPE,12/4/2022 12:06,T,T04122022120616,,2045,SGD,Air,,,,,
b7c681fb,taVC7LD6U1,12/4/2022 14:24,S,S04122022142442,3E98Omn83X,923,SGD,Air,,,,,
a549cc1e,db09a28c,12/4/2022 14:41,S,S04122022144204,8X5EJG61Hk,4233,SGD,Sea,,,,,
c242d7fb,db09a28c,12/4/2022 15:06,S,S04122022150644,8X5EJG61Hk,3135,SGD,Sea,,,,,
be1604b6,Q8nomXWRc2,12/4/2022 17:02,S,S04122022170239,3E98Omn83X,3296,SGD,Air,,,,,"1e354f4a, fe24510f, b3fe44d7, 390c2fa1, 37fc748d, 978b6116"
ca3eb88e,8z4IYYaYdd,13/4/2022 8:53,B,B04132022085427,5JZoDxoN8a,625,SGD,Air,,,,,4b348ab0
e2092fe0,Q8nomXWRc2,13/4/2022 10:16,B,B04132022101639,3E98Omn83X,5899.04,SGD,Sea,,,,,2af17b75
3452034d,9ad42b12,13/4/2022 14:38,S,S04132022144048,3E98Omn83X,3152,SGD,Air,,,,,
7f626e01,1292f213,13/4/2022 15:35,S,S04132022153522,3E98Omn83X,43272,SGD,Air,,,0,43272,
2c02f582,4fa30fe5,14/4/2022 10:42,B,B04142022104246,8X5EJG61Hk,790.01,SGD,Air,,,,,"39ddd574, fe597a18, 09f19d64"
9baa78b9,WL91eH602H,14/4/2022 11:50,B,B04142022115111,3E98Omn83X,55,SGD,Air,,,,,
c5f23626,taVC7LD6U1,14/4/2022 13:29,S,S04142022132922,3E98Omn83X,399,SGD,Air,,,,,
c8d9e16e,8rX3c9V1OO,14/4/2022 14:36,B,B04142022143649,3E98Omn83X,337,SGD,Air,,,,,"93c2d11d, 97fa4137"
503f11f5,xEK6r63Cy3,14/4/2022 15:01,S,S04142022150130,3E98Omn83X,789,SGD,Air,,,,,7172621e
4cf3c4e9,4Yk09HecPy,14/4/2022 15:05,B,B04142022150513SJ,,172,SGD,Air,,,,,
54ba17b9,4O5G9tNusl,18/4/2022 11:01,B,B04182022110147,,0,SGD,Air,,,,,
2f1b65c9,f63e6d5a,18/4/2022 13:51,B,B04182022135113,8X5EJG61Hk,1461,SGD,Air,,,,,"366354d0, 9f2933d6, 771ce069"
2c12b622,GMs8OdU4s1,18/4/2022 14:34,B,B04182022143856,8X5EJG61Hk,493,SGD,Air,,,,,0f49bbc9
15bdbe23,VCrR9IvzfA,18/4/2022 21:16,B,B04182022211651,5JZoDxoN8a,5427.95,SGD,Air,,,,,"3ac4146c, ad9f0127, 76bb426c, 92e16d6c, 5b9b98bd, cc875f7e"
d0797839,d9ad3ed8,19/4/2022 10:49,S,S04192022105538,3E98Omn83X,315,SGD,Air,,,,,
09e7108f,06suB5p2mX,19/4/2022 10:56,S,S04192022105619,3E98Omn83X,168,SGD,Air,,,,,b65a9548
0e7e757a,edcdbe0d,19/4/2022 15:43,B,B04192022154514,,371,USD,Air,,,,,2171130c
17ee0b61,j3bHOnoQdu,19/4/2022 15:53,S,S04192022155310,3E98Omn83X,615,SGD,Air,,,,,e58cbce8
,,,,,,,,,,,,,
1c9f1e1e,rAmb9tQZRc,19/4/2022 17:03,S,S04192022170311,,246,SGD,Air,,,,,2b87075d
,,,,,,,,,,,,,
be1590df,jjC9BO9046,19/4/2022 17:15,S,S04192022171516,3E98Omn83X,11322,SGD,Air,,,,,
5de499fd,5d12a4ec,19/4/2022 17:18,B,B04192022172448,,1728,SGD,Air,,,,,
4b391c1a,251PSO8sz1,19/4/2022 17:52,S,S04192022175252,,365,SGD,Air,,,,,93248525
917262a9,Q8nomXWRc2,20/4/2022 9:00,B,B04202022090019BF,,0,SGD,Air,,,,,
0ddf7e83,8Nzo71FGPE,19/5/2022 15:48,T,T04202022123013,3E98Omn83X,4025.02,SGD,Air,,,,,bd92c17f
d6313a83,9437b0d3,20/4/2022 14:10,B,B04202022141051,8X5EJG61Hk,3993,SGD,Air,,,,,
21f1e0bb,8z4IYYaYdd,20/4/2022 16:45,B,B04202022164515,5JZoDxoN8a,2999.95,SGD,Air,,,,,
32aeca92,lD89r7qsyL,21/4/2022 8:43,T,T04212022084317,8X5EJG61Hk,0,SGD,Air,,,,,
3bee8c92,101360fb,21/4/2022 9:53,BB,Shopify 1026,,629.06,SGD,Air,,,,,b5038df5
3d01f512,xEK6r63Cy3,21/4/2022 12:25,S,S04212022122602,3E98Omn83X,828,SGD,Air,,,,,
,,,,,,,,,,,,,
5cfc37d6,taVC7LD6U1,21/4/2022 15:23,S,S04212022152406,5JZoDxoN8a,214,SGD,Air,,,,,
346bb580,MvZ970O57a,21/4/2022 15:47,B,B04212022154749,,2274,SGD,Air,,,,,5b7b8a6f
e1f22e90,cc29cbcf,9/5/2022 13:56,S,S04212022172728,3E98Omn83X,526,SGD,Air,,,,,feb51cd4
d39f2e65,bcd08322,21/4/2022 17:36,B,B04212022173639,8X5EJG61Hk,3480.99,SGD,Air,,,,,"8e4b6bd0, 34909822, 7d0eb2f6, e6e0b73f, f8ec2f10, acd1a9d0"
dd60fc09,Y2MYCQ56NK,22/4/2022 9:17,AT,AT04222022091807,,493,SGD,Air,,,,,db430dab
db57d90e,47dc23c1,22/4/2022 11:02,B,B04222022110335,8X5EJG61Hk,3904,SGD,Air,,,,,"234bcb93, a058499b, 7b4f9bfa"
f06e355a,81bea910,22/4/2022 13:24,BB,BB04222022132727,,1021.98,SGD,Air,,,,,
43f606ae,5a007bd5,22/4/2022 15:31,B,B04222022153146,,50,SGD,Air,,,,,
9115ea2f,HCXlM3d1LR,23/4/2022 9:48,BB,BB Du Panwei,3E98Omn83X,5965,SGD,Air,,,0,5965,7db20bbe
7acbafcd,HCXlM3d1LR,23/4/2022 10:22,AL,AL04232022102249,8X5EJG61Hk,5794,SGD,Air,,,,,d3ca7840
7908bf92,6462402c,23/4/2022 18:45,B,B04232022184533,8X5EJG61Hk,309.97,SGD,Air,,,,,"7b500926, 977cb143"
4fdd3d1e,4DS6poaMwG,25/4/2022 9:37,S,S04252022093758,3E98Omn83X,552,SGD,Air,,,,,
45552f37,vwjM9hSH4s,25/4/2022 9:51,S,S04252022095204,3E98Omn83X,2282,SGD,Air,,,,,"9431a9dd, d1e57983"
23ec8c46,Ss1dWMP4hX,25/4/2022 10:05,S,S04252022100557,8X5EJG61Hk,520,SGD,Air,,,,,814f3ab3
0bb97d61,1292f213,18/7/2022 14:22,S,S04252022113646,3E98Omn83X,43272,SGD,Air,,,0,43272,
fd3c8698,bcd08322,10/5/2022 9:52,B,B04252022115252,8X5EJG61Hk,1190,SGD,Air,,,,,"5e98f7d4, 7fa112d1, 2ea97c76, e6c03e11"
fa4fd31e,4f18u3537C,25/4/2022 16:20,S,S04252022162043,3E98Omn83X,545,SGD,Air,,,,,"f3f966b2, ac4a5416"
070d7475,64c0444d,9/5/2022 9:00,S,S04262022110107,3E98Omn83X,1074.99,SGD,Air,,,,,
973f8a76,fEXeW6R1J3,26/4/2022 12:02,B,B04262022120314,8X5EJG61Hk,588.52,SGD,Air,,,,,bf0031b2
8b2845d3,g084484ZO9,26/4/2022 13:06,AB,AB04262022130657,8X5EJG61Hk,1935.99,SGD,Air,,,,,"49e4d212, be04d674, 312d859a, 652c989e"
a15556ab,0fc805bf,26/4/2022 16:54,B,B04262022165447,3E98Omn83X,337,SGD,Air,,,,,b5f4d726
74d5f660,jjC9BO9046,27/4/2022 9:00,S,S04272022090105,3E98Omn83X,1636,SGD,Air,,,,,
55c59788,af0b8607,27/4/2022 9:36,B,B04272022093859,3E98Omn83X,694,SGD,Air,,,,,8f189287
afb96c82,z0I0Z6U6nv,27/4/2022 9:39,B,B04272022093950,8X5EJG61Hk,2602.21,SGD,Air,,,,,"9536087c, 2135a526, e6451dd6, 6b0700b7, 82cb65a6, eddb2570"
153582fb,f63e6d5a,27/4/2022 9:40,B,B04272022094034,8X5EJG61Hk,441,SGD,Air,,,,,2d12ad12
4fcda36c,787efa05,27/4/2022 9:59,B,B04272022095934,8X5EJG61Hk,622,SGD,Air,,,,,432e9ac4
14e1330a,4u7s55Vw34,9/5/2022 14:35,S,S04272022100015,3E98Omn83X,915,SGD,Sea,,,,,"a6189645, 5609257e"
ac9367eb,hnzo75eojx,27/4/2022 14:44,S,S04272022144428,3E98Omn83X,387,SGD,Air,,,,,
ad763bd7,mBB4FCi2BK,27/4/2022 15:51,B,B04272022155146,3E98Omn83X,502,SGD,Air,,,,,8e7b2730
506bc338,64c0444d,27/4/2022 16:00,S,S04272022160306,3E98Omn83X,168,SGD,Air,,,,,
0734107b,mBB4FCi2BK,27/4/2022 16:05,AB,AB04272022160,,608.01,SGD,Air,,,,,
e8c075ab,FIc17Ck457,27/4/2022 21:37,T,T04272022213743,8X5EJG61Hk,2707.92,SGD,Air,,,,,c00026b9
9a5433d1,bd4504b5,28/4/2022 9:49,BB,BB04282022094955,,353,SGD,Air,,,,,2f3765da
25dfeaba,4Yk09HecPy,28/4/2022 10:25,B,B04282022102543,8X5EJG61Hk,4074,SGD,Air,,,,,"c6832ef5, 4ce44f8b, e1807647, 2ec3c0bb, 544341f6"
511be30e,c12ca06c,28/4/2022 10:32,BB,Shopify 1027,,191.67,SGD,Air,,,,,149349c8
f6314321,64c0444d,28/4/2022 11:54,S,S04282022115438,3E98Omn83X,62.5,SGD,Air,,,,,
e37a781b,xRW3mYR957,28/4/2022 13:48,B,B04282022134846,3E98Omn83X,7233,SGD,Sea,,,,,925c61b2
5c223525,64c0444d,28/4/2022 14:15,S,S04282022141545,3E98Omn83X,2180,SGD,Air,,,,,
5470633e,07acaa1f,28/4/2022 14:52,BB,BB04282022145224,,901.8,SGD,Air,,,,,afe96eae
18dfbbdb,81bea910,28/4/2022 16:10,BB,BB04282022161109,,538,SGD,Air,,,0,538,"b0c6596d , 18b6cf7d"
29f7e819,4Yk09HecPy,28/4/2022 16:31,B,B04282022163158SJ,,118,SGD,Air,,,,,
05235f8b,HCXlM3d1LR,29/4/2022 11:06,L,L04292022110953,8X5EJG61Hk,5992,SGD,Air,,,,,
84e18ce8,75bd0e2c,4/5/2022 11:29,S,S04292022113145,3E98Omn83X,225,SGD,Air,,,,,0319900f
c1c3a2db,06suB5p2mX,29/4/2022 12:59,S,S04292022130014,3E98Omn83X,10176,SGD,Air,,,,,
,,,,,,,,,,,,,
609b2ff6,g084484ZO9,29/4/2022 15:01,B,B04292022150146SJ,8X5EJG61Hk,254,SGD,Air,,,,,
1e1ce936,9Db6HRRP8a,8/6/2022 11:49,B,B04292022151722,3E98Omn83X,5612.25,SGD,Air,,,0,5612.25,
78737400,j6v26jLuwm,29/4/2022 16:05,S,S04292022160527,8X5EJG61Hk,565,SGD,Air,,,,,4a8873d2
bcc93400,3PMyW67W67,9/5/2022 9:30,S,S04292022161642,3E98Omn83X,1045,SGD,Air,,,,,
025d1a3b,5fiS378Rr1,29/4/2022 16:26,AB,AB04292022162704,3E98Omn83X,4064.03,SGD,Air,,,,,"c49c4fcf, 9adff5b7, 00b20e7c, 630ae87d"
d38b0aea,5fiS378Rr1,29/4/2022 16:30,B,AB04292022162704SJ,3E98Omn83X,2671.97,SGD,Air,,,,,
09ef70e3,07acaa1f,4/5/2022 9:55,BB,BB05042022095628,,432.31,SGD,Air,,,,,accdd4fb
b560a1d7,af0b8607,4/5/2022 10:36,T,T05042022103643,,1620,SGD,Air,,,,,93d5a26a
791115fd,ccc73f5b,4/5/2022 11:56,BB,Shopify 1028,,903.75,SGD,Air,,,,,4d285f6d
12250a08,79hR9tOBwB,4/5/2022 13:32,S,S05042022133231,,0,SGD,Air,,,,,
40df4f10,z0I0Z6U6nv,4/5/2022 13:46,B,B05042022134652,8X5EJG61Hk,62,SGD,Air,,,,,274c5e72
e0ef7ef4,z0I0Z6U6nv,4/5/2022 15:28,B,B05042022152858,8X5EJG61Hk,80,SGD,Air,,,,,
bd88421d,e5671757,5/5/2022 7:38,S,S05052022073941,,177,SGD,Air,,,,,
,,,,,,,,,,,,,
a8a19b4e,e6666cbb,5/5/2022 10:04,B,B05052022100426,8X5EJG61Hk,589,SGD,Air,,,,,733e016f
d2fe3e5f,79hR9tOBwB,5/5/2022 15:36,S,S05052022153609,8X5EJG61Hk,3430,SGD,Air,,,,,
fce3a781,5bdH431NVo,5/5/2022 16:19,B,S05052022161915,8X5EJG61Hk,3268,SGD,Air,,,,,9a3280c6
ed0acdd6,0Kelg0pVDL,5/5/2022 17:21,B,B05052022172124,8X5EJG61Hk,870.9,SGD,Air,,,,,"cb4fbc16, e3b531b4"
c6d9ca2f,7eb60288,6/5/2022 12:50,BB,BB05062022125233,,4012,SGD,Air,,,,,
4f13d4d1,506af81b,6/5/2022 13:23,S,S05062022132357,8X5EJG61Hk,894.99,SGD,Air,,,,,dcfb8fe0
c3118017,2ab2c37f,6/5/2022 14:08,B,B05062022141052,3E98Omn83X,204.31,SGD,Air,,,,,"ab18618d, fa64ccbf"
2e73eba0,f63e6d5a,6/5/2022 14:57,B,B05062022145718,8X5EJG61Hk,3838,SGD,Sea,,,,,c5a18ee9
c343b1da,b0Aif96VUF,6/5/2022 17:45,B,B03312022103953SJ,,0,SGD,Air,,,,,
,,,,,,,,,,,,,
a15af0bb,a5580ba7,9/5/2022 13:35,B,B05092022134349,3E98Omn83X,304,SGD,Air,,,,,8e2dfad9
4ac03fa4,f374Qy83SV,9/5/2022 15:27,B,B05092022145704,3E98Omn83X,4830.98,SGD,Air,,,,,"acccde16, 92facf5f, e75f6a06, d0a5ef20, c52072c6, 50a078d9"
ee1cc3f7,1f6et5pP1O,9/5/2022 15:18,T,T05092022151843,,5059.8,SGD,Air,,,,,164fd6bc
e917eddd,hL800efJnq,9/5/2022 15:24,B,B05092022152451,8X5EJG61Hk,519,SGD,Air,,,,,1307c642
9e6e6a66,6n9h7u47e8,9/5/2022 23:29,BB,BB05092022232925,,249,SGD,Air,,,,,
4ab109b6,a477310e,10/5/2022 9:19,BB,BB05102022092046,,518,SGD,Air,,,,,
2215ffe3,GSdCKW3Z5w,10/5/2022 10:10,T,T05102022101058,8X5EJG61Hk,5934,SGD,Air,,,,,135441a8
5333a266,fvIH3Ur1DW,10/5/2022 14:14,B,B05102022141453,8X5EJG61Hk,1483,SGD,Air,,,,,"c404d459, c944bbb6"
14968816,22b4b671,10/5/2022 16:23,BB,BB05102022162603,,697,SGD,Air,,,,,46a312be
15c6ed72,Y2MYCQ56NK,10/5/2022 17:20,T,T05102022172050,3E98Omn83X,948,SGD,Air,,,,,a8914756
4085c363,ggx24SP0Ql,11/5/2022 12:12,S,S05112022121307,8X5EJG61Hk,549,SGD,Air,,,,,
9e5c1fd7,fEXeW6R1J3,11/5/2022 12:19,B,B05112022122002,8X5EJG61Hk,569.01,SGD,Air,,,,,78312223
94533f2f,Sjd5ocDqmp,12/5/2022 9:00,S,S05112022172209,3E98Omn83X,508,SGD,Air,,,,,a4b5db16
b4c7bef4,g084484ZO9,11/5/2022 21:04,B,B05112022210422,8X5EJG61Hk,1935,SGD,Air,,,,,
6a3c29ec,a5580ba7,12/5/2022 9:27,AB,AB05122022092759,,347,SGD,Air,,,,,
95b23533,a5580ba7,12/5/2022 9:28,BB,BB051292903,,405,SGD,Air,,,,,
57df314d,W6xnb5jXIF,12/5/2022 10:06,S,S05122022100615,8X5EJG61Hk,969.02,SGD,Air,,,,,"5ebb8d95, 0b51e48c"
a40421c3,06suB5p2mX,12/5/2022 11:55,S,S05122022115551,3E98Omn83X,445,SGD,Air,,,,,bad499f7
3bd75687,Q8nomXWRc2,12/5/2022 11:58,B,B05122022115901,3E98Omn83X,4031,SGD,Air,,,,,"181b1bbf, a1fd2cf4"
1552944d,e50ead61,12/5/2022 13:50,S,S05122022135745,3E98Omn83X,445.4,SGD,Air,,,,,"44a55abd, 87326361"
6aebf076,a26605cb,12/5/2022 14:37,B,B05122022143802,8X5EJG61Hk,10620.35,AUD,Air,,,,,6526eb0c
3ee0024e,Q8nomXWRc2,12/5/2022 17:08,AB,AB0512270856,3E98Omn83X,3555,SGD,Air,,,,,97c3cb2d
ff7aa98d,Y2MYCQ56NK,2/6/2022 11:27,S,S05122022173742,3E98Omn83X,498,SGD,Air,,,,,"f4edb638, e9f77ecb"
ee542e5f,db09a28c,12/5/2022 20:14,AS,AS05122022201443,8X5EJG61Hk,3825,SGD,Sea,,,,,
a19cbb82,1e55690c,13/5/2022 10:57,BB,BB05132022105850,,278,SGD,Air,,,,,
031489c9,2ab2c37f,19/5/2022 9:46,B,B05132022121751,3E98Omn83X,51604,SGD,Air,,,,,
4b20e3f8,Pox366MK2r,22/6/2022 8:33,BB,BB05132022133314,,23557.01,SGD,Sea,,,,,c865f963
6956a258,VCrR9IvzfA,13/5/2022 23:00,B,B05132022230121,,2163,SGD,Air,,,,,"555ec365, 51d6efad, 3850993d"
9df80131,4Yk09HecPy,7/6/2022 10:45,B,B05172022104551,8X5EJG61Hk,15161.61,SGD,Sea,,,0,15161.61,"f1dfd7f6 , 6ddcf673"
bfdcba5a,Tb6MBkP8o7,17/5/2022 11:42,S,S05172022114228,3E98Omn83X,2072.75,SGD,Sea,,,,,55cb7ded
4599d5aa,ec3a2d0c,17/5/2022 13:24,B,B05172022132423,,213,SGD,Air,,,,,70d91353
8f37a70a,XpP0Bn0s55,18/5/2022 13:09,S,S05172022133017,3E98Omn83X,184,SGD,Sea,,,,,5c62cd5e
e8ac690e,f25fed48,17/5/2022 14:11,S,S05172022141219,,213,USD,Air,,,,,a7df534c
14384db4,Tb6MBkP8o7,17/5/2022 16:58,S,S05172022114228SJ,,78.99,SGD,Air,,,,,
010ce85b,06suB5p2mX,17/5/2022 17:42,S,S05172022174242,3E98Omn83X,296,SGD,Air,,,,,c234f18b
205d89a3,75bd0e2c,17/5/2022 20:27,S,S05172022202724,3E98Omn83X,112,SGD,Air,,,,,7937487c
ff47d8b6,GSdCKW3Z5w,18/5/2022 12:57,AB,AB05182022125715,8X5EJG61Hk,1227,SGD,Air,,,,,17b6843f
42d64626,3PMyW67W67,18/5/2022 15:51,S,S05182022155209,3E98Omn83X,252,SGD,Air,,,,,"4c0aede9, 22da9116"
e9827c80,6n9h7u47e8,18/5/2022 17:05,B,B05182022170528,,0,SGD,Air,,,,,
659b896e,66t9Z8KvlZ,18/5/2022 19:43,B,B05182022194312,8X5EJG61Hk,320.91,SGD,Air,,,,,206bbeda
6beb24ea,1b04ee43,19/5/2022 9:33,B,B05192022093323,3E98Omn83X,1799,SGD,Air,,,,,36344b55
407a58d1,55kcyJWnQ9,19/5/2022 10:01,S,S05192022100202,3E98Omn83X,4600,SGD,Air,,,,,
503798fc,2d719e26,19/5/2022 11:12,S,S05192022111210,,145,SGD,Air,,,,,0a55271f
80c2868f,8qbgngVgJ0,19/5/2022 11:27,S,S05192022112800,,473,SGD,Air,,,,,169712c2
514e3e69,jjC9BO9046,1/6/2022 15:16,S,S05192022120713,3E98Omn83X,1835,SGD,Air,,,,,"a479bf1a, 9e16cd66"
ab8efb88,98589634,19/5/2022 14:26,B,B05192022142619,8X5EJG61Hk,5988,SGD,Sea,,,,,
26aa830f,6462402c,19/5/2022 15:01,B,B04232022184533SJ,,53.2,SGD,Air,,,,,
4c4a81b1,64c0444d,19/5/2022 15:03,S,S05192022150410,3E98Omn83X,46,SGD,Air,,,,,
8ac4ba02,u9Q7w1CAQT,19/5/2022 16:48,S,S05192022164844,,1182.89,SGD,Air,,,,,e9634337
5db05b1e,a5580ba7,24/5/2022 10:32,S,S05202022150340,3E98Omn83X,635,SGD,Air,,,,,"90bb209b, 0badc372, a8e4d05d"
f201d1cd,IEGO2KU1a7,20/5/2022 15:07,S,S05202022150709,8X5EJG61Hk,2320,SGD,Air,,,,,41064385
09db4f23,f63e6d5a,20/5/2022 16:59,B,B05202022165950SJ,8X5EJG61Hk,40,SGD,Air,,,,,
98376b09,Y2MYCQ56NK,23/5/2022 10:52,AT,AT05232022105253,,246.5,SGD,Air,,,,,686da5c5
267f26a7,425cS82HkQ,6/3/2023 11:39,S,S05232022113935,3E98Omn83X,15228,USD,Sea,,0%,0,15228,
3b4a27b4,GSdCKW3Z5w,23/5/2022 14:47,S,S05232022144726,8X5EJG61Hk,271,SGD,Air,,,,,7396466c
,,,,,,,,,,,,,
2424d225,KDPNJN51Yk,24/5/2022 9:34,B,B05242022093502,8X5EJG61Hk,498,SGD,Air,,,,,ee09670b
bcefdd28,N6QXxBprMz,24/5/2022 10:17,S,S05242022101725,8X5EJG61Hk,1493,SGD,Air,,,,,
d431af58,cc6c5bdc,24/5/2022 14:25,B,B05242022142602SJ,8X5EJG61Hk,871,SGD,Air,,,,,
c929acd1,cc6c5bdc,24/5/2022 14:31,B,B05242022143117,8X5EJG61Hk,1181.5,SGD,Air,,,,,"e7c22fcb, 4600c819"
2d7c9d02,21389d26,24/5/2022 17:24,S,S05242022172450,8X5EJG61Hk,4056,SGD,Air,,,,,
6d271036,7U11hqF1B5,3/6/2022 11:05,B,B05242022181330,3E98Omn83X,4742,SGD,Air,,,,,"872a79d0, c709a8ec"
bd554d7e,YmP7ar9yh8,9/6/2022 11:06,S,S05242022182857,3E98Omn83X,6261,SGD,Sea,,,,,
d331f201,a5580ba7,24/5/2022 18:48,AS,AS0522184907,,736.12,SGD,Air,,,,,
95227e3d,a5580ba7,24/5/2022 18:51,BB,BB05242208,,987.98,SGD,Air,,,,,
08532b93,taVC7LD6U1,25/5/2022 11:30,S,S05252022113026,3E98Omn83X,1210,SGD,Air,,,,,
d3369fe1,8qbgngVgJ0,25/5/2022 11:30,S,S05252022113107,,608,SGD,Air,,,,,
9388ae85,bcd08322,25/5/2022 11:33,B,B05252022113404,8X5EJG61Hk,1349.8,SGD,Air,,,,,"716ac500, 479e81f7, 84b2accf"
f2831d5f,f63e6d5a,25/5/2022 14:38,B,B05252022143858,8X5EJG61Hk,2687,SGD,Air,,,,,"ea27f7e5, d8da15fd, c89a2bdc, 07918ac0, abe3506a, 4006b311, ec08f80b"
1eea33d1,1QjSD5K2L8,25/5/2022 16:53,B,B05252022165329,3E98Omn83X,208.99,SGD,Air,,,,,20453c96
a1de238e,b0Aif96VUF,25/5/2022 17:24,B,B05252022172508,3E98Omn83X,4502,SGD,Air,,,,,7750a565
2ec3e6f8,b0Aif96VUF,25/5/2022 17:35,BB,BB052522001,3E98Omn83X,4451,SGD,Sea,,,,,47dd19bd
9f91d769,b0Aif96VUF,25/5/2022 17:38,AB,AB173825,3E98Omn83X,3563,SGD,Sea,,,,,47cf5fd4
3293dccf,hL800efJnq,25/5/2022 18:07,B,B05252022180736,8X5EJG61Hk,2761,SGD,Air,,,,,"ef59fee1, 65cb76d4"
b6f4571b,Z3UDr9nQA8,26/5/2022 11:19,S,S05262022111909,3E98Omn83X,46,SGD,Air,,,,,bc917dda
f411988a,jpZSXU2A8V,26/5/2022 13:48,T,T05262022134839,8X5EJG61Hk,0,SGD,Air,,,,,
696bce73,xsumAjY50P,26/5/2022 15:15,S,S05262022151528,8X5EJG61Hk,56,SGD,Air,,,,,
9d1f33b5,Y2MYCQ56NK,26/5/2022 15:36,T,T05262022153615,3E98Omn83X,308,SGD,Air,,,,,
1c3c6bc3,af0b8607,27/5/2022 15:53,T,T05272022155407,,490,SGD,Air,,,,,6028927a
ecd780fe,64c0444d,27/5/2022 16:05,B,L05272022160609,3E98Omn83X,1637,SGD,Air,,,,,
aad9d1f6,06df1afd,27/5/2022 16:29,B,B05272022163305,3E98Omn83X,1841,SGD,Air,,,,,
6bc8a76c,48027e8f,30/5/2022 9:56,B,S05302022095858,3E98Omn83X,3667,SGD,Air,,,,,"057c9084, f0f50267"
cf47be41,425cS82HkQ,30/5/2022 11:28,S,S05302022112848,,41401,USD,Sea,,,,,
9e07ad72,f63e6d5a,30/5/2022 13:21,S,S05302022132142,8X5EJG61Hk,222,SGD,Air,,,,,2cbb61ed
c6676c14,55kcyJWnQ9,30/5/2022 15:20,T,T05302022152045,,12822.87,SGD,Air,,,,,
49aea20b,425cS82HkQ,30/5/2022 15:48,S,S05302022154839,,35901,USD,Air,,,,,
b0c4fe4c,94a67f85,30/5/2022 19:09,B,B05302022190951,8X5EJG61Hk,465,SGD,Air,,,,,1aaefd67
50687502,fvIH3Ur1DW,31/5/2022 9:23,B,B05312022092309,8X5EJG61Hk,2480,SGD,Air,,,,,"34adce00, 16042c99, d259c3d0"
4807c519,81bea910,31/5/2022 15:05,BB,BB05312022150534,,447,SGD,Air,,,,,
f8cc4020,xw71fJ415b,31/5/2022 15:20,BB,BB05312022152437,,2028,SGD,Air,,,,,
c0880fc4,425cS82HkQ,31/5/2022 17:05,BB,BB05312022170603,,948,USD,Air,,,,,
,,,,,,,,,,,,,
22dda2e2,64c0444d,1/6/2022 10:49,S,S06012022104913,3E98Omn83X,321,SGD,Air,,,,,
64b0b065,WL91eH602H,9/6/2022 15:04,S,S06012022120544,3E98Omn83X,1191,SGD,Air,,,,,"c9f3b12f, 44c0302b, c6220d81"
c693ab65,8qbgngVgJ0,1/6/2022 13:04,B,B06012022130411,3E98Omn83X,668,SGD,Sea,,,,,658d1ec3
7dac28fd,5410c2de,1/6/2022 13:40,B,B06012022134119,,3,SGD,Air,,,,,
8fb1e8f5,64c0444d,1/6/2022 13:52,S,S06012022135232,3E98Omn83X,1065,SGD,Air,,,,,03eb9fa4
55e2a940,06suB5p2mX,1/6/2022 17:33,S,S06012022173322,3E98Omn83X,61,SGD,Air,,,,,b7466104
0fd2a1e1,3PMyW67W67,2/6/2022 9:47,S,S06022022094753,3E98Omn83X,997,SGD,Air,,,,,
cdf1cddc,55kcyJWnQ9,2/6/2022 11:42,T,T06022022114254,3E98Omn83X,5994.08,SGD,Air,,,,,39e941a1
9e82e1b2,47dc23c1,2/6/2022 11:52,S,S06022022115253,8X5EJG61Hk,162,SGD,Air,,,,,1625bbdd
6f9e6d63,55kcyJWnQ9,2/6/2022 12:01,BB,BB06022022,,6660,SGD,Air,,,,,
355f8b2f,2ii3577q55,5/7/2022 12:23,T,T06022022122354,8X5EJG61Hk,1192.01,SGD,Air,,,0,1192.01,5e77445a
8f897e99,48iGKBLCt6,2/6/2022 14:32,B,B06022022143228,8X5EJG61Hk,4859.5,SGD,Air,,,,,"12f09b2e, e52b16c4, c6ec7ba1, 612b6bae, 8286b331, e6348f5e, 448dc0b3"
8a46974e,425cS82HkQ,18/10/2022 11:04,S,BB06022022153401,3E98Omn83X,2341.9,USD,Air,,0%,0,2341.9,393ea66a
64d68dca,8fJgA4J040,2/6/2022 16:57,B,B06022022165715,,2208.75,SGD,Air,,,,,
bdc58ac2,7a686853,3/6/2022 11:20,B,B06032022112025,8X5EJG61Hk,781,SGD,Air,,,,,64859cb5
6e705fc1,4O5G9tNusl,6/6/2022 17:50,B,B06032022122358,3E98Omn83X,7387.06,SGD,Air,,,,,
978c772b,6462402c,3/6/2022 15:29,B,B06032022152922,8X5EJG61Hk,811,SGD,Air,,,,,
76010991,cc6c5bdc,3/6/2022 16:49,S,S06032022164925,8X5EJG61Hk,325,SGD,Sea,,,,,81dde8cf
5bee2bc5,6462402c,3/6/2022 16:56,B,B06032022165638,8X5EJG61Hk,761,SGD,Air,,,,,f280ecaa
14b5bb1b,55kcyJWnQ9,3/6/2022 16:58,BB,BB06032022,3E98Omn83X,839.88,SGD,Air,,,,,e9a68d9a
7d7bf177,55kcyJWnQ9,3/6/2022 17:21,AS,AS0103062287,,987.5,SGD,Air,,,,,
fd8068e9,48027e8f,6/6/2022 11:25,S,S06062022112557,,0,SGD,Air,,,,,
c7907f9b,UzdUJe146M,6/6/2022 12:05,B,B06062022120515,8X5EJG61Hk,1444.76,SGD,Air,,,,,24986733
dc374472,db09a28c,6/6/2022 13:02,S,S06062022130516,8X5EJG61Hk,5999.2,SGD,Sea,,,,,
19559516,4WD4e3BQj1,6/6/2022 14:36,B,B06062022143626,,1958,SGD,Air,,,,,b0c1305b
94bc9139,fEXeW6R1J3,6/6/2022 15:19,B,B06062022151931,8X5EJG61Hk,503,SGD,Air,,,,,32e04f4b
5aedc3eb,hL800efJnq,6/6/2022 17:52,B,B05092022152451BP,,0,SGD,Air,,,,,
6f3f74cd,6be46e90,7/6/2022 10:32,BB,Shopify 1029,,374.67,SGD,Air,,,,,2b639d57
60058fb0,g084484ZO9,7/6/2022 12:59,B,B06072022125940,8X5EJG61Hk,4524.99,SGD,Air,,,,,b515417d
0ce6d1ae,5fiS378Rr1,7/6/2022 17:01,B,B06072022170138SJ,3E98Omn83X,1143,SGD,Air,,,,,
d8838e5c,3b19cc66,7/6/2022 17:18,B,B06072022171842,3E98Omn83X,5767,SGD,Sea,,,,,ee62d214
5c236f78,psi8LI6CQr,7/6/2022 19:03,B,B06072022190317,3E98Omn83X,861.04,SGD,Air,,,,,"996737c3, e4c97797, 275a733e"
1396d28b,5fiS378Rr1,8/6/2022 8:54,B,B06072022170138,3E98Omn83X,1141,SGD,Air,,,,,2a527769
7e2ef844,7a686853,8/6/2022 9:11,B,B06082022091253,8X5EJG61Hk,4998,SGD,Sea,,,,,2f244f6a
cf3c1646,783487d2,8/6/2022 10:47,BB,Shopify 1030,,423.4,SGD,Air,,,,,a48a65d9
7c97f19e,8rX3c9V1OO,8/6/2022 14:29,B,B06082022143004,3E98Omn83X,267,SGD,Air,,,,,"b6f9c7c0, b13845a2"
62a67ea5,1b04ee43,10/6/2022 13:45,B,B06082022154044,3E98Omn83X,214,SGD,Air,,,,,e804055b
b948d918,64c0444d,8/6/2022 15:49,S,S06082022155001,3E98Omn83X,584.2,SGD,Sea,,,,,
e38f2b3a,ZY46m6DFg1,8/6/2022 16:55,S,S06082022165539,,405.58,SGD,Air,,,,,a1946a38
0c9c6b6f,5f502838,8/6/2022 16:58,T,T06082022170014,3E98Omn83X,710.01,SGD,Air,,,,,7da77c60
eb2a5a1d,f63e6d5a,9/6/2022 8:47,B,B06092022084723,8X5EJG61Hk,328,SGD,Air,,,,,b6348b32
9236750f,z0I0Z6U6nv,9/6/2022 9:43,B,B06092022100124,8X5EJG61Hk,928,SGD,Air,,,,,"7391b06a, 3f44635a"
020de859,GSdCKW3Z5w,23/6/2022 10:36,S,S06092022103658,8X5EJG61Hk,1735,SGD,Air,,,,,160af26c
70a9da9a,218ba7d6,9/6/2022 11:07,B,B06092022110753,8X5EJG61Hk,833.88,SGD,Air,,,,,81f4671b
044576d2,dc672852,9/6/2022 12:54,B,B06092022145855,8X5EJG61Hk,4141,SGD,Air,,,0,4141,"30f07a24, 02a41ff2, ac03bc34, cdf6151c, 79108137, f11533a4, e3b4b034"
c10cec06,WL91eH602H,9/6/2022 15:04,S,S06092022150410,3E98Omn83X,1440,SGD,Air,,,,,442198fb
1e0f8139,75bd0e2c,9/6/2022 15:30,S,S06092022153011,3E98Omn83X,30518,SGD,Air,,,,,
a2be0476,8Nzo71FGPE,9/6/2022 16:29,T,T06092022162909,3E98Omn83X,38362,SGD,Air,,,,,
71f975e7,ec3a2d0c,10/6/2022 14:49,B,B06102022144926,3E98Omn83X,1710,SGD,Air,,,,,"7f57ea2e, f0ab76ec, a4d82c3e, 850d32af"
454f30ed,39N5vR34gp,20/6/2022 10:04,B,B06132022100421,8X5EJG61Hk,2243,SGD,Air,,,,,"529ef918, 318148ad, 1fa9ada7"
ec041b71,XpP0Bn0s55,13/6/2022 12:22,S,S06132022122222,,223.75,SGD,Air,,,,,e99a1eac
4fbe2b15,57d4a0ce,13/6/2022 14:19,S,S06132022143427,8X5EJG61Hk,524.6,SGD,Air,,,0,524.6,0913783c
3125ec10,0WoOQFQSLY,13/6/2022 15:41,S,S06132022154115,8X5EJG61Hk,2683.6,SGD,Air,,,0,2684,"2aabcff3, 9a2475dc"
236a702a,GSdCKW3Z5w,14/6/2022 9:19,AB,AB06142022091926,8X5EJG61Hk,381,SGD,Air,,,,,
8f90f598,847ad8ff,14/6/2022 10:01,BB,Shopify 1031,,452.8,SGD,Air,,,,,bd30e7fa
23f99248,7727c701,14/6/2022 17:31,B,B06142022173535,,106.83,SGD,Air,,,,,fd752cd2
466b9d50,VLSxI59801,15/6/2022 9:07,S,S06152022090716,3E98Omn83X,12374.76,SGD,Air,,,,,"c39691f7, 5bc75377, 0b6c70ff, ab5a2727, c9f0be69, 1eb38f53, 9d578cd0"
6faa2d2f,e6666cbb,15/6/2022 9:37,B,B06152022093737SJ,8X5EJG61Hk,142,SGD,Air,,,,,
143d7892,e6666cbb,15/6/2022 10:08,B,B06152022100850,8X5EJG61Hk,148,SGD,Air,,,,,d9ca9f0b
5a7ebe9c,e6666cbb,15/6/2022 10:28,T,T06152022102828,8X5EJG61Hk,203,SGD,Air,,,,,34c46016
acc75f76,4d2d6aa1,15/6/2022 10:46,B,B06152022104649,8X5EJG61Hk,9424,USD,Air,,,,,
356709ec,4d2d6aa1,15/6/2022 11:37,B,B06152022114854,8X5EJG61Hk,6973,USD,Air,,,,,
91156c48,4d2d6aa1,15/6/2022 12:59,B,B06152022125920,8X5EJG61Hk,21353,USD,Air,,,,,
50958958,465fcc36,15/6/2022 13:55,BB,Shopify 1032,,196.3,SGD,Air,,,,,f34c47b6
a4371c6d,da283159,15/6/2022 14:18,BB,BB06152022141928,,1972,SGD,Air,,,,,
e42b7f66,48iGKBLCt6,15/6/2022 14:49,B,B06022022143228SJ,,0,SGD,Air,,,,,
8bc63be0,1f6et5pP1O,15/6/2022 15:05,S,S06152022150533,,250,SGD,Air,,,,,
8f228755,GSdCKW3Z5w,15/6/2022 16:37,B,AS03232022114557SJ,,0,SGD,Air,,,,,
eed46a7e,hL800efJnq,15/6/2022 20:19,B,B06152022202026,8X5EJG61Hk,2910.99,SGD,Air,,,,,"2de3a43d, 9e0c2d7c, e70d88e0, a302c732, 0ba8856c, 1704f53c, be08dbab"
e7afc0ac,fEXeW6R1J3,15/6/2022 22:02,B,B06152022220219,8X5EJG61Hk,650,SGD,Air,,,,,c52fd99f
S03242022083049_Dup1,XpP0Bn0s55,16/6/2022 9:20,S,S06162022092016,,1305,SGD,Sea,,,,,40a1bbc3
9a85ef9c,xEK6r63Cy3,16/6/2022 10:09,S,S06162022100946,3E98Omn83X,247,SGD,Air,,,,,5842cd75
2582b3dd,cc6c5bdc,16/6/2022 10:56,B,B06162022105623,8X5EJG61Hk,976,SGD,Air,,,,,7363a862
f5bea755,y0YEf0WNtI,17/6/2022 11:58,S,S06172022115841,3E98Omn83X,4955.01,SGD,Air,,,,,
e14eb926,j6v26jLuwm,17/6/2022 14:08,B,B06172022140828,,4160.02,SGD,Air,,,,,"8afcb271, 8de500b7, 25070655"
5d29b3ba,fvIH3Ur1DW,17/6/2022 18:00,B,B06172022180033,8X5EJG61Hk,1033,SGD,Air,,,,,cebbada4
153b2e75,fEXeW6R1J3,17/6/2022 18:41,B,B06172022184131,8X5EJG61Hk,769,SGD,Air,,,,,1d2e7786
8dd48da3,iB1CZOmgBh,18/6/2022 15:48,S,S06182022154939,,1973,SGD,Air,,,,,
4cfdf88d,dc701372,19/6/2022 5:19,B,B06192022051938,,0,SGD,Air,,,,,
9c79e75e,3926f94c,20/6/2022 9:57,BB,Shopify 1033,,193.56,SGD,Air,,,,,c71d93ab
,,,,,,,,,,,,,
2724adf9,GMs8OdU4s1,20/6/2022 12:01,B,B06202022120202SJ,8X5EJG61Hk,329,SGD,Air,,,,,
41a1bb02,GMs8OdU4s1,20/6/2022 12:30,B,B06202022123029,8X5EJG61Hk,329,SGD,Sea,,,,,041c743d
9a962427,8qbgngVgJ0,20/6/2022 12:41,S,S06202022124113,3E98Omn83X,425.67,SGD,Air,,,,,28df933d
7d6a2713,eb0ac3af,20/6/2022 13:28,S,S06202022133645,,568,SGD,Air,,,,,
71fe8f93,4O5G9tNusl,20/6/2022 14:38,B,B06202022143901,,1873,SGD,Air,,,,,
b52a6b43,39N5vR34gp,20/6/2022 15:34,B,B06202022153459,8X5EJG61Hk,729,SGD,Air,,,,,1b98dbdb
2057c44f,4O5G9tNusl,23/6/2022 11:22,B,B06202022170703,3E98Omn83X,308,SGD,Air,,,,,b68361ba
350b8ffb,64c0444d,21/6/2022 11:00,S,S06212022110048,3E98Omn83X,5934,SGD,Sea,,,,,
cc61d676,74ffdf05,21/6/2022 12:46,B,B06212022124648,8X5EJG61Hk,235.6,SGD,Air,,,,,
4c51a537,af0b8607,21/6/2022 12:59,S,S06212022125943,,415,SGD,Air,,,,,8f1c4502
51ef322e,VCvp286I3Q,21/6/2022 13:11,S,S06212022131126,3E98Omn83X,208,SGD,Air,,,,,e6959523
cb5cd839,5af7f790,21/6/2022 14:30,B,B06212022144224,,460,SGD,Air,,,,,
c2e99b01,a8c386f6,21/6/2022 15:33,L,L06212022153606,,92,SGD,Air,,,,,0806f956
af2e8f9b,GSdCKW3Z5w,21/6/2022 16:46,B,AS03232022114557SJ,,0,SGD,Sea,,,,,
fb029579,df7dce1a,22/6/2022 9:34,BB,BB06222022093455,,821.8,SGD,Air,,,,,3b106537
2dfdee3f,g084484ZO9,22/6/2022 9:46,B,B06222022094657,8X5EJG61Hk,511.12,SGD,Air,,,,,"11fcaeb7, 5d97f8e5"
b360f40a,VLSxI59801,22/6/2022 10:20,S,S06222022102105,3E98Omn83X,1998.34,SGD,Air,,,,,"352b62ea, 935ca088"
b13ecdb7,g084484ZO9,22/6/2022 10:44,B,B06222022104450SJ,8X5EJG61Hk,137,SGD,Air,,,,,
d96c9e6c,X90cRum7fq,22/6/2022 11:51,B,B06222022115114,3E98Omn83X,209,SGD,Air,,,,,
c9c08d3a,6n9h7u47e8,22/6/2022 12:56,BB,BB06222022125638,,0,SGD,Air,,,,,
f4bfbabe,c79117f5,22/6/2022 14:50,BB,Shopify 1034,,245.12,SGD,Air,,,,,0a9776dc
7334fcc6,Y2MYCQ56NK,22/6/2022 15:26,T,T06222022152647,3E98Omn83X,490,SGD,Air,,,,,9ca949fb
83da8eef,39N5vR34gp,22/6/2022 15:53,B,B06222022155319,8X5EJG61Hk,974,SGD,Air,,,,,1913bedc
05f544f4,45ed7434,22/6/2022 16:06,B,B06222022160619,8X5EJG61Hk,5940,AUD,Air,,,,,
5fb517fd,a5580ba7,23/6/2022 9:55,S,S06222022163151,3E98Omn83X,2838.1,SGD,Air,,,,,"3ef015b6, 6b7f408f, 297d9584, c457c3e0, 6a4bd0bc, eb5a7cda"
06222c65,14ea3809,23/6/2022 10:34,BB,Shopify 1035,,483.96,SGD,Air,,Exempted,0,483.96,5cea0370
32f0d93f,4aaef7ec,23/6/2022 10:49,BB,Shopify 1036,,170.6,SGD,Air,,Exempted,0,170.6,31de8137
b0c1f556,2rHQ5q2g6a,23/6/2022 11:08,B,B06232022110820,8X5EJG61Hk,292,SGD,Air,,Exempted,0,292,"2d9595c2, 4c977c35"
7abce4fb,Tb6MBkP8o7,23/6/2022 15:24,S,S06232022152411,3E98Omn83X,995,SGD,Air,,Exempted,0,995,"f346a4a5, ba1438ca, 2c547925, 78de835c, b606f606, 8d0f4550"
fe01241c,4DS6poaMwG,23/6/2022 15:38,S,S06232022153908,3E98Omn83X,799.2,SGD,Air,,Exempted,0,799.2,b3d42e8c
0c0c32e9,xw71fJ415b,23/6/2022 20:41,BB,BB06232022204152,,744,USD,Air,,Exempted,0,744,
d95d72c1,e6666cbb,23/6/2022 21:57,B,B06232022215807,8X5EJG61Hk,1034,SGD,Air,,Exempted,0,1034,"bb7af7ee, e5192487, e62da6e6"
f4fb0641,a5580ba7,24/6/2022 10:28,S,S06242022102808,3E98Omn83X,1301,SGD,Air,,Exempted,0,1301,dc06ddf4
,,,,,,,,,,,,,
S06222022163151_Dup1,a5580ba7,24/6/2022 10:32,AS,AS06242253,,3205,SGD,Air,,Exempted,0,3205,
AS06242253_Dup1,a5580ba7,24/6/2022 10:37,BB,BB0622103731,,3878.1,SGD,Air,,Exempted,0,3878.1,
46ed6e06,jCh0R09xTJ,24/6/2022 11:42,B,B06242022114307,,484,SGD,Air,,Exempted,0,484,6917433d
S06242022102808_Dup1,a5580ba7,24/6/2022 12:39,AS,S06248297,,1401,SGD,Air,,Exempted,0,1401,
S06248297_Dup1,a5580ba7,24/6/2022 12:41,BB,BB064221215,,1656,SGD,Air,,Exempted,0,1656,
1a0dc757,WL91eH602H,27/6/2022 14:03,S,S06242022125000,3E98Omn83X,1352,SGD,Air,,Exempted,0,1352,"5a29d8ff, d77d29fe"
56b8868c,a5580ba7,24/6/2022 14:52,B,S05202022150340BF,,0,SGD,Air,,Exempted,0,0,
bacf39e7,hL800efJnq,24/6/2022 14:58,B,B05252022180736BF,,0,SGD,Air,,Exempted,0,0,
93dc6f7c,06suB5p2mX,27/6/2022 9:26,S,S06272022092703,3E98Omn83X,220,SGD,Air,,Exempted,0,220,d7ae8df5
46b6cc67,49fc0a86,27/6/2022 10:03,BB,Shopify 1037,,120.76,SGD,Air,,Exempted,0,120.76,ab306972
0fcafd54,4O5G9tNusl,27/6/2022 10:31,AB,AB06272022103210,,428,SGD,Air,,Exempted,0,428,
c8c83b3e,df7dce1a,27/6/2022 11:14,BB,BB06272022111440,,2668.81,SGD,Air,,Exempted,0,2669,c7aaab89
27fb7552,7a686853,27/6/2022 11:26,B,B06272022112705,8X5EJG61Hk,1493,SGD,Air,,Exempted,0,1493,303490fa
13629233,64c0444d,3/1/2023 16:11,S,S06272022123415,3E98Omn83X,210,SGD,Air,,8%,16.8,226.8,
b3b25861,f63e6d5a,27/6/2022 12:36,B,B06272022123640,8X5EJG61Hk,892.02,SGD,Air,,Exempted,0,892.02,"1f40c6bf, ee1f8bee, f4aac9bd"
0027d866,f63e6d5a,27/6/2022 14:49,B,B05252022143858BF,,0,SGD,Air,,Exempted,0,0,
ff8f796d,2c0221dc,27/6/2022 16:22,B,B06272022162655,3E98Omn83X,2197,SGD,Air,,Exempted,0,2197,5e9cd811
849a8b4d,jjC9BO9046,27/6/2022 16:45,B,B06272022164539,3E98Omn83X,2254,SGD,Air,,Exempted,0,2254,238fede7
B06272022164539_Dup1,jjC9BO9046,27/6/2022 17:11,B,B06272022164539SJ,3E98Omn83X,1804,SGD,Air,,Exempted,0,1804,
26770b91,3fa6955b,27/6/2022 18:21,B,B06272022182115,8X5EJG61Hk,1049,SGD,Air,,Exempted,0,1049,
febb914f,e50ead61,28/6/2022 11:23,S,S06282022112319,3E98Omn83X,331,SGD,Air,,Exempted,0,331,13fd6fe1
bc9421dd,26e282dd,28/6/2022 14:38,BB,Shopify 1038,,216.47,SGD,Air,,Exempted,0,216.47,9fe2a693
35a7f1b4,64c0444d,28/6/2022 14:39,S,S06282022144008,3E98Omn83X,9632,SGD,Sea,,Exempted,0,9632,
7c388397,73Mfhf002n,28/6/2022 15:19,S,S06282022151941,3E98Omn83X,60,SGD,Air,,Exempted,0,60,534f2324
1d0c42ac,8aa1eaf5,28/6/2022 15:56,B,B06282022155653,8X5EJG61Hk,6060,EUR,Air,,Exempted,0,6060,
e0e4da7c,425cS82HkQ,28/6/2022 17:29,S,S06282022172917,,15332.25,USD,Sea,,Exempted,0,15332.25,
6d05e36c,afc2f892,30/6/2022 13:16,S,S06282022173829,3E98Omn83X,443.97,SGD,Sea,,Exempted,0,443.97,
B02282022100941_Dup1,W1xrXd4C1W,29/6/2022 17:01,B,B06292022170143,,57657.93,SGD,Air,,Exempted,0,57657.93,cb9a4d76
afefc7f6,WL91eH602H,6/7/2022 11:32,S,S06292022173011,3E98Omn83X,1323,SGD,Air,,Exempted,0,1323,"105ce999, 7e43dca7"
B02282022103451_Dup1,6n9h7u47e8,29/6/2022 18:21,B,B06292022182112,,36888.51,SGD,Air,,Exempted,0,36888.51,79c5a4d7
b8c5aac7,xEK6r63Cy3,30/6/2022 13:06,S,S06302022130649,3E98Omn83X,1469,SGD,Air,,Exempted,0,1469,
f85203b6,6n9h7u47e8,30/6/2022 14:56,S,S06302022145640,,20000,SGD,Air,,Exempted,0,20000,c56f11f2
1ab6591a,47dc23c1,30/6/2022 15:10,T,T06302022151027,8X5EJG61Hk,624.99,SGD,Air,,Exempted,0,624.99,
1be71a1e,g084484ZO9,30/6/2022 15:06,B,B06302022151100,8X5EJG61Hk,1008,SGD,Air,,Exempted,0,1008,
6bbbc77e,cc6c5bdc,1/7/2022 10:44,B,B07012022104430,8X5EJG61Hk,1198,SGD,Air,,Exempted,0,1198,
1cb98222,cc6c5bdc,1/7/2022 11:03,B,B07012022110334SJ,8X5EJG61Hk,0,SGD,Air,,Exempted,0,0,
5d0743d8,d3cbdb51,1/7/2022 13:09,B,B07012022130911,8X5EJG61Hk,1380,SGD,Air,,Exempted,0,1380,fca5fefd
f7fff2de,1f6et5pP1O,1/7/2022 15:38,S,S07012022153847,8X5EJG61Hk,222,SGD,Air,,Exempted,0,222,
2004c26f,hL800efJnq,4/7/2022 11:30,B,B07042022113041,8X5EJG61Hk,833,SGD,Air,,Exempted,0,833,7ffd43ba
a92e2c9f,06df1afd,4/7/2022 14:32,S,S07042022143314,3E98Omn83X,5914,SGD,Air,,Exempted,0,5914,d6748da2
a6c14878,4f18u3537C,4/7/2022 15:26,S,S07042022152643,3E98Omn83X,687,SGD,Air,,Exempted,0,687,fbd78e0b
7df91116,dc701372,4/7/2022 15:29,B,B07042022152933,,0,SGD,Air,,Exempted,0,0,
c67d3877,5ee5fe7b,4/7/2022 15:37,T,T07042022153846,3E98Omn83X,2247.96,SGD,Air,,Exempted,0,2247.96,e877f3c0
58074893,hL800efJnq,4/7/2022 17:48,B,B07042022174843,8X5EJG61Hk,4994,SGD,Sea,,Exempted,0,4994,0c4d5eef
1da334e0,30b11630,4/7/2022 19:15,B,B07042022191537,8X5EJG61Hk,532,SGD,Air,,Exempted,0,532,c382ca81
746ecf10,1f6et5pP1O,4/7/2022 19:32,B,B07042022193304,8X5EJG61Hk,352,SGD,Air,,Exempted,0,352,
6da4c782,2b3f68c0,5/7/2022 8:36,BB,BB07052022083625,,776,SGD,Air,,Exempted,0,776,
3a713794,N6QXxBprMz,5/7/2022 10:44,S,S07052022104452,8X5EJG61Hk,0,SGD,Air,,Exempted,0,0,
,,,,,,,,,,,,,
3beec23a,fEXeW6R1J3,5/7/2022 15:09,B,B07052022150942,8X5EJG61Hk,607,SGD,Air,,Exempted,0,607,180c693a
972ef4a2,fEXeW6R1J3,5/7/2022 15:19,B,B07052022151935,8X5EJG61Hk,514,SGD,Air,,Exempted,0,514,eefcda61
ad950aa7,0WoOQFQSLY,5/7/2022 15:46,B,B07052022154657,8X5EJG61Hk,4414.98,SGD,Air,,Exempted,0,4414.98,3d9aedec
d3f1aeb7,ja7nPAs7V3,6/7/2022 9:20,S,S07062022092025,3E98Omn83X,202,SGD,Air,,Exempted,0,202,"1b289d69, bcd16e10"
42de1b43,c72f51cb,6/7/2022 9:44,BB,BB07062022094456,,4636,SGD,Air,,Exempted,0,4636,
8f676ded,a4039613,6/7/2022 12:41,B,B07062022124211,8X5EJG61Hk,4682,SGD,Air,,Exempted,0,4682,
a328eea0,ec3a2d0c,6/7/2022 12:49,B,B07062022125009,,341,SGD,Air,,Exempted,0,341,"59305da2, 7e240b69"
d5ce1925,GSdCKW3Z5w,6/7/2022 13:05,B,B07062022130618,8X5EJG61Hk,442,SGD,Air,,Exempted,0,442,dc1a0192
83263cba,182d9938,6/7/2022 13:37,B,B07062022133756,8X5EJG61Hk,1226,SGD,Air,,Exempted,0,1226,
c4afd54c,39N5vR34gp,19/7/2022 14:58,B,B07192022091,8X5EJG61Hk,118,SGD,Air,,Exempted,0,118,2ed1878a
93e0737f,06suB5p2mX,7/7/2022 9:05,S,S07072022090512,3E98Omn83X,336,SGD,Air,,Exempted,0,336,4339490b
8b79d823,KDPNJN51Yk,7/7/2022 13:32,B,B07072022133222,8X5EJG61Hk,287,SGD,Air,,Exempted,0,287,a30b37f1
b3e488ff,6462402c,7/7/2022 13:56,B,B07072022135628,8X5EJG61Hk,448,SGD,Air,,Exempted,0,448,"5388a504, 9e1def93, 2723c368, 59fd37d2, c53ce82f, 8a0bffe2"
784aa616,fvIH3Ur1DW,7/7/2022 14:01,B,B07072022140207,8X5EJG61Hk,1695,SGD,Air,,Exempted,0,1695,5b73efe2
e55e082e,6n9h7u47e8,7/7/2022 15:53,BB,BB07072022155329,,0,CNY,Air,,Exempted,0,0,
17f0cf9d,fe83eba5,7/7/2022 17:43,BB,BB07072022174323,,693,SGD,Air,,Exempted,0,693,0da1c680
dedce3d5,Y2MYCQ56NK,8/7/2022 9:30,AT,AT07082022093037,,0,SGD,Air,,Exempted,0,0,
5445fe1b,070a96b6,8/7/2022 10:44,B,B07082022104525,3E98Omn83X,2662,SGD,Air,,Exempted,0,2662,133e9e4b
d6bd9c48,hL800efJnq,8/7/2022 10:47,B,B07082022105424,8X5EJG61Hk,3905,SGD,Air,,Exempted,0,3905,"d50d4dd3 , e58dc3b9 , 573f7f0a , e055cf23 , 4735cb07 , bf15ebf1 , dbe6cde3 , 61a88a70 , 0777c31d , 0a899656"
31614fe5,tE2rb73Kp9,8/7/2022 11:57,S,S07082022115742,3E98Omn83X,4360,SGD,Air,,Exempted,0,4360,
c211c959,241f3266,14/7/2022 10:34,S,S07082022133049,3E98Omn83X,74151,SGD,Air,,Exempted,0,74151,
S03242022083049_Dup1_R,XpP0Bn0s55,8/7/2022 14:15,S,S07082022141523,,1924,SGD,Air,,Exempted,0,1924,"cafba0e7, 402c0775, b42638b9, 767d24c7"
10d442ab,a2a70b56,8/7/2022 14:39,B,B07082022144021,8X5EJG61Hk,1647,SGD,Air,,Exempted,0,1647,"08b52387, 917a0f73, f6491a3d"
,,,,,,,,,,,,,
09eb99e4,Tb6MBkP8o7,14/7/2022 9:00,S,S07082022150112,3E98Omn83X,212.16,SGD,Air,,Exempted,0,212.16,"ef332179, ea9143d7, 106d8482, 6b3cb830"
765b4efb_R,FOxPJznvAx,8/7/2022 15:27,S,S07082022152702,,2476,SGD,Air,,Exempted,0,2476,165dfbf2
3559ea0c,425cS82HkQ,8/7/2022 16:50,S,S07082022165137,,1760.5,USD,Sea,,Exempted,0,1760.5,
dcbf5c19,Ss1dWMP4hX,12/7/2022 9:30,S,S07122022093046,8X5EJG61Hk,915,SGD,Air,,Exempted,0,915,427e05b7
c24e5cb1,b4992de3,12/7/2022 9:46,BB,Shopify 1039,,164.68,SGD,Air,,Exempted,0,164.68,f39636af
dd29c48a,4O5G9tNusl,12/7/2022 10:43,S,S07122022104331,3E98Omn83X,483,SGD,Air,,Exempted,0,483,
98376b09_R,Y2MYCQ56NK,12/7/2022 13:09,AT,AT07122022130937,,495,SGD,Air,,Exempted,0,495,304ed2f8
358277ff,mBB4FCi2BK,12/7/2022 14:38,B,B07122022143850,3E98Omn83X,2025,SGD,Air,,Exempted,0,2025,
e9cd5882,a6929d87,12/7/2022 15:22,S,S07122022152350,3E98Omn83X,94,SGD,Air,,Exempted,0,94,
36d0aebc,g084484ZO9,12/7/2022 15:35,AB,AB07122022153629,8X5EJG61Hk,4823.96,SGD,Air,,Exempted,0,4823.96,c38612a0
d5fef9f8,4Yk09HecPy,12/7/2022 16:24,AB,AB07122022162427,8X5EJG61Hk,995,SGD,Air,,Exempted,0,995,"9bb74878, 60bb1849"
8b1fbb18,g084484ZO9,12/7/2022 17:02,B,B07122022170237SJ,8X5EJG61Hk,108,SGD,Air,,Exempted,0,108,
61086c92,3be6d644,13/7/2022 11:42,S,S07132022114227,8X5EJG61Hk,290,SGD,Air,,Exempted,0,290,"38bb2595, 37f433d4"
8b93a133,Tb6MBkP8o7,13/7/2022 14:37,S,S07132022143805,3E98Omn83X,296,SGD,Air,,Exempted,0,296,107cfadd
bed39264,f63e6d5a,14/7/2022 10:15,L,L07142022101617,8X5EJG61Hk,0,SGD,Air,,Exempted,0,0,
bd877f8d,FIc17Ck457,12/1/2023 13:49,T,T07142022134914,8X5EJG61Hk,95592,SGD,Air,,8%,7647.36,103239.36,04299f35
a034f9b9,ryl1bKOpPO,23/7/2022 23:52,B,B07142022145250,3E98Omn83X,24264.2,SGD,Air,,Exempted,0,24264.2,"398fd9f9, e39dd390, 1217246f, 1a8fc7eb, 63bed71a, af39e460, 3b2da50a"
ac9cc61a,06suB5p2mX,14/7/2022 15:10,S,S07142022151101,3E98Omn83X,1318,SGD,Air,,Exempted,0,1318,0cc5c21d
bd5619ea,5fiS378Rr1,14/7/2022 17:59,B,B07142022175947SJ,3E98Omn83X,3180.22,SGD,Air,,Exempted,0,3180.22,
338b67c1,68ee0c85,15/7/2022 9:35,B,B07152022093605,8X5EJG61Hk,728,SGD,Air,,Exempted,0,728,
1ac39038,2df7e01c,15/7/2022 10:21,B,B07152022102133,8X5EJG61Hk,2887,SGD,Air,,Exempted,0,2887,28abbf89
1d02bba1,643c1834,15/7/2022 11:03,BB,Shopify 1040,,257.08,SGD,Air,,Exempted,0,257.08,d1aeafb3
3c3807c1,g084484ZO9,15/7/2022 13:13,B,B07152022131351SJ,8X5EJG61Hk,518.36,SGD,Air,,Exempted,0,518.36,
beb43af8,a954a4d6,8/8/2022 16:40,T,T07152022135437,3E98Omn83X,355,SGD,Air,,Exempted,0,355,
03d9115f,5fiS378Rr1,15/7/2022 14:07,B,B07142022175947,3E98Omn83X,3147,SGD,Air,,Exempted,0,3147,c3cc2e01
35853e8e,fEXeW6R1J3,18/7/2022 10:40,B,B07182022104025,8X5EJG61Hk,315,SGD,Air,,Exempted,0,315,"7ca22e52, 6250f93e"
6f709d93,bcd08322,18/7/2022 12:41,B,B07182022124202,8X5EJG61Hk,2548.01,SGD,Air,,Exempted,0,2548.01,"3af41106, 7d8eb081, 7d8dd4e3, f1ec75e9, db8de55c"
b1c578ac,W6xnb5jXIF,18/7/2022 14:09,B,B07182022140954,8X5EJG61Hk,228,SGD,Air,,Exempted,0,228,36f246ab
4846820e,a26605cb,18/7/2022 15:01,B,B05122022143802SJ,,0,SGD,Air,,Exempted,0,0,
2efcdac1,jCh0R09xTJ,18/7/2022 19:02,S,S07182022190221,8X5EJG61Hk,279,SGD,Air,,Exempted,0,279,b00be9a4
8e28524d,GSdCKW3Z5w,9/9/2022 10:38,B,B07192022103854,8X5EJG61Hk,189.26,SGD,Sea,,Exempted,0,189.26,1af96025
b105856f,fEXeW6R1J3,19/7/2022 10:46,B,B07192022104606,8X5EJG61Hk,671,SGD,Air,,Exempted,0,671,"6c8da99f, 65df3af8"
56343f46,39N5vR34gp,19/7/2022 14:32,B,B07192022143301,8X5EJG61Hk,0,SGD,Air,,Exempted,0,0,
fb321961,m83KJ92R1b,19/7/2022 14:52,T,T07192022145259,3E98Omn83X,769.02,SGD,Air,,Exempted,0,769.02,b9887973
302dd027,fvIH3Ur1DW,19/7/2022 15:06,B,B07192022150607,8X5EJG61Hk,420,SGD,Air,,Exempted,0,420,44eda607
6737a145,39N5vR34gp,19/7/2022 15:23,B,B07192022152412,db61a4fe,0,SGD,Air,,Exempted,0,0,
96e297e1,Y2MYCQ56NK,19/7/2022 18:18,T,T07192022181832,3E98Omn83X,490,SGD,Air,,Exempted,0,490,0d4ec09b
762dbb8d,a6929d87,20/7/2022 9:57,S,S07202022095838,3E98Omn83X,116699,SGD,Air,,Exempted,0,116699,
a429bb95,06suB5p2mX,20/7/2022 10:04,S,S07202022100443,3E98Omn83X,737,SGD,Air,,Exempted,0,737,adc44542
cf7aa06a,06df1afd,20/7/2022 10:49,B,B07202022104930,3E98Omn83X,768,SGD,Air,,Exempted,0,768,c83a9d8b
54b23222,M6KJYN17mq,20/7/2022 13:27,S,S07202022132804,3E98Omn83X,5154,SGD,Sea,,Exempted,0,5154,
d50d34de,8Nzo71FGPE,20/7/2022 16:32,T,T07202022163208,3E98Omn83X,3696.02,SGD,Air,,Exempted,0,3696.02,ef83fe54
c4bd145d,M6KJYN17mq,21/7/2022 12:24,S,S07212022122420,3E98Omn83X,1690,SGD,Sea,,Exempted,0,1690,
,,,,,,,,,,,,,
705cef57,3PMyW67W67,25/8/2022 9:09,S,S07212022141122,3E98Omn83X,5220792.41,USD,Air,,Exempted,0,5220792.41,
acb70733,g084484ZO9,21/7/2022 14:14,B,B06222022094657SJ,8X5EJG61Hk,0,SGD,Air,,Exempted,0,0,
b9ce04a0,3c7058b7,21/7/2022 17:00,B,B07212022170219,,11800.72,SGD,Air,,Exempted,0,11800.72,
,,,,,,,,,,,,,
ee1aa234,df3cd059,21/7/2022 20:43,S,S07212022204338,,1510,SGD,Air,,Exempted,0,1510,b1f59b8e
f5e8428a,39N5vR34gp,22/7/2022 9:26,B,B07222022092700SJ,8X5EJG61Hk,603,SGD,Air,,Exempted,0,603,
bcd868ad,6be46e90,22/7/2022 10:37,BB,Shopify 1041,,265.96,SGD,Air,,Exempted,0,265.96,cab9715f
739a1ff3,e50ead61,22/7/2022 19:51,S,S07222022195201,3E98Omn83X,165,SGD,Air,,Exempted,0,165,cbc6d1b5
d43f4b7a,e50ead61,22/7/2022 19:53,S,S07222022195324,3E98Omn83X,158,SGD,Air,,Exempted,0,158,
dcedccdc,75b1bfbb,25/7/2022 9:55,S,S07252022095519,3E98Omn83X,222,SGD,Air,,Exempted,0,222,
34f32fec,1f6et5pP1O,4/11/2022 10:23,S,S07252022102354,8X5EJG61Hk,5813.03,SGD,Air,,7%,406.91,6219.94,
3fbb2d10,d759282e,25/7/2022 10:46,B,B07252022104608,8X5EJG61Hk,605,USD,Air,,Exempted,0,605,
18e8d79f,WL91eH602H,25/7/2022 10:55,B,B07252022105547,3E98Omn83X,307,SGD,Air,,Exempted,0,307,4f144c5e
45bf1375,1f6et5pP1O,25/7/2022 10:56,AS,AS07252022105620,8X5EJG61Hk,3549,SGD,Sea,,Exempted,0,3549,
9a5bf4ab,2ii3577q55,25/7/2022 11:08,T,T07252022110854,8X5EJG61Hk,237,SGD,Air,,Exempted,0,237,765f2e51
96b52070,b594cff5,25/7/2022 11:34,S,S07252022113459,8X5EJG61Hk,45539,SGD,Air,,Exempted,0,45539,
ec102dcb,b594cff5,28/7/2022 11:39,S,S07252022114003,8X5EJG61Hk,446,SGD,Air,,Exempted,0,446,
512d0065,WL91eH602H,25/7/2022 15:06,B,B07252022150610BF,3E98Omn83X,0,SGD,Air,,Exempted,0,0,
895aaac6,3370dc6d,10/10/2022 16:27,BB,BB07252022162722,,1999.15,SGD,Air,,Exempted,0,1999.15,e023da13
6bcdc43c,ItssapCSik,25/7/2022 17:03,L,L07252022170424,3E98Omn83X,716,SGD,Air,,Exempted,0,716,f92090f2
514bd757,9Db6HRRP8a,25/7/2022 17:09,B,B07252022170921,3E98Omn83X,24988,SGD,Air,,Exempted,0,24988,
3b321211,9Db6HRRP8a,8/8/2022 15:43,B,B07252022171045,3E98Omn83X,49980,SGD,Air,,Exempted,0,49980,
a4060601,Q8nomXWRc2,25/7/2022 17:46,B,B07252022174650,3E98Omn83X,712,SGD,Air,,Exempted,0,712,"fe5ae45c, c43a8067"
d0e3c816,c48e4055,25/7/2022 18:50,BB,Shopify 1042,,523.75,SGD,Air,,Exempted,0,523.75,ee28ec53
07f691f0,39N5vR34gp,25/7/2022 19:07,L,L07252022190751,8X5EJG61Hk,311,SGD,Sea,,Exempted,0,311,
18d24979,75b1bfbb,26/7/2022 8:59,S,S07262022085952,3E98Omn83X,165,SGD,Air,,Exempted,0,165,
ddcda6b6,4O5G9tNusl,26/7/2022 10:42,L,L07262022104251,3E98Omn83X,74,SGD,Air,,Exempted,0,74,
962bf7b0,y0YEf0WNtI,26/7/2022 10:56,S,S07262022105646,3E98Omn83X,2332,SGD,Air,,Exempted,0,2332,"d238631d, 2e84d32a"
7cce915b,hL800efJnq,26/7/2022 11:26,B,B07262022112629,8X5EJG61Hk,0,SGD,Sea,,Exempted,0,0,
6618e1f2,2acb6945,26/7/2022 12:57,B,B07262022130530,3E98Omn83X,4654,SGD,Air,,Exempted,0,4654,2267cfe5
faa09aba,56c7d026,26/7/2022 16:45,B,B07262022164551,8X5EJG61Hk,3762,SGD,Air,,Exempted,0,3762,eab01e9e
cfed6547,Q8nomXWRc2,26/7/2022 17:57,S,S07262022175715,3E98Omn83X,104822,SGD,Air,,Exempted,0,104822,
b2357004,8qbgngVgJ0,27/7/2022 11:11,L,L07272022111151,3E98Omn83X,304,SGD,Sea,,Exempted,0,304,5b75cbd5
8bdc8c67,hL800efJnq,27/7/2022 14:14,B,B07042022113041BF,8X5EJG61Hk,0,SGD,Air,,Exempted,0,0,
05bed21d,b911b807,27/7/2022 17:10,S,S07272022171115,db61a4fe,5408,SGD,Sea,,Exempted,0,5408,
cd090c35,4d95ba3f,28/7/2022 9:37,S,S07282022093730,3E98Omn83X,464,SGD,Air,,Exempted,0,464,
8d0fa685,VCrR9IvzfA,28/7/2022 10:04,B,B07282022100451,8X5EJG61Hk,6997.03,SGD,Air,,Exempted,0,6997.03,
0b48b905,c860b4a5,28/7/2022 10:06,BB,Shopify 1043,,614.66,SGD,Air,,Exempted,0,614.66,56ac72a2
0010b98c,f63e6d5a,28/7/2022 10:26,AB,AB07282022102648,8X5EJG61Hk,3324,SGD,Sea,,Exempted,0,3324,
6b4fbd66,1f6et5pP1O,28/7/2022 10:33,S,S07282022103409,8X5EJG61Hk,3241,SGD,Sea,,Exempted,0,3241,e96da047
1b91fdb6,f63e6d5a,28/7/2022 10:21,B,B07282022102122,8X5EJG61Hk,1389.96,SGD,Air,,Exempted,0,1389.96,"788313f9, 23da6a79, 96e7a138"
f36054de,e6666cbb,28/7/2022 12:16,B,B07282022121735,8X5EJG61Hk,0,SGD,Air,,Exempted,0,0,
847fc491,06suB5p2mX,1/8/2022 12:51,S,S07282022125147,3E98Omn83X,402.54,SGD,Air,,Exempted,0,402.54,d6036f8a
351f5077,af0b8607,28/7/2022 15:44,T,T07282022154456,,5980,SGD,Air,,Exempted,0,5980,
5c07dfc8,af0b8607,29/7/2022 9:55,AT,AT07282022155545,gLuyJ85Lwe,2908,SGD,Air,,Exempted,0,2908,121eb158
B02282022103451_Dup1_R,6n9h7u47e8,28/7/2022 16:02,B,B07282022160251,,5651,SGD,Air,,Exempted,0,5651,462a7bbb
351f5077_R,af0b8607,28/7/2022 8:37,T,T07292022083725,,5980,SGD,Air,,Exempted,0,5980,c2c0e12b
7ccefaea,bb73c912,29/7/2022 8:39,S,S07292022084113,3E98Omn83X,287,SGD,Air,,Exempted,0,287,
f49630b9,FIc17Ck457,29/7/2022 10:59,S,S07292022105939,8X5EJG61Hk,1795.86,SGD,Air,,Exempted,0,1795.86,
a797a04a,aa52f012,29/7/2022 13:14,T,T07292022131813,3E98Omn83X,615,SGD,Air,,Exempted,0,615,cacef71c
1bde44e2,UzdUJe146M,29/7/2022 13:34,AB,AB07292022133542,8X5EJG61Hk,639,SGD,Air,,Exempted,0,639,b89c6b70
78ed0f5c,4dbf6714,4/8/2022 12:15,S,S07292022142737,3E98Omn83X,158,SGD,Air,,Exempted,0,158,c7b2e752
7129f6ed,VLSxI59801,29/7/2022 14:26,S,S07292022142712,db61a4fe,19483,SGD,Air,,Exempted,0,19483,
7badda25,VCrR9IvzfA,29/7/2022 14:35,B,B07292022143547SJ,8X5EJG61Hk,5637,SGD,Air,,Exempted,0,5637,
,,,,,,,,,,,,,
a50b6669,39N5vR34gp,29/7/2022 16:09,B,B07292022161000,8X5EJG61Hk,653,SGD,Air,,Exempted,0,653,"534db6f2, de56be03"
1dbf2fb9,66t9Z8KvlZ,29/7/2022 16:30,BB,BB07292022163125,8X5EJG61Hk,4905.17,SGD,Air,,Exempted,0,4905.17,"8efbde0e, da8d0835, db77d5f0, 3a476d59"
,,,,,,,,,,,,,
adb62f39,df3cd059,29/7/2022 19:56,S,S07292022195628,gLuyJ85Lwe,7406,SGD,Air,,Exempted,0,7406,
bccddb43,579DJ6XeuD,31/7/2022 15:53,AB,AB07312022155449,8X5EJG61Hk,1658.78,SGD,Air,,Exempted,0,1658.78,"1c6116c7, c68882cb"
18be8425,VCrR9IvzfA,1/8/2022 12:04,B,B08012022120502,8X5EJG61Hk,5637,SGD,Air,,Exempted,0,5637,d651c922
,,,,,,,,,,,,,
,,,,,,,,,,,,,
d3e9f5f6,jpZSXU2A8V,1/8/2022 19:51,B,B08012022195124SJ,8X5EJG61Hk,1469.33,SGD,Air,,Exempted,0,1469.33,
9c28999f,f63e6d5a,2/8/2022 11:01,B,B08022022110139,8X5EJG61Hk,498.19,SGD,Air,,Exempted,0,498.19,
ea10572d,xw71fJ415b,2/8/2022 11:57,S,S08022022115756,3E98Omn83X,0,USD,Sea,,Exempted,0,0,
,,,,,,,,,,,,,
d3e9f5f6_R,jpZSXU2A8V,2/8/2022 12:36,B,B08022022123617,,1469.33,SGD,Air,,Exempted,0,1469.33,00c9c14a
,,,,,,,,,,,,,
f32c7b75,Y2MYCQ56NK,2/8/2022 16:14,S,S08022022161502,00485f01,256.32,SGD,Air,,Exempted,0,256.32,514478a7
63c6cb4e,4ZRd9NGZZQ,2/8/2022 16:20,B,B08022022162040,3E98Omn83X,1119.32,SGD,Air,,Exempted,0,1119.32,"e39efaa8, 68d3e4ba"
7185dba3,a5580ba7,21/9/2022 15:07,S,S08022022163753,3E98Omn83X,759.47,SGD,Air,,7%,53.16,812.63,"48dea67d, b2a8e8fa"
f5e8428a_R,39N5vR34gp,3/8/2022 10:50,B,B08032022105014,,603,SGD,Air,,Exempted,0,603,3a17f7ae
1f6b1613,hL800efJnq,3/8/2022 11:21,B,B08032022112231,8X5EJG61Hk,504.08,SGD,Air,,Exempted,0,504.08,"48db8d19, 9f763b14, 0bd3d3ea"
0c937702,2f1494a7,3/8/2022 13:08,BB,BB08032022130900,,343.75,USD,Air,,Exempted,0,343.75,13620d1c
de92cdf4,db09a28c,3/8/2022 14:10,S,S08032022141222,8X5EJG61Hk,670.66,SGD,Air,,Exempted,0,670.66,
,,,,,,,,,,,,,
08425ee1,y3rYf2f9gy,3/8/2022 15:39,S,S08032022154004,3E98Omn83X,440,SGD,Air,,Exempted,0,440,11c3e051
ab31dd6b,d849d03d,3/8/2022 15:55,B,B08032022155517,3E98Omn83X,5322.74,SGD,Air,,Exempted,0,5322.74,
8fcaa2ad,dc701372,3/8/2022 16:36,BB,BB08032022163704,,168.75,SGD,Air,,Exempted,0,168.75,
,,,,,,,,,,,,,
ccac6ee0,a931a01c,3/8/2022 18:19,S,S08032022181935,db61a4fe,2600.9,SGD,Air,,Exempted,0,2600.9,"2e1bb8c2, 9ae01915, 34c85916, 828862ea"
a4e7f7de,f63e6d5a,3/8/2022 21:50,B,B08032022215044,8X5EJG61Hk,695.32,SGD,Air,,Exempted,0,695.32,"3696ef56 , 7b342d08"
908421c6,f63e6d5a,3/8/2022 22:14,B,记录,8X5EJG61Hk,156,SGD,Air,,Exempted,0,156,
2df480b6,db09a28c,3/8/2022 22:16,S,S08032022221640,8X5EJG61Hk,411.19,SGD,Air,,Exempted,0,411.19,
26589a06,a4decfdf,7/8/2022 22:37,B,B08032022223718,8X5EJG61Hk,5922.49,SGD,Air,,Exempted,0,5922.49,"ece73cba, 4282067a, 7c1cb4c3, 9aaa9af6"
394a555d,Z3UDr9nQA8,4/8/2022 9:53,B,B08042022095405,3E98Omn83X,555.38,SGD,Air,,Exempted,0,555.38,"bcef5ee8, 584f5c23"
5419a556,jpZSXU2A8V,4/8/2022 11:54,B,B08042022115437,8X5EJG61Hk,15.76,SGD,Air,,Exempted,0,15.76,
89cf2ec3,fEXeW6R1J3,4/8/2022 12:00,B,B08042022120049,8X5EJG61Hk,65.54,SGD,Air,,Exempted,0,65.54,
7fb472c5,2ii3577q55,4/8/2022 13:22,T,T08042022132221,8X5EJG61Hk,725.54,SGD,Air,,Exempted,0,725.54,820fbc67
33ccbeec,dffe99c7,4/8/2022 14:18,AB,AB22081501,3E98Omn83X,4396.44,SGD,Air,,Exempted,0,4396.44,16f73078
c5814ca1,xw71fJ415b,4/8/2022 15:06,B,B08042022150703,3E98Omn83X,6155.56,USD,Sea,,Exempted,0,6155.56,
c412d718,d5344504,4/8/2022 16:22,B,B08042022162416,3E98Omn83X,671.3,SGD,Air,,Exempted,0,671.3,ee29d40d
7ce2d1d0_R,xw71fJ415b,23/2/2023 14:45,S,S23022023144600,3E98Omn83X,1875,USD,Air,,0%,0,1875,
27bec2da,d4189978,30/9/2022 10:27,B,B08052022103535,8X5EJG61Hk,10460.05,SGD,Air,,7%,732.2,11192.25,
b6b9a4b0,11320a73,5/8/2022 11:15,S,S08052022111720,3E98Omn83X,202.24,SGD,Air,,Exempted,0,202.24,
46876347,6460ff92,5/8/2022 11:25,B,B08052022112556,3E98Omn83X,598.07,SGD,Air,,Exempted,0,598.07,"df83a09b, a8816b66"
b4b2e9a9,56c899fa,5/8/2022 12:46,BB,Shopify 1044,,959.03,SGD,Air,,Exempted,0,959.03,ccbd8348
5eae73fd,GMs8OdU4s1,5/8/2022 13:56,S,S08052022135637,8X5EJG61Hk,197,SGD,Air,,Exempted,0,197,a8f1114d
1d5a56a1,a4decfdf,7/8/2022 20:29,AB,AB08072022202926,8X5EJG61Hk,4524.87,SGD,Air,,Exempted,0,4524.87,"0fbed9b3, aa7321c7, 19a3c1bb, 8c976b6b"
21be263f,GHbrZ9WLG3,8/8/2022 9:07,B,B08082022091117,8X5EJG61Hk,2473.11,SGD,Air,,Exempted,0,2473.11,"cefb141d, 0cafdc79, 7714e08b, 7170b436"
b78273d0,14ea3809,8/8/2022 9:45,BB,Shopify 1045,,348.2,SGD,Air,,Exempted,0,348.2,4f2e94d5
cfd5e2df,xw71fJ415b,8/8/2022 13:33,S,S08082022133340,3E98Omn83X,1006.89,USD,Air,,Exempted,0,1006.89,
748265ee,1w5H2WCoXZ,8/8/2022 15:40,B,B08082022154026,db61a4fe,1075.3,SGD,Air,,Exempted,0,1075.3,33fa5e8f
2a2a9dbb,N6QXxBprMz,8/8/2022 17:39,S,S08082022173927,gLuyJ85Lwe,23895,SGD,Air,,Exempted,0,23895,
3595f5a0,a6929d87,10/8/2022 9:41,S,S08102022094130,3E98Omn83X,342852.56,SGD,Air,,Exempted,0,342852.56,
2eee2bc0,a4decfdf,10/8/2022 9:59,BB,BB08102022095955,8X5EJG61Hk,1043.91,SGD,Air,,Exempted,0,1043.91,
27bec2da_R,d4189978,18/8/2022 10:09,AB,AB08102022100943 Ming yang,,13220.87,SGD,Air,,Exempted,0,13220.87,
45bf1375_R,1f6et5pP1O,10/8/2022 10:26,S,S08102022102658SJ,,29056.76,SGD,Sea,,Exempted,0,29056.76,
aac4dbe3,D6O4LUfz2f,10/8/2022 10:32,S,S08102022103229,8X5EJG61Hk,221.16,SGD,Air,,Exempted,0,221.16,"dc7b4e85, 98a94226"
58142148,1f6et5pP1O,10/8/2022 11:06,S,S08102022102658,8X5EJG61Hk,29056.76,SGD,Sea,,Exempted,0,29056.76,
383a93c0,46d97ba4,10/8/2022 11:33,T,T08102022113535,3E98Omn83X,378.52,SGD,Air,,Exempted,0,378.52,
523b3d3b,9or4RfVO6l,10/8/2022 12:58,B,B08102022125905,8X5EJG61Hk,2720.64,SGD,Sea,,Exempted,0,2720.64,9b7bde6e
70a19783,9Db6HRRP8a,10/8/2022 16:31,B,B08102022163139,3E98Omn83X,45836.79,SGD,Air,,Exempted,0,45836.79,
31108095,58ea2d28,10/8/2022 16:18,S,S08102022162930,8X5EJG61Hk,489.37,SGD,Air,,Exempted,0,489.37,
d52f89fc,f63e6d5a,11/8/2022 9:06,B,B08112022090709,8X5EJG61Hk,876.94,SGD,Air,,Exempted,0,876.94,"a0ba2227, 23a68a52, fbd8e99a, f0a6f9d0"
be165c9f,a4122309,11/8/2022 16:32,B,B08112022164021,00485f01,784.86,SGD,Air,,Exempted,0,784.86,"21b7aad1, abd2865a"
3d6c6031,06suB5p2mX,16/8/2022 15:48,S,S08112022164310,3E98Omn83X,1464.97,SGD,Air,,Exempted,0,1464.97,"eae27e30, 8077a6cc"
f96878fd,f2680bfb,11/8/2022 16:51,B,B08112022165211,8X5EJG61Hk,5652.7,SGD,Air,,Exempted,0,5652.7,1be38f93
52564f46,XpP0Bn0s55,12/8/2022 15:39,S,S08122022154003,gLuyJ85Lwe,1623.6,SGD,Sea,,Exempted,0,1623.6,"cdc1928c, b2683ad6, 938505d7"
e6193561,xw71fJ415b,12/8/2022 17:36,S,S08122022173642,3E98Omn83X,3589.35,USD,Sea,,Exempted,0,3589.35,
a1db0d92,a931a01c,12/8/2022 18:38,S,S08122022183841,db61a4fe,4543.73,SGD,Air,,Exempted,0,4543.73,
39f64192,2acb6945,15/8/2022 10:16,B,B08152022101651,3E98Omn83X,1756.3,SGD,Air,,Exempted,0,1756.3,
0f110e7c,f2680bfb,15/8/2022 10:19,AB,AB08152022102007,8X5EJG61Hk,2966.09,SGD,Air,,Exempted,0,2966.09,06cd100b
b4a6fdb9,a4122309,15/8/2022 10:44,B,B08152022104417,00485f01,678.59,SGD,Air,,0%,0,678.59,"e203647c, 9763fd02, 6a92def5"
9f618be6,XGk5tiMcrk,15/8/2022 10:49,T,T08152022105000,8X5EJG61Hk,630.87,SGD,Air,,Exempted,0,630.87,9863b89e
33ccbeec_R,dffe99c7,15/8/2022 11:35,B,B08152022113539,3E98Omn83X,3478.12,SGD,Air,,Exempted,0,3478.12,"f2b85350, 35a5d6b7, b2abf2b9"
ea6b42a1,7f6eb86e,15/8/2022 14:37,BB,Shopify 1046,,382.84,SGD,Air,,Exempted,0,382.84,1ea08e46
65dafec8,hnzo75eojx,15/8/2022 16:18,S,S08152022161819,3E98Omn83X,412,SGD,Air,,Exempted,0,412,"7f8dbf92, a430fb1e"
f1aa063b,ItssapCSik,15/8/2022 16:22,B,B08152022162233,3E98Omn83X,1098.26,SGD,Air,,7%,76.88,1175.14,34f4582b
de83d774,fEXeW6R1J3,15/8/2022 21:35,B,B08152022213542,8X5EJG61Hk,565.11,SGD,Air,,Exempted,0,565.11,ce28d2ba
2a69697c,hL800efJnq,15/8/2022 21:44,B,B08152022214415,8X5EJG61Hk,687.48,SGD,Air,,Exempted,0,687.48,4957f190
c3926c70,660014bd,16/8/2022 10:31,AB,AB08162022103240,8X5EJG61Hk,2613,SGD,Air,,Exempted,0,2613,"f890d26c, 34dde79b, ea88b82c, ed1b824d"
7f5c4ef8,56c899fa,16/8/2022 12:54,BB,Shopify 1047,,507.78,SGD,Air,,Exempted,0,507.78,bf30b217
48ad182e,06suB5p2mX,16/8/2022 16:04,S,S08162022160443,3E98Omn83X,336,SGD,Air,,Exempted,0,336,
e2e6bed7,g084484ZO9,16/8/2022 16:26,B,B08162022162707,8X5EJG61Hk,8776.86,SGD,Air,,Exempted,0,8776.86,
58f29aeb,d525f3ce,16/8/2022 16:29,B,B08162022162933,8X5EJG61Hk,6559.88,USD,Air,,Exempted,0,6559.88,e2c98c61
fcc264b8,682cc7ac,16/8/2022 16:46,S,S08162022164927,db61a4fe,213.52,SGD,Air,,Exempted,0,213.52,
0d481196,ryl1bKOpPO,16/8/2022 17:11,B,B08162022171133,3E98Omn83X,920.53,SGD,Air,,Exempted,0,920.53,"3a87d13d, 62cd98d7"
e6b14339,pSZQShz4f5,16/8/2022 17:54,S,S08162022175420,,56,SGD,Air,,Exempted,0,56,
8d9a56e0,IEGO2KU1a7,16/8/2022 18:27,S,S08162022182749,8X5EJG61Hk,2013.06,SGD,Air,,Exempted,0,2013.06,1b43c43e
c124edf6,69dc9b2b,16/8/2022 18:49,S,S08162022185039,00485f01,3311,SGD,Air,,Exempted,0,3311,
3609df48,XpP0Bn0s55,16/8/2022 19:46,S,S08162022194651,,71,SGD,Air,,Exempted,0,71,071ad6e0
dcbf5c19_R,Ss1dWMP4hX,17/8/2022 12:47,S,S08172022124734,,914.8,SGD,Air,,Exempted,0,914.8,919a8d8d
83afa8cb,94a67f85,17/8/2022 13:18,S,S08172022131825,8X5EJG61Hk,212,SGD,Air,,Exempted,0,212,f34ff78e
fce3a781_R,5bdH431NVo,17/8/2022 15:10,B,B08172022151037,8X5EJG61Hk,3268,SGD,Air,,Exempted,0,3268,ced59320
3fd4ad9d,355f4de2,24/8/2022 10:04,S,S08172022163557,3E98Omn83X,244.69,SGD,Air,,Exempted,0,244.69,
a1db0d92_R,5437394b,17/8/2022 17:26,AS,AS08172022172600,db61a4fe,4706,SGD,Air,,Exempted,0,4706,993e5f27
0aa7f99c,2710db20,1/9/2022 8:07,S,S08172022200759,8X5EJG61Hk,422,SGD,Air,,Exempted,0,422,"bc72595e , 65986b20 , ddae6ba6 , 601e74b4"
27671765_R,GHbrZ9WLG3,13/9/2022 22:52,BB,S08172022225211,8X5EJG61Hk,4500.12,SGD,Air,,Exempted,0,4500.12,d4293a21
b5d227e8,4f18u3537C,18/8/2022 10:24,S,S08182022102449,3E98Omn83X,226.8,SGD,Air,,Exempted,0,226.8,f982645b
7687370b,Z3UDr9nQA8,18/8/2022 10:26,S,S08182022102701,3E98Omn83X,548.3,SGD,Air,,Exempted,0,548.3,"ab9e2e91, 54e15de9"
872cf9f8,naic6d0imR,18/8/2022 10:38,T,T08182022103839,3E98Omn83X,2636.14,SGD,Air,,Exempted,0,2636.14,23f1aeff
2c24645e,d759282e,18/8/2022 10:50,B,B08182022105045,8X5EJG61Hk,965.51,USD,Air,,Exempted,0,965.51,950917b6
8f0b9807,30b11630,18/8/2022 13:00,AB,AB08182022130120,8X5EJG61Hk,315.25,SGD,Air,,Exempted,0,315.25,dab139d3
31e5e6f5,e50ead61,18/8/2022 13:48,B,B08182022134905,db61a4fe,5978,SGD,Air,,Exempted,0,5978,
1b4d6c93,3PMyW67W67,18/8/2022 16:40,S,S08182022164103,3E98Omn83X,290.51,SGD,Air,,Exempted,0,290.51,
3c7878e9,Sjd5ocDqmp,12/9/2022 13:55,S,S08182022174609,3E98Omn83X,1761.27,SGD,Air,,7%,123.29,1884.56,00254d12
334b9d34,58ea2d28,18/8/2022 19:22,S,S08182022192211,8X5EJG61Hk,57257.56,SGD,Air,,Exempted,0,57257.56,
f869b386,07acaa1f,19/8/2022 10:15,BB,BB08192022101537,,1813.09,SGD,Air,,Exempted,0,1813.09,6cd97517
e89cb5e4,GHbrZ9WLG3,19/8/2022 14:15,B,B08192022141524,,1005.45,SGD,Sea,,Exempted,0,1005.45,8cb3f81b
ed677155,506af81b,19/8/2022 14:51,S,S08192022145157,8X5EJG61Hk,260.24,SGD,Air,,Exempted,0,260.24,"e009e08a, e4e703c2"
75a03446,3PMyW67W67,27/9/2022 12:03,S,S08192022155958,3E98Omn83X,2714.4,SGD,Sea,,7%,190.01,2904.41,"cd4a177d, c76a7b05"
c791a2b0,bfdf28bf,19/8/2022 19:30,B,B08192022193229,8X5EJG61Hk,1633.88,USD,Air,,Exempted,0,1633.88,f66d007f
81f9370e,bcd08322,22/8/2022 10:03,AB,AB08222022100319,8X5EJG61Hk,726.92,SGD,Air,,Exempted,0,726.92,"f3f8ad26, 91792b20, 0818991e"
cfddc9e2,06df1afd,22/8/2022 10:03,B,B08222022100400,3E98Omn83X,1288.98,SGD,Air,,Exempted,0,1288.98,"c08d9714, 8530482f"
806a902e,3PMyW67W67,25/8/2022 9:19,S,S08222022111135,3E98Omn83X,299.65,SGD,Sea,,Exempted,0,299.65,
3069f48c,a5580ba7,22/8/2022 13:12,S,S08222022131220,3E98Omn83X,2050.4,SGD,Air,,Exempted,0,2050.4,
5a371a5e,WL91eH602H,22/8/2022 13:31,S,S08222022133206,3E98Omn83X,296.05,SGD,Air,,Exempted,0,296.05,
3295ab82,ssprtMI8wN,23/8/2022 10:41,B,B08232022104126,8X5EJG61Hk,1008.1,SGD,Sea,,0%,0,1008.1,
961ef201,69dc9b2b,23/8/2022 14:52,S,S08232022145225,00485f01,1387.2,SGD,Air,,0%,0,1387.2,1424c106
686962d2,OCyg84BDvJ,23/8/2022 15:50,B,B08232022155035,db61a4fe,303.16,SGD,Air,,0%,0,303.16,"91d9415e, 6cab8fd8"
fe3c7660,ItssapCSik,24/8/2022 11:23,B,B08242022112626,3E98Omn83X,5771.24,SGD,Air,,0%,0,5771.24,4970c75f
ccfcd1bd,cac7a1a4,24/8/2022 12:30,BB,Shopify 1049,,888.23,SGD,Air,,Exempted,0,888.23,
d5e031e4,682cc7ac,24/8/2022 12:40,T,T08242022124030,db61a4fe,1140.36,SGD,Air,,0%,0,1140.36,
37123441,688399cf,24/8/2022 16:20,S,S08242022162100,00485f01,5950.85,SGD,Air,,0%,0,5950.85,
3b4fe3b4,688399cf,24/8/2022 17:15,B,S08242022171546,00485f01,6446.73,SGD,Air,,0%,0,6446.73,
9bd7b05c,KDPNJN51Yk,24/8/2022 19:31,B,B08242022193139,8X5EJG61Hk,873.8,SGD,Air,,Exempted,0,873.8,2c2fcc93
5b4a6ef3,e6666cbb,24/8/2022 20:37,B,B08242022203750,8X5EJG61Hk,0,SGD,Air,,Exempted,0,0,
da5bd3d3,YRDfn5Wf9O,24/8/2022 21:23,B,B08242022212315,8X5EJG61Hk,1310.05,SGD,Air,,Exempted,0,1310.05,6986da54
033c13c2,Tb6MBkP8o7,12/9/2022 17:39,S,S08252022094316,3E98Omn83X,183.7,SGD,Air,,7%,12.86,196.56,"a5d4e450, a882ab3b"
73069adf,hnzo75eojx,25/8/2022 9:48,T,T08252022094903,3E98Omn83X,1354.3,SGD,Air,,0%,0,1354.3,"9e3db72b, 6cb10fa4, bae02298"
2386b27c,2acb6945,25/8/2022 11:30,B,B08252022113009,3E98Omn83X,3873.52,SGD,Air,,0%,0,3873.52,"c70ae8f4, 3796da98"
d505ade2,db4d995a,25/8/2022 13:42,S,S08252022142430,8X5EJG61Hk,1800.35,SGD,Air,,Exempted,0,1800.35,d460b74d
b8c74a18,db4d995a,25/8/2022 15:03,S,S08252022150320,8X5EJG61Hk,25516.52,SGD,Air,,Exempted,0,25516.52,
,,,,,,,,,,,,,
4b454a96,ba0aff8d,25/8/2022 16:14,S,S08252022161821,3E98Omn83X,2424.92,SGD,Air,,0%,0,2424.92,
475363a1,8Nzo71FGPE,26/8/2022 10:39,T,T08262022103954,3E98Omn83X,3220.92,SGD,Air,,Exempted,0,3220.92,64efeb85
55d759f0,f63e6d5a,26/8/2022 11:17,B,B08262022111708,8X5EJG61Hk,650.59,SGD,Air,,Exempted,0,650.59,
022c4a05,fEXeW6R1J3,26/8/2022 14:20,B,B08262022142021,8X5EJG61Hk,0,SGD,Air,,Exempted,0,0,
3599fd49,VLSxI59801,26/8/2022 14:51,S,S08262022145220,3E98Omn83X,1182.78,SGD,Air,,0%,0,1182.78,
7368c717,1292f213,26/8/2022 15:03,S,S08262022150333,3E98Omn83X,197.49,SGD,Air,,Exempted,0,197.49,
eeea7dd2,488t9A161y,17/10/2022 17:42,S,S08262022150838,3E98Omn83X,3026.57,SGD,Air,,7%,211.86,3238.43,814936be
8b7d8989,1QjSD5K2L8,26/8/2022 15:51,B,B08262022162055,3E98Omn83X,323.57,SGD,Air,,0%,0,323.57,"ce4e48cd, 0bfe5e02"
59b43f8b,1b394916,19/9/2022 16:32,S,S08262022163243,8X5EJG61Hk,1206.55,SGD,Sea,,7%,84.46,1291.01,
5182c3f1,1b394916,26/8/2022 16:36,S,S08262022163627,8X5EJG61Hk,780.71,SGD,Sea,,Exempted,0,780.71,
22f7cde9,a931a01c,26/8/2022 19:47,S,S08262022194720,db61a4fe,4131.15,SGD,Air,,Exempted,0,4131.15,a31c19f6
7241d3cc,ggx24SP0Ql,26/8/2022 20:31,S,S08262022203145,8X5EJG61Hk,1435.01,SGD,Sea,,Exempted,0,1435.01,
1ee28760,fEXeW6R1J3,28/8/2022 21:47,B,B08282022214757,8X5EJG61Hk,431.39,SGD,Air,,Exempted,0,431.39,"4b1c7ba3, 3ab6cd4e, e6bf5e1a"
31cdd497,39N5vR34gp,28/8/2022 22:10,B,B08282022221104,8X5EJG61Hk,1105.52,SGD,Air,,Exempted,0,1105.52,"1f37e440, 9e8c7431"
0f8f7960,UzdUJe146M,29/8/2022 15:22,AB,AB08292022152233,8X5EJG61Hk,541.96,SGD,Air,,Exempted,0,541.96,b54f75d7
d40aa5c4,dc701372,29/8/2022 15:44,B,B08292022154527,,0,SGD,Air,,Exempted,0,0,
155b6b1e,dc701372,29/8/2022 16:32,BB,BB08292022163301,,0,SGD,Sea,,Exempted,0,0,
36d0aebc_R,W1xrXd4C1W,29/8/2022 16:34,B,B08292022163450,gLuyJ85Lwe,9975,SGD,Air,,Exempted,0,9975,f53104b6
36d0aebc_R_R,84ee7391,29/8/2022 16:48,AB,AB08292022164843,,10501,SGD,Air,,Exempted,0,10501,bcc278d5
,,,,,,,,,,,,,
5443a051,b911b807,30/8/2022 13:39,B,B08302022133936,3E98Omn83X,764.27,SGD,Air,,0%,0,764.27,"4a503506, 8ae6a195"
af6281e5,5fiS378Rr1,30/8/2022 13:52,AB,AB08302022135315,3E98Omn83X,4064.62,SGD,Air,,0%,0,4064.62,dc84dd51
4276c2e8,06df1afd,30/8/2022 16:46,B,B08302022164636,,0,SGD,Air,,Exempted,0,0,
e8954c8f,D6O4LUfz2f,30/8/2022 18:00,S,S08302022180059,8X5EJG61Hk,5971.15,SGD,Air,,Exempted,0,5971.15,"28401c80, 2a7c9140"
2f1c06f1,07acaa1f,30/8/2022 18:52,BB,BB08302022185221,,2235.3,SGD,Air,,Exempted,0,2235.3,32610ac3
,,,,,,,,,,,,,
1c0943bb,33eff098,10/10/2022 13:56,S,S08312022094853,3E98Omn83X,265.77,SGD,Air,,7%,18.6,284.37,5baa5040
59b89f66,jCh0R09xTJ,31/8/2022 11:21,S,S08312022112146,8X5EJG61Hk,511.3,SGD,Air,,Exempted,0,511.3,5b081bf0
49b5dd76,c4c492a5,31/8/2022 15:44,B,B08312022154422,8X5EJG61Hk,356.5,SGD,Air,,Exempted,0,356.5,25162685
f8639056,39N5vR34gp,31/8/2022 16:17,B,B08312022161803,8X5EJG61Hk,243.44,SGD,Air,,7%,17.04,260.48,8a4edecd
9f53ed6e,2630b50e,8/9/2022 16:47,T,T08312022164808,8X5EJG61Hk,1126.74,SGD,Air,,7%,78.87,1205.61,4d9ee15c
,,,,,,,,,,,,,
0852f9a4,xw71fJ415b,1/9/2022 10:36,S,S09012022103648,3E98Omn83X,3318.8,USD,Sea,,0%,0,3318.8,
833e7ff9,660014bd,1/9/2022 10:51,B,B09012022105143,8X5EJG61Hk,4745.92,SGD,Air,,0%,0,4745.92,"6b8e5483, a0f9eee7, ea49de23, bdaf2023, a51cacf6, c8e8417f, be97aaee, 77fc3601, 40427e4c"
70bbcbe3,655074b6,1/9/2022 11:11,B,B09012022111621,8X5EJG61Hk,2747.21,SGD,Air,,Exempted,0,2747.21,00325cbf
5bee2bc5_R,6462402c,1/9/2022 14:11,B,B09012022141111,00485f01,260.24,SGD,Air,,Exempted,0,260.24,bcb3e2fd
fa9bc3a6,6460ff92,1/9/2022 14:59,B,B08052022112556SJ,3E98Omn83X,0,SGD,Air,,Exempted,0,0,
471e365c,GHbrZ9WLG3,1/9/2022 15:29,B,B08082022091117SJ,8X5EJG61Hk,0,SGD,Air,,Exempted,0,0,
,,,,,,,,,,,,,
aea370b4,be19c1e3,1/9/2022 19:24,B,B09012022192538,8X5EJG61Hk,411.75,SGD,Air,,Exempted,0,411.75,456ac625
B02282022103451_Dup1_R_R,6n9h7u47e8,1/9/2022 20:24,B,B09012022202423,,23557,SGD,Air,,Exempted,0,23557,17db4dc4
d2316e6e,9b1b0d60,2/9/2022 10:40,S,S09022022104051,00485f01,695.5,SGD,Air,,0%,0,695.5,922e94ae
ed0543ff,75794c21,2/9/2022 18:24,S,S09022022182541,3E98Omn83X,1009.56,SGD,Air,,Exempted,0,1009.56,
c7b5f1e4,3d2c0780,3/9/2022 10:16,B,B09032022101704,8X5EJG61Hk,477.61,SGD,Air,,0%,0,477.61,f06c428c
62356467,b0029bc0,3/9/2022 17:31,B,B09032022173157,8X5EJG61Hk,627.78,SGD,Air,,Exempted,0,627.78,"56a47bc9, 94acee67"
fc92eb96,d759282e,3/9/2022 17:43,B,B09032022174339,8X5EJG61Hk,696.2,USD,Air,,Exempted,0,696.2,447900b8
ebfd93ca,1d25e972,5/9/2022 7:30,BB,BB09052022073030,,252.69,SGD,Air,,Exempted,0,252.69,
816f5ee7,a954a4d6,5/9/2022 8:29,B,B09052022082934,3E98Omn83X,224.7,SGD,Air,,0%,0,224.7,
01b1c695,Hn0UKWO403,5/9/2022 8:52,B,B09052022085254,00485f01,1136.92,SGD,Air,,0%,0,1136.92,f9840afe
b2c3dd71,27f8114b,5/9/2022 10:14,S,S09052022101447,3E98Omn83X,939.18,SGD,Air,,0%,0,939.18,
872330c3,MSl6Hz8vy2,5/9/2022 10:18,T,T09052022101858,3E98Omn83X,0,SGD,Air,,0%,0,0,
7386acc3_R,e99f4d98,23/9/2022 11:28,AB,AB09052022112856,db61a4fe,1094.43,SGD,Air,,Exempted,0,1094.43,"2a22b64a , 0529d657 , 672553d6 , 52c1a0e7"
98c41dca,79hR9tOBwB,7/11/2022 11:42,S,S09052022114245,00485f01,5441.32,SGD,Sea,,7%,380.89,5822.21,cda29de4
e867e2d7,ea77b8d3,5/9/2022 12:42,B,B09052022124458,db61a4fe,213.92,SGD,Air,,0%,0,213.92,51e4414d
49067cc3,e888eb32,5/9/2022 15:00,S,S09052022150021,8X5EJG61Hk,669.4,SGD,Air,,Exempted,0,669.4,8b510f98
9e387ac2,g084484ZO9,5/9/2022 15:21,B,B09052022152125,8X5EJG61Hk,4956.24,USD,Air,,Exempted,0,4956.24,
4f85db51,hnzo75eojx,27/9/2022 15:15,S,S09062022103351,3E98Omn83X,3197.95,SGD,Sea,,7%,223.86,3421.81,4158c059
7c7ac2ac,e8a4483c,6/9/2022 10:59,S,S09062022110034,3E98Omn83X,3389.99,SGD,Air,,0%,0,3389.99,
b23582ff,6c861cda,7/9/2022 8:18,B,B09062022121933,8X5EJG61Hk,472.28,SGD,Air,,0%,0,472.28,f54437ea
3810bc6e,ddbf0290,12/9/2022 12:16,AB,AB09062022121620,8X5EJG61Hk,2846.84,SGD,Air,,7%,199.28,3046.12,6ddc9319
ef17a79c,327b00e2,6/9/2022 12:37,B,B09062022124004,db61a4fe,5796.67,SGD,Air,,7%,405.77,6202.44,
19M56Q80J5_R,UJG8xJS6C8,6/9/2022 13:25,S,S09062022132531,,210,SGD,Air,,0%,0,210,b778caa5
65a134ac,o06kxP3I99,6/9/2022 14:47,B,B09062022144712,3E98Omn83X,666.36,SGD,Air,,0%,0,666.36,"fb50ae4d, 9e5e5050"
0d66d026,dc701372,6/9/2022 16:49,B,B09062022164951,,0,SGD,Air,,Exempted,0,0,
95f0b0a9,660014bd,6/9/2022 17:12,B,B09012022105143SJ,8X5EJG61Hk,0,SGD,Air,,Exempted,0,0,
920112d5,1292f213,7/9/2022 10:10,B,B09072022101026,3E98Omn83X,5685.15,SGD,Air,,0%,0,5685.15,
57ace81b,N6QXxBprMz,9/9/2022 10:38,S,S09072022103835,8X5EJG61Hk,772.14,SGD,Air,,7%,54.05,826.19,259b1976
11068dc7,660014bd,7/9/2022 13:16,B,B09072022131655,8X5EJG61Hk,260.97,SGD,Air,,Exempted,0,260.97,113d9b5a
3609df48_R,XpP0Bn0s55,7/9/2022 13:29,S,S09072022132922,,142,SGD,Air,,Exempted,0,142,379dbd8f
79dd7a0d,yyHQqSoc3i,7/9/2022 14:41,S,S09072022144258,8X5EJG61Hk,1360.5,SGD,Air,,Exempted,0,1360.5,
ac200498,g084484ZO9,7/9/2022 14:49,B,B09072022144931,8X5EJG61Hk,98.45,SGD,Air,,Exempted,0,98.45,
1fef5c22,ItssapCSik,7/9/2022 15:38,B,B09072022153833SJ,3E98Omn83X,4120.38,SGD,Air,,Exempted,0,4120.38,
d06d8b6e,dTc7gT1Sof,7/9/2022 15:59,B,B09072022155946,3E98Omn83X,627.29,SGD,Air,,7%,43.91,671.2,170fd251
6b511d9e,a293033e,8/9/2022 11:32,T,T09082022113347,3E98Omn83X,1506.24,SGD,Air,,0%,0,1506.24,"1ee0e7a0, e800893a"
c5ce1b73,5fiS378Rr1,8/9/2022 13:37,AB,AB09082022133845,3E98Omn83X,823.93,SGD,Air,,0%,0,823.93,127c823d
a7e844a9,5fiS378Rr1,8/9/2022 13:53,BB,BB22090801,3E98Omn83X,4987.47,SGD,Air,,0%,0,4987.47,9c93ea3b
78f1027d,3067d00e,26/10/2022 14:47,B,B09082022144741,8X5EJG61Hk,128.6,SGD,Air,,7%,9,137.6,17fb94f5
rGV3hNVOn6_R,XpP0Bn0s55,8/9/2022 14:56,S,S09082022145657,,116,SGD,Air,,0%,0,116,26cf9860
5b34a221,D5Fk7289x1,8/9/2022 15:06,B,B09082022150652,db61a4fe,422.2,SGD,Air,,7%,29.55,451.75,ccf427d5
254983c6,g084484ZO9,8/9/2022 15:37,B,B09082022153753,8X5EJG61Hk,4860.07,SGD,Air,,7%,340.2,5200.27,7e7d3144
6c1c6fe4,06suB5p2mX,8/9/2022 15:58,B,S07282022125147SJ,,4.27,SGD,Air,,0%,0,4.27,
4f85db51_R,hnzo75eojx,8/9/2022 16:49,AS,AS22090802,3E98Omn83X,1818.7,SGD,Air,,0%,0,1818.7,7db27280
4f85db51_R_R,hnzo75eojx,8/9/2022 16:50,AS,AS22090803,3E98Omn83X,357.44,SGD,Air,,0%,0,357.44,"2a1c7203, 301a8a66"
72f7acfa,06suB5p2mX,8/9/2022 16:55,B,B09082022165604,3E98Omn83X,3287.08,SGD,Air,,0%,0,3287.08,"434bd88d, 0a499816, 5782368e"
fabca677,16a45456,9/9/2022 13:18,BB,Shopify 1050,,509.37,SGD,Air,,Exempted,0,509.37,f39acb87
0a356469,847ad8ff,9/9/2022 13:25,BB,Shopify 1051,,711.2,SGD,Air,,Exempted,0,711.2,41723a8f
,,,,,,,,,,,,,
6dabff8e,8rX3c9V1OO,9/9/2022 15:53,B,B09092022155413,db61a4fe,2470.55,SGD,Air,,7%,172.94,2643.49,0ed92aee
7dbaa0e5,f63e6d5a,9/9/2022 16:12,B,B09092022161221,8X5EJG61Hk,2203.96,SGD,Air,,7%,154.28,2358.24,"39c903d4, 4af717e5"
,,,,,,,,,,,,,
da213a76,58ea2d28,9/9/2022 16:58,S,S09092022165838,8X5EJG61Hk,8907,SGD,Air,,7%,623.49,9530.49,e3a0c32d
332484c4,58ea2d28,9/9/2022 16:56,S,S09092022165702,8X5EJG61Hk,151233.78,SGD,Sea,,7%,0,151233.78,e67dbf3f
ad1bc51e,06df1afd,9/9/2022 17:18,B,B09092022171907,3E98Omn83X,886.92,SGD,Air,,7%,62.08,949,
119d376a,58ea2d28,12/9/2022 10:04,B,B09122022100509,gLuyJ85Lwe,134400,SGD,Air,,7%,0,134400,"32204d28 , 11b0bff8 , a7b14bf7 , efddaa1a , 91039c83"
ee2d209e,488t9A161y,12/9/2022 10:48,B,B09122022104855,3E98Omn83X,1147.09,SGD,Air,,7%,80.3,1227.39,"eedc4b22, fe9a4b73, fd5d79ec, 8661588a"
a0c2ee17,ryl1bKOpPO,12/9/2022 11:27,S,S09122022112716,3E98Omn83X,989.31,SGD,Sea,,7%,69.25,1058.56,031de80b
5e7322fd,8Nzo71FGPE,12/9/2022 14:02,T,T09122022140308,3E98Omn83X,3551.12,SGD,Air,,7%,248.58,3799.7,09e155cd
8616616b,06fa670b,12/9/2022 14:17,B,B09122022141714,8X5EJG61Hk,3842.1,SGD,Sea,,7%,268.95,4111.05,bed23aa7
6dabff8e_R,Pox366MK2r,12/9/2022 14:59,AB,AB09122022145956,,3449.45,SGD,Air,,Exempted,0,3449.45,bff32ac8
65401354,477b73a0,12/9/2022 19:41,B,B09122022194117,00485f01,1127.99,SGD,Air,,7%,78.96,1206.95,
1015266c,4dbf6714,13/9/2022 10:02,BB,BB09132022100245,,2598.13,SGD,Air,,Exempted,0,2598.13,
b87197e1,2ii3577q55,13/9/2022 10:09,T,T09132022101010,8X5EJG61Hk,341.34,SGD,Air,,7%,23.89,365.23,0d46290d
161b1070_R,5437394b,13/9/2022 10:38,AS,AS09132022103854,db61a4fe,4550.14,SGD,Air,,Exempted,0,4550.14,284410f0
98c41dca_R,79hR9tOBwB,1/1/2023 11:52,S,S01012023115225,8X5EJG61Hk,11401.32,SGD,Sea,,8%,912.11,12313.43,
,,,,,,,,,,,,,
aff8129e,e99f4d98,13/9/2022 16:51,AB,AB09132022165144,db61a4fe,2030.76,SGD,Air,,Exempted,0,2030.76,
1e1c0823,5fiS378Rr1,13/9/2022 17:03,BB,BB22090801SJ,3E98Omn83X,4110.77,SGD,Air,,Exempted,0,4110.77,
736b005c,xw71fJ415b,13/9/2022 17:29,S,S09132022172939,3E98Omn83X,4249,USD,Air,,0%,0,4249,2bfd84ad
6a1c8bd3,L9sXyUZtXD,14/9/2022 10:00,B,B09142022100101,8X5EJG61Hk,904.76,SGD,Air,,7%,63.33,968.09,
5d845ea5,31h6x6N35A,30/9/2022 11:03,B,B09142022110406,8X5EJG61Hk,1300.99,SGD,Air,,7%,91.07,1392.06,"af06b121, 2ff2c987"
B02282022103451_Dup1_R_R_R,6n9h7u47e8,14/9/2022 12:27,B,B09142022122721,,26826.26,SGD,Air,,Exempted,0,26826.26,fe397894
6d1f59af,KDPNJN51Yk,14/9/2022 12:50,B,B09142022125036,8X5EJG61Hk,608.36,SGD,Air,,7%,42.59,650.95,"7660ca16, 66b0cd06"
a26df86c,hL800efJnq,16/9/2022 14:10,B,B09142022141025,8X5EJG61Hk,962.05,SGD,Air,,7%,67.34,1029.39,"8402ac93, 958db7f7, df672aae, d36d5819, c54c4c45"
74e2bd60,39N5vR34gp,14/9/2022 14:42,B,B09142022144243,8X5EJG61Hk,947.07,SGD,Air,,7%,66.29,1013.36,"37a4dfc4 , 165ecfef , a5a536e9 , bfb683d4 , d731beb5"
4991513d,dc701372,14/9/2022 15:03,B,B09142022150335,,43.39,SGD,Air,,Exempted,0,43.39,
29c0b869,1292f213,14/9/2022 15:40,B,B09142022154038,3E98Omn83X,225.58,SGD,Sea,,7%,15.79,241.37,
24723c14,a954a4d6,30/9/2022 9:49,S,S09142022154343,3E98Omn83X,301.89,SGD,Air,,7%,21.13,323.02,5d731916
85689b15,y0YEf0WNtI,14/9/2022 16:20,S,S09142022162048,3E98Omn83X,272.29,SGD,Air,,7%,19.06,291.35,cd07f670
a77c0e35,06suB5p2mX,15/9/2022 12:40,S,S09152022124019,3E98Omn83X,265.3,SGD,Air,,7%,18.57,283.87,
7c09cba1,2cc181d6,15/9/2022 16:23,S,S09152022162548,3E98Omn83X,560,SGD,Air,,7%,39.2,599.2,66eeb3e4
addbb04d,95MdB74Cu1,16/9/2022 10:21,B,B09162022102207,db61a4fe,1067.78,SGD,Air,,7%,74.74,1142.52,
,,,,,,,,,,,,,
d72bf854,N6QXxBprMz,16/9/2022 11:23,S,S09162022112341,8X5EJG61Hk,381.1,SGD,Air,,7%,26.68,407.78,eadc91ca
9faee300,39N5vR34gp,16/9/2022 13:44,B,B09162022134458,8X5EJG61Hk,2452.32,SGD,Air,,7%,171.66,2623.98,
85e5585e,f63e6d5a,16/9/2022 14:07,B,B09162022140737,8X5EJG61Hk,3684.54,SGD,Air,,7%,257.92,3942.46,"a0a7a072, f19fe0af, 0bf9a0b2, 28dbb7f0, 7cc2928f"
c1de38d6,ItssapCSik,16/9/2022 14:22,B,B09162022142302,3E98Omn83X,4190.07,SGD,Air,,7%,293.3,4483.37,847fac65
76760ca3,e6666cbb,16/9/2022 15:02,B,B09162022150225,8X5EJG61Hk,3395.56,SGD,Air,,7%,237.69,3633.25,3dd00818
B02282022100941_Dup1_R,W1xrXd4C1W,16/9/2022 15:09,B,B09162022150912,,51384,SGD,Air,,0%,0,51384,8616fcf6
15966aca,jpZSXU2A8V,22/9/2022 16:24,B,B09162022162425,8X5EJG61Hk,4198.49,SGD,Air,,7%,293.89,4492.38,"3b1d9708 , b3562697 , e7109b38 , ed69a2f2"
14a19cf6,Hn0UKWO403,16/9/2022 16:44,B,B09162022164426,8X5EJG61Hk,573.17,SGD,Air,,7%,40.12,613.29,
B02282022103451_Dup1_R_R_R_R,6n9h7u47e8,17/9/2022 10:35,B,B09172022103534,,6167.22,SGD,Air,,0%,0,6167.22,b8f35765
06203bd7,a6929d87,19/9/2022 8:34,S,S09192022083417,3E98Omn83X,581.07,SGD,Air,,7%,40.67,621.74,"b90a21d6, 931e6a04, 5773cf4d"
e33a6c54,4c243645,19/9/2022 12:05,B,B09192022120815,3E98Omn83X,456.42,SGD,Air,,7%,31.95,488.37,"43c5b26a, ee6d090c"
8f1d67b5,xw71fJ415b,19/9/2022 12:11,S,S09192022121126,3E98Omn83X,7070.94,USD,Sea,,0%,0,7070.94,
d339405d,1O7dR534Uy,19/9/2022 13:28,B,B09192022132841,db61a4fe,75.38,SGD,Air,,7%,5.28,80.66,
fa89084f,fvIH3Ur1DW,19/9/2022 13:29,B,B09192022132932,8X5EJG61Hk,4961.6,SGD,Air,,7%,347.31,5308.91,a32f4728
,,,,,,,,,,,,,
b296a38b,VCrR9IvzfA,19/9/2022 15:26,B,B09192022152840,8X5EJG61Hk,4517.46,SGD,Air,,7%,316.22,4833.68,"62e14c7f, b1869f52, 16a3c93d, f1782c14, 141950ff"
81424277,8qbgngVgJ0,19/9/2022 16:09,B,B09192022160954,3E98Omn83X,3629.76,SGD,Sea,,7%,254.08,3883.84,e956330e
c7c5b094,8qbgngVgJ0,19/9/2022 17:17,AB,AB09192022171737,3E98Omn83X,5567.4,SGD,Sea,,7%,389.72,5957.12,63dc0a97
8bcaea6f,6n9h7u47e8,19/9/2022 17:19,BB,BB09192022171956,,2319.76,SGD,Air,,7%,162.38,2482.14,
1b6eed4d,hL800efJnq,20/9/2022 10:16,B,B09202022101700,8X5EJG61Hk,111.64,SGD,Air,,7%,7.81,119.45,174c583b
405d6091,0301cc99,27/9/2022 12:41,B,B09202022124132,8X5EJG61Hk,4148.5,SGD,Air,,7%,290.4,4438.9,20fabe4c
5a803968,83d70898,27/9/2022 12:46,B,B09202022124623,8X5EJG61Hk,1747.93,SGD,Air,,7%,122.36,1870.29,bbd7cbfd
fa47faad,fc2e2fdc,27/9/2022 12:52,B,B09202022125302,8X5EJG61Hk,1747.93,SGD,Air,,7%,122.36,1870.29,87d41a9a
ec24f8cc,1a4befa3,20/9/2022 15:22,BB,BB09202022152259,,79866.02,SGD,Sea,,7%,5590.62,85456.64,
07c45f9d,fvIH3Ur1DW,20/9/2022 15:27,AB,AB09202022152717,8X5EJG61Hk,651.97,SGD,Air,,0%,0,651.97,
,,,,,,,,,,,,,
eb5819f2,GSdCKW3Z5w,30/11/2022 22:30,T,T09202022223056,8X5EJG61Hk,5965.2,SGD,Air,,7%,417.56,6382.76,
5a2fca7c,66923a95,21/9/2022 9:03,T,T09212022090417,3E98Omn83X,1043.9,SGD,Air,,7%,73.07,1116.97,
624e7d14,xw71fJ415b,21/9/2022 9:11,S,S09212022091151,3E98Omn83X,5843.84,USD,Air,,0%,0,5843.84,
fd719ff6,2ab2c37f,21/9/2022 10:00,B,B09212022100048,3E98Omn83X,436.69,SGD,Air,,7%,30.57,467.26,4fb04c4f
ba6c5114,821a84b5,21/9/2022 14:02,BB,Shopify 1053,,106.26,SGD,Air,,Exempted,0,106.26,3f917a7c
8c7e5fa5,90b44782,21/9/2022 15:54,S,S09212022155714,db61a4fe,4324.03,SGD,Air,,7%,302.68,4626.71,
aa31dcac,KDPNJN51Yk,21/9/2022 16:36,B,AB08072022202926SJ,8X5EJG61Hk,56.55,SGD,Air,,Exempted,0,56.55,
73f1b809,0fb4ecd6,21/9/2022 16:43,S,S09212022164841,db61a4fe,3739.58,SGD,Air,,7%,261.77,4001.35,
988e120a,ItssapCSik,21/9/2022 17:29,B,L07252022170424SJ,,0,SGD,Air,,7%,0,0,
c768b09f,bcd08322,22/9/2022 10:48,AB,AB09222022104837,8X5EJG61Hk,4775.09,SGD,Air,,0%,0,4775.09,"7f6637e4 , 2c10d747 , c8e0cb04 , fffc3a82 , 26a0d44b"
14d02768,FIc17Ck457,22/9/2022 11:45,S,B09222022114832,8X5EJG61Hk,4189.76,SGD,Air,,7%,293.28,4483.04,"0edb00fa , 8e2ce6ff , f7876a53 , b054151d , a15b6b27"
35f09a74,Z3UDr9nQA8,5/10/2022 11:58,S,S09222022140932,3E98Omn83X,1547,SGD,Sea,,7%,108.29,1655.29,"7623c64e , 6c3ee6cf , 2ded96b9 , 43091221"
c2d42d30,90b44782,2/12/2022 14:17,S,S09222022141727,00485f01,3902.99,SGD,Air,,7%,0,3902.99,
ccc88a03,1b394916,22/9/2022 14:44,S,S09222022144501,8X5EJG61Hk,4972.56,SGD,Air,,7%,348.08,5320.64,
870a6341,8Nzo71FGPE,22/9/2022 17:06,B,B09222022170704,3E98Omn83X,5856.81,SGD,Sea,,7%,409.98,6266.79,2175b880
a1c9a4d7,8Nzo71FGPE,25/11/2022 13:09,B,B09222022170921,3E98Omn83X,4697.52,SGD,Sea,,7%,328.83,5026.35,1d293a41
61c64486,8Nzo71FGPE,18/12/2022 14:40,AB,AB2022120101,3E98Omn83X,4117.58,SGD,Sea,,Exempted,0,4117.58,64ce9535
1ac16370,98589634,22/9/2022 17:20,B,B09222022172445,8X5EJG61Hk,241.8,SGD,Air,,7%,16.93,258.73,c5912ea5
27cf9751,D5Fk7289x1,22/9/2022 17:29,S,S09222022173008,db61a4fe,2038.07,SGD,Air,,7%,142.66,2180.73,"50afd93e, 3ba78e6c"
442cded4,5bdH431NVo,22/9/2022 18:08,B,B09222022180828,8X5EJG61Hk,4806,SGD,Air,,7%,336.42,5142.42,e1b3b50f
172ce724,c4c492a5,22/9/2022 19:21,B,B09222022192136,8X5EJG61Hk,840.5,SGD,Sea,,7%,58.84,899.34,c0ff9b6e
17bc7856,3PMyW67W67,23/9/2022 9:19,S,S09232022091914,3E98Omn83X,1734.19,SGD,Air,,7%,121.39,1855.58,"17447d7a, 20a01c27"
0051e27d,8Nzo71FGPE,16/11/2022 14:10,T,T09232022100357,3E98Omn83X,4442.17,SGD,Air,,7%,310.95,4753.12,824906d6
7c11f377,66t9Z8KvlZ,23/9/2022 11:54,B,B09232022115431,8X5EJG61Hk,5781.31,SGD,Air,,7%,404.69,6186,"7f907d7c, ed054652, aa1a7a9a, 6d50c02e, 35ba4a4c, 52313c27, bd3b8084"
c42901de,fc6762bb,23/9/2022 12:04,BB,Shopify 1054,,146.41,SGD,Air,,Exempted,0,146.41,503fd7c3
83dc780f,9b1b0d60,23/9/2022 14:03,B,S09022022104051SJ,00485f01,115.99,SGD,Air,,7%,8.12,124.11,
6b6bed76,D5Fk7289x1,23/9/2022 15:14,S,S09232022151505,db61a4fe,279.65,SGD,Air,,7%,19.58,299.23,c0fba712
5a643590,e99f4d98,23/9/2022 15:43,AB,AB09232022154317,db61a4fe,930.73,SGD,Air,,7%,65.15,995.88,
664eb307,14dcb37c,23/9/2022 15:45,B,B09232022154647,3E98Omn83X,590.64,SGD,Air,,7%,41.34,631.98,bbdf0a95
a376e5da,1b394916,28/9/2022 17:22,S,S09232022160321,3E98Omn83X,5998.24,SGD,Sea,,7%,419.88,6418.12,83c6bffc
ee3d741c,dc701372,23/9/2022 16:57,B,B09232022165730,,0,SGD,Sea,,Exempted,0,0,
22bb2f9b,90b44782,26/9/2022 10:04,S,S09232022180841,db61a4fe,835.11,SGD,Air,,7%,58.46,893.57,989f1198
f7f0880d,460ec52f,25/9/2022 9:17,BB,BB09252022091711,,276.23,SGD,Air,,7%,19.34,295.57,
e7476ef3,660014bd,26/9/2022 9:44,B,B09012022105143SJ,8X5EJG61Hk,0,SGD,Air,,7%,0,0,
90697f9c,D5Fk7289x1,26/9/2022 10:22,S,S09262022102256,db61a4fe,672.73,SGD,Air,,7%,47.09,719.82,
c4277922,2af389b6,20/10/2022 10:41,S,S09262022114017,3E98Omn83X,324.39,SGD,Air,,7%,22.71,347.1,"a1aba3bf, 280a3df5, 3da0d74c, 275cd3e2"
a4fae09d,WL91eH602H,26/9/2022 14:12,S,S09262022141230,3E98Omn83X,1083.06,SGD,Air,,7%,75.81,1158.87,"b97e8e69, 443870d2, 0073e6ee"
b2dcfadc,WL91eH602H,26/9/2022 14:55,B,S06292022173011SJ,3E98Omn83X,0,SGD,Air,,Exempted,0,0,
11238fb5,bfdf28bf,26/9/2022 15:48,B,B09262022154900,8X5EJG61Hk,1137.36,USD,Air,,0%,0,1137.36,
0fe76a0c,0V2xk11Hj4,26/9/2022 17:00,B,B09262022170023,00485f01,40322.02,SGD,Air,,7%,2822.54,43144.56,
f6fd9a6e,579c1c30,26/9/2022 17:22,B,B09262022172235,00485f01,201.87,SGD,Air,,7%,14.13,216,
0b7051b0,UzdUJe146M,5/10/2022 19:04,AB,AB09262022190630,8X5EJG61Hk,3222.99,SGD,Air,,7%,225.61,3448.6,"ebf015e3, d1935370, 0df5f048"
40116397,b0Aif96VUF,26/9/2022 19:22,S,S09262022192321,8X5EJG61Hk,762.2,SGD,Air,,7%,53.35,815.55,676381fc
be0bceb1,g084484ZO9,27/9/2022 14:46,AB,AB09272022144620,8X5EJG61Hk,4961,SGD,Air,,0%,0,4961,035a73c1
76cbe182,a931a01c,27/9/2022 15:35,S,S09272022153531,db61a4fe,2600.9,SGD,Air,,7%,182.06,2782.96,8c233107
c036ae81,660014bd,1/10/2022 16:48,B,B09272022164841,8X5EJG61Hk,1159.3,SGD,Air,,7%,81.15,1240.45,1ce8e33d
196d2ddd,5960fa38,27/9/2022 17:05,B,B09272022170550,00485f01,1660.22,SGD,Air,,7%,116.22,1776.44,"01f514aa , 9462082c"
26019601,D5Fk7289x1,27/9/2022 17:39,S,S09272022174120,db61a4fe,347.96,SGD,Air,,7%,24.36,372.32,8a46e65e
7a7473fd,07acaa1f,27/9/2022 18:12,BB,BB09272022181330,,1744.25,SGD,Air,,Exempted,0,1744.25,325e6b11
a2a2b803,bcd08322,11/10/2022 18:38,B,B09272022183901,8X5EJG61Hk,361.98,SGD,Air,,7%,25.34,387.32,"cd346989, f2d35904, 7b83ee28"
be50fcfb,7f8bcd20,27/9/2022 18:59,S,S09272022185917,8X5EJG61Hk,2779.89,SGD,Air,,7%,194.59,2974.48,
986068bf,7f8bcd20,27/9/2022 19:07,S,S09272022190824,8X5EJG61Hk,5744.37,SGD,Air,,7%,402.11,6146.48,
80951328,06fa670b,27/9/2022 19:32,B,B09272022193258,8X5EJG61Hk,413.65,SGD,Air,,7%,28.96,442.61,"3f262373 , 405db452"
5d6d9b51,06suB5p2mX,28/9/2022 9:43,S,S09282022094339,3E98Omn83X,1283.45,SGD,Air,,7%,89.84,1373.29,
e5a2a8be,bfdf28bf,28/9/2022 12:17,B,B09282022121721,8X5EJG61Hk,4066.48,USD,Sea,,0%,0,4066.48,
c941ae1f,Kmm2hp73qi,28/9/2022 13:16,S,S09282022131651,8X5EJG61Hk,304.15,SGD,Air,,7%,21.29,325.44,"1593c424, f4a4bb34"
177271fa,4fb4fe10,28/9/2022 18:28,T,T09282022182825,8X5EJG61Hk,35426.05,SGD,Air,,7%,2479.82,37905.87,
08322b3e,69dc9b2b,28/9/2022 18:35,T,T09282022183536,8X5EJG61Hk,278.34,SGD,Air,,7%,19.48,297.82,6572ec84
339f29ed,dffe99c7,29/9/2022 9:18,B,B09292022091832,3E98Omn83X,7844.94,SGD,Air,,7%,549.15,8394.09,
fd5e33a7,jjC9BO9046,5/10/2022 12:18,S,S09292022103900,3E98Omn83X,2030.17,SGD,Air,,7%,142.11,2172.28,
e15c431b,GMs8OdU4s1,29/9/2022 15:44,T,T09292022154451,8X5EJG61Hk,1272.6,SGD,Air,,7%,89.08,1361.68,
08f455ce,9or4RfVO6l,1/10/2022 16:07,B,B09292022160730,8X5EJG61Hk,858.5,SGD,Air,,7%,60.1,918.6,56dc3daa
e41a1618,58ea2d28,29/9/2022 16:21,B,B09292022162150,8X5EJG61Hk,5412.94,SGD,Air,,7%,378.91,5791.85,b9bc82ee
ceec774c,D5Fk7289x1,29/9/2022 16:36,S,S09292022163658,db61a4fe,1531.47,SGD,Air,,7%,107.2,1638.67,21619bcd
c5074b30,5fe968b5,29/9/2022 16:38,S,S09292022164056,3E98Omn83X,1471.5,SGD,Air,,7%,103.01,1574.51,
,,,,,,,,,,,,,
24723c14_R,a954a4d6,30/9/2022 9:47,B,B09302022094741,3E98Omn83X,168.18,SGD,Air,,7%,11.77,179.95,3f37dfd5
8f860613,3PvNP4W32c,30/9/2022 10:30,B,B09302022103117,8X5EJG61Hk,582.9,SGD,Air,,7%,40.8,623.7,"ed24fd64, 516a7a75"
ed8ac3cb,6AyX6y7B9p,30/9/2022 11:20,B,B09302022112029,8X5EJG61Hk,3639.12,SGD,Air,,7%,254.74,3893.86,
898f639b,f9341f2f,30/9/2022 17:13,S,S09302022171459,3E98Omn83X,144.77,SGD,Air,,7%,10.13,154.9,
8776f7ee,jpZSXU2A8V,3/10/2022 9:27,B,B10032022092747,8X5EJG61Hk,155.16,SGD,Air,,7%,10.86,166.02,
f162268f,Y2MYCQ56NK,3/10/2022 11:16,B,B10032022111703,3E98Omn83X,3566.63,SGD,Air,,7%,249.66,3816.29,
4154cb40,4dc64e53,3/10/2022 14:33,S,S10032022143420,3E98Omn83X,4974.28,SGD,Air,,7%,348.2,5322.48,
593f818d,hL800efJnq,3/10/2022 15:08,B,B10032022150816,8X5EJG61Hk,635.58,SGD,Air,,7%,44.49,680.07,"bd28c0c6, 3f74edcf, 42f11f71, d4c12878, 13b80224, 889b3d22, 7a4f2517"
bf1d42c2,8Nzo71FGPE,1/12/2022 14:09,T,T10032022152512,3E98Omn83X,8707,SGD,Air,,7%,0,8707,
005407ee,D5Fk7289x1,3/10/2022 15:42,S,S10032022154209,db61a4fe,201.43,SGD,Air,,7%,14.1,215.53,"fdce71ed, 1c32d01e"
cecde70f,OCyg84BDvJ,3/10/2022 17:38,B,B10032022173902,db61a4fe,1499.15,SGD,Air,,7%,104.94,1604.09,b9f9b5bf
a39ee0c2,373l7aeAL7,4/10/2022 10:52,B,B10042022105302,3E98Omn83X,667,SGD,Air,,7%,46.69,713.69,3fbcfaae
137a0c74,ryl1bKOpPO,4/10/2022 12:28,B,B10042022122845,3E98Omn83X,575.12,SGD,Air,,7%,40.26,615.38,
3becaa93,ryl1bKOpPO,4/10/2022 12:39,B,B10042022123947,3E98Omn83X,1282.07,SGD,Air,,7%,89.74,1371.81,d4e053a2
2a5c09d4,rAmb9tQZRc,4/10/2022 15:24,S,S10042022152451,8X5EJG61Hk,677.37,SGD,Air,,7%,47.42,724.79,10b448fa
64f7a682,3PMyW67W67,5/10/2022 9:47,S,S10052022094748,3E98Omn83X,953.17,SGD,Air,,7%,66.72,1019.89,
0f89f61b,N6QXxBprMz,5/10/2022 10:07,S,S10052022100739,8X5EJG61Hk,4059.58,SGD,Air,,7%,284.17,4343.75,
d0172d85,jjC9BO9046,5/10/2022 13:58,S,S10052022135906,3E98Omn83X,69.92,SGD,Air,,7%,4.89,74.81,9265b5ea
573d3efe,xEK6r63Cy3,5/10/2022 16:03,B,B10052022160336,3E98Omn83X,836.84,SGD,Air,,7%,58.58,895.42,
5bee2bc5_R_R,6462402c,5/10/2022 16:22,B,B09012022141111BF,00485f01,0,SGD,Air,,7%,0,0,
4a0573ae,a931a01c,6/10/2022 0:30,B,S08122022183841SJ,db61a4fe,0,SGD,Air,,0%,0,0,
7aac8147,14dcb37c,6/10/2022 14:23,S,S10062022142324,3E98Omn83X,154.22,SGD,Sea,,7%,10.8,165.02,
ee4978b5,6AyX6y7B9p,6/10/2022 14:37,S,S10062022143722,8X5EJG61Hk,1424.3,SGD,Air,,7%,99.7,1524,5eaffe9e
515322c5,N6QXxBprMz,6/10/2022 14:37,B,S1021091501SJ,gLuyJ85Lwe,0,SGD,Air,,0%,0,0,
0ad2315e,UzdUJe146M,6/10/2022 16:02,AB,AB10062022160244,8X5EJG61Hk,2100,SGD,Air,,0%,0,2100,6124f4da
f98ab532,4c243645,13/10/2022 10:52,S,S10062022173805,3E98Omn83X,1069.65,SGD,Air,,7%,74.88,1144.53,"684bfb27, 4844f3c2, ad636f54"
3daa9487,3f72f471,7/10/2022 10:48,B,B10072022104859,8X5EJG61Hk,1111.54,SGD,Air,,7%,77.81,1189.35,b6384d7c
486dd416,0V2xk11Hj4,7/10/2022 15:22,B,B10072022152234,00485f01,1752.29,SGD,Air,,7%,122.66,1874.95,"8122e2e5 , 4329e3da"
36bf073f,K92gCb2qYl,7/10/2022 18:25,B,B10072022182516,3E98Omn83X,556.45,SGD,Air,,7%,38.95,595.4,ade7c392
4e905d49,92aae798,10/10/2022 10:41,S,S10102022104250,3E98Omn83X,390,SGD,Air,,7%,27.3,417.3,5c4bccc3
f653379e,6fff588c,10/10/2022 10:49,BB,BB10102022104930,,314.75,SGD,Air,,7%,22.03,336.78,
f9f23d00,742d7987,10/10/2022 12:16,B,B10102022121654,3E98Omn83X,1475.2,SGD,Air,,7%,103.26,1578.46,
3e4fe1a9,06suB5p2mX,10/10/2022 13:22,S,S10102022132242,3E98Omn83X,1527.18,SGD,Sea,,7%,106.9,1634.08,
461a40a1,84099a1e,10/10/2022 14:29,S,S10102022143028,db61a4fe,31896.7,SGD,Air,,7%,2232.77,34129.47,
c161c0de,ba4d3fb0,10/10/2022 15:00,T,T10102022150039,00485f01,2969.28,SGD,Air,,7%,207.85,3177.13,
5315bb18,f2680bfb,10/10/2022 15:09,B,B10102022151012,8X5EJG61Hk,4680.11,SGD,Air,,7%,327.61,5007.72,9310698b
1101f2ba,4fb4fe10,16/3/2023 15:51,T,T10102022155148,8X5EJG61Hk,692.36,SGD,Air,,8%,55.39,747.75,19e32ca1
8e4ec3c7,j6v26jLuwm,10/10/2022 15:59,BB,BB10102022160223,T8qy67453l,4270.79,SGD,Air,,Exempted,0,4270.79,"4227cb1c, e0b8259a, 041936ab, 336b6104"
5fb955af,73f39ab2,17/10/2022 16:46,S,S10102022164843,db61a4fe,964.24,SGD,Air,,7%,67.5,1031.74,14ed9508
e280b00b,g084484ZO9,10/10/2022 16:50,B,B10102022165042,8X5EJG61Hk,3381.18,SGD,Air,,7%,236.68,3617.86,"5af776e9, 04bcfa2e"
c47f9131,46a567b9,10/10/2022 23:51,B,B10102022235150,8X5EJG61Hk,1612.53,SGD,Air,,7%,112.88,1725.41,"5483aa1d, 4a63d65e"
38cff7a6,fvIH3Ur1DW,11/10/2022 13:34,B,B10112022133456,8X5EJG61Hk,1591.36,SGD,Air,,7%,111.4,1702.76,d858c4b4
0c39bf7b,xw71fJ415b,11/10/2022 14:00,S,S10112022140055,3E98Omn83X,7525.6,USD,Sea,,0%,0,7525.6,
b08a6e61,08ac971a,11/10/2022 14:43,B,B10112022144346,8X5EJG61Hk,2525.65,SGD,Air,,7%,176.8,2702.45,"4ed56a3e , c067f8d3"
4f17835b,64c0444d,17/10/2022 16:43,S,S10112022152109,3E98Omn83X,624.55,SGD,Sea,,7%,43.72,668.27,
03d007cf,5960fa38,11/10/2022 15:40,B,B10112022154047,00485f01,1100.94,SGD,Air,,7%,77.07,1178.01,"65345087 , 749ea447 , 86a145a2"
,,,,,,,,,,,,,
b0687ae6,xw71fJ415b,1/11/2022 17:16,B,B10112022171646,3E98Omn83X,29414.97,USD,Sea,,0%,0,29414.97,
55bae8f1,Zgf6bE537J,12/10/2022 9:13,S,S10122022091340,gLuyJ85Lwe,880.8,SGD,Air,,0%,0,880.8,c01773fe
898ea9e4,9df86703,12/10/2022 11:46,S,S10122022114947,3E98Omn83X,538,SGD,Sea,,7%,37.66,575.66,
,,,,,,,,,,,,,
f68d4634,660014bd,12/10/2022 12:39,T,T10122022123913,8X5EJG61Hk,4500,SGD,Air,,7%,315,4815,
d5ce1925_R,GSdCKW3Z5w,2/2/2023 17:30,B,B01102023173005,,441.38,SGD,Air,,8%,35.31,476.69,dd7b2ebb
1d5aeb8c,b0b62959,12/10/2022 14:30,S,S10122022143039,3E98Omn83X,161479.3,SGD,Sea,,0%,0,161479.3,
72eee44a,ItssapCSik,12/10/2022 16:25,B,B10122022162535,3E98Omn83X,1288.76,SGD,Air,,7%,90.21,1378.97,
bee35dc2,06suB5p2mX,13/10/2022 9:54,S,S10132022095414,3E98Omn83X,359.15,SGD,Air,,7%,25.14,384.29,
,,,,,,,,,,,,,
e356533c,19ac2e87,13/10/2022 10:54,B,B10132022105649,3E98Omn83X,318.67,SGD,Air,,7%,22.31,340.98,30f5994c
c34b05ae,f8fd4217,13/10/2022 11:22,BB,Shopify 1056,,475.97,SGD,Air,,Exempted,0,475.97,bca0179d
368b1c1f,VLSxI59801,13/10/2022 12:32,S,S10132022123508,3E98Omn83X,11274.44,SGD,Air,,7%,789.21,12063.65,
1375ae31,90b44782,13/10/2022 16:04,S,S10132022160411,db61a4fe,4076.15,SGD,Air,,7%,285.33,4361.48,a67868f1
50453d6b,477b73a0,13/10/2022 17:19,S,S10132022171955,00485f01,1599.97,SGD,Air,,7%,112,1711.97,
1c0943bb_R,33eff098,14/10/2022 9:32,S,S10142022093250,3E98Omn83X,669.09,SGD,Sea,,7%,46.84,715.93,
a6ebc690,hL800efJnq,14/10/2022 10:42,B,B10142022104245,8X5EJG61Hk,37914,SGD,Air,,7%,2653.98,40567.98,
24f58c35,hL800efJnq,14/10/2022 11:15,B,B10142022111519,8X5EJG61Hk,248.64,SGD,Air,,7%,17.4,266.04,8accd829
b984d976,AQ6LQGkxDX,14/10/2022 11:26,T,T10142022112705,8X5EJG61Hk,742.32,SGD,Air,,7%,51.96,794.28,
b984d976_R,AQ6LQGkxDX,14/10/2022 11:30,T,T10142022113014,,609.76,SGD,Air,,7%,42.68,652.44,
3346c88e,d6bb1fb5,14/10/2022 13:14,S,S10142022131501,00485f01,201.83,SGD,Air,,7%,14.13,215.96,e03b1b9e
a6ebc690_R,hL800efJnq,14/10/2022 13:52,B,B10142022135207,8X5EJG61Hk,46685.17,SGD,Air,,7%,3267.96,49953.13,
abdb29d9,lD89r7qsyL,14/10/2022 14:54,B,B10142022145437,8X5EJG61Hk,869.91,SGD,Air,,7%,60.89,930.8,f62ebbb8
89da3f84,3d2c0780,14/10/2022 20:06,B,B10142022200704,00485f01,541.36,SGD,Air,,7%,37.9,579.26,"d5956344, d911068c, ca5942ac"
37586bc5,xw71fJ415b,15/10/2022 7:05,S,S10152022070523,3E98Omn83X,4592,USD,Air,,0%,0,4592,1d910b66
,,,,,,,,,,,,,
462a295c,fvIH3Ur1DW,17/10/2022 9:55,B,B10172022095512,8X5EJG61Hk,1092.12,SGD,Air,,7%,76.45,1168.57,9e9b5a35
b1d1151e,a293033e,17/10/2022 10:00,T,T10172022100104,3E98Omn83X,1805.9,SGD,Air,,7%,0,1805.9,5d14383c
4e94dce5,9ff9b68f,17/10/2022 11:25,BB,Shopify 1057,,185,SGD,Air,,Exempted,0,185,c2eb53e9
6eccc728,Ss1dWMP4hX,17/10/2022 11:46,B,B10172022114638,8X5EJG61Hk,788.72,SGD,Air,,7%,55.21,843.93,09cad547
b84102a8,hL800efJnq,17/10/2022 12:16,B,B10172022121647,8X5EJG61Hk,34100.47,SGD,Air,,7%,2387.03,36487.5,
bfd3242d,808a96af,1/2/2023 13:30,S,S10172022133343,3E98Omn83X,326.98,SGD,Air,,0%,0,326.98,2a1f748c
32dd82ca,4dc64e53,29/11/2022 14:16,S,S10172022135011,3E98Omn83X,3546.28,SGD,Air,,7%,248.24,3794.52,
f1de0d60,9df86703,17/10/2022 14:22,S,S10172022142308,3E98Omn83X,2002,SGD,Air,,7%,140.14,2142.14,1716b369
951fdf33,9or4RfVO6l,17/10/2022 15:47,B,B10172022154737,8X5EJG61Hk,808.46,SGD,Air,,7%,56.59,865.05,"52710071, 5719362e"
eab7217a,91c0552c,17/10/2022 17:05,B,B10172022170722,3E98Omn83X,2572.09,SGD,Air,,7%,180.05,2752.14,6ee3241b
906297bf,5960fa38,18/10/2022 10:14,B,B10182022101449,8X5EJG61Hk,728.2,SGD,Air,,7%,50.97,779.17,
b3907b5b,c0a89625,18/10/2022 10:19,BB,Shopify 1058,,384.04,SGD,Air,,Exempted,0,384.04,95716376
21c8b729,142925fc,18/10/2022 13:20,S,S10182022132557,3E98Omn83X,4215.5,SGD,Sea,,7%,295.09,4510.59,
1f9f470e,Sjd5ocDqmp,18/10/2022 14:28,S,S10182022142840,3E98Omn83X,859.47,SGD,Air,,7%,60.16,919.63,
3339bda8,7de5c7bf,18/10/2022 15:09,BB,Shopify 1059,,145.93,SGD,Air,,Exempted,0,145.93,6d84563f
34a54a0c,1w5H2WCoXZ,18/10/2022 16:03,B,B10182022160356,db61a4fe,816.2,SGD,Air,,7%,57.13,873.33,d5712cfe
d43826e0,a4122309,18/10/2022 16:45,B,B10182022164529,00485f01,878.59,SGD,Air,,7%,61.5,940.09,"abed34c4, 0973f904"
4676b97b,Q8nomXWRc2,18/10/2022 16:49,B,B10182022164956,3E98Omn83X,1167.87,SGD,Air,,7%,81.75,1249.62,"beef0530, cba8132e"
3618b557,ocp0nUa4ER,18/10/2022 18:03,S,S10182022180316,00485f01,3519.81,SGD,Air,,7%,246.39,3766.2,"733c2a54, db854bbc"
5463aa81,863ed0b1,19/10/2022 10:15,BB,Shopify 1060,,183.23,SGD,Air,,Exempted,0,183.23,41baa63d
ced95c85,z0I0Z6U6nv,19/10/2022 16:58,B,B10192022165823,8X5EJG61Hk,1322.67,SGD,Air,,7%,92.59,1415.26,"f6892e6b, 4a54ee2b"
66cd2f62,06suB5p2mX,19/10/2022 17:33,S,S10192022173318,3E98Omn83X,1776.28,SGD,Air,,7%,124.34,1900.62,
0d82372c,e5671757,19/10/2022 17:38,S,S10192022173852,00485f01,1607.26,SGD,Air,,7%,112.51,1719.77,
8dd0ba39,ItssapCSik,19/10/2022 17:40,B,B10192022174022,3E98Omn83X,3073.69,SGD,Air,,7%,215.16,3288.85,e9859b7f
da33140d,bfdf28bf,22/11/2022 8:57,B,B10202022085753,8X5EJG61Hk,1474.35,USD,Air,,0%,0,1474.35,6bc81112
2fbceb01,4aaef7ec,20/10/2022 10:51,BB,Shopify 1061,,145.93,SGD,Air,,Exempted,0,145.93,27e8c195
010e1cff,0V2xk11Hj4,20/10/2022 11:20,B,B10202022112058,00485f01,506.91,SGD,Air,,7%,35.48,542.39,
054c546d,xEK6r63Cy3,20/10/2022 11:42,S,S10202022114208,3E98Omn83X,4221.96,SGD,Air,,7%,295.54,4517.5,
946a77b3,y0YEf0WNtI,20/10/2022 15:04,S,S10202022150458,db61a4fe,550.14,SGD,Air,,7%,38.51,588.65,e485db14
f8c31c56,xw71fJ415b,21/10/2022 2:18,S,S10212022021830,3E98Omn83X,6748.09,USD,Sea,,0%,0,6748.09,
1633dce5,07acaa1f,21/10/2022 9:51,BB,BB10212022095118,,4670.55,SGD,Air,,7%,326.94,4997.49,e8139690
913de352,fEXeW6R1J3,21/10/2022 11:34,B,B10212022113417,8X5EJG61Hk,511.79,SGD,Air,,7%,35.83,547.62,8618a0f8
870b977f,53f1bbdc,24/11/2022 12:46,B,B10212022124740,8X5EJG61Hk,3514.68,SGD,Air,,7%,246.03,3760.71,"99b645d0 , efd70e39"
6f5b9182,d96409f0,21/10/2022 14:28,B,B10212022142809,T8qy67453l,429.15,SGD,Air,,7%,30.04,459.19,766b6c41
de586c73,0V2xk11Hj4,21/10/2022 15:28,B,B10212022152859,00485f01,3390.76,SGD,Air,,7%,237.35,3628.11,
16a5222f,wD0mqPXvsw,14/12/2022 15:51,S,S10212022155127,db61a4fe,12905,SGD,Air,,7%,903.35,13808.35,
6ce179e9,d9ad3ed8,21/10/2022 16:12,S,S10212022161307,db61a4fe,606.45,SGD,Air,,7%,42.45,648.9,
c529ab68,D5Fk7289x1,21/10/2022 17:21,S,S10212022172202,db61a4fe,219.36,SGD,Air,,7%,15.36,234.72,"f9e7a742 , 42e283ba"
c4277922_R,2af389b6,30/11/2022 9:46,S,S10232022005424,3E98Omn83X,224.1,SGD,Air,,7%,15.69,239.79,"ea5647d5 , 0bf2fd77"
7b4ec94a,3PMyW67W67,23/10/2022 1:06,B,B10232022010619,3E98Omn83X,379.31,SGD,Air,,7%,26.55,405.86,
671b5381,69176694,25/10/2022 11:16,B,B10252022111651SJ,8X5EJG61Hk,2644.53,SGD,Air,,7%,185.12,2829.65,
fcbf898a,6AyX6y7B9p,25/10/2022 11:37,S,S10252022113743,8X5EJG61Hk,0,SGD,Sea,,7%,0,0,
c56f5ee4,0WoOQFQSLY,25/10/2022 12:22,B,B10252022122212,8X5EJG61Hk,4888.8,SGD,Air,,7%,342.22,5231.02,1b49d6e3
472bb001,bcd08322,25/10/2022 15:02,B,B10252022150252,8X5EJG61Hk,1059.8,SGD,Air,,7%,74.19,1133.99,"087b40e6, 4d96d6de, d614aa2d, 52e063df, 59f38d55"
288c24ae,33eff098,25/10/2022 16:19,S,S10252022161958,3E98Omn83X,18881.55,SGD,Air,,7%,1321.71,20203.26,
56f05c06,a4122309,25/10/2022 16:24,B,B10252022162459,00485f01,2726.83,SGD,Air,,7%,190.88,2917.71,"4a43f9dc, c9420089, bd6f1c7d, 8c73dcb4"
9e8b529c,wD0mqPXvsw,25/10/2022 16:35,S,S10252022163536,db61a4fe,1594.8,SGD,Air,,7%,111.64,1706.44,beced3d1
a1df9d85,db1e355c,25/10/2022 16:55,B,B10252022165524,8X5EJG61Hk,324.78,SGD,Air,,7%,22.73,347.51,
c6316bc7,e6666cbb,25/10/2022 17:02,B,B10252022170252,8X5EJG61Hk,2610.34,SGD,Air,,7%,182.72,2793.06,"eab0ca5a, f4631ffa, 3ed298f7"
ac795f97,39N5vR34gp,26/10/2022 7:44,B,B10262022074502,8X5EJG61Hk,260.97,SGD,Air,,7%,18.27,279.24,245c2bb4
951e1de3,WL91eH602H,26/10/2022 11:11,B,S09262022141230BF,,0,SGD,Air,,7%,0,0,
8fb1e8f5_R,y3rYf2f9gy,26/10/2022 12:53,S,S10262022125304,3E98Omn83X,1065,SGD,Air,,7%,74.55,1139.55,71cb4c1e
28f8933b,xEK6r63Cy3,30/1/2023 9:44,S,S10262022125817,3E98Omn83X,213.42,SGD,Air,,8%,17.07,230.49,
c0d51fbb,bfdf28bf,26/10/2022 15:27,B,B10262022152745,8X5EJG61Hk,780.82,USD,Air,,Exempted,0,780.82,
2880083a,xw71fJ415b,26/10/2022 18:22,S,S10262022182307,3E98Omn83X,893177.18,USD,Air,,7%,62522.4,955699.58,
bd877f8d_R,FIc17Ck457,26/10/2022 20:11,T,T10262022201103,8X5EJG61Hk,75294,SGD,Air,,7%,5270.58,80564.58,
6bcd01be,660014bd,27/10/2022 13:48,B,B10272022134859,8X5EJG61Hk,2029.8,SGD,Air,,7%,142.09,2171.89,894b0a58
eb15af9d,e6b5fa6c,27/10/2022 15:12,B,B10272022151450,3E98Omn83X,15324.06,SGD,Air,,7%,1072.68,16396.74,
21df2146,1f6et5pP1O,27/10/2022 15:52,S,S10272022155236,gLuyJ85Lwe,211.1,SGD,Air,,7%,14.78,225.88,f2802f8a
95dceb9d,xw71fJ415b,27/10/2022 17:32,S,S10272022173245,3E98Omn83X,220117,USD,Air,,7%,15408.19,235525.19,
c2b959c9,MvZ970O57a,28/10/2022 11:19,S,S10282022111947,3E98Omn83X,216.52,SGD,Air,,7%,15.16,231.68,4a428156
4eec7fd4,d4189978,28/10/2022 12:30,AB,AB10282022123048,8X5EJG61Hk,4649.6,SGD,Air,,Exempted,0,4649.6,"4fbe1239 , ef69f01f , c57b968c , 289cc00c , 653a4f9c , 10078903 , d6a4f5e9"
c59e168b,yj1ftFtzU2,31/10/2022 12:46,B,B10282022124650,8X5EJG61Hk,1466.4,SGD,Air,,7%,102.65,1569.05,cdcdd480
394a555d_R,Z3UDr9nQA8,28/10/2022 14:41,B,B10282022144135,3E98Omn83X,281.53,SGD,Air,,7%,19.71,301.24,5826b19a
70a9da9a_R,D6O4LUfz2f,28/10/2022 14:52,B,B10282022145203,8X5EJG61Hk,833.91,SGD,Air,,7%,58.37,892.28,6ec140fa
96707909,8qbgngVgJ0,28/10/2022 15:55,S,S10282022155538,3E98Omn83X,2648.4,SGD,Air,,7%,185.39,2833.79,
10f79ebd,660014bd,28/10/2022 17:00,B,B10282022170057,8X5EJG61Hk,352.38,SGD,Air,,7%,24.67,377.05,"140d9fd8, 0ed3553f"
f79df5b0,39N5vR34gp,29/11/2022 17:32,B,B10282022173213,8X5EJG61Hk,381.3,SGD,Air,,7%,26.69,407.99,2df94b64
84ce5401,39N5vR34gp,22/12/2022 17:44,B,B10282022225736,8X5EJG61Hk,70.46,SGD,Air,,7%,4.93,75.39,3f148af0
8ab4014a,39N5vR34gp,28/10/2022 23:00,B,B10282022225736SJ,8X5EJG61Hk,244.93,SGD,Air,,7%,17.15,262.08,
33aafa08,39N5vR34gp,28/10/2022 23:14,B,B10282022231449,8X5EJG61Hk,262.42,SGD,Air,,7%,18.37,280.79,"436046c1, c489966d"
ef5d2f1e,d47095b4,31/10/2022 10:51,BB,Shopify 1063,,191.51,SGD,Air,,Exempted,0,191.51,563098ac
834f8040,a5580ba7,31/10/2022 13:15,S,S10312022131550,3E98Omn83X,1208,SGD,Air,,7%,84.56,1292.56,"da976f6a, d8bb5f60, af24128f"
26afe42c,Z3UDr9nQA8,31/10/2022 13:38,B,S09222022140932SJ,3E98Omn83X,0,SGD,Air,,7%,0,0,
b6e68580,D5Fk7289x1,7/11/2022 14:07,S,S10312022140721,db61a4fe,347.03,SGD,Air,,7%,24.29,371.32,ea58896a
3aa4615c,PeAw8cWKyB,31/10/2022 14:25,S,S10312022142533,00485f01,214.05,SGD,Air,,7%,14.98,229.03,3cbd0474
c7b1e7a7,uoQUND7q4X,31/10/2022 15:22,S,S10312022152235,00485f01,208.86,SGD,Air,,7%,14.62,223.48,d7c66029
f39acc17,ba4d3fb0,31/10/2022 15:31,T,T10312022153130,00485f01,1577.44,SGD,Air,,7%,110.42,1687.86,8a72b917
48334f33,d9af810e,31/10/2022 17:24,B,B10312022172729,3E98Omn83X,4204.57,SGD,Sea,,7%,294.32,4498.89,d5b9a7e6
49e7f9a0,dffe99c7,14/11/2022 12:43,S,S10312022175407,3E98Omn83X,181.8,SGD,Air,,7%,12.73,194.53,07c80449
ebed4241,7288f61f,31/10/2022 18:13,S,S10312022181614,3E98Omn83X,2600.33,USD,Sea,,0%,0,2600.33,
0f06a7d8,d4189978,1/11/2022 8:32,BB,BB11012022083232,8X5EJG61Hk,4929.49,SGD,Air,,Exempted,0,4929.49,
19883fad,27c210fe,1/11/2022 10:31,BB,BB11012022103121,,666.05,SGD,Air,,Exempted,0,666.05,
3eb07c1c,db09a28c,1/11/2022 11:01,S,S11012022110203,8X5EJG61Hk,5499.8,SGD,Air,,7%,384.99,5884.79,
244b69b0,3PMyW67W67,1/11/2022 11:05,S,S11012022110525,3E98Omn83X,49.11,SGD,Air,,7%,3.44,52.55,f626f741
b3abb4f8,9f0e5dea,1/11/2022 11:10,BB,Shopify 1064,,99.94,SGD,Air,,Exempted,0,99.94,33412cfa
9f58f932,db09a28c,1/11/2022 11:27,S,S11012022112724,8X5EJG61Hk,1159.88,SGD,Air,,7%,81.19,1241.07,
b11adaae,db09a28c,1/11/2022 12:01,S,S11012022120121,8X5EJG61Hk,861.63,SGD,Air,,7%,60.31,921.94,
e706bba6,5e4f9e69,1/11/2022 13:13,B,B11012022131356,8X5EJG61Hk,251.4,SGD,Air,,7%,17.6,269,fdad816d
10dd0cc5,99a27d7f,1/11/2022 13:40,B,B11012022134122,8X5EJG61Hk,2490.39,SGD,Air,,7%,174.33,2664.72,"ab420a0c , a521bb87 , b44638b0 , a141593e , d4da275a , 959b905e , bcdd7c87"
3bb0ab99,69dc9b2b,1/11/2022 16:13,T,T11012022161311,00485f01,115.99,SGD,Air,,7%,8.12,124.11,
d82ac879,06suB5p2mX,1/11/2022 16:19,S,S11012022161957,3E98Omn83X,343.98,SGD,Air,,7%,24.08,368.06,"e246f869, bc9c10ea"
7f251f19,xw71fJ415b,1/11/2022 16:36,S,S11012022163642,3E98Omn83X,1195.11,USD,Air,,0%,0,1195.11,
2ab5e9a6,35ce9376,2/11/2022 17:24,S,S11012022172913,db61a4fe,205.01,USD,Air,,0%,0,205.01,
9401115d,4c243645,1/11/2022 19:47,B,B11012022194716,3E98Omn83X,350.57,SGD,Air,,7%,24.54,375.11,24bec92d
32dd82ca_R,4dc64e53,29/11/2022 14:06,AS,AS2022110101,,4094.78,SGD,Air,,Exempted,0,4094.78,
2ab5e9a6_R,35ce9376,2/11/2022 11:04,S,S11022022110424,db61a4fe,277.9,USD,Air,,Exempted,0,277.9,
28c80fdc,5960fa38,2/11/2022 16:45,B,B11022022164514,8X5EJG61Hk,728.84,SGD,Air,,7%,51.02,779.86,"777ff756 , aaed4efd , e5fe47ef"
9401115d_R,4c243645,2/11/2022 16:39,B,B11022022163902SJ,,541.66,SGD,Air,,7%,37.92,579.58,
81ac6272,33eff098,3/11/2022 10:52,S,S11032022105219,3E98Omn83X,648.12,SGD,Air,,7%,45.37,693.49,c79d2272
81ac6272_R,33eff098,3/11/2022 11:05,S,S11032022110537,,2831.02,SGD,Air,,7%,198.17,3029.19,
e858317b,bcd08322,3/11/2022 14:55,B,B11032022145539,8X5EJG61Hk,1632.53,SGD,Air,,7%,114.28,1746.81,
402eef77,db09a28c,3/11/2022 14:55,S,S11032022145545,8X5EJG61Hk,902.1,SGD,Sea,,7%,63.15,965.25,
f7a95a5b,06suB5p2mX,8/11/2022 15:14,S,S11032022151417,gLuyJ85Lwe,1720,SGD,Air,,7%,120.4,1840.4,7a83bf60
,,,,,,,,,,,,,
9e966eeb,64c0444d,3/11/2022 15:45,S,S11032022154535,3E98Omn83X,324.54,SGD,Air,,7%,22.72,347.26,
b5d4034b,79hR9tOBwB,1/1/2023 9:27,S,S11042022092709,8X5EJG61Hk,31318.91,SGD,Sea,,8%,2505.51,33824.42,
f1ed6ee4,1f6et5pP1O,4/11/2022 10:13,AS,AS11042022101336,8X5EJG61Hk,2800.29,SGD,Sea,,Exempted,0,2800.29,
fadbf3c7,1f6et5pP1O,4/11/2022 13:28,T,T11042022132823,00485f01,260.96,SGD,Air,,7%,18.27,279.23,
378dca20,fEXeW6R1J3,4/11/2022 13:52,B,B11042022135224,8X5EJG61Hk,1788.57,SGD,Air,,7%,125.2,1913.77,"ee74817a, 7273dc7e"
3e0c26a1,fEXeW6R1J3,4/11/2022 14:06,B,B11042022140612,8X5EJG61Hk,595.41,SGD,Air,,7%,41.68,637.09,7b0aab5b
c9025ded,1b04ee43,4/11/2022 15:07,B,S11042022150736,3E98Omn83X,523.11,SGD,Air,,7%,0,523.11,"a1e80ec3 , e808b550"
6bdb5229,79hR9tOBwB,1/1/2023 15:24,S,S11042022152429,8X5EJG61Hk,5799.4,SGD,Sea,,8%,463.95,6263.35,
c4f8ba19,79hR9tOBwB,1/1/2023 15:54,S,S11042022155448,8X5EJG61Hk,150000,SGD,Air,,8%,12000,162000,
e0aa69be,D6O4LUfz2f,4/11/2022 16:32,B,B11042022163236,8X5EJG61Hk,5303.33,SGD,Air,,7%,371.23,5674.56,c4fad125
bb1a6e54,PCxZ1ce9Pm,4/11/2022 17:04,S,S11042022170413,db61a4fe,116748.89,SGD,Air,,7%,8172.42,124921.31,
9c38235a,c049c15c,4/11/2022 17:40,B,S11042022174411,db61a4fe,321.7,SGD,Air,,7%,22.52,344.22,fcbe74bd
3aa4615c_R,PeAw8cWKyB,4/11/2022 18:05,S,S11042022180535,00485f01,214.05,SGD,Air,,7%,14.98,229.03,be9c7321
fdfbfac9,14616b9c,5/11/2022 11:09,B,B11052022110941,8X5EJG61Hk,4991.34,SGD,Air,,7%,349.39,5340.73,
78e9a382,ItssapCSik,7/11/2022 10:47,B,B11072022104757,3E98Omn83X,4505.9,SGD,Air,,7%,315.41,4821.31,
d6603e4e,ab1db7d7,7/11/2022 10:59,S,S11072022110025,3E98Omn83X,209.56,SGD,Air,,7%,14.67,224.23,c5fb0bbb
5644cc41,g084484ZO9,7/11/2022 11:44,B,B11072022114424,8X5EJG61Hk,5762.46,USD,Air,,7%,403.37,6165.83,
442cded4_R,5bdH431NVo,7/11/2022 13:13,B,B11072022131301,,3204,SGD,Air,,7%,224.28,3428.28,47f7c6f1
3f4bbfb1,5fiS378Rr1,7/11/2022 13:20,AB,AB09082022133845SJ,3E98Omn83X,760.66,SGD,Air,,7%,0,760.66,
12cb5184,TELcJA9M9q,7/11/2022 14:09,B,B11072022143213,3E98Omn83X,2903.68,SGD,Air,,7%,203.26,3106.94,b8803b94
ec27fbc4,jjC9BO9046,15/12/2022 11:38,B,B11072022155247,3E98Omn83X,732.18,SGD,Air,,7%,0,732.18,404c8f29
f111c502,ocp0nUa4ER,7/11/2022 16:49,B,S10182022180316SJ,00485f01,0,SGD,Air,,7%,0,0,
6533fc9e,xEK6r63Cy3,9/3/2023 15:34,S,S11072022170103,3E98Omn83X,394.13,SGD,Air,,8%,31.53,425.66,
abe7a867,378b5bbc,7/11/2022 17:20,S,S11072022172128,3E98Omn83X,1159.88,SGD,Air,,7%,81.19,1241.07,13d3dd86
ff8df18f,D5Fk7289x1,7/11/2022 17:54,S,S11072022175506,db61a4fe,5310.46,SGD,Air,,7%,371.73,5682.19,
7bc09773,87a01d2b,8/11/2022 0:15,S,S11082022001518,db61a4fe,611.02,USD,Air,,0%,0,611.02,
686d20b5,PCxZ1ce9Pm,8/11/2022 0:46,S,S11082022004626,db61a4fe,23499.88,SGD,Air,,7%,1644.99,25144.87,
d7227dff,PCxZ1ce9Pm,8/11/2022 1:03,S,S11082022010314,db61a4fe,66590.5,SGD,Air,,7%,4661.34,71251.84,
1f4ddc75,79hR9tOBwB,1/1/2023 8:06,S,S11082022080622,8X5EJG61Hk,530.23,SGD,Air,,8%,42.42,572.65,
1b2ad899,dd970a60,8/11/2022 8:28,BB,BB11082022083106,gLuyJ85Lwe,2538,SGD,Air,,Exempted,0,2538,
52564f46_R,XpP0Bn0s55,8/11/2022 10:22,S,S11082022102207,,1623.6,SGD,Air,,7%,113.65,1737.25,"4c07f2af , d8fe4946 , 0f18da85"
feed547a,863ed0b1,8/11/2022 11:37,BB,Shopify 1066,,397.04,SGD,Air,,Exempted,0,397.04,f09b6eee
dcbf5c19_R_R,Ss1dWMP4hX,8/11/2022 14:00,S,S11082022140056,8X5EJG61Hk,844.44,SGD,Air,,7%,0,844.44,023605d9
2ed17419,xw71fJ415b,9/1/2023 17:41,S,S11082022141536,3E98Omn83X,15125.62,USD,Sea,,0%,0,15125.62,
3b13134b,fEXeW6R1J3,8/11/2022 14:21,B,B11082022142158,8X5EJG61Hk,775.06,SGD,Air,,7%,54.25,829.31,"f8e163b5, 2110c250, 46bee7c7, 7901fd77"
84787dc5,655074b6,8/11/2022 15:13,S,S11082022151417,8X5EJG61Hk,294.96,SGD,Air,,7%,20.65,315.61,a78b2b0d
e5207418,TELcJA9M9q,8/11/2022 15:18,AB,AB2022111001,3E98Omn83X,4916.93,SGD,Air,,Exempted,0,4916.93,02b9783a
18f48924,jpZSXU2A8V,8/11/2022 15:54,B,B11082022155504,8X5EJG61Hk,438.19,SGD,Air,,7%,30.67,468.86,"14c51694 , 03e76bb8 , a8ef593b"
a4329794,jpZSXU2A8V,8/11/2022 16:25,B,B11082022162549SJ,8X5EJG61Hk,130.49,SGD,Air,,7%,9.13,139.62,
db9388b0,a954a4d6,8/11/2022 16:18,B,B11082022161846,3E98Omn83X,483.9,SGD,Air,,7%,33.87,517.77,
396f2669,VLSxI59801,9/11/2022 11:11,S,S11082022163438,3E98Omn83X,28645.17,SGD,Air,,7%,2005.16,30650.33,
99316a3f,Kmm2hp73qi,8/11/2022 17:17,B,S09282022131651SJ,,0,SGD,Air,,7%,0,0,
5d58efa3,a5580ba7,8/11/2022 17:28,S,S08022022163753SJ,3E98Omn83X,0,SGD,Air,,7%,0,0,
771a74c2,8NvT14dzV7,8/11/2022 20:15,B,B11082022201536,00485f01,667,SGD,Air,,7%,46.69,713.69,3012bdfe
f757d74a,e1807601,8/11/2022 20:54,S,S11082022205458,00485f01,2063.7,SGD,Air,,7%,144.46,2208.16,
fa416d4f,e1807601,8/11/2022 22:14,S,S11082022221450,00485f01,2690.6,SGD,Air,,7%,188.34,2878.94,
4995322c,bfdf28bf,9/11/2022 9:58,B,B11092022095845,8X5EJG61Hk,802.64,USD,Air,,0%,0,802.64,
1a7b3430,xhT0E4h7iP,9/11/2022 10:44,T,T11092022104459,8X5EJG61Hk,795.35,SGD,Air,,7%,55.67,851.02,f3d34950
ac91fd80,1f6et5pP1O,9/11/2022 11:07,T,T11092022110748,00485f01,653.76,SGD,Air,,7%,45.76,699.52,08ef97f2
bec20bf0,5q282qed0R,9/11/2022 11:04,S,S11092022110449,gLuyJ85Lwe,3776,SGD,Air,,7%,264.32,4040.32,76075fde
e36f6a51,g084484ZO9,9/11/2022 11:20,B,B11092022112059,8X5EJG61Hk,1285,SGD,Air,,7%,89.95,1374.95,a79802c5
c029b6e1,D5Fk7289x1,6/12/2022 11:49,S,S11092022114949,db61a4fe,992.91,SGD,Air,,7%,69.5,1062.41,"88652c51 , a4761ff4"
691053cf,5c4e27bc,9/11/2022 12:07,S,S11092022120723,8X5EJG61Hk,18765.84,SGD,Sea,,7%,1313.61,20079.45,
b7644ebe,5c4e27bc,9/11/2022 12:29,S,S11092022122951,8X5EJG61Hk,10869.73,SGD,Sea,,7%,760.88,11630.61,
4bab8049,ab389a4d,9/11/2022 13:48,B,B11092022134959,3E98Omn83X,351.14,SGD,Air,,7%,24.58,375.72,7246293a
03b12f5a,8Nzo71FGPE,21/12/2022 14:58,T,T11092022142005,3E98Omn83X,4662.2,SGD,Air,,7%,326.35,4988.55,1fcf4e08
2c7b055d,682cc7ac,9/11/2022 14:23,T,T11092022142342,db61a4fe,3515.2,SGD,Air,,7%,246.06,3761.26,
0ef8f668,aH6287thSV,9/11/2022 15:45,B,B11092022154539,8X5EJG61Hk,1441.83,SGD,Air,,7%,100.93,1542.76,
70c5557f,bad8d02a,9/11/2022 16:10,B,B11092022161106,00485f01,713.14,SGD,Air,,7%,49.92,763.06,a5dfcd98
48a5339e,xw71fJ415b,9/11/2022 16:36,S,S11092022163645,3E98Omn83X,51387.35,USD,Air,,0%,0,51387.35,
fcb2ce59,0Kelg0pVDL,9/11/2022 16:52,B,B11092022165245,00485f01,802.6,SGD,Air,,7%,56.18,858.78,523d84a6
302f920d,D5Fk7289x1,9/11/2022 17:16,S,S11092022171636,db61a4fe,52.38,SGD,Air,,7%,3.67,56.05,
e5dd4c83,a931a01c,9/11/2022 17:52,S,S11092022175301,db61a4fe,1136.7,SGD,Air,,7%,79.57,1216.27,c9a5f413
e2453523,5390dbe8,9/11/2022 17:54,T,T11092022175539,3E98Omn83X,2166.7,SGD,Air,,7%,151.67,2318.37,
c029b6e1_R,D5Fk7289x1,9/11/2022 20:36,S,S11092022203642,db61a4fe,446.61,SGD,Air,,7%,31.26,477.87,54e1d491
,,,,,,,,,,,,,
93b73b01,f3a2155c,10/11/2022 12:48,BB,Shopify 1067,,535.74,SGD,Air,,Exempted,0,535.74,c2b05dba
32b3c218,0a0f9e01,10/11/2022 13:59,S,S11102022135939,00485f01,1574.5,SGD,Sea,,7%,110.22,1684.72,
a043add7,f63e6d5a,10/11/2022 13:55,B,B11102022140407,8X5EJG61Hk,1024.8,SGD,Air,,7%,71.74,1096.54,"a16b0700 , a094c7e8"
91f17224,27f8114b,10/11/2022 15:24,S,S11102022152412,3E98Omn83X,1710.32,SGD,Air,,0%,0,1710.32,
21820f20,3PMyW67W67,10/11/2022 18:12,S,S11102022181241,3E98Omn83X,188.16,SGD,Air,,7%,13.17,201.33,4f865ccb
2eccb4fe,e947996f,11/11/2022 10:14,B,B11112022101444,8X5EJG61Hk,2082.8,SGD,Air,,7%,145.8,2228.6,
9895047e,b16d86b4,11/11/2022 10:45,B,B11112022104558,8X5EJG61Hk,514.56,SGD,Air,,7%,36.02,550.58,"4e763af7 , 122c4c58 , c5bdfaf1"
eabb4eda,1292f213,11/11/2022 11:59,S,S11112022115958,3E98Omn83X,3976.73,SGD,Air,,7%,278.37,4255.1,
85443cae,69dc9b2b,11/11/2022 12:54,T,T11112022125436,00485f01,198.5,SGD,Air,,7%,13.9,212.4,46775501
51a19f02,6f572001,11/11/2022 13:42,S,S11112022134329,3E98Omn83X,117.02,SGD,Air,,7%,8.19,125.21,
be36b8c9,d4189978,11/11/2022 14:16,B,AB10282022123048SJ,8X5EJG61Hk,0,SGD,Air,,7%,0,0,
f8c85b81,ab1db7d7,11/11/2022 14:30,B,S11072022110025SJ,3E98Omn83X,0,SGD,Air,,7%,0,0,
,,,,,,,,,,,,,
203c2a2a,79hR9tOBwB,11/11/2022 15:21,B,B11112022152151,8X5EJG61Hk,0,SGD,Air,,7%,0,0,
f0ac869d,rAmb9tQZRc,11/11/2022 15:54,B,B11112022155442,8X5EJG61Hk,976.6,SGD,Air,,7%,68.36,1044.96,ed60e913
aa554b2d,4u7s55Vw34,11/11/2022 16:51,S,S11112022165120,3E98Omn83X,84.92,SGD,Air,,7%,5.94,90.86,6bfa5cb9
9d6363a5,2d38838a,11/11/2022 16:57,B,B11112022170234,8X5EJG61Hk,2226.76,SGD,Air,,7%,155.87,2382.63,"28294a2a , 24139659 , 1375beb6 , 22ef7d4c"
b33a5d7a,2d38838a,11/11/2022 17:43,AB,AB11112022174409,8X5EJG61Hk,480.83,SGD,Air,,Exempted,0,480.83,"349c1641 , e5484020"
9f3abcea,e947996f,11/11/2022 18:40,AB,AB11112022184022,8X5EJG61Hk,4549.35,SGD,Air,,Exempted,0,4549.35,
34f58d4f,hL800efJnq,11/11/2022 21:53,B,B11112022215359,8X5EJG61Hk,1031.38,SGD,Air,,7%,72.2,1103.58,"19ebd830 , 5f64b459 , 79dff34d , a0b0a404"
d98a57b1,a4a8b42a,14/11/2022 10:17,B,B11142022101800,8X5EJG61Hk,480.58,USD,Air,,0%,0,480.58,
e010d048,2e21a003,14/11/2022 10:18,BB,Shopify 1068,,448.63,SGD,Air,,Exempted,0,448.63,8515e23a
a2db42fe,47dc23c1,14/11/2022 12:13,B,B11142022121351,8X5EJG61Hk,420.26,SGD,Air,,7%,29.42,449.68,46218cb3
49e7f9a0_R,dffe99c7,14/11/2022 12:41,AS,AS2022111401,3E98Omn83X,155.4,SGD,Air,,Exempted,0,155.4,4afd5e6b
b97d2c22,79hR9tOBwB,14/11/2022 12:54,S,S11142022125417,8X5EJG61Hk,5960,SGD,Sea,,7%,417.2,6377.2,
595b0f96,5q282qed0R,14/11/2022 15:27,S,S11092022110449SJ,gLuyJ85Lwe,0,SGD,Air,,7%,0,0,
17025917,bad8d02a,14/11/2022 16:18,B,B11142022161856,00485f01,170.6,SGD,Air,,7%,11.94,182.54,7a18005f
3f3093df,0c92866e,14/11/2022 18:58,BB,Shopify 1069,,234.06,SGD,Air,,Exempted,0,234.06,ce57dabd
f7a95a5b_R,06suB5p2mX,15/11/2022 9:33,S,S11152022093321,,0,SGD,Air,,7%,0,0,
5560f41d,u9Q7w1CAQT,15/11/2022 9:58,B,B11152022095825,8X5EJG61Hk,2588.04,SGD,Air,,7%,181.16,2769.2,90ae6d60
376bc099,39N5vR34gp,15/11/2022 10:42,B,B11152022104259,8X5EJG61Hk,50.74,SGD,Air,,7%,3.55,54.29,e9aad478
2dfc8325,39N5vR34gp,15/11/2022 14:21,B,B11152022142206,8X5EJG61Hk,533.54,SGD,Air,,7%,37.35,570.89,e6b5c68b
ef3f263d,06a07fb3,15/11/2022 14:57,B,B11152022145735,8X5EJG61Hk,1406.55,SGD,Air,,7%,98.46,1505.01,
7256f639,8Nzo71FGPE,22/3/2023 15:47,AT,AT2023032201,3E98Omn83X,5927.62,SGD,Air,,Exempted,0,5927.62,
ea83f2e4,TELcJA9M9q,5/12/2022 16:27,B,B11152022150337,3E98Omn83X,3280.62,SGD,Air,,7%,229.64,3510.26,
6080086b,0x2yR0pvo3,15/11/2022 17:04,S,S11152022170417,8X5EJG61Hk,92.83,SGD,Air,,7%,6.5,99.33,
b72e90c6,682cc7ac,15/11/2022 17:25,T,T11152022172550,db61a4fe,4815.04,SGD,Air,,7%,337.05,5152.09,
b69fb2e1,xw71fJ415b,15/11/2022 18:51,S,S11152022185142,3E98Omn83X,114253.97,USD,Air,,0%,0,114253.97,
0a90760b,9266f450,15/11/2022 18:55,S,S11152022185726,db61a4fe,458.51,SGD,Air,,0%,0,458.51,
ec041b71_R,XpP0Bn0s55,16/11/2022 10:25,S,S11162022102535,,223.75,SGD,Air,,7%,15.66,239.41,828d6aab
90e725de,19ac2e87,16/11/2022 11:06,B,B11162022110652,3E98Omn83X,318.52,SGD,Air,,7%,22.3,340.82,6c674078
bf86b31b,3PMyW67W67,15/12/2022 9:56,T,T11162022111631,3E98Omn83X,1546.55,SGD,Air,,7%,108.26,1654.81,315ba8d2
9602eb06,eb3f99cb,16/11/2022 16:38,B,B11162022164421,8X5EJG61Hk,4339.62,SGD,Air,,7%,303.77,4643.39,64a66ab9
1a90fd2a,06fa670b,16/11/2022 17:00,B,B11162022170038,8X5EJG61Hk,2319.75,SGD,Air,,7%,162.38,2482.13,c520fc1a
6db6ff78,4Yk09HecPy,16/11/2022 18:11,B,B11162022181256,8X5EJG61Hk,3718.71,SGD,Air,,7%,260.31,3979.02,"d23212e1 , 504489f3 , 7af4877b , cb25e843 , c4f7fdc5 , 44602ed1 , 03fb0173"
8b946e22,eb3f99cb,16/11/2022 18:36,AB,AB11162022183659,8X5EJG61Hk,2327.02,SGD,Air,,7%,162.89,2489.91,
64627ac3,1w5H2WCoXZ,16/11/2022 18:35,B,B11162022183549,db61a4fe,479.55,SGD,Air,,7%,33.57,513.12,54450a65
bdec49b1,7f8bcd20,16/11/2022 19:51,B,B11162022195208,8X5EJG61Hk,558,SGD,Air,,7%,39.06,597.06,9e8195c7
0b5b1b6f,Y2MYCQ56NK,17/11/2022 9:59,B,B11172022095940,3E98Omn83X,23342.59,SGD,Air,,7%,1633.98,24976.57,
0c54fd0c,9f6c6fcc,17/11/2022 11:19,B,B11172022111949,8X5EJG61Hk,132831.85,SGD,Sea,,7%,9298.23,142130.08,
be9cab7f,Y2MYCQ56NK,20/11/2022 13:31,B,B11172022123558,3E98Omn83X,4694.33,SGD,Air,,7%,328.6,5022.93,a7c3c36b
a4fcf89b,Y2MYCQ56NK,17/11/2022 12:38,AB,AB2022111701,3E98Omn83X,5438.81,SGD,Air,,Exempted,0,5438.81,
35ceb9fd,f63e6d5a,17/11/2022 12:59,B,B11172022125914,8X5EJG61Hk,1003.31,SGD,Air,,7%,0,1003.31,"31d0bc9e , adc54db3 , 2f0fb88b , 109b8441"
7bff0120,4ZRd9NGZZQ,17/11/2022 20:56,B,B11172022205659,3E98Omn83X,993.12,SGD,Air,,7%,69.52,1062.64,c2423a9d
35c66b4b,f50c580f,18/11/2022 11:55,B,B11182022115531,8X5EJG61Hk,737.52,GBP,Air,,Exempted,0,737.52,01e8b478
d35a1350,6462402c,18/11/2022 16:25,S,S11182022162536,8X5EJG61Hk,508.95,SGD,Air,,7%,35.63,544.58,5646bab3
b1bf8bd4,e99f4d98,21/11/2022 10:31,B,B11212022103545,db61a4fe,4973.94,SGD,Air,,7%,348.18,5322.12,
4b1758b1,xw71fJ415b,21/11/2022 10:39,S,S11212022103937,3E98Omn83X,4229.98,USD,Air,,0%,0,4229.98,
bc93c4fe,81db877e,21/11/2022 10:27,BB,Shopify 1070,,80.94,SGD,Air,,Exempted,0,80.94,db950a93
d06879ca,c42a311e,21/11/2022 11:09,S,S11212022111624,db61a4fe,770,SGD,Air,,0%,0,770,480636ea
,,,,,,,,,,,,,
a6643869,6czPiY3swb,17/1/2023 17:33,S,S11212022133916,3E98Omn83X,2043.01,SGD,Air,,8%,163.44,2206.45,"5bf2b63b , 82c94b6b , 115a8c6a"
bc2f4c18,VLSxI59801,21/11/2022 14:32,S,S11212022143222,3E98Omn83X,151.33,SGD,Air,,7%,10.59,161.92,f8d624ba
3afb2839,ItssapCSik,21/11/2022 14:50,L,L11212022145050,3E98Omn83X,350,SGD,Air,,7%,24.5,374.5,f3d1eb98
47f3867d,5fiS378Rr1,21/11/2022 15:52,B,B11072022132132BF,,0,SGD,Air,,0%,0,0,
59c9d342,19ac2e87,21/11/2022 16:04,B,B11212022160420,3E98Omn83X,1391.7,SGD,Air,,7%,97.42,1489.12,d2d94ef8
82621f23,K92gCb2qYl,21/11/2022 16:13,B,B11212022161324,3E98Omn83X,253.34,SGD,Air,,7%,0,253.34,"7bf984df , ea1b72a9"
83447166,4Yk09HecPy,21/11/2022 16:16,B,B11212022161627,8X5EJG61Hk,352.65,SGD,Air,,7%,24.69,377.34,
,,,,,,,,,,,,,
1e42e2ab,Pox366MK2r,22/11/2022 10:30,AB,AB11222022103012,8X5EJG61Hk,4860,SGD,Air,,Exempted,0,4860,bf5f3d0f
e71aacdc,Ebd710R95D,22/11/2022 10:54,B,B11222022105432,8X5EJG61Hk,3819.64,EUR,Air,,0%,0,3819.64,e94b445b
03c2c1d3,xw71fJ415b,22/11/2022 10:58,S,S11222022105824,3E98Omn83X,3868.84,USD,Air,,0%,0,3868.84,
0c54fd0c_R,9f6c6fcc,20/1/2023 13:27,B,B11222022132736,8X5EJG61Hk,112014.9,SGD,Sea,,8%,8961.19,120976.09,
fd636572,a4122309,22/11/2022 13:50,B,B11222022135100,00485f01,449.05,SGD,Sea,,7%,31.43,480.48,"135b23a3 , f86383af , 7b2784c8"
6f0472eb,ryl1bKOpPO,17/12/2022 23:52,S,S11222022172546,3E98Omn83X,16406.67,SGD,Sea,,8%,1312.53,17719.2,
ba030b73,PeAw8cWKyB,22/11/2022 18:41,S,S11222022184202,00485f01,338.2,SGD,Air,,7%,23.67,361.87,50e98be0
aaeee32a,PCxZ1ce9Pm,1/1/2023 18:42,B,B11222022184246,8X5EJG61Hk,47555.56,SGD,Air,,8%,3804.44,51360,
b981ac96,94bf9b25,23/11/2022 9:00,B,B11232022090151,3E98Omn83X,372.2,SGD,Air,,7%,26.05,398.25,771767f6
7048508e,xEK6r63Cy3,23/11/2022 9:07,B,B11232022090741,3E98Omn83X,857.28,SGD,Air,,7%,60.01,917.29,
3aa4615c_R_R,PeAw8cWKyB,23/11/2022 10:10,S,S11042022180535BF,00485f01,0,SGD,Air,,7%,0,0,
,,,,,,,,,,,,,
cf536a55,7U11hqF1B5,23/11/2022 12:14,S,S11232022121415,00485f01,2626.26,SGD,Air,,7%,183.84,2810.1,
ba25bbee,7U11hqF1B5,23/11/2022 12:16,S,S11232022121637,00485f01,2119.26,SGD,Sea,,7%,148.35,2267.61,8c7788f5
334a9da0,06a07fb3,23/11/2022 13:42,S,S11232022134248,8X5EJG61Hk,537.4,SGD,Air,,7%,37.62,575.02,5d9e95b1
19543572,4dbf6714,23/11/2022 14:31,S,S11232022143154,3E98Omn83X,310.15,SGD,Air,,7%,21.71,331.86,5677d8f9
c142ee27,bcd08322,23/11/2022 16:22,B,B11232022162245,8X5EJG61Hk,2140.97,SGD,Air,,7%,149.87,2290.84,"c0e7cc11 , e97a1285 , b6278bcf"
68a6f2fb,xw71fJ415b,23/11/2022 16:57,S,S11232022165717,3E98Omn83X,51213.41,USD,Air,,0%,0,51213.41,
d511bf70,f11444d4,24/11/2022 10:14,B,B11242022101455,00485f01,4502.48,SGD,Sea,,7%,315.17,4817.65,"0b12387e , f83895f3"
4ee7391a,a5580ba7,24/11/2022 12:01,S,S11242022120109,3E98Omn83X,1056.1,SGD,Air,,7%,73.93,1130.03,a3553fee
4b783c23,jpZSXU2A8V,24/11/2022 12:07,T,T11242022120723,8X5EJG61Hk,445.32,SGD,Air,,7%,31.17,476.49,fd530108
d2ae8ec4,dc701372,24/11/2022 13:18,B,B11242022131841,gLuyJ85Lwe,500.78,SGD,Air,,7%,0,500.78,
55a4b549,hL800efJnq,24/11/2022 14:20,S,S11242022142035,8X5EJG61Hk,3862.05,SGD,Air,,7%,270.34,4132.39,
d17613a6,1w5H2WCoXZ,24/11/2022 15:38,S,S11242022153827,db61a4fe,1272.38,SGD,Air,,7%,89.07,1361.45,cccce9c0
00d0331b,PCxZ1ce9Pm,1/1/2023 16:02,B,B11242022160228,8X5EJG61Hk,4432.09,SGD,Air,,8%,354.57,4786.66,
55a4b549_R,hL800efJnq,24/11/2022 16:11,S,S11242022161131,8X5EJG61Hk,3005.64,SGD,Air,,7%,210.39,3216.03,
c6bced30,06suB5p2mX,24/11/2022 16:38,S,S11242022163851,3E98Omn83X,165.44,SGD,Air,,7%,11.58,177.02,"659b5bac , 00145f28"
938f1851,6ceb001e,24/11/2022 22:32,S,S11242022223240,8X5EJG61Hk,421.91,SGD,Air,,7%,29.53,451.44,"bb3ad546 , 0097743c"
300eb44c,D5Fk7289x1,25/11/2022 9:42,S,S11252022094430,db61a4fe,532.81,SGD,Air,,7%,37.3,570.11,be28562c
27e2e542,15jpR2Djf1,25/11/2022 13:17,B,B11252022131728,T8qy67453l,459.26,SGD,Air,,7%,32.15,491.41,199d6789
ae6251a6,e5671757,25/11/2022 13:39,S,S11252022134024,3E98Omn83X,1017.75,SGD,Air,,7%,71.24,1088.99,
97d1a970,488t9A161y,25/11/2022 14:57,S,S01262022183634BF,,0,SGD,Air,,7%,0,0,
02b1c056,a4122309,25/11/2022 16:09,B,B11252022160947,00485f01,1337.69,SGD,Air,,7%,93.64,1431.33,"c7244d37 , 5a587079 , 40cb6909"
6a7a1d4e,b99e96ff,25/11/2022 18:10,B,B11252022181123,8X5EJG61Hk,3551.18,SGD,Air,,7%,248.58,3799.76,"4c0cf674 , 05984b0c"
3d786c26,4ZRd9NGZZQ,28/11/2022 11:09,B,B11282022111006,3E98Omn83X,1199.33,SGD,Air,,7%,83.95,1283.28,"fab0d44f , e1984762 , 8290b30e , bb0b0b4d"
2cc15c38,06fa670b,28/11/2022 11:35,B,B11282022114007,8X5EJG61Hk,671.86,SGD,Air,,7%,47.03,718.89,31eb2969
3d786c26_R,fEXeW6R1J3,28/11/2022 11:55,B,B11282022115523,3E98Omn83X,890.64,SGD,Air,,7%,62.34,952.98,552f5e35
,,,,,,,,,,,,,
05470ac4,64a5a3d4,28/11/2022 16:57,BB,Shopify 1071,db61a4fe,153.31,SGD,Air,,Exempted,0,153.31,e316bdd4
10970d22,64a5a3d4,28/11/2022 17:15,BB,Shopify 1072,,181.08,SGD,Air,,Exempted,0,181.08,24a1b63d
17bfb9fe,fe609575,28/11/2022 18:44,B,B11282022184506,8X5EJG61Hk,3983.68,USD,Air,,0%,0,3983.68,47f7e8fe
540a694c,655074b6,28/11/2022 19:20,S,S11282022192037,8X5EJG61Hk,777.75,SGD,Air,,7%,54.44,832.19,ea5d06da
21a42852,fEXeW6R1J3,28/11/2022 19:51,B,B11282022195351,8X5EJG61Hk,786.92,SGD,Air,,7%,55.08,842,23043f71
3a8950cc,fEXeW6R1J3,28/11/2022 20:20,B,B11282022202100,8X5EJG61Hk,517.83,SGD,Air,,7%,36.25,554.08,"78510cbf , ef3ab140"
8f84ee7f,39N5vR34gp,28/11/2022 22:00,B,B11282022220037,8X5EJG61Hk,361.3,SGD,Sea,,7%,25.29,386.59,"6fa052e4 , 1b089b91 , c4cbd75f"
47d60a0c,X2ywZ9GnQE,28/11/2022 22:32,B,B11282022223304,8X5EJG61Hk,4257.48,SGD,Air,,7%,298.02,4555.5,"f4f46267 , 63a27deb , 81dda833 , 3fcd9646"
10d9f497,08ac971a,9/12/2022 8:37,B,B11282022223802,8X5EJG61Hk,93.64,SGD,Air,,7%,6.55,100.19,9670f259
3a9f45fc,0c83fde9,29/11/2022 10:56,S,S11292022110233,db61a4fe,222.72,SGD,Air,,7%,15.59,238.31,33de4bb3
8bc3f96f,jpZSXU2A8V,29/11/2022 11:41,B,B11292022114155,8X5EJG61Hk,267.5,SGD,Air,,7%,18.73,286.23,fe4d93dd
fae09fe9,6B4UJCNbVd,29/11/2022 13:34,S,S11292022133510,00485f01,588.48,SGD,Air,,7%,0,588.48,
454b1e20,l2erO1j3KV,29/11/2022 15:35,B,B11292022153559,3E98Omn83X,2915.6,SGD,Air,,7%,204.09,3119.69,
7de7144e,ee44267f,29/11/2022 15:43,S,S11292022154430,3E98Omn83X,22699.33,SGD,Air,,7%,1588.95,24288.28,
b771c178,K92gCb2qYl,7/12/2022 9:57,B,B11292022155233,3E98Omn83X,729.27,SGD,Air,,7%,51.05,780.32,"24798ed3 , 4404cc35"
6138c694,eef08e3a,29/11/2022 16:45,S,S11292022165106,db61a4fe,1220.22,SGD,Air,,7%,85.42,1305.64,
286c911d,xw71fJ415b,29/11/2022 16:52,S,S11292022165236,3E98Omn83X,7793.35,USD,Air,,0%,0,7793.35,
e8f20ca9,hL800efJnq,29/11/2022 17:04,B,B11292022170415,8X5EJG61Hk,329.56,SGD,Air,,7%,23.07,352.63,"8833f140 , b2f30926"
17995580,dac1bb5f,29/11/2022 17:27,B,B11292022173828,db61a4fe,1029.85,SGD,Air,,7%,72.09,1101.94,
d6aea5d7,GHbrZ9WLG3,29/11/2022 19:50,B,B11292022195037,8X5EJG61Hk,815.51,SGD,Sea,,7%,57.09,872.6,7056e80b
e4f5197b,4ZRd9NGZZQ,30/11/2022 14:16,AB,AB2022113001,3E98Omn83X,557.18,SGD,Air,,Exempted,0,557.18,ab5ab779
c16e1908,X90cRum7fq,30/11/2022 14:23,B,B11302022142339,db61a4fe,267.18,SGD,Air,,7%,18.7,285.88,
e2879810,fvIH3Ur1DW,30/11/2022 16:19,B,B11302022161920,8X5EJG61Hk,889.45,SGD,Air,,7%,62.26,951.71,
1db6682b,06fa670b,30/11/2022 16:34,B,B11302022163459,8X5EJG61Hk,215.43,SGD,Air,,7%,15.08,230.51,a412ded8
919579f2,5960fa38,30/11/2022 17:12,S,S11302022171222,00485f01,293.94,SGD,Air,,7%,20.58,314.52,2b739daa
eda2096d,4ZRd9NGZZQ,30/11/2022 17:47,B,B11302022174752,3E98Omn83X,702.4,SGD,Air,,7%,49.17,751.57,feafdb40
11c299a6,3PMyW67W67,1/12/2022 9:35,B,B12012022094048,3E98Omn83X,2392.13,SGD,Air,,7%,167.45,2559.58,
ecc0ac2d,3f72f471,1/12/2022 10:56,B,B12012022105705,8X5EJG61Hk,161.44,SGD,Air,,7%,11.3,172.74,506b1056
e2ae65f2,bHy0p906sS,1/12/2022 11:06,B,B12012022110709,gLuyJ85Lwe,306.16,SGD,Air,,7%,21.43,327.59,
9bb9845f,55kcyJWnQ9,1/12/2022 11:41,S,S12012022114118,3E98Omn83X,2486.45,SGD,Air,,7%,174.05,2660.5,
de4a82eb,WL91eH602H,1/12/2022 11:50,S,S12012022115032,3E98Omn83X,1409.35,SGD,Air,,7%,0,1409.35,"8f083905 , 613b46c9"
c3333d5a,PeAw8cWKyB,1/12/2022 12:56,S,S12012022125700,00485f01,978.03,SGD,Air,,7%,68.46,1046.49,
3dbe76b9,ocp0nUa4ER,1/12/2022 12:59,B,B12012022125929,00485f01,216.51,SGD,Air,,7%,15.16,231.67,"55bcea05 , c36080c5"
3b4505e6,a293033e,7/12/2022 10:05,T,T12012022142906,3E98Omn83X,1262.24,SGD,Air,,7%,88.36,1350.6,4162b854
bdd80165,8qbgngVgJ0,1/12/2022 16:26,B,B12012022162656,3E98Omn83X,2338.11,SGD,Air,,7%,163.67,2501.78,1f725b86
c871149f,655074b6,1/12/2022 17:38,S,S12012022173825,8X5EJG61Hk,233.82,SGD,Air,,7%,16.37,250.19,7b8f07fd
1956ac23,7f7fdd94,2/12/2022 10:50,B,B12022022105232,8X5EJG61Hk,468.36,SGD,Air,,7%,32.79,501.15,
d7d17ea4,4f18u3537C,13/12/2022 12:36,S,S12022022123657,db61a4fe,1516.17,SGD,Air,,7%,106.13,1622.3,"2096ab83 , c5ef20ea"
63f0eba9,2e21a003,2/12/2022 15:02,BB,Shopify 1068SJ,gLuyJ85Lwe,0,SGD,Air,,7%,0,0,
75c4e3e0,0301cc99,2/12/2022 15:00,B,B09202022124132BF,8X5EJG61Hk,0,SGD,Air,,0%,0,0,
7fcbed44,28cae36f,14/12/2022 9:55,S,S12022022151012,3E98Omn83X,4743.36,SGD,Air,,7%,0,4743.36,
6c375225,ab389a4d,2/12/2022 15:49,S,S12022022154926,3E98Omn83X,1166.88,SGD,Air,,7%,81.68,1248.56,"2f73ba6a , afaffde4"
4d2e6788,D5Fk7289x1,2/12/2022 16:17,S,S11092022203642BF,db61a4fe,643.39,SGD,Air,,7%,45.04,688.43,
e8b5e93a,06fa670b,5/12/2022 9:09,B,B12052022090931,8X5EJG61Hk,1777.44,SGD,Air,,7%,124.42,1901.86,"6ea7613b , c7205141 , cbf21b17"
f3bbc27d,WL91eH602H,5/12/2022 12:54,S,S12012022115032BF,,35.31,SGD,Air,,7%,2.47,37.78,
362c0351,99a27d7f,5/12/2022 16:55,B,B11012022134122SJ,8X5EJG61Hk,14.36,SGD,Air,,7%,1.01,15.37,
4957ebc0,KDPNJN51Yk,6/12/2022 9:51,B,B12062022095117,8X5EJG61Hk,290.8,SGD,Air,,7%,20.36,311.16,"ea30c728 , 1c7491b7 , 3a756bbb"
,,,,,,,,,,,,,
2d6c865e,39N5vR34gp,6/12/2022 12:55,B,B11282022220037BF,8X5EJG61Hk,0,SGD,Air,,7%,0,0,
3a11cb0a,VCrR9IvzfA,6/12/2022 13:59,B,B12062022140010,T8qy67453l,3115.81,SGD,Sea,,7%,218.11,3333.92,"f69fada2 , 94b7bc97"
2e342cc2,f47da2fc,6/12/2022 14:43,B,B12062022144349,8X5EJG61Hk,372.12,SGD,Air,,7%,26.05,398.17,"cf160a2e , a3a7e750"
ea83f2e4_R,TELcJA9M9q,6/12/2022 15:03,B,B12062022150344,3E98Omn83X,4989.49,SGD,Air,,7%,349.26,5338.75,a23074f9
8d047d89,231f5f55,6/12/2022 15:03,B,B12062022150327,8X5EJG61Hk,1163.55,USD,Air,,0%,0,1163.55,366dc979
63271faf,lD89r7qsyL,6/12/2022 15:33,S,S12062022153419,8X5EJG61Hk,1845,SGD,Sea,,7%,129.15,1974.15,31cfac44
99d90a01,u9Q7w1CAQT,6/12/2022 15:46,B,B12062022154656,8X5EJG61Hk,1336,SGD,Air,,7%,93.52,1429.52,
c1ffa12c,ba0aff8d,6/12/2022 16:43,B,B12062022164408,db61a4fe,2672,SGD,Air,,7%,187.04,2859.04,f0042c37
691a02ca,a931a01c,6/12/2022 17:07,AS,AS12062022170726,db61a4fe,4899,SGD,Sea,,7%,342.93,5241.93,
ffb091ad,ba4d3fb0,6/12/2022 17:09,T,T12062022170912,00485f01,1670.01,SGD,Air,,7%,116.9,1786.91,2968aa8f
6138c694_R,eef08e3a,20/12/2022 18:57,S,S12062022185726,db61a4fe,852.5,SGD,Air,,7%,0,852.5,e3297732
c9a37481,TELcJA9M9q,7/12/2022 12:29,AB,AB29231207,3E98Omn83X,4959.29,SGD,Air,,Exempted,0,4959.29,24f76237
a8fbaf61,TELcJA9M9q,7/12/2022 14:17,BB,BB22120701,3E98Omn83X,4965.03,SGD,Air,,Exempted,0,4965.03,7b59ab01
8958a990,6460ff92,7/12/2022 16:37,B,B12072022163729,3E98Omn83X,520.32,SGD,Air,,7%,0,520.32,a2c8180e
20a148cf,87360d9a,7/12/2022 18:44,B,B12072022184506,db61a4fe,3507.11,SGD,Air,,7%,245.5,3752.61,
9ce93bf5,8fJgA4J040,8/12/2022 9:36,T,T12082022093658,3E98Omn83X,477.16,SGD,Air,,7%,33.4,510.56,
b45d5f06,jpZSXU2A8V,8/12/2022 9:35,B,B12082022094148,8X5EJG61Hk,2484.69,SGD,Air,,7%,173.93,2658.62,
4e2ba26c,1292f213,8/12/2022 10:07,T,T12082022100749,3E98Omn83X,1194.35,SGD,Air,,7%,83.6,1277.95,
,,,,,,,,,,,,,
528cfe2b,ItssapCSik,12/12/2022 14:47,B,B12082022140133,3E98Omn83X,2547.24,SGD,Air,,7%,0,2547.24,"04900d7a , 3ec7f10e , a4aced1b , 30112349 , 1c803c00"
67141006,488t9A161y,8/12/2022 14:36,B,B10212022142809SJ,,0,SGD,Air,,7%,0,0,
,,,,,,,,,,,,,
cfa26cf2,e6666cbb,8/12/2022 16:10,B,B12082022161044,8X5EJG61Hk,542.76,SGD,Air,,7%,37.99,580.75,
24e8d1ef,a8d72cc1,8/12/2022 16:33,BB,Shopify 1073,,307,USD,Air,,Exempted,0,307,e9819047
dfda95c3,faff5ef8,8/12/2022 16:47,BB,Shopify 1074,,378.92,SGD,Air,,Exempted,0,378.92,75547145
e73fb27f,06suB5p2mX,8/12/2022 16:56,B,S11012022161957BF,3E98Omn83X,16.71,SGD,Air,,7%,1.17,17.88,
7f67d9bf,gndBO4Ol94,9/12/2022 9:53,S,S12092022095346,db61a4fe,530,SGD,Air,,0%,0,530,3be177b7
d7f7c6c6,660014bd,9/12/2022 10:02,AB,AB12092022100301,8X5EJG61Hk,1370.52,SGD,Air,,Exempted,0,1370.52,a954a65e
5cfad74a,6eb09cf0,9/12/2022 10:21,S,S12092022102339,3E98Omn83X,971,SGD,Air,,7%,67.97,1038.97,
9bb52200,ryl1bKOpPO,17/12/2022 23:55,S,S12092022102941,3E98Omn83X,915.5,SGD,Air,,8%,73.24,988.74,dbbf1bce
9995de64,ygrNSaz4bh,9/12/2022 10:31,AB,AB12092022103207,8X5EJG61Hk,2756.93,SGD,Air,,Exempted,0,2756.93,44c620e3
810d4638,x33h2drOuX,9/12/2022 10:32,S,S12092022103246,00485f01,445.32,SGD,Air,,7%,0,445.32,2ebb0440
75f5eb9d,bbd2f7c9,9/12/2022 11:44,S,S12092022114500,3E98Omn83X,712.3,SGD,Air,,7%,49.86,762.16,"24cbf1a7 , 7d3602ff"
0bbe9bed,06fa670b,9/12/2022 14:41,B,B12092022144146,8X5EJG61Hk,1704.53,SGD,Air,,7%,119.32,1823.85,"c167c130 , b5445d93"
fa4b6ecb,44941260,9/12/2022 14:57,BB,Shopify 1075,,161,USD,Air,,Exempted,0,161,376cd528
1309e8f1,6e098aa6,9/12/2022 15:05,BB,Shopify 1076,,593,USD,Air,,Exempted,0,593,12a319f1
e2a77d12,fvIH3Ur1DW,9/12/2022 16:22,B,B12092022162235,8X5EJG61Hk,195.89,SGD,Air,,7%,13.71,209.6,"17294f7b , b003a927"
c516a7e7,VLSxI59801,9/12/2022 19:00,S,S12092022190039,3E98Omn83X,1165.61,SGD,Air,,7%,81.59,1247.2,"4d6347ba , 8b9809f0"
9c856c27,2ab2c37f,12/12/2022 9:32,B,B09212022100048BF,,0,SGD,Air,,7%,0,0,
29261280,a954a4d6,3/1/2023 16:19,B,B12122022133347,3E98Omn83X,317.98,SGD,Air,,8%,25.44,343.42,9c548b76
6af03758,4DS6poaMwG,12/12/2022 15:04,S,S12122022150417,3E98Omn83X,222.66,SGD,Air,,7%,15.59,238.25,b9263eb6
,,,,,,,,,,,,,
cf3df854,98589634,12/12/2022 16:32,B,B12122022163300,00485f01,3681.54,SGD,Air,,7%,257.71,3939.25,"9c4ac0ff , a1d149bd , b089cea0 , e12e8bd2 , bb121b72 , 923d4cf8 , c4f8cae4 , 91da75ff"
8a61fcfa,2f89e51f,12/12/2022 17:03,B,B12122022170336,gLuyJ85Lwe,40781.99,SGD,Air,,0%,0,40781.99,9ef5f140
db703049,06fa670b,12/12/2022 17:05,B,B12122022170536,8X5EJG61Hk,1407.54,SGD,Air,,7%,98.53,1506.07,"1198b147 , 4d0e4b68"
4d2aa08d,3d1a9c2e,12/12/2022 17:14,B,B12122022173057,8X5EJG61Hk,621,SGD,Air,,7%,43.47,664.47,c37c518d
4d1a6789,f491f2c2,12/12/2022 18:57,B,B12122022185727,00485f01,5948.86,SGD,Air,,7%,416.42,6365.28,ce2ff519
478beef3,98589634,12/12/2022 19:13,AB,AB12122022191328,00485f01,2390.65,SGD,Sea,,Exempted,0,2390.65,"5dc303f5 , 8dbff854 , 95843486 , a78375db"
d3832997,557ea500,13/12/2022 9:12,B,B12132022091254,00485f01,11035.39,SGD,Air,,7%,772.48,11807.87,
e0d7abcc,26f30ef4,13/12/2022 14:20,B,B12132022142018,8X5EJG61Hk,0,SGD,Air,,7%,0,0,
6d6bd9d6,d9af810e,13/12/2022 15:47,B,B10312022172729BF,,0,SGD,Air,,7%,0,0,
d4742a59,L9sXyUZtXD,13/12/2022 15:59,B,B12132022155908,00485f01,2582.16,SGD,Air,,7%,180.75,2762.91,
db454efc_R,69dc9b2b,13/12/2022 18:07,S,S12132022180701,00485f01,1249.43,SGD,Air,,7%,0,1249.43,12ba9073
9a1bcb8e,07acaa1f,14/12/2022 10:36,BB,BB12142022103952,,791.13,SGD,Air,,0%,0,791.13,
3843a164,9c1e5b02,14/12/2022 10:48,S,S12142022105150,gLuyJ85Lwe,1892.7,SGD,Air,,0%,0,1892.7,
70efdaac,81bea910,14/12/2022 11:15,BB,BB12142022111529,,20,SGD,Air,,Exempted,0,20,f5a2e2e4
,,,,,,,,,,,,,
6d2c7232,jpZSXU2A8V,14/12/2022 11:54,B,B12142022115441,8X5EJG61Hk,2254.5,SGD,Air,,7%,157.82,2412.32,096ac2a1
0572c369,fvIH3Ur1DW,14/12/2022 12:11,B,B12142022121116,8X5EJG61Hk,288.47,SGD,Air,,7%,20.19,308.66,
c9565156,e6666cbb,14/12/2022 16:11,B,B12142022161207,8X5EJG61Hk,2485.8,SGD,Air,,7%,174.01,2659.81,
fdeb28eb,e6666cbb,14/12/2022 16:23,B,B12142022162559,8X5EJG61Hk,6198.21,SGD,Air,,7%,433.87,6632.08,
9a1bcb8e_R,07acaa1f,14/12/2022 16:53,BB,BB12142022165354,db61a4fe,1680,SGD,Air,,Exempted,0,1680,
10fdc479,189d9dca,14/12/2022 17:12,T,T12142022171220,3E98Omn83X,2369.82,SGD,Air,,7%,165.89,2535.71,
5dd7960c,4cabf380,14/12/2022 16:11,B,B12142022161355,db61a4fe,234.63,SGD,Air,,7%,16.42,251.05,"e7f34c99 , 98074ca8"
27392621,e12ba649,14/12/2022 17:51,S,S12142022175526,db61a4fe,2894.67,SGD,Air,,7%,202.63,3097.3,
13eb39b8,hL800efJnq,15/12/2022 9:23,B,B12152022092418,8X5EJG61Hk,293.81,SGD,Air,,7%,0,293.81,"91809ceb , 655eb025 , d5587553"
d8d8a30a,3593fd28,3/1/2023 15:51,T,T12152022112222,3E98Omn83X,37665.54,SGD,Air,,8%,3013.24,40678.78,
a2ca7a20,2814f973,15/12/2022 13:07,BS,BS12152022130804,,131,USD,Air,,Exempted,0,131,b0287419
d1445217,4ZRd9NGZZQ,15/12/2022 13:10,S,S12152022131056,3E98Omn83X,948.88,SGD,Air,,7%,66.42,1015.3,68acceea
d9e5e245,99a27d7f,4/1/2023 13:30,B,B12152022133021,8X5EJG61Hk,2088.94,SGD,Air,,8%,167.12,2256.06,ab14180f
3b5a7b6d,4dc64e53,28/12/2022 14:10,S,S12152022193729,3E98Omn83X,4625.14,SGD,Air,,8%,370.01,4995.15,9cc30a61
71943206,f47da2fc,15/12/2022 19:44,B,B12152022194419,3E98Omn83X,1440.44,SGD,Air,,7%,100.83,1541.27,"f0feceb5 , fb4313a8 , 046e87cb"
71943206_R,f47da2fc,15/12/2022 20:13,AB,AB22121602,3E98Omn83X,871.41,SGD,Air,,7%,61,932.41,"25fc9515 , 144715b0"
3b5a7b6d_R,4dc64e53,28/12/2022 14:10,AS,AS22121601,,4980.92,SGD,Air,,8%,398.47,5379.39,
70837db8,9fa1d317,15/12/2022 20:32,S,S12152022203524,db61a4fe,174,SGD,Air,,Exempted,0,174,
e1d858c4,011a0164,15/12/2022 20:59,B,B12152022210139,db61a4fe,577.35,SGD,Air,,7%,40.41,617.76,"29bb79f3 , 3635bef5"
8360b96e,557ea500,16/12/2022 9:31,AB,AB12162022093124,00485f01,12295.39,SGD,Air,,Exempted,0,12295.39,
eaed0201,87360d9a,16/12/2022 14:12,AB,AB12162022141257,db61a4fe,3512.75,SGD,Air,,7%,0,3512.75,94b5e9fa
93ed436a,87360d9a,16/12/2022 14:22,B,B12162022142245,00485f01,4857.45,SGD,Air,,7%,0,4857.45,06c0287b
445b286b,87360d9a,16/12/2022 15:39,BB,BB12162022153938,00485f01,3550.4,SGD,Air,,7%,0,3550.4,a2e500d0
d3c03dc5,4ZRd9NGZZQ,16/12/2022 16:01,AB,AB22121603,3E98Omn83X,1018.72,SGD,Air,,7%,0,1018.72,10ae97fd
5fc78951,8z4IYYaYdd,20/12/2022 17:00,S,S12162022170028,db61a4fe,4556,SGD,Air,,7%,318.92,4874.92,5a566fda
d3c03dc5_R,4ZRd9NGZZQ,16/12/2022 17:58,AB,AB22121701,3E98Omn83X,293.24,SGD,Air,,7%,0,293.24,21010bad
e6b14267,f73ce5e0,16/12/2022 18:25,S,S12162022183003,db61a4fe,446.29,SGD,Air,,7%,31.24,477.53,
86972c4a,9aaadb12,16/12/2022 18:47,S,S12162022184920,db61a4fe,909,SGD,Air,,Exempted,0,909,
ceea4dbd,p4pkmrbg8M,16/12/2022 19:36,B,B12162022193621,T8qy67453l,294.82,SGD,Air,,7%,20.64,315.46,95af09fe
bd95c249,6ceb001e,16/12/2022 21:18,B,B12162022211843,8X5EJG61Hk,2210.62,SGD,Air,,7%,154.74,2365.36,"c2d89d24 , 6f85f1c2 , 98c858a7"
463449cf,231f5f55,16/12/2022 23:02,B,B12162022231819,8X5EJG61Hk,907.45,USD,Air,,7%,63.52,970.97,
0a624cff,xw71fJ415b,17/12/2022 9:51,S,S12172022095206,3E98Omn83X,5683.47,USD,Air,,0%,0,5683.47,
13dd206f,ryl1bKOpPO,17/12/2022 23:55,S,S12172022235557,3E98Omn83X,843.17,SGD,Air,,8%,67.45,910.62,11b95a08
1b2ad899_R,dd970a60,19/12/2022 11:41,BB,BB12192022114116,gLuyJ85Lwe,868.98,SGD,Air,,Exempted,0,868.98,e9d6a5d4
ed303972,GHbrZ9WLG3,19/12/2022 14:21,B,B12192022142138,8X5EJG61Hk,0,SGD,Air,,7%,0,0,
332b1631,6ceb001e,19/12/2022 14:39,B,B12192022143947,8X5EJG61Hk,9198.93,SGD,Air,,7%,643.93,9842.86,
e9855803,VLSxI59801,19/12/2022 16:42,S,S12192022164231,3E98Omn83X,72.29,SGD,Air,,7%,5.06,77.35,b10dc088
d671417d,7f8bcd20,19/12/2022 16:47,S,S12192022164744,8X5EJG61Hk,495.3,SGD,Air,,7%,34.67,529.97,
8ceebacb,6ceb001e,5/1/2023 17:56,BB,BB12192022175707,8X5EJG61Hk,3980.18,SGD,Air,,Exempted,0,3980.18,4c6047fb
aeb33830,6ceb001e,19/12/2022 18:01,B,B12192022180125,8X5EJG61Hk,5650.18,SGD,Air,,7%,395.51,6045.69,
569f3dbd,5q282qed0R,19/12/2022 18:11,S,S12192022181119,db61a4fe,1114.63,SGD,Air,,7%,0,1114.63,
9a50e160,fEXeW6R1J3,19/12/2022 19:28,B,B12192022192830,8X5EJG61Hk,798.83,SGD,Air,,7%,55.92,854.75,"ad1ffe2a , 7c09ada3 , be3a3a7a"
f5f596ab,fEXeW6R1J3,19/12/2022 20:06,B,B12192022200704,8X5EJG61Hk,758.19,SGD,Air,,7%,53.07,811.26,b0c551d4
,,,,,,,,,,,,,
09b1917f,11320a73,20/12/2022 12:18,S,S12202022121821,3E98Omn83X,195.88,SGD,Air,,7%,13.71,209.59,
2389e95b,06suB5p2mX,20/12/2022 15:51,B,B12202022155134,3E98Omn83X,772.38,SGD,Air,,7%,0,772.38,b82f994b
,,,,,,,,,,,,,
f9ac7e76,1c127085,21/12/2022 11:20,S,S12212022112109,3E98Omn83X,133.87,SGD,Air,,0%,0,133.87,e9928328
3843a164_R,9c1e5b02,21/12/2022 11:42,S,S12212022114220,gLuyJ85Lwe,916.15,SGD,Air,,0%,0,916.15,
f2f7e36f,1b04ee43,21/12/2022 12:54,L,L12212022125417SJ,3E98Omn83X,209.2,SGD,Air,,7%,14.64,223.84,
a20ec99d,KDPNJN51Yk,21/12/2022 13:21,B,B12212022132453,8X5EJG61Hk,670.51,SGD,Air,,7%,46.94,717.45,513fe16b
6cf4e8db,1b04ee43,21/12/2022 15:37,L,L12212022125417,3E98Omn83X,230,SGD,Air,,7%,0,230,ccc5344d
36b37be9,VLSxI59801,21/12/2022 17:06,S,S12212022170701,3E98Omn83X,3890.36,SGD,Air,,7%,272.33,4162.69,
552216ed,VLSxI59801,21/12/2022 17:21,S,S12212022172137,3E98Omn83X,3711.09,SGD,Air,,7%,259.78,3970.87,
9ba023c7,07acaa1f,22/12/2022 10:30,BB,BB12222022103103,gLuyJ85Lwe,1809.88,SGD,Air,,Exempted,0,1809.88,9af54504
bcad34ab,3d2c0780,22/12/2022 14:18,B,B12222022141840,00485f01,2333.53,SGD,Air,,7%,0,2333.53,bb26ead6
acd6b43e,b82ec221,22/12/2022 15:36,S,S12222022154034,gLuyJ85Lwe,225.87,SGD,Air,,0%,0,225.87,
38feff78,4u7s55Vw34,23/12/2022 11:01,S,S12232022110218,3E98Omn83X,449.33,SGD,Air,,7%,0,449.33,16c1699e
b75ca633,j6v26jLuwm,23/12/2022 17:46,B,B12232022174702,00485f01,4374.93,SGD,Air,,7%,306.25,4681.18,"d3b1db57 , e2cc1d7f , 30f71820"
c5155f56,X2ywZ9GnQE,3/1/2023 0:27,B,B12242022002746,8X5EJG61Hk,4167.31,SGD,Air,,8%,333.38,4500.69,"1cc3dc0e , 82664c92 , f8a7f395"
a3096f83,19ac2e87,27/12/2022 11:10,L,L12272022111148,3E98Omn83X,191.64,SGD,Air,,7%,13.41,205.05,3e1befc7
06cd664b,fEXeW6R1J3,27/12/2022 11:29,B,B12272022112931,8X5EJG61Hk,481.44,SGD,Air,,7%,33.7,515.14,f78d6d93
4bca39c1,hL800efJnq,27/12/2022 13:07,S,S12272022130757,8X5EJG61Hk,3912.58,SGD,Air,,7%,273.88,4186.46,
e223c4a8_R,70e993db,27/12/2022 17:12,S,S12272022171220,db61a4fe,1607.67,SGD,Air,,7%,0,1607.67,"a3bd099c , 2585ac94 , e8ade880 , 26933d4e , 0addb0a1"
1be1f0b5,UzdUJe146M,27/12/2022 18:59,B,B12272022185952,8X5EJG61Hk,216.81,SGD,Air,,7%,15.18,231.99,7248f2b0
3b0aa0e6,9or4RfVO6l,28/12/2022 12:53,AB,AB12282022125325,8X5EJG61Hk,2254.87,SGD,Air,,Exempted,0,2254.87,"93cf4a3c , 55a89fcb , 16ad08d1"
6c167ef9,3593fd28,3/1/2023 15:52,T,T12282022131945,3E98Omn83X,133921.92,SGD,Air,,8%,10713.75,144635.67,
7fa7da7a,9086f10b,7/2/2023 17:10,S,S12282022144443,3E98Omn83X,2704.45,SGD,Air,,8%,216.36,2920.81,"b2ba3268 , 9e3ae38f"
063a9eac,fEXeW6R1J3,28/12/2022 15:35,B,B12192022192830SJ,8X5EJG61Hk,0,SGD,Air,,7%,0,0,
e0aa69be_R,D6O4LUfz2f,4/1/2023 12:48,B,B12282022174805,8X5EJG61Hk,2237.13,SGD,Air,,8%,178.97,2416.1,e6901de9
8f8415bf,7ab79e98,30/12/2022 14:01,S,S12302022140446,3E98Omn83X,414.16,SGD,Air,,7%,28.99,443.15,
b668ef56,xw71fJ415b,30/12/2022 15:07,S,S12302022150803,3E98Omn83X,24296.4,USD,Air,,0%,0,24296.4,
dde136fc,87360d9a,30/12/2022 19:08,B,B12302022190907,00485f01,654.08,SGD,Air,,7%,0,654.08,c96bde0e
7c5e4646,87360d9a,30/12/2022 19:29,B,B12302022192940,00485f01,16351.94,SGD,Air,,7%,0,16351.94,
a24c964f,X2ywZ9GnQE,21/3/2023 12:14,AB,AB01012023121427,8X5EJG61Hk,2997.93,SGD,Sea,,Exempted,0,2997.93,
69f5b3e4,X2ywZ9GnQE,1/1/2023 12:25,AB,AB01012023122557,8X5EJG61Hk,5869.5,SGD,Sea,,Exempted,0,5869.5,98e51d8e
b553ae75,fEXeW6R1J3,1/1/2023 12:37,B,B01012023123744,8X5EJG61Hk,493.49,SGD,Air,,8%,39.48,532.97,c0c56b93
618f757c,X2ywZ9GnQE,17/1/2023 13:07,B,B01022023130759,8X5EJG61Hk,2975.59,SGD,Air,,8%,238.05,3213.64,"b2629ce0 , 3a4034b2"
6beb5928,6B4UJCNbVd,3/1/2023 11:06,S,S01032023110611,00485f01,311.74,SGD,Air,,8%,24.94,336.68,e4fdd9af
7263e52e,f63e6d5a,3/1/2023 11:22,B,B01032023112804,8X5EJG61Hk,165.48,SGD,Air,,8%,13.24,178.72,
77d111c6,e78e48e5,5/1/2023 12:27,B,B01032023124705SJ,8X5EJG61Hk,13007.68,USD,Air,,0%,0,13007.68,
431b6d41,7f8bcd20,3/1/2023 12:55,B,B01032023125537,8X5EJG61Hk,802.17,SGD,Air,,8%,64.17,866.34,"ead1b72d , c547fdff"
d8d8a30a_R,3593fd28,3/1/2023 15:52,T,T01032023155248,3E98Omn83X,8748.54,SGD,Air,,8%,699.88,9448.42,
6c167ef9_R,3593fd28,3/1/2023 15:52,T,T01032023155254,3E98Omn83X,31105.92,SGD,Air,,8%,2488.47,33594.39,
40c911f2_R,IEGO2KU1a7,3/1/2023 16:31,S,S01032023163155,8X5EJG61Hk,3775.39,SGD,Air,,8%,302.03,4077.42,df0c4cba
2781a71f,Tb6MBkP8o7,3/1/2023 16:48,T,T01032023164843,3E98Omn83X,1904.58,SGD,Air,,8%,152.37,2056.95,59dde015
1764d4f5,K92gCb2qYl,3/1/2023 17:40,B,B01032023174016,3E98Omn83X,114.12,SGD,Air,,8%,9.13,123.25,dab032e1
b1eea1eb,fEXeW6R1J3,3/1/2023 21:53,B,B01032023215314,8X5EJG61Hk,673.85,SGD,Air,,8%,53.91,727.76,"a8b3068e , 2cc79f34"
9f13df59,3ce95701,4/1/2023 11:12,T,T01042023111243,00485f01,7882.96,SGD,Air,,8%,630.64,8513.6,
6eeb41bd,e6666cbb,4/1/2023 11:41,B,B01042023114205,8X5EJG61Hk,927.43,SGD,Sea,,8%,74.19,1001.62,
f282ab29,5960fa38,4/1/2023 12:42,B,B01042023124301,00485f01,208.26,SGD,Air,,8%,16.66,224.92,
307c6fb4,e6666cbb,4/1/2023 13:40,B,B01042023134029,8X5EJG61Hk,2797.25,SGD,Air,,8%,223.78,3021.03,
826873ac,e6666cbb,4/1/2023 13:52,B,B01042023135235,8X5EJG61Hk,2532.84,SGD,Air,,8%,202.63,2735.47,
223394c4,e6666cbb,4/1/2023 14:07,B,B01042023140750,8X5EJG61Hk,4397.62,SGD,Air,,8%,351.81,4749.43,"311654d8 , 047d49b2 , b7b132ba , 42fe0035"
f7189e6c,e6666cbb,4/1/2023 15:31,AB,AB01042023153206,8X5EJG61Hk,4774.09,SGD,Sea,,Exempted,0,4774.09,"53384b9e , 577424c3 , f5d6ca7c , 7411b193 , 9a32c070 , 1ac2659d"
4dbc6768,06suB5p2mX,4/1/2023 17:19,S,S01042023171945,3E98Omn83X,767.8,SGD,Air,,8%,61.42,829.22,"bd04da9d , f7e2e625"
a462c915,1a7f5883,4/1/2023 19:37,B,B01042023193743,8X5EJG61Hk,965.55,SGD,Air,,8%,77.24,1042.79,"67362d90 , d7912203"
a3d0e687,f63e6d5a,4/1/2023 19:57,B,B01042023195751,8X5EJG61Hk,2229.35,SGD,Air,,8%,178.35,2407.7,"d7b320d6 , b7fc5d87 , d85fd47c , 0b00f110 , c195b3d8 , ee9efe3b"
d83855ed,3PMyW67W67,5/1/2023 9:39,S,S01052023093958,3E98Omn83X,1280.33,SGD,Air,,8%,102.43,1382.76,e59f79e1
45fbad2c,d96409f0,5/1/2023 13:29,B,B10212022142809BF,3E98Omn83X,217.1,SGD,Air,,8%,17.37,234.47,
,,,,,,,,,,,,,
5b747560,6ceb001e,5/1/2023 16:20,B,B01052023162059,8X5EJG61Hk,1132.02,SGD,Air,,8%,90.56,1222.58,"a9c77118 , e73c407d , 3b95e3c2 , d11ed1ce"
d28de71b,5e9d829a,5/1/2023 16:30,B,B01052023163155,3E98Omn83X,4672.45,SGD,Air,,8%,373.8,5046.25,a8d96c25
4fd1ed24,5fe968b5,9/1/2023 9:33,B,B01052023164047,3E98Omn83X,4440.4,SGD,Air,,8%,355.23,4795.63,bcfceaba
bfc8c5f2,xEK6r63Cy3,5/1/2023 17:25,S,S01052023172523,3E98Omn83X,440,SGD,Air,,8%,35.2,475.2,06743f01
a3bd8e40,eb63c82d,6/1/2023 10:10,B,B01062023101037,8X5EJG61Hk,3354.39,AUD,Air,,0%,0,3354.39,
77d111c6_R,e78e48e5,6/1/2023 12:09,B,B01062023120954,8X5EJG61Hk,6375.42,USD,Air,,0%,0,6375.42,c1323add
dcbc2b80,fEXeW6R1J3,6/1/2023 12:40,B,B01062023124047,8X5EJG61Hk,82.11,SGD,Air,,8%,6.57,88.68,"5a97adc5 , 4070d000"
,,,,,,,,,,,,,
4690f6ae,98589634,6/1/2023 14:16,B,B12122022163300BF,00485f01,0,SGD,Air,,8%,0,0,
65f9c530,e78e48e5,6/1/2023 14:36,AB,AB01062023143651,8X5EJG61Hk,6605.95,USD,Air,,0%,0,6605.95,30a8bc55
b7dd854e,Zgf6bE537J,6/1/2023 15:20,S,S01062023152031,3E98Omn83X,5775.45,SGD,Air,,0%,0,5775.45,
7e898d66,07acaa1f,6/1/2023 15:30,BS,BS01062023153015,,661.59,SGD,Air,,8%,52.93,714.52,5d81fb5e
b263d0b7,07acaa1f,6/1/2023 16:51,BS,BS01062023165151,,0,SGD,Air,,8%,0,0,
fae09fe9_R,6B4UJCNbVd,6/1/2023 17:06,S,S01062023170635,00485f01,588.48,SGD,Air,,8%,47.08,635.56,c58c328f
3a9f45fc_R,0c83fde9,6/1/2023 17:51,S,S01062023175154,00485f01,222.72,SGD,Air,,8%,17.82,240.54,351562d5
550cc445,TELcJA9M9q,7/1/2023 13:13,B,B01072023131337,3E98Omn83X,2310.82,SGD,Air,,8%,184.87,2495.69,8d95b409
8121eea6,Q8nomXWRc2,7/1/2023 13:29,B,B01072023132932,3E98Omn83X,694.72,SGD,Air,,8%,55.58,750.3,9c3577ee
692bc934,3593fd28,16/1/2023 14:07,T,T01072023135143,3E98Omn83X,19163.28,SGD,Air,,8%,1533.06,20696.34,
4d14dd67,189d9dca,8/1/2023 19:00,T,T12142022171220SJ,,0,SGD,Air,,8%,0,0,
ea83f2e4_R_R,TELcJA9M9q,8/1/2023 19:03,B,B12062022150344SJ,,8321.17,SGD,Air,,8%,665.69,8986.86,
32d1a129,117f04cb,9/1/2023 8:55,BS,BS01092023085725,,273.39,SGD,Air,,0%,0,273.39,cf90c845
e9bc63c0,5fe968b5,9/1/2023 9:37,S,S01092023093734,3E98Omn83X,489.12,SGD,Air,,8%,39.13,528.25,40fa7f7d
c7f10193,TELcJA9M9q,9/1/2023 10:21,S,S04062022135556BF,,0,SGD,Air,,8%,0,0,
f9f7d1d4,c42a311e,9/1/2023 13:37,B,S11212022111624BF,db61a4fe,0,SGD,Air,,8%,0,0,
bd8fa0ac,4ZRd9NGZZQ,9/1/2023 14:30,B,B01092023143012,3E98Omn83X,919.05,SGD,Air,,8%,73.52,992.57,"fb22a695 , a0c87ddd , b35adc0f"
8035ce7b,87360d9a,9/1/2023 14:28,B,B01092023142902,00485f01,5040.11,SGD,Air,,8%,403.21,5443.32,dd6662e9
8c882615,87360d9a,9/1/2023 14:37,AB,AB01092023143757,00485f01,5800.66,SGD,Air,,8%,464.05,6264.71,25fa10ab
d5ba92e2,87360d9a,9/1/2023 14:48,BB,BB01092023144906,00485f01,5412.61,SGD,Air,,8%,433.01,5845.62,
bd8fa0ac_R,4ZRd9NGZZQ,9/1/2023 15:45,AB,AB2023010801,3E98Omn83X,620.6,SGD,Air,,Exempted,0,620.6,9c69f047
f330997a_R,4I3HDTm7GG,9/1/2023 21:57,B,B01092023215728,,539.75,SGD,Air,,8%,43.18,582.93,8334a572
66ee667b,VLSxI59801,10/1/2023 15:08,S,S01102023150857,3E98Omn83X,226.02,SGD,Air,,8%,18.08,244.1,
87c2df16,1a7f5883,10/1/2023 15:18,B,B01102023152318,8X5EJG61Hk,178.13,SGD,Air,,8%,14.25,192.38,4b58464c
81aa8d8a,fEXeW6R1J3,10/1/2023 15:27,B,B01102023152720,8X5EJG61Hk,335.68,SGD,Air,,8%,26.85,362.53,808691a2
6c9c1eb2,48027e8f,10/1/2023 15:35,B,B01102023153558,3E98Omn83X,5554.34,SGD,Air,,8%,444.35,5998.69,8f7ba2f0
e38d9a01,f63e6d5a,10/1/2023 15:53,B,B01042023195751SJ,8X5EJG61Hk,295.03,SGD,Air,,8%,23.6,318.63,
07d80202,X2ywZ9GnQE,10/1/2023 16:06,B,B01102023160621,8X5EJG61Hk,0,SGD,Air,,8%,0,0,
b96ac1b6,fEXeW6R1J3,10/1/2023 16:25,B,B01102023162554,8X5EJG61Hk,11.14,SGD,Air,,8%,0.89,12.03,
889b52aa,b812be4f,10/1/2023 16:41,S,S01102023164319,3E98Omn83X,422.92,USD,Air,,0%,0,422.92,
be1d2a1f,GSdCKW3Z5w,10/1/2023 16:56,S,S01102023165620,8X5EJG61Hk,794.86,SGD,Air,,8%,63.59,858.45,
0955705a,fvIH3Ur1DW,10/1/2023 17:31,B,B01102023173138,8X5EJG61Hk,95.72,SGD,Air,,8%,7.66,103.38,d81102c0
33c62164,PeAw8cWKyB,10/1/2023 21:39,S,S01102023213919,00485f01,360.23,SGD,Air,,8%,28.82,389.05,
417baf54,bcd08322,11/1/2023 8:41,B,B01112023084122,8X5EJG61Hk,484.01,SGD,Air,,8%,38.72,522.73,"7588761a , a10c465c"
d3832997_R,557ea500,11/1/2023 10:10,B,B01112023101005,00485f01,11035.39,SGD,Air,,8%,882.83,11918.22,
e3d42630,f47da2fc,11/1/2023 11:59,B,B12152022194419BF,3E98Omn83X,0,SGD,Air,,8%,0,0,
c1e02ffd,wD0mqPXvsw,11/1/2023 14:21,S,S01112023142203,00485f01,11992.21,SGD,Air,,8%,959.38,12951.59,
c6374fee,PeAw8cWKyB,11/1/2023 14:31,S,S01112023143119,00485f01,338.8,SGD,Air,,8%,27.1,365.9,
53ccae7c,1QjSD5K2L8,11/1/2023 15:53,B,B01112023155320,3E98Omn83X,198.04,SGD,Air,,8%,15.84,213.88,
c1ccba67,xw71fJ415b,30/1/2023 16:26,S,S01112023162658,3E98Omn83X,1216.18,USD,Air,,0%,0,1216.18,
f1af6bc5,UzdUJe146M,11/1/2023 17:21,B,B01112023172157,8X5EJG61Hk,81.84,SGD,Air,,8%,6.55,88.39,57f72c2d
bd671e9a,660014bd,12/1/2023 14:35,T,T01122023143608,8X5EJG61Hk,1002,SGD,Air,,8%,80.16,1082.16,
afe6e2b1,8z4IYYaYdd,12/1/2023 15:18,S,S01122023151837,00485f01,2226,SGD,Air,,8%,178.08,2404.08,c6c1f172
64e0beee,a6834fa7,16/1/2023 11:16,B,B01122023152953,3E98Omn83X,544.34,SGD,Air,,8%,43.55,587.89,"2d3fe22f , 654ecdf0 , 4e4a631a , ec252023 , 78352efc"
4cf0e59c,3PMyW67W67,13/1/2023 13:26,S,S01132023132618,3E98Omn83X,2226.8,SGD,Air,,8%,178.14,2404.94,
9c4067e7,ee44267f,13/1/2023 13:38,L,L01132023133835,3E98Omn83X,342.91,SGD,Air,,8%,27.43,370.34,
569f3dbd_R,5q282qed0R,13/1/2023 15:29,S,S01132023152942,00485f01,1029.46,SGD,Air,,8%,82.36,1111.82,0c42290a
60f40ada,87360d9a,13/1/2023 16:31,B,B01132023163113,00485f01,2185,SGD,Air,,8%,174.8,2359.8,
595be804,Z3UDr9nQA8,13/1/2023 23:17,B,S09222022140932BF,3E98Omn83X,0,SGD,Air,,8%,0,0,
02f52ba2,c6a54af3,16/1/2023 10:01,S,S01162023100114,8X5EJG61Hk,216,SGD,Air,,8%,17.28,233.28,a47c8818
41a11175,c6a54af3,16/1/2023 10:08,S,S01162023100858,8X5EJG61Hk,214,SGD,Air,,8%,17.12,231.12,777f8308
be3b0286,ItssapCSik,16/1/2023 11:09,B,B01162023110952,3E98Omn83X,885.91,SGD,Air,,8%,70.87,956.78,"00bbb6ef , f8742e44"
c888b27e,a6834fa7,16/1/2023 11:39,S,S01162023113936,3E98Omn83X,152.86,SGD,Air,,8%,12.23,165.09,
9bb963a3,33eff098,16/1/2023 15:14,S,S01162023151434,3E98Omn83X,947.78,SGD,Air,,8%,75.82,1023.6,
21df2146_R,58ea2d28,16/1/2023 21:45,S,S01162023214523,8X5EJG61Hk,626.74,SGD,Air,,8%,50.14,676.88,"7e8b1d85 , 5a1efd0e"
41f3d24b,K92gCb2qYl,17/1/2023 12:54,B,B01172023125505,3E98Omn83X,330.66,SGD,Air,,8%,26.45,357.11,"bc24da5b , d76737fe"
52564f46_R_R,XpP0Bn0s55,18/1/2023 10:02,S,S01182023100222,,1847.35,SGD,Air,,8%,147.79,1995.14,"946e1d73 , 5b22e38d"
42ce14a4,655c8c2b,18/1/2023 10:19,BS,BS01182023102220,,114,USD,Air,,0%,0,114,c9b50254
e5bd51e8,8691932f,18/1/2023 10:30,BS,BS01182023103157,,90,USD,Air,,0%,0,90,89b56954
fe9ab1d4,d78dd98f,18/1/2023 10:35,BS,BS01182023104217,,135,USD,Air,,0%,0,135,e7d2f588
f959841c,ItssapCSik,18/1/2023 13:30,AB,AB2023011801,3E98Omn83X,1332.1,SGD,Air,,Exempted,0,1332.1,"d493c2c1 , 48a958a2 , d723bfa7 , bcaf385f , 3fdf0c1f"
37fb5af2,xEK6r63Cy3,18/1/2023 14:14,S,S01182023141436,3E98Omn83X,946.35,SGD,Air,,8%,75.71,1022.06,
f2dc5d64,5f14753d,18/1/2023 14:51,S,S01182023145237,3E98Omn83X,195.92,USD,Air,,8%,15.67,211.59,
ea4b911b,73c8aea7,18/1/2023 16:41,S,S01182023164112,00485f01,222.66,SGD,Air,,8%,17.81,240.47,64a1b244
fb49d603,a4122309,18/1/2023 16:58,B,B01182023165904,00485f01,706.71,SGD,Air,,8%,56.54,763.25,"b2a343d1 , a009f624 , b897e6d3"
c10aebd1,b9bffa79,18/1/2023 16:57,L,L01182023170143,8X5EJG61Hk,84.26,SGD,Air,,8%,6.74,91,74ec0229
ff558d14,0025c37b,18/1/2023 20:42,S,S01182023204540,,268.51,SGD,Air,,0%,0,268.51,
7e8c2bd9,9f6c6fcc,19/1/2023 8:42,AB,AB01192023084250,8X5EJG61Hk,5594.52,SGD,Air,,Exempted,0,5594.52,
02675b67,1f6et5pP1O,19/1/2023 10:22,T,T01192023102249,00485f01,668.01,SGD,Air,,8%,53.44,721.45,0a5fde00
64e0beee_R,a6834fa7,19/1/2023 10:28,B,B01192023102851,,15.37,SGD,Air,,8%,1.23,16.6,b0048f61
a6bea126,bd1661e8,19/1/2023 13:21,BS,BS01192023132418,,936.7,SGD,Air,,0%,0,936.7,
772f3ff9,98589634,19/1/2023 15:10,AB,AB01192023151111,00485f01,2148.8,SGD,Air,,8%,171.9,2320.7,2b7f7950
572a618b,0836ff76,31/1/2023 15:29,S,S01192023153133,,1030,SGD,Air,,0%,0,1030,0c6664a4
29c05707,742d7987,2/2/2023 13:34,S,S01192023153729,3E98Omn83X,382.14,SGD,Sea,,8%,30.57,412.71,d5382f8e
e0dcd96a,1292f213,19/1/2023 16:20,B,B01192023162045,3E98Omn83X,299.2,SGD,Air,,8%,23.94,323.14,e8efb1cd
d1b4c2e3,d23a3326,20/1/2023 10:04,BS,BS01202023100744,,92.96,SGD,Air,,Exempted,0,92.96,c5b68a57
bc80be33,a6f1dbf6,20/1/2023 10:39,S,S01202023104016,8X5EJG61Hk,4463,SGD,Air,,8%,357.04,4820.04,
e301c427,1f6et5pP1O,20/1/2023 11:25,B,B01202023112542,8X5EJG61Hk,12525.02,SGD,Sea,,8%,1002,13527.02,
94849430,ItssapCSik,30/1/2023 10:38,AB,AB2023012001,3E98Omn83X,1781.02,SGD,Air,,Exempted,0,1781.02,"045c529d , 1ba72943 , 1ac91dd5 , 5ea50c9a"
80994271,fEXeW6R1J3,20/1/2023 11:42,B,B01202023114306,8X5EJG61Hk,717.57,SGD,Air,,8%,57.41,774.98,3f8d928e
043a953e,1f6et5pP1O,20/1/2023 12:31,S,S01202023123121,8X5EJG61Hk,5884.77,SGD,Sea,,8%,470.78,6355.55,
8cd2cba4,84031ec8,27/1/2023 9:46,S,S01272023100751,gLuyJ85Lwe,589.95,SGD,Air,,0%,0,589.95,
4f7902d4,3d2c0780,28/1/2023 12:47,B,B12222022141840BF,00485f01,0,SGD,Air,,0%,0,0,
b87197e1_R,2ii3577q55,30/1/2023 9:39,T,T01302023093955,8X5EJG61Hk,12956.5,SGD,Air,,8%,1036.52,13993.02,
1ba0d936,KDPNJN51Yk,30/1/2023 10:15,B,B01302023101537,8X5EJG61Hk,565.3,SGD,Air,,8%,45.22,610.52,6f252962
572a618b_R,fc56a7a3,30/1/2023 10:28,S,S01302023102836,,525,SGD,Air,,0%,0,525,
bc981eaa,47dc23c1,30/1/2023 10:40,B,B01302023104015,8X5EJG61Hk,2154.3,SGD,Air,,8%,172.34,2326.64,
42641baf,6c7f8bad,30/1/2023 10:42,B,B01302023104236,00485f01,2285.68,SGD,Air,,8%,182.85,2468.53,"96fc4ee8 , df828beb"
dd7c4130,11320a73,30/1/2023 10:42,S,S01302023104221,3E98Omn83X,200.32,SGD,Air,,8%,16.03,216.35,fe6e0c06
2aa3c78c,47dc23c1,30/1/2023 10:42,S,S01302023104234,8X5EJG61Hk,1447.34,SGD,Air,,8%,115.79,1563.13,cb4cc42e
ec26e266,06fa670b,30/1/2023 11:00,B,B01302023110043,8X5EJG61Hk,755.14,SGD,Air,,8%,60.41,815.55,"4b00928d , ee667f1d"
21b7637f,7f8bcd20,30/1/2023 11:22,B,B01302023112302,8X5EJG61Hk,472.33,SGD,Air,,8%,37.79,510.12,44ead6e0
ce7d5a96,69dc9b2b,30/1/2023 11:26,T,T01302023112612,00485f01,452.79,SGD,Air,,8%,36.22,489.01,4b6c6c5f
2f8ef413,5e4f9e69,30/1/2023 11:33,B,B01302023113347,8X5EJG61Hk,195.39,SGD,Air,,8%,15.63,211.02,603b158a
81f15e0d,e7b1c6af,30/1/2023 12:47,BS,BS01302023124956,,171,USD,Air,,Exempted,0,171,296157d6
654a0d6d,d7110899,2/2/2023 13:05,B,B01302023130544,8X5EJG61Hk,3701.01,SGD,Air,,8%,296.08,3997.09,d274c4d3
92eeeece,416578d0,30/1/2023 13:06,BS,BS01302023130955,,233.16,SGD,Air,,Exempted,0,233.16,1a02f81f
75f908d4,e2bd8db3,30/1/2023 13:26,B,B01302023132658,3E98Omn83X,1837,SGD,Air,,8%,146.96,1983.96,e627b47e
82ff49e1,bcd08322,30/1/2023 13:33,B,B01302023133410,8X5EJG61Hk,209.57,SGD,Air,,8%,16.77,226.34,"3c7bc3ae , 21fbb9ee , 517ea13d"
71aa7662,hnzo75eojx,30/1/2023 13:37,S,S01302023133749,3E98Omn83X,1790.62,SGD,Sea,,8%,143.25,1933.87,6277f502
a7b0691a,bad8d02a,30/1/2023 13:52,B,B01302023135252,00485f01,1737.37,SGD,Air,,8%,138.99,1876.36,ef87e367
42641baf_R,6c7f8bad,30/1/2023 14:26,B,B01302023142611,00485f01,2495.56,SGD,Air,,8%,199.64,2695.2,"372910df , 4e9f3cca"
703e7df2,06suB5p2mX,30/1/2023 15:43,S,S01302023154338,3E98Omn83X,4062.08,SGD,Air,,8%,324.97,4387.05,"7f22b448 , 97fb6b3f"
2c51c1da,db4d995a,30/1/2023 15:55,S,S01302023155603,8X5EJG61Hk,903.88,SGD,Air,,8%,72.31,976.19,
946a77b3_R,y0YEf0WNtI,30/1/2023 16:52,S,S01302023165225,3E98Omn83X,2252.56,SGD,Air,,8%,180.2,2432.76,
,,,,,,,,,,,,,
ee1aa234_R,7765586c,30/1/2023 17:59,S,S01302023175914,,1524.86,SGD,Air,,0%,0,1524.86,
f0c525b9,b39d39ee,31/1/2023 9:53,BS,BS01312023095513,,181,USD,Air,,Exempted,0,181,42ab512c
daeb2c15,91c0552c,31/1/2023 10:26,B,B01312023102653,3E98Omn83X,3383.29,SGD,Air,,8%,270.66,3653.95,b021420f
703e7df2_R,06suB5p2mX,31/1/2023 12:35,S,S01312023123523,,3721.72,SGD,Air,,8%,297.74,4019.46,
aa8c56d9,1332500b,31/1/2023 12:35,T,T01312023123511,8X5EJG61Hk,4686.6,SGD,Air,,8%,374.93,5061.53,891d45a5
cd42ffef,a1653108,10/2/2023 14:26,B,B01312023134324,3E98Omn83X,29513.38,SGD,Sea,,0%,0,29513.38,
71f43b83,73c8aea7,31/1/2023 14:41,S,S01312023144239,00485f01,369.62,SGD,Air,,8%,29.57,399.19,11ec271e
0250f3c0,p4pkmrbg8M,1/3/2023 14:53,S,S01312023145347,8X5EJG61Hk,5846.8,SGD,Sea,,8%,467.74,6314.54,
a0c5016b,ItssapCSik,31/1/2023 15:12,AB,AB01312023151223,3E98Omn83X,753.59,SGD,Air,,Exempted,0,753.59,f3878fa8
ca6706f0,4cb30e09,31/1/2023 15:45,S,S01312023154747,3E98Omn83X,127.28,SGD,Air,,8%,10.18,137.46,
58dda8ff,Y2MYCQ56NK,10/2/2023 10:30,B,B01312023162126,3E98Omn83X,753.69,SGD,Air,,8%,60.3,813.99,"bd35fed2 , 741b79af"
b63c6260,506af81b,31/1/2023 17:29,B,B01312023172906,00485f01,235.36,SGD,Air,,8%,18.83,254.19,2d7a4717
6d241899,e3599062,31/1/2023 17:35,S,S01312023173515,00485f01,2542.11,SGD,Air,,8%,203.37,2745.48,8f8547d6
acaa788d,fEXeW6R1J3,1/2/2023 15:16,B,B02012023151614SJ,8X5EJG61Hk,6773,SGD,Air,,8%,541.84,7314.84,
fe9dda14,0V2xk11Hj4,1/2/2023 15:36,S,S02012023153701,00485f01,13693,SGD,Air,,8%,1095.44,14788.44,
b7f33ce4,84ee7391,1/2/2023 15:53,AB,AB02012023155316,00485f01,2185,SGD,Air,,Exempted,0,2185,
5afc63fd,jjC9BO9046,20/2/2023 14:48,B,B02012023162104,3E98Omn83X,21772.61,SGD,Air,,8%,1741.81,23514.42,
b35a3855,Q8nomXWRc2,1/2/2023 17:48,B,B02012023174900,3E98Omn83X,441.82,SGD,Air,,8%,35.35,477.17,"2c434171 , 634d0d0e , 77d63c92 , 5dc34d77"
9b4ddabd,19f91bda,1/2/2023 18:00,S,S02012023180233,3E98Omn83X,1198.98,SGD,Air,,8%,95.92,1294.9,2f250cf5
dcbf5c19_R_R_R,Ss1dWMP4hX,1/2/2023 19:12,S,S02012023191227,8X5EJG61Hk,844.44,SGD,Air,,8%,67.56,912,1d5de93e
722c87eb,fEXeW6R1J3,1/2/2023 20:05,B,B02012023200533,8X5EJG61Hk,2515.52,SGD,Air,,8%,201.24,2716.76,3928c761
47ed287a,22f52729,1/2/2023 21:10,BS,BS02012023211304,,431.86,SGD,Air,,Exempted,0,431.86,594b561d
d53ca953,fEXeW6R1J3,1/2/2023 21:13,AB,AB02012023211408,8X5EJG61Hk,4258.49,SGD,Air,,Exempted,0,4258.49,cd981e6a
11f9d482,43607b90,1/2/2023 21:15,BS,BS02012023211648,,208.86,SGD,Air,,Exempted,0,208.86,ea8378cd
0a6f5c83,86ce9468,1/2/2023 21:21,BS,BS02012023212325,,282.74,SGD,Air,,Exempted,0,282.74,414201a2
8dbc4e56,d91d449f,1/2/2023 21:27,BS,BS02012023212926,,228.54,SGD,Air,,Exempted,0,228.54,88984973
4fad88d0,84031ec8,2/2/2023 9:45,BS,BS02022023094619,,459,USD,Air,,Exempted,0,459,b0409420
7510c8ad,xw71fJ415b,2/2/2023 10:38,S,S02022023103838,3E98Omn83X,594.15,USD,Air,,0%,0,594.15,
183e7b93,ab389a4d,2/2/2023 10:43,S,S02022023104405,3E98Omn83X,998.86,SGD,Air,,8%,79.91,1078.77,"5e39b6cc , 6693fc2b"
8b479281,hL800efJnq,2/3/2023 10:14,B,B02022023101508,8X5EJG61Hk,489.92,SGD,Air,,8%,39.19,529.11,6656e61d
eef6ad6d,06suB5p2mX,2/2/2023 10:46,S,S02022023104621,3E98Omn83X,69.34,SGD,Air,,8%,5.55,74.89,1663bc7f
fd3eec62,dcd7f88e,2/2/2023 12:27,S,S02022023122756,8X5EJG61Hk,6420.24,SGD,Sea,,8%,513.62,6933.86,
29c05707_R,742d7987,2/2/2023 14:23,AS,AS2023020201,,445.83,SGD,Air,,Exempted,0,445.83,
295b7ba1,1956cd18,2/2/2023 15:14,S,S02022023151423,3E98Omn83X,867.62,SGD,Sea,,8%,69.41,937.03,
d506d2a4,bad8d02a,2/2/2023 15:24,B,B02022023152423,00485f01,1990.47,SGD,Air,,8%,159.24,2149.71,
,,,,,,,,,,,,,
295b7ba1_R,1956cd18,2/2/2023 15:56,S,S02022023155647,3E98Omn83X,223.31,SGD,Air,,8%,17.86,241.17,e8ce62a8
d8e62113,Zgf6bE537J,2/2/2023 16:13,S,S02022023161327,3E98Omn83X,5216.75,SGD,Air,,0%,0,5216.75,0a7b3ab6
d1445217_R,4ZRd9NGZZQ,2/2/2023 16:41,S,S02022023164127,3E98Omn83X,884.07,SGD,Air,,8%,70.73,954.8,ea76e936
62a67a03,4ZRd9NGZZQ,2/2/2023 16:58,AB,AB2023020202,3E98Omn83X,790.49,SGD,Air,,Exempted,0,790.49,
b76a6ecf,07acaa1f,3/2/2023 8:45,BS,BS02032023084612,,1000.94,SGD,Air,,0%,0,1000.94,74708191
9b3382b6,07acaa1f,3/2/2023 9:00,BS,BS02032023090026,,4725.3,SGD,Air,,0%,0,4725.3,d922849c
de136281,47dc23c1,3/2/2023 10:58,B,B02032023105902,8X5EJG61Hk,1008.96,SGD,Air,,8%,80.72,1089.68,2bcfe4cf
074fbebd,660014bd,3/2/2023 11:18,S,S02032023111820,8X5EJG61Hk,741.58,SGD,Air,,8%,59.33,800.91,"9574a75d , ca3aeba6"
dea93fe1,4dbf6714,3/2/2023 16:11,L,L02032023161134,3E98Omn83X,95.67,SGD,Air,,8%,7.65,103.32,384ee2ba
190d63e6,06df1afd,3/2/2023 17:30,B,B02032023173101,3E98Omn83X,4043.52,SGD,Air,,8%,323.48,4367,
ed1d135f,53281641,5/2/2023 16:25,B,B02052023162538,00485f01,1035.11,SGD,Air,,8%,82.81,1117.92,d6f3f1e1
efe7aea0,ItssapCSik,6/2/2023 11:54,AB,AB02062023115415,3E98Omn83X,235.68,SGD,Air,,8%,18.85,254.53,1a1ccd0f
ca6706f0_R,4cb30e09,6/2/2023 11:59,S,S02062023115931,3E98Omn83X,170.5,SGD,Air,,8%,13.64,184.14,ad165415
643470fa,b68d834b,2/3/2023 12:09,B,B02062023120947,8X5EJG61Hk,5939.41,SGD,Sea,,8%,475.15,6414.56,
578ce830,2c2fda37,6/2/2023 13:19,S,S02062023131915,8X5EJG61Hk,951.75,SGD,Air,,8%,76.14,1027.89,7aed2366
3a9ad52d,d9af810e,6/2/2023 13:57,B,B02062023135749,3E98Omn83X,676.57,SGD,Air,,8%,54.13,730.7,
24b1cd24,150f2448,6/2/2023 14:35,S,S02062023143537,00485f01,2219.25,SGD,Air,,8%,177.54,2396.79,
dc1a74a1,ba0aff8d,6/2/2023 15:35,S,S02062023153548,3E98Omn83X,673.29,SGD,Air,,8%,53.86,727.15,7e966f16
d96259bd,4ZRd9NGZZQ,6/2/2023 15:42,B,B01092023143012SJ,3E98Omn83X,0,SGD,Air,,8%,0,0,
5b93a7f9,011a0164,6/2/2023 15:48,B,B02062023154903,00485f01,183.7,SGD,Air,,8%,14.7,198.4,
35981987,e6b5fa6c,6/2/2023 17:56,B,B02062023175702SJ,3E98Omn83X,1617.15,SGD,Air,,8%,129.37,1746.52,
35131479,fEXeW6R1J3,6/2/2023 22:09,B,B02062023220914,8X5EJG61Hk,1199.53,SGD,Air,,8%,95.96,1295.49,96f962be
98031d34,4ZRd9NGZZQ,6/2/2023 22:14,B,B02062023221428,8X5EJG61Hk,1002,SGD,Air,,8%,80.16,1082.16,e6f1e3a3
562a2cc0,KDPNJN51Yk,6/2/2023 22:19,B,B02062023221947,8X5EJG61Hk,1220.36,SGD,Air,,8%,97.63,1317.99,2c310cca
35981987_R,e6b5fa6c,7/2/2023 9:22,B,B02062023175702,3E98Omn83X,1617.52,SGD,Air,,8%,129.4,1746.92,6245a86a
e32128c2,Y2MYCQ56NK,7/2/2023 9:35,T,T02072023093523,,1222.88,SGD,Air,,8%,97.83,1320.71,
a9e09a82,a6834fa7,13/2/2023 10:48,B,B02072023100221,3E98Omn83X,2131.22,SGD,Air,,8%,170.5,2301.72,"530b221b , 259378f0 , a36110a7 , 50336137"
7edd435c,2e21a003,7/2/2023 10:35,BS,BS02072023103608,,366,USD,Air,,Exempted,0,366,8b7b738b
79fe70f6,0V2xk11Hj4,7/2/2023 15:09,S,S02072023150921,00485f01,2427.08,SGD,Air,,8%,194.17,2621.25,
c1e02ffd_R,wD0mqPXvsw,7/2/2023 15:22,S,S02072023152255,00485f01,874.76,SGD,Air,,8%,69.98,944.74,
44656d5f,n4Ks0QC3ZO,7/2/2023 17:30,B,B02072023173050,3E98Omn83X,2240.59,SGD,Air,,8%,179.25,2419.84,15e20c1b
e9372765,85164aa4,8/2/2023 10:19,BS,BS02082023102134,,894,USD,Air,,Exempted,0,894,f90d24f9
5c8fa69d,06fa670b,8/2/2023 10:37,S,S02082023103819,8X5EJG61Hk,1169.86,SGD,Air,,8%,93.59,1263.45,f19e466c
e1b95f37,32443b56,8/2/2023 11:36,S,S02082023113814,3E98Omn83X,260.72,SGD,Air,,8%,20.86,281.58,db0e7d41
1d52a159,5d38c4c1,8/2/2023 12:53,B,B02082023125348,8X5EJG61Hk,1963.09,SGD,Air,,8%,157.05,2120.14,75a9a6e4
b8745942,f63e6d5a,13/2/2023 14:33,B,B02082023143320,8X5EJG61Hk,764.09,SGD,Air,,8%,61.13,825.22,"7f5b7dcf , dbd2377f , 2edf582d"
98cee9fd,fEXeW6R1J3,8/2/2023 15:45,B,B02082023154549,8X5EJG61Hk,0,SGD,Air,,8%,0,0,
b661f006,MSl6Hz8vy2,8/2/2023 16:42,B,B02082023164249,3E98Omn83X,1912.63,SGD,Air,,8%,153.01,2065.64,
0e3ff513,f52d7cf8,8/2/2023 16:45,B,B02082023164518,3E98Omn83X,974.17,SGD,Air,,8%,77.93,1052.1,
452b853f,I51lshr5ZM,8/2/2023 17:48,S,S02082023174838,00485f01,1686.36,SGD,Air,,8%,134.91,1821.27,
483cf625,xw71fJ415b,8/2/2023 21:27,S,S02082023212733,3E98Omn83X,5704.74,USD,Air,,0%,0,5704.74,
443bb6a5,xw71fJ415b,8/2/2023 23:00,S,S02082023230032,3E98Omn83X,37656.6,USD,Air,,0%,0,37656.6,
bd4b9e03,07acaa1f,9/2/2023 8:57,BS,BS02092023085809,,1475.67,SGD,Air,,0%,0,1475.67,199663a9
98da60f6,85164aa4,9/2/2023 10:09,BS,BS02092023101127,,1173.9,SGD,Air,,Exempted,0,1173.9,8620fcd5
ac75fb0e,ItssapCSik,9/2/2023 10:17,AB,AB2023020901,3E98Omn83X,932.37,SGD,Air,,Exempted,0,932.37,"4256ba92 , 7bfa74cd , 49e25ae9"
bd10040c,73Mfhf002n,9/2/2023 12:10,S,S02092023121053,3E98Omn83X,764.29,SGD,Air,,8%,61.14,825.43,d4cf69c5
b3684bb7,a5580ba7,13/2/2023 11:51,S,S02092023121750,3E98Omn83X,4003.96,SGD,Air,,8%,320.32,4324.28,"f4e1b2e7 , ff992940"
00ee5a8f,FIc17Ck457,9/2/2023 12:23,S,S02092023122324,8X5EJG61Hk,3699.85,SGD,Air,,8%,295.99,3995.84,"7b2e3861 , 62a097f3"
966de0ed,I51lshr5ZM,9/2/2023 13:12,B,B02092023131252,8X5EJG61Hk,28290,SGD,Air,,8%,2263.2,30553.2,
2858d573,I51lshr5ZM,9/2/2023 13:43,B,B02092023134405,8X5EJG61Hk,12358.5,SGD,Air,,8%,988.68,13347.18,
2ad600d0,84031ec8,9/2/2023 14:26,B,BS02022023094619BF,,0,SGD,Air,,8%,0,0,
07c9cf5e,I51lshr5ZM,9/2/2023 15:15,S,S02092023151604,8X5EJG61Hk,12803.35,SGD,Air,,8%,1024.27,13827.62,
8e82ab49,I51lshr5ZM,9/2/2023 15:41,S,S02092023154140,8X5EJG61Hk,15637.59,SGD,Air,,8%,1251.01,16888.6,
3a9f45fc_R_R,0c83fde9,9/2/2023 17:31,S,S02092023173140,00485f01,222.72,SGD,Air,,8%,17.82,240.54,daf77940
8c574652,K92gCb2qYl,9/2/2023 18:30,B,B02092023183031,3E98Omn83X,888.01,SGD,Air,,8%,71.04,959.05,"3202fb2e , 656819dd"
e0caa541,I51lshr5ZM,9/2/2023 18:52,S,S02092023185242,8X5EJG61Hk,2021.13,SGD,Sea,,8%,161.69,2182.82,
a135450f,b99e96ff,9/2/2023 19:20,B,B02092023192030,8X5EJG61Hk,5186.79,SGD,Sea,,8%,414.94,5601.73,"ae2aa017 , 5b333d4b"
35c66b4b_R,f50c580f,16/2/2023 7:57,B,B02092023195735,8X5EJG61Hk,1281.83,GBP,Air,,Exempted,0,1281.83,51bd53b5
cf7aa06a_R,1292f213,10/2/2023 10:47,B,B02102023104745,3E98Omn83X,768.88,SGD,Air,,8%,61.51,830.39,
ac0eb2f3,4ZRd9NGZZQ,10/2/2023 11:09,B,B02102023110928,3E98Omn83X,846.12,SGD,Air,,8%,67.69,913.81,"8d1a24c7 , d527496c"
5991fe78,87360d9a,10/2/2023 14:00,B,B12162022142245BF,00485f01,0,SGD,Air,,,0,0,
bec16d19,TN21q93OXm,10/2/2023 14:27,S,S02102023142739,8X5EJG61Hk,1855.56,SGD,Air,,8%,148.44,2004,d6763951
4bf81981,70e993db,10/2/2023 16:26,S,S12272022171220BF,00485f01,0,SGD,Air,,8%,0,0,
526709b7,69dc9b2b,10/2/2023 16:48,T,T02102023164821,00485f01,785.25,SGD,Air,,8%,62.82,848.07,
a9e6b1d5,f34c3c1a,13/2/2023 9:56,BS,BS02132023095909,,175,USD,Air,,Exempted,0,175,0c99fc15
a8f1d738,6czPiY3swb,13/2/2023 11:43,B,S11212022133916SJ,3E98Omn83X,0,SGD,Air,,8%,0,0,
d094d755,06fa670b,13/2/2023 12:40,B,B02132023124029,8X5EJG61Hk,1013.36,SGD,Air,,8%,81.07,1094.43,"8ea9d210 , 6e48400e , a9eab4d4 , d4ae9785"
1d111030,11320a73,13/2/2023 13:23,S,S01302023104221BF,,0,SGD,Air,,8%,0,0,
dd0d3b32,4ZRd9NGZZQ,13/2/2023 14:50,B,B02132023145053,3E98Omn83X,839.46,SGD,Air,,8%,67.16,906.62,"a2bec5af , 6484c207"
0daee99f,KDPNJN51Yk,13/2/2023 14:53,S,S02132023145340,8X5EJG61Hk,545.2,SGD,Air,,8%,43.62,588.82,
5e06cbbf,16730841,13/2/2023 15:12,B,B02132023151557,3E98Omn83X,463.32,SGD,Air,,8%,37.07,500.39,
b4e00f19,e7a073cd,13/2/2023 15:33,B,B02132023153623,3E98Omn83X,21108,SGD,Air,,8%,1688.64,22796.64,
731e9b14,e7a073cd,13/2/2023 15:49,B,B02132023154949,3E98Omn83X,19984.36,SGD,Air,,8%,1598.75,21583.11,
6effb3b0,3d2c0780,13/2/2023 16:00,B,B02132023160012,00485f01,1986.07,SGD,Air,,8%,158.89,2144.96,efa87311
9b6dadf4,06suB5p2mX,14/2/2023 17:38,S,S02132023163550,3E98Omn83X,764.24,SGD,Air,,8%,61.14,825.38,446ccb6e
afc15efb,D5Fk7289x1,13/2/2023 16:59,S,S02132023165932,3E98Omn83X,267.5,SGD,Air,,8%,21.4,288.9,0bbc1cad
,,,,,,,,,,,,,
380ef779,5fiS378Rr1,16/2/2023 17:43,B,B02142023101633SJ,3E98Omn83X,4829.39,SGD,Air,,8%,386.35,5215.74,
a2a8694c,4cb30e09,14/2/2023 14:18,S,S02142023141810,3E98Omn83X,512.6,SGD,Air,,8%,41.01,553.61,
a2a8694c_R,4cb30e09,14/2/2023 15:27,S,S02142023152712,3E98Omn83X,122.31,SGD,Air,,8%,9.78,132.09,
,,,,,,,,,,,,,
7fef4752,75bd0e2c,14/2/2023 16:14,S,S02142023161424,3E98Omn83X,318.1,SGD,Air,,8%,25.45,343.55,ed68b0f9
80377580,xw71fJ415b,14/2/2023 18:02,S,S02142023180227,3E98Omn83X,0,USD,Air,,0%,0,0,
84da8926,39N5vR34gp,14/2/2023 22:20,B,B02142023222017SJ,8X5EJG61Hk,762.63,SGD,Air,,8%,61.01,823.64,
86a0e98c,39N5vR34gp,14/2/2023 22:23,B,B02142023222402,8X5EJG61Hk,195.12,SGD,Air,,8%,15.61,210.73,"daec832f , 72c4e3ef"
cdcc1d38,39N5vR34gp,14/2/2023 23:54,B,B02142023235456,8X5EJG61Hk,237.04,SGD,Air,,8%,18.96,256,7fc09f21
fbcaf47b,39N5vR34gp,14/2/2023 23:56,B,B02142023235609,8X5EJG61Hk,351.85,SGD,Air,,8%,28.15,380,a914a5be
ac9b982e,39N5vR34gp,14/2/2023 23:57,B,B02142023235749,8X5EJG61Hk,173.7,SGD,Air,,8%,13.9,187.6,f493b93b
58d7e40a,cb725950,15/2/2023 9:01,BS,BS02152023090338,,421.86,SGD,Air,,0%,0,421.86,e247f899
4fc5a15a,f90fee16,15/2/2023 9:44,BS,Shopify 1098,,99,USD,Air,,0%,0,99,545e21eb
b2b31d01,af0b8607,15/2/2023 12:39,T,T02152023124011,gLuyJ85Lwe,490,SGD,Air,,8%,39.2,529.2,626dbf1d
6c9e6c6a,Sjd5ocDqmp,15/2/2023 14:46,S,S02152023144656,3E98Omn83X,505.28,SGD,Air,,8%,40.42,545.7,f17b7f6f
91c5d154,dffd20a7,15/2/2023 16:57,S,S02152023165855,3E98Omn83X,269.04,SGD,Air,,8%,21.52,290.56,
7ec574f6,fEXeW6R1J3,15/2/2023 20:43,B,B02152023205439,8X5EJG61Hk,1132.2,SGD,Air,,8%,90.58,1222.78,6f0dc30a
e4f5197b_R,fEXeW6R1J3,15/2/2023 21:04,B,B02152023210407SJ,8X5EJG61Hk,7362.98,SGD,Air,,8%,589.04,7952.02,
523099ce,fEXeW6R1J3,16/2/2023 11:05,B,B02162023110721,8X5EJG61Hk,2510.59,SGD,Air,,8%,200.85,2711.44,57e2ef41
077b8cc6,fEXeW6R1J3,16/2/2023 11:10,BB,BB02162023111038,8X5EJG61Hk,3489.88,SGD,Air,,Exempted,0,3489.88,855c872b
93d06553,9bc04a08,16/2/2023 12:43,S,S02162023124937,8X5EJG61Hk,848.94,EUR,Air,,Exempted,0,848.94,
b55355c0,9bc04a08,16/2/2023 12:56,S,S02162023125643,8X5EJG61Hk,1062.7,EUR,Air,,Exempted,0,1062.7,
6bdb13f3,yj1ftFtzU2,16/2/2023 13:32,B,B02162023133232,8X5EJG61Hk,1232.76,SGD,Sea,,8%,98.62,1331.38,
db741bfd,99a27d7f,16/2/2023 13:52,B,B02162023135242,8X5EJG61Hk,279.72,SGD,Air,,8%,22.38,302.1,ea4d448e
7cd33926,KDPNJN51Yk,16/2/2023 13:57,B,B02162023135731,8X5EJG61Hk,1105.17,SGD,Air,,8%,88.41,1193.58,"bcc3b307 , f0c0c02f"
835cbd10,5b253145,16/2/2023 14:14,B,B02162023141452,8X5EJG61Hk,294.95,SGD,Air,,8%,23.6,318.55,253403c7
3b723e67,bcd08322,16/2/2023 14:30,B,B02162023143211,8X5EJG61Hk,605.89,SGD,Air,,8%,48.47,654.36,fd9fffa2
400b6b42,7971c7cd,16/2/2023 15:04,B,B02162023150739,8X5EJG61Hk,11863.64,USD,Air,,Exempted,0,11863.64,
1145a39b,j6v26jLuwm,16/2/2023 19:25,B,B02162023192524,00485f01,381.59,SGD,Air,,8%,30.53,412.12,"38609f15 , 74a3b547 , ad4958fc"
f1e9761a,lRbOdn1f5e,16/2/2023 19:38,B,B02162023193854,8X5EJG61Hk,3445.77,SGD,Sea,,8%,275.66,3721.43,
74420eea,7971c7cd,16/2/2023 20:05,B,B02162023200520,8X5EJG61Hk,5739.93,USD,Sea,,Exempted,0,5739.93,ee9a9abd
5990c55c,fEXeW6R1J3,16/2/2023 20:15,B,B02162023201517,8X5EJG61Hk,1931.36,SGD,Air,,8%,154.51,2085.87,"7393a9f0 , de6d6428 , 0db2728c"
78eaf589,ie3T4T3d08,16/2/2023 23:24,B,B02162023232452,8X5EJG61Hk,1335.72,SGD,Air,,8%,106.86,1442.58,
0f65a531,5d780eb0,17/2/2023 10:30,S,S02172023103014,00485f01,27057.24,SGD,Sea,,8%,2164.58,29221.82,
80230228,7bad051f,17/2/2023 10:31,BS,BS02172023103255,,229.55,SGD,Air,,0%,0,229.55,71078c3d
c1c6e484,84031ec8,17/2/2023 10:34,BS,BS02172023103549,,251,USD,Air,,Exempted,0,251,b7dfe05a
35037792,ItssapCSik,17/2/2023 12:46,AL,AL02172023124644,3E98Omn83X,49.95,SGD,Air,,Exempted,0,49.95,
e79f1981,84ee7391,17/2/2023 14:30,AB,AB02172023143139,8X5EJG61Hk,5980,USD,Air,,Exempted,0,5980,
380ef779_R,5fiS378Rr1,17/2/2023 15:57,B,B02142023101633,3E98Omn83X,4829.39,SGD,Air,,8%,386.35,5215.74,"dec714b6 , 36252ad0"
4d5d44fc,5d38c4c1,17/2/2023 18:16,B,B02172023181646,8X5EJG61Hk,732.28,SGD,Air,,8%,58.58,790.86,
50aea368,I474CAFv8Z,17/2/2023 19:12,B,B02172023191214,8X5EJG61Hk,529.95,SGD,Air,,8%,42.4,572.35,d21d3a36
e78fd514,xsumAjY50P,20/2/2023 19:20,S,S02172023192021,8X5EJG61Hk,413.06,SGD,Air,,8%,33.04,446.1,61e6dcf1
c732d3c1,qFlqEAX8Z5,17/2/2023 19:55,B,B02172023202148,8X5EJG61Hk,408,SGD,Air,,8%,32.64,440.64,"1d47e8b4 , c5c597d4 , 9f3b5205 , 25972766 , 73222178 , a3b0e967"
f63dd79e,a293033e,20/2/2023 11:03,T,T02202023110313,3E98Omn83X,816.45,SGD,Air,,8%,65.32,881.77,1665ed4c
35c0715b,7ab79e98,20/2/2023 14:11,B,B02202023141146,3E98Omn83X,434.75,SGD,Air,,8%,34.78,469.53,
c51491ab,jjC9BO9046,20/2/2023 14:47,B,B02202023144803,3E98Omn83X,30576.85,SGD,Air,,8%,2446.15,33023,
6f9f80c4,jCh0R09xTJ,20/2/2023 16:25,B,B02202023162548,8X5EJG61Hk,407.5,SGD,Air,,8%,32.6,440.1,"3ed2ec96 , 7ffbf00d"
071a38bb,fEXeW6R1J3,20/2/2023 16:35,AB,AB02202023163550,8X5EJG61Hk,1843,SGD,Air,,Exempted,0,1843,
067fbcb9,6B4UJCNbVd,20/2/2023 16:05,S,S02202023160536,00485f01,383,SGD,Air,,8%,30.64,413.64,d7f2dad3
b7a74af6,eb3f99cb,20/2/2023 17:09,B,B02202023170919,8X5EJG61Hk,2914.31,SGD,Air,,8%,233.14,3147.45,"7e19bb66 , cb076a4a , 984a5cf9 , 586e873d , 239d8bde"
4a00322a,6ceb001e,20/2/2023 21:39,BB,BB02202023214009,8X5EJG61Hk,937.71,SGD,Air,,Exempted,0,937.71,ae6c769e
44e79ee9,69397b78,20/2/2023 21:51,S,S02202023215114,8X5EJG61Hk,207.82,SGD,Air,,8%,16.63,224.45,
97f5e5f5,dc701372,20/2/2023 22:02,BB,BB02202023220212,,347.9,SGD,Air,,8%,27.83,375.73,
4d33ac46,ab389a4d,20/2/2023 22:38,B,S02022023104405BF,3E98Omn83X,0,SGD,Air,,8%,0,0,
b9cc99ae,e25fa3a4,21/2/2023 10:04,BS,BS02212023100752,,224.63,SGD,Air,,Exempted,0,224.63,06711cda
efe1290c,5960fa38,21/2/2023 10:05,B,B02212023100558,00485f01,765.43,SGD,Sea,,8%,61.23,826.66,7b8e9eed
063b2b9e,8c3d446f,21/2/2023 11:05,BS,BS02212023110755,,209.47,SGD,Air,,0%,0,209.47,
e5f41478,hL800efJnq,21/2/2023 11:11,B,B02212023111201,8X5EJG61Hk,2415.12,SGD,Air,,8%,193.21,2608.33,"78767f93 , e298040a , 568586a3"
2e2e84da,f8f4572b,21/2/2023 13:55,BS,BS02212023140038,,4111.92,SGD,Air,,0%,0,4111.92,
4ffd707b,8ada31fb,21/2/2023 15:46,BS,BS02212023154825,,124960,SGD,Air,,0%,0,124960,
4380a38c,0Kelg0pVDL,21/2/2023 18:00,T,T02212023180029,3E98Omn83X,565.23,SGD,Air,,8%,45.22,610.45,
ff88de74,hL800efJnq,22/2/2023 10:26,S,S02222023102631,8X5EJG61Hk,1509.34,SGD,Sea,,8%,120.75,1630.09,696cccf4
55a4b549_R_R,hL800efJnq,22/2/2023 10:40,S,S02222023104029,,0,SGD,Air,,8%,0,0,
ee839688,ab389a4d,22/2/2023 15:29,S,S02222023152920,3E98Omn83X,1074.2,SGD,Air,,8%,85.94,1160.14,
,,,,,,,,,,,,,
f5aff34d,1c127085,22/2/2023 16:17,S,S02222023161714,3E98Omn83X,1017.98,SGD,Air,,8%,81.44,1099.42,
571f1547,bb331fb3,22/2/2023 16:23,L,L02222023162554,3E98Omn83X,120,SGD,Air,,8%,9.6,129.6,4eab3ab0
5b93a7f9_R,011a0164,22/2/2023 16:36,B,B02222023163610,00485f01,1115.28,SGD,Air,,8%,89.22,1204.5,"09c200a3 , ddd9ce04"
f4ce22bc,a293033e,22/2/2023 16:45,T,T02222023164608,3E98Omn83X,0,SGD,Air,,8%,0,0,
ea060484,xw71fJ415b,22/2/2023 17:19,S,S02222023171917,3E98Omn83X,59711.57,USD,Air,,8%,4776.93,64488.5,
b8e68be0,70e993db,22/2/2023 17:53,B,S12272022171220SJ,00485f01,0,SGD,Sea,,8%,0,0,
86a2e6eb,b39d39ee,23/2/2023 10:03,BS,BS02232023100404,,483,USD,Air,,Exempted,0,483,7f7e13f4
75ce070c,06fa670b,23/2/2023 10:34,B,B02232023103506,8X5EJG61Hk,746.57,SGD,Air,,8%,59.73,806.3,cb1b8cf0
b2858d09,fvIH3Ur1DW,23/2/2023 14:14,B,B02232023141430,8X5EJG61Hk,3373.91,SGD,Air,,8%,269.91,3643.82,6d2c4ec1
e4e38759,fvIH3Ur1DW,23/2/2023 14:43,AB,AB02232023144403,8X5EJG61Hk,2514.8,SGD,Air,,Exempted,0,2514.8,b963208f
d3132d67,231f5f55,23/2/2023 14:53,B,B02232023145420,8X5EJG61Hk,1000.28,USD,Air,,Exempted,0,1000.28,1c2cccb9
9125eb1d,99a27d7f,6/3/2023 15:08,B,B02232023150906,8X5EJG61Hk,254.12,SGD,Air,,8%,20.33,274.45,1072c811
8410c756,7f8bcd20,23/2/2023 16:23,B,B01032023125537BF,8X5EJG61Hk,142.95,SGD,Air,,0%,0,142.95,
98780ff0,8fe7de84,23/2/2023 17:47,B,B02232023174911,3E98Omn83X,871.64,SGD,Air,,8%,69.73,941.37,
52014c76,1f6et5pP1O,23/2/2023 17:57,T,T02232023175731,gLuyJ85Lwe,5985,SGD,Air,,8%,478.8,6463.8,
8064bf6d,1f6et5pP1O,1/3/2023 8:18,T,T02232023181635,gLuyJ85Lwe,576,SGD,Air,,8%,46.08,622.08,
82d5113d,0Kelg0pVDL,24/2/2023 9:02,T,T02242023090243,3E98Omn83X,7252,SGD,Air,,8%,580.16,7832.16,
a97663a5,9086f10b,24/2/2023 10:22,B,B02242023102242,3E98Omn83X,5305.88,SGD,Air,,8%,424.47,5730.35,
42466276,800718a2,24/2/2023 10:32,B,B02242023103305,00485f01,5583.39,SGD,Sea,,8%,446.67,6030.06,
,,,,,,,,,,,,,
,,,,,,,,,,,,,
92dcd16e,be76ef49,24/2/2023 10:56,BS,BS02242023110002,,333,USD,Air,,Exempted,0,333,2f2eb80f
364f5267,142925fc,24/2/2023 11:22,S,S02242023112307,3E98Omn83X,299.04,SGD,Air,,8%,23.92,322.96,
8912705f,ocp0nUa4ER,24/2/2023 12:36,S,S02242023123623,00485f01,7850.75,SGD,Air,,8%,628.06,8478.81,
a1d857d0_R,2fd5183f,24/2/2023 15:11,AB,AB02242023151122,00485f01,487.22,SGD,Air,,Exempted,0,487.22,
2bd74ea1,786490fc,17/3/2023 15:36,S,S031720234667,8X5EJG61Hk,249.39,SGD,Air,,8%,19.95,269.34,
5ae3293c,99a27d7f,25/2/2023 1:04,B,B03082023105810SJ,8X5EJG61Hk,0,SGD,Air,,0%,0,0,
d830ff5f,bad8d02a,25/2/2023 2:21,B,B01302023135252BF,00485f01,0,SGD,Air,,0%,0,0,
a0ec5ba0,f469c24c,25/2/2023 14:23,BS,BS02252023143336,,638.11,SGD,Air,,0%,0,638.11,a807db53
5ec2c533,800718a2,27/2/2023 13:38,AB,AB02272023133817,00485f01,918.5,SGD,Air,,8%,73.48,991.98,
633e4d6c,I474CAFv8Z,27/2/2023 14:47,B,B02272023144803,8X5EJG61Hk,2244.46,SGD,Air,,8%,179.56,2424.02,5a0d8751
b6ba84a0,1b04ee43,28/2/2023 10:05,L,L02282023100521,3E98Omn83X,1716.75,SGD,Air,,8%,137.34,1854.09,
db1c8dee,a6834fa7,28/2/2023 11:48,B,B01122023152953SJ,3E98Omn83X,6.58,SGD,Air,,8%,0.53,7.11,
9450c5c7,f63e6d5a,28/2/2023 12:41,B,B01042023195751BF,,0,SGD,Air,,8%,0,0,
485ef92a,eccd7366,28/2/2023 15:54,B,B02282023155657,3E98Omn83X,686.94,SGD,Air,,8%,54.96,741.9,48efeec9
1fba4337,e6666cbb,28/2/2023 16:35,B,AB01042023153206BF,8X5EJG61Hk,0,SGD,Air,,8%,0,0,
ab7ac601,5fiS378Rr1,16/3/2023 13:14,AB,AB02282023164653SJ,3E98Omn83X,4884.68,SGD,Air,,Exempted,0,4884.68,
9855338c,87360d9a,28/2/2023 17:20,B,B02282023172025,00485f01,5840.53,SGD,Air,,8%,467.24,6307.77,
04312b02,87360d9a,28/2/2023 17:48,AB,AB02282023174904,00485f01,5589.32,SGD,Air,,Exempted,0,5589.32,
f804b6f2,ab389a4d,28/2/2023 17:49,B,B02282023174911,3E98Omn83X,545.91,SGD,Air,,8%,43.67,589.58,753f111b
b9d64bc5,87360d9a,28/2/2023 17:53,BB,BB02282023175343,00485f01,5817.27,SGD,Air,,Exempted,0,5817.27,
,,,,,,,,,,,,,
b51322d9,84ee7391,28/2/2023 18:46,AB,AB02282023184640,00485f01,4839.81,SGD,Air,,Exempted,0,4839.81,
65f9c530_R,e78e48e5,28/2/2023 19:33,BB,Beyond Battery Stockholm University,,8378.9,USD,Air,,Exempted,0,8378.9,
8a24c671,6ceb001e,28/2/2023 22:13,B,B02282023221353,8X5EJG61Hk,1990.09,SGD,Air,,8%,159.21,2149.3,d7076957
85e7a379,f47da2fc,28/2/2023 22:20,B,B02282023222101,8X5EJG61Hk,772.96,SGD,Air,,8%,61.84,834.8,"8a920c4d , b5b5edff"
03ca69ed,6AyX6y7B9p,1/3/2023 9:49,B,B03012023094955,8X5EJG61Hk,486.85,SGD,Air,,8%,38.95,525.8,
df68b595,6Lwm5z7Yj9,1/3/2023 11:03,B,B03012023110328,8X5EJG61Hk,11040.19,SGD,Air,,8%,883.22,11923.41,
12e2ac26,941d1944,1/3/2023 11:14,B,B03012023111624,3E98Omn83X,2233.63,SGD,Air,,8%,178.69,2412.32,"cf75a145 , 4f3eaf5a"
08845b10,6Lwm5z7Yj9,1/3/2023 11:24,B,B03012023112440,8X5EJG61Hk,1286.52,SGD,Air,,8%,102.92,1389.44,
66a4142f,fff4fb16,1/3/2023 14:12,S,S03012023141302,8X5EJG61Hk,251.02,SGD,Air,,8%,20.08,271.1,
160df5d4,a45acd3f,1/3/2023 14:24,T,T03012023142447,8X5EJG61Hk,352.56,SGD,Air,,8%,28.2,380.76,
96b3700b,Y2MYCQ56NK,1/3/2023 14:34,S,S03012023143417,3E98Omn83X,477.96,SGD,Air,,8%,38.24,516.2,786a7d6e
988d053e,TELcJA9M9q,1/3/2023 15:27,B,B03012023152741,3E98Omn83X,4995.58,SGD,Air,,8%,399.65,5395.23,f64f85b9
6ebc969f,4ZRd9NGZZQ,1/3/2023 15:35,B,B03012023153607,3E98Omn83X,840.16,SGD,Air,,8%,67.21,907.37,ab754ec6
c25244b0,fEXeW6R1J3,1/3/2023 15:48,B,B03012023154813,8X5EJG61Hk,620.68,SGD,Air,,8%,49.65,670.33,994bb731
6ebc969f_R,4ZRd9NGZZQ,1/3/2023 16:05,AB,AB23030101,3E98Omn83X,208,SGD,Air,,Exempted,0,208,"827165ce , c5c56b68"
35bd023c,fEXeW6R1J3,1/3/2023 16:04,B,B03012023160426,8X5EJG61Hk,1001.99,SGD,Air,,8%,80.16,1082.15,
cf0bba75,FIc17Ck457,1/3/2023 16:38,B,S02092023122324SJ,8X5EJG61Hk,0,SGD,Air,,8%,0,0,
,,,,,,,,,,,,,
95cbafe4,fff4fb16,1/3/2023 19:41,B,B03012023194155,8X5EJG61Hk,1274.32,SGD,Air,,8%,101.95,1376.27,f3615d98
,,,,,,,,,,,,,
dda9617c,fEXeW6R1J3,2/3/2023 12:48,B,B03022023124824SJ,8X5EJG61Hk,80.16,SGD,Air,,8%,6.41,86.57,
61e987ff,bad8d02a,2/3/2023 13:14,B,B03022023131434,00485f01,1826.73,SGD,Air,,8%,146.14,1972.87,
4e79a3df,bad8d02a,2/3/2023 13:36,B,B03022023133707,00485f01,881.07,SGD,Air,,8%,70.49,951.56,82272c62
0ce4ef31,55kcyJWnQ9,2/3/2023 14:14,AT,AT2023030203,3E98Omn83X,5998.5,SGD,Air,,Exempted,0,5998.5,f6077f11
,,,,,,,,,,,,,
2c26a90e,f363c768,2/3/2023 15:20,S,S03022023152438,3E98Omn83X,398.95,SGD,Air,,8%,31.92,430.87,fe11343c
a7f73f8b,26dae66a,2/3/2023 19:34,S,S03022023193438,8X5EJG61Hk,6245.41,SGD,Sea,,8%,499.63,6745.04,c7109913
c59924d1,TELcJA9M9q,10/3/2023 17:12,AB,AB2023030301,3E98Omn83X,4136.31,SGD,Air,,Exempted,0,4136.31,c478b74d
80896a7e,bHy0p906sS,3/3/2023 10:35,AB,8B03032023103531,,139.17,SGD,Air,,Exempted,0,139.17,
04b0b0d0,06dd4603,3/3/2023 10:32,BS,BS03032023103400,,177,USD,Air,,Exempted,0,177,1ad69502
db5614c9,85164aa4,3/3/2023 10:43,BS,BS03032023104416,,872.91,SGD,Air,,Exempted,0,872.91,9bb37681
88022c50,eb3f99cb,3/3/2023 11:21,B,B03032023112222,8X5EJG61Hk,460.09,SGD,Air,,8%,36.81,496.9,e4db7294
17172ad5,06fa670b,3/3/2023 12:07,B,B03032023120735,8X5EJG61Hk,537.37,SGD,Air,,8%,42.99,580.36,
d79fa1ba,wD0mqPXvsw,3/3/2023 12:39,S,S03032023123916,00485f01,5790,SGD,Air,,8%,463.2,6253.2,
c89ced0d,06fa670b,3/3/2023 14:07,B,B03032023140722,8X5EJG61Hk,1659.28,SGD,Air,,8%,132.74,1792.02,6e4a28e5
fe6a3ba0,557ea500,3/3/2023 14:11,S,S03032023141136,00485f01,566,SGD,Air,,8%,45.28,611.28,
f1de0d60_R,XpP0Bn0s55,3/3/2023 16:50,S,S03032023165004,3E98Omn83X,2416,SGD,Air,,8%,193.28,2609.28,
c6bd5684,taVC7LD6U1,3/3/2023 17:02,S,S03032023170227,3E98Omn83X,209.94,SGD,Air,,8%,16.8,226.74,8b7e3eb6
20161b11,0a2cfe37,3/3/2023 17:11,L,L03032023171331,3E98Omn83X,50,SGD,Air,,8%,4,54,67ce6686
3431fd68,55kcyJWnQ9,3/3/2023 17:53,S,S03032023175408SJ,3E98Omn83X,5513.08,SGD,Air,,8%,441.05,5954.13,
e50b784b,3PMyW67W67,3/3/2023 18:12,S,S03032023181220,3E98Omn83X,505.47,SGD,Air,,8%,40.44,545.91,
b07c1c91,f47da2fc,3/3/2023 18:52,B,B03032023185244,8X5EJG61Hk,751.5,SGD,Air,,8%,60.12,811.62,
a9954f17,06fa670b,3/3/2023 19:11,S,S03032023191136,8X5EJG61Hk,601.14,SGD,Air,,8%,48.09,649.23,2674d1b6
ee1aa234_R_R,56306a88,4/3/2023 11:18,S,S03042023111846,gLuyJ85Lwe,1565.56,SGD,Air,,0%,0,1565.56,
6a70c942,eb3f99cb,6/3/2023 9:59,B,B03062023095955,8X5EJG61Hk,717,SGD,Air,,8%,57.36,774.36,426d8b3d
65f9c530_R_R,e78e48e5,6/3/2023 10:20,8B,8Spades to Kanglei Pang (Dr.),,9429,USD,Air,,Exempted,0,9429,
1cf195f0,ItssapCSik,8/3/2023 10:42,AB,AB23030604,3E98Omn83X,720.41,SGD,Air,,Exempted,0,720.41,"894cf1a3 , 4895fc8d"
a61d759d,hL800efJnq,6/3/2023 10:52,S,S03062023105311,8X5EJG61Hk,672.51,SGD,Air,,8%,53.8,726.31,d8872063
66c58bf5,Pox366MK2r,6/3/2023 11:37,AB,AB03062023113846,00485f01,2249.27,SGD,Air,,Exempted,0,2249.27,
3431fd68_R,55kcyJWnQ9,6/3/2023 12:50,S,S03032023175408,3E98Omn83X,5513.08,SGD,Air,,8%,441.05,5954.13,"74a7f9e3 , b5d34526"
7d72cd72,ggx24SP0Ql,6/3/2023 13:49,S,S03062023134921,8X5EJG61Hk,3594.48,SGD,Air,,8%,287.56,3882.04,
43733171,2c2fda37,6/3/2023 15:03,S,S03062023150356,8X5EJG61Hk,132.91,SGD,Air,,8%,10.63,143.54,b45bc3bd
34c40226,Tb6MBkP8o7,6/3/2023 18:08,S,S03062023180840,3E98Omn83X,1275.49,SGD,Air,,8%,102.04,1377.53,
be055f63,87360d9a,6/3/2023 22:35,B,B01092023142902BF,00485f01,108.4,SGD,Air,,0%,0,108.4,
bd44741b,231f5f55,7/3/2023 10:21,B,B03072023102157,8X5EJG61Hk,1093.02,USD,Air,,Exempted,0,1093.02,
98f1e789,f748afdd,7/3/2023 10:49,BS,BS03072023105308,,335,USD,Air,,Exempted,0,335,3c187ad8
2cdc652b,790470a5,7/3/2023 11:00,BS,BS03072023110734,,316,USD,Air,,Exempted,0,316,d2cca51b
743d5e75,99193b40,7/3/2023 11:24,BS,BS03072023113242,,1957.78,SGD,Air,,Exempted,0,1957.78,
13725ff0,X90cRum7fq,7/3/2023 11:59,B,B03072023115950,3E98Omn83X,645.97,SGD,Air,,8%,51.68,697.65,268eae39
93efaf97,22c7b7f7,7/3/2023 13:25,S,S03072023132556,00485f01,3282.25,SGD,Air,,8%,262.58,3544.83,
2ad48d75,9437b0d3,7/3/2023 13:50,B,B03072023135053,8X5EJG61Hk,1517.75,SGD,Air,,8%,121.42,1639.17,
40696c26,a2a70b56,20/3/2023 15:39,BB,BB03072023153941,8X5EJG61Hk,2611.02,SGD,Air,,Exempted,0,2611.02,
24438c37,ab389a4d,7/3/2023 16:17,T,T03072023161712,3E98Omn83X,1845,SGD,Air,,8%,147.6,1992.6,64b7bd92
bca18e0c,06df1afd,7/3/2023 17:05,S,S03072023170546,3E98Omn83X,626.7,SGD,Air,,8%,50.14,676.84,1963d2b9
0ca13c76,4f18u3537C,7/3/2023 17:22,S,S03072023172244,3E98Omn83X,318,SGD,Air,,8%,25.44,343.44,29ba608d
0e2a168a,55kcyJWnQ9,7/3/2023 17:35,T,T03072023173511,,2830.98,SGD,Air,,8%,226.48,3057.46,
05ae00e1,1292f213,8/3/2023 10:30,S,S03082023103026,3E98Omn83X,216.72,SGD,Air,,8%,17.34,234.06,a71ac9f9
,,,,,,,,,,,,,
9125eb1d_R,99a27d7f,8/3/2023 10:58,B,B03082023105810,,1849,SGD,Air,,8%,147.92,1996.92,a228f9ea
016f5c49,f63e6d5a,8/3/2023 14:30,B,B03082023143016,8X5EJG61Hk,542.75,SGD,Air,,8%,43.42,586.17,
6dadaa7c,ItssapCSik,8/3/2023 15:19,BB,BB3823012,3E98Omn83X,3238.37,SGD,Air,,Exempted,0,3238.37,71739d78
2a7d2662,ItssapCSik,14/3/2023 15:36,AB,AB03082023153610,3E98Omn83X,785.03,SGD,Air,,Exempted,0,785.03,
c543c72b,ItssapCSik,8/3/2023 15:44,AB,AB23030602,3E98Omn83X,481.3,SGD,Air,,Exempted,0,481.3,1392d52c
,,,,,,,,,,,,,
6bad7c5b,87360d9a,8/3/2023 16:41,B,B03082023164141,00485f01,37782.48,SGD,Air,,8%,3022.6,40805.08,
170f6fa7,ItssapCSik,8/3/2023 16:50,B,B03082023165022,3E98Omn83X,564.43,SGD,Air,,8%,45.15,609.58,
d575841a,wD0mqPXvsw,8/3/2023 17:00,AS,AS03082023170104,00485f01,5790,SGD,Air,,Exempted,0,5790,
3126c732,wD0mqPXvsw,8/3/2023 17:09,B,B03082023170942,00485f01,59.98,SGD,Air,,8%,4.8,64.78,
2eee2bc0_R,03c4167d,8/3/2023 17:28,B,B03082023172805,8X5EJG61Hk,1043.9,SGD,Air,,8%,83.51,1127.41,
afa73be9,n4Ks0QC3ZO,9/3/2023 9:39,B,B03082023172939,3E98Omn83X,5427.51,SGD,Air,,8%,434.2,5861.71,
99bf871d,7c61d91c,9/3/2023 9:36,BS,BS03092023094029,gLuyJ85Lwe,156,USD,Air,,Exempted,0,156,c696fcac
c1e02ffd_R_R,wD0mqPXvsw,9/3/2023 10:08,S,S03092023100834,00485f01,874.76,SGD,Air,,8%,69.98,944.74,
5323efe6,eb3f99cb,9/3/2023 14:26,B,B02202023170919SJ,8X5EJG61Hk,0,SGD,Air,,8%,0,0,
3fd89bbc,6c7f8bad,9/3/2023 14:38,S,S03092023143844,00485f01,846.58,SGD,Air,,8%,67.73,914.31,
16500ce5,fEXeW6R1J3,9/3/2023 14:45,B,B03092023144536,8X5EJG61Hk,1778.51,SGD,Air,,8%,142.28,1920.79,02a99b09
7ad7ba3e,fEXeW6R1J3,9/3/2023 14:58,BB,BB03092023145817,8X5EJG61Hk,1000,SGD,Air,,Exempted,0,1000,febc60b7
dc46b98b,fEXeW6R1J3,9/3/2023 15:16,B,B03092023151656SJ,8X5EJG61Hk,1321.58,SGD,Air,,8%,105.73,1427.31,
94c4f767,a293033e,9/3/2023 16:20,T,T03092023162106,3E98Omn83X,2395,SGD,Air,,8%,191.6,2586.6,a06ba567
,,,,,,,,,,,,,
afbbf050,hL800efJnq,10/3/2023 10:37,S,S03102023103710,8X5EJG61Hk,274.62,SGD,Air,,8%,21.97,296.59,489d4622
d4c92ef6,2f89e51f,10/3/2023 12:18,AB,AB03102023121833,8X5EJG61Hk,3155.41,CNY,Air,,Exempted,0,3155.41,
68530412,fEXeW6R1J3,10/3/2023 12:24,B,B03102023122509,8X5EJG61Hk,985.58,SGD,Air,,8%,78.85,1064.43,
dfb881d2,a5580ba7,10/3/2023 16:02,S,S03102023160300,,1420.8,SGD,Air,,8%,113.66,1534.46,
415d1ebe,fEXeW6R1J3,10/3/2023 16:20,B,B03102023162258SJ,8X5EJG61Hk,2557.33,SGD,Air,,8%,204.59,2761.92,
32c1cb5c,7f8bcd20,12/3/2023 21:55,B,B03122023215548,8X5EJG61Hk,501.27,SGD,Air,,8%,40.1,541.37,644b42d9
0c0aaa9f,b0Aif96VUF,12/3/2023 22:12,B,B03122023221250,8X5EJG61Hk,1763.43,SGD,Air,,8%,141.07,1904.5,dd4991fc
063606af,4Yk09HecPy,12/3/2023 22:54,B,B03122023225424,8X5EJG61Hk,2198.74,SGD,Air,,8%,175.9,2374.64,"4e6a7694 , 94b1b173"
10dde08e,99a27d7f,13/3/2023 16:28,B,B03132023162856,8X5EJG61Hk,267.77,SGD,Air,,8%,21.42,289.19,d0d3e1d1
4641f4c6,99a27d7f,13/3/2023 16:43,B,B03132023164337,8X5EJG61Hk,618.6,SGD,Air,,8%,49.49,668.09,
b90c3c95,99a27d7f,13/3/2023 17:02,B,B03132023164337SJ,8X5EJG61Hk,208.75,SGD,Sea,,8%,16.7,225.45,
6fc7742f,83a8c567,14/3/2023 10:13,S,S03142023101444,gLuyJ85Lwe,261.25,SGD,Air,,0%,0,261.25,
21227338,6AyX6y7B9p,14/3/2023 10:15,L,L03142023101520,8X5EJG61Hk,41.75,SGD,Air,,8%,3.34,45.09,
c29b83c4,7a340707,14/3/2023 10:30,BS,BS03142023103352,gLuyJ85Lwe,188,USD,Air,,Exempted,0,188,55ca5795
fcb4a73c,af0b8607,14/3/2023 10:44,AB,AB03142023104409,8X5EJG61Hk,1171.78,SGD,Air,,Exempted,0,1171.78,a6dd91cc
5a8f8093,db09a28c,14/3/2023 12:57,S,S03142023125729,8X5EJG61Hk,214.02,SGD,Air,,8%,17.12,231.14,deead81b
dfac0ec8,99a27d7f,14/3/2023 13:22,B,B03132023164337SJ,8X5EJG61Hk,0,SGD,Air,,8%,0,0,
3c82991d,5b253145,14/3/2023 15:43,B,B03142023154331,8X5EJG61Hk,736.22,SGD,Air,,8%,58.9,795.12,f5fd8541
c0ceae32,6B4UJCNbVd,15/3/2023 10:29,S,S03152023102949,00485f01,7952.39,SGD,Air,,8%,636.19,8588.58,
03ee4088,1b04ee43,15/3/2023 13:21,L,L03152023132130,3E98Omn83X,309.9,SGD,Air,,8%,24.79,334.69,
97fda6c9,ggx24SP0Ql,15/3/2023 14:04,B,B03152023140427,8X5EJG61Hk,901.99,SGD,Air,,8%,72.16,974.15,
8e97141c,a193bbed,15/3/2023 14:44,S,S03152023144444,8X5EJG61Hk,5355.9,SGD,Air,,8%,428.47,5784.37,
85e6be73,06suB5p2mX,15/3/2023 15:10,S,S03152023151054,3E98Omn83X,1097.38,SGD,Air,,8%,87.79,1185.17,
53c4e7e4,1292f213,15/3/2023 21:07,T,T03152023210708,3E98Omn83X,816.45,SGD,Air,,8%,65.32,881.77,
be46fca3,0cd950a7,16/3/2023 9:41,B,B03162023094602,3E98Omn83X,4941,SGD,Air,,8%,395.28,5336.28,
baa063d0,5960fa38,16/3/2023 10:34,S,S03162023103442,8X5EJG61Hk,597.87,SGD,Air,,8%,47.83,645.7,6287152d
,,,,,,,,,,,,,
9e76f626,09fca5d4,16/3/2023 15:06,BS,BS03162023150835,gLuyJ85Lwe,186.14,SGD,Air,,Exempted,0,186.14,c1860ed5
d1935c91,cdc26cf5,16/3/2023 16:04,B,B03162023160422,00485f01,1430.1,SGD,Air,,8%,114.41,1544.51,
dfa7a186,cc6c5bdc,16/3/2023 18:15,B,B03162023181553,8X5EJG61Hk,1826.76,SGD,Air,,8%,146.14,1972.9,
2d066b7f,231f5f55,16/3/2023 18:40,B,B03162023184016,8X5EJG61Hk,0,USD,Air,,Exempted,0,0,
,,,,,,,,,,,,,
1996ee81,j6v26jLuwm,17/3/2023 10:59,B,B03172023102252SJ,00485f01,69.58,SGD,Air,,8%,5.57,75.15,
47a433f3,XIy2CiF5zT,17/3/2023 13:26,B,B03172023132606,8X5EJG61Hk,871.17,SGD,Air,,8%,69.69,940.86,
185fce1d,7ab79e98,17/3/2023 14:37,B,B03172023143757,3E98Omn83X,0,SGD,Air,,8%,0,0,
f4aa8738,fEXeW6R1J3,17/3/2023 15:22,B,B03172023152233,8X5EJG61Hk,536.63,SGD,Air,,8%,42.93,579.56,
a45d66e2,22c7b7f7,17/3/2023 15:27,S,S03172023152749,00485f01,2326.31,SGD,Air,,8%,186.1,2512.41,
4d036863,j6v26jLuwm,17/3/2023 17:06,AB,AB03172023170640,00485f01,1410.97,SGD,Air,,Exempted,0,1410.97,
f7106fa7,FIc17Ck457,17/3/2023 19:36,T,T03172023193645,8X5EJG61Hk,1202.1,SGD,Air,,8%,96.17,1298.27,
d474fdf6,fvIH3Ur1DW,20/3/2023 12:53,B,B03202023125319,8X5EJG61Hk,303,SGD,Air,,8%,24.24,327.24,
ff550f7e,bad8d02a,20/3/2023 12:55,B,B03202023125534,00485f01,1961.9,SGD,Air,,8%,156.95,2118.85,
f064f0fe,bad8d02a,20/3/2023 13:15,B,B03202023131604,00485f01,1891.24,SGD,Air,,8%,151.3,2042.54,
01688c16,ItssapCSik,23/3/2023 16:08,AB,AB03242023162858,3E98Omn83X,1058.23,SGD,Air,,Exempted,0,1058.23,
06ffab21,GHbrZ9WLG3,20/3/2023 15:18,B,B03202023151842,8X5EJG61Hk,742.25,SGD,Air,,8%,59.38,801.63,
b9874aa6,Y2MYCQ56NK,20/3/2023 17:37,S,S03202023173805,3E98Omn83X,234.76,SGD,Air,,8%,18.78,253.54,
a02f2b5b,3b76cf6e,21/3/2023 9:20,BS,BS03212023092505,gLuyJ85Lwe,399,USD,Air,,Exempted,0,399,ae935e70
5621aa75,150f2448,21/3/2023 10:34,S,S03212023103442,00485f01,2051.5,SGD,Sea,,8%,164.12,2215.62,
55b78ff8,6Lwm5z7Yj9,21/3/2023 10:49,B,B03212023104948,8X5EJG61Hk,11761.8,SGD,Sea,,8%,940.94,12702.74,
3fd89bbc_R,6c7f8bad,21/3/2023 11:13,S,S03212023111336,00485f01,773.02,SGD,Air,,8%,61.84,834.86,
e5f25fae,c46c927e,21/3/2023 11:33,B,B03212023113328,8X5EJG61Hk,6540.84,SGD,Sea,,8%,523.27,7064.11,
47f1cb1a,c46c927e,21/3/2023 11:44,B,B03212023114432,8X5EJG61Hk,8350.01,SGD,Air,,8%,668,9018.01,
ca4263e1,4Yk09HecPy,21/3/2023 13:10,B,B03212023131106SJ,8X5EJG61Hk,570.86,SGD,Air,,8%,45.67,616.53,
22b7a651,39d60b03,21/3/2023 13:15,BS,BS03212023131830,,157.17,SGD,Air,,Exempted,0,157.17,a2237979
bc65a0db,d759282e,21/3/2023 14:26,AB,AB03212023142715,8X5EJG61Hk,3155,CNY,Air,,Exempted,0,3155,44264092
b7ef7f26,5fiS378Rr1,21/3/2023 14:50,AB,AB02282023164653,3E98Omn83X,4884.68,SGD,Air,,Exempted,0,4884.68,
d3cedfd8,99a27d7f,21/3/2023 15:55,B,B03212023155540,8X5EJG61Hk,0,SGD,Air,,8%,0,0,
3c85ccec,99a27d7f,21/3/2023 15:58,B,B03212023155835,8X5EJG61Hk,1917.91,SGD,Air,,8%,153.43,2071.34,
19819746,4ZRd9NGZZQ,21/3/2023 16:55,B,B03212023165538,3E98Omn83X,882.17,SGD,Air,,8%,70.57,952.74,
8b9e13a9,8b87ebf3,22/3/2023 10:57,BS,BS03222023105909,gLuyJ85Lwe,169.82,SGD,Air,,Exempted,0,169.82,
1262edbf,7bdbb91d,22/3/2023 11:56,B,B03222023115618,00485f01,334.4,SGD,Air,,8%,26.75,361.15,
2b094854,4Yk09HecPy,22/3/2023 15:37,B,B03122023225424SJ,8X5EJG61Hk,0,SGD,Air,,8%,0,0,
853b84f0,8Nzo71FGPE,22/3/2023 15:48,BS,BS03222023154837,3E98Omn83X,3216.25,SGD,Air,,Exempted,0,3216.25,
9722d4e1,bb9590c3,22/3/2023 16:50,T,T03222023165253,3E98Omn83X,5195.58,SGD,Air,,8%,415.65,5611.23,
c989a228,55kcyJWnQ9,23/3/2023 1:22,S,S03032023175408BF,3E98Omn83X,0,SGD,Air,,0%,0,0,
4ac7a7ae,b057f9b5,23/3/2023 8:41,S,S03232023084426,gLuyJ85Lwe,1679.2,SGD,Air,,0%,0,1679.2,
4ac7a7ae_R,b057f9b5,23/3/2023 10:18,S,S03232023101848,gLuyJ85Lwe,1522.2,SGD,Air,,0%,0,1522.2,
3e71b312,011a0164,23/3/2023 10:56,B,B03232023105639,00485f01,604.12,SGD,Air,,8%,48.33,652.45,
e8214182,hL800efJnq,23/3/2023 11:00,B,B03232023110105,8X5EJG61Hk,3301.18,SGD,Air,,8%,264.09,3565.27,
7a4d16b4,6c7f8bad,23/3/2023 11:17,B,B03232023111808,00485f01,5149.18,SGD,Air,,8%,411.93,5561.11,
61caf822,e99f4d98,23/3/2023 14:35,B,B03232023143553,00485f01,2899.07,SGD,Air,,8%,231.93,3131,
e5335907,4cb30e09,23/3/2023 16:19,S,S03232023161933,3E98Omn83X,277.44,SGD,Air,,8%,22.2,299.64,
939982de,e99f4d98,23/3/2023 18:26,B,B03232023182616,00485f01,403.04,SGD,Air,,8%,32.24,435.28,
8226b09d,90b44782,23/3/2023 18:29,T,T03232023182913,00485f01,14319,SGD,Air,,8%,1145.52,15464.52,
709c4a9e,90b44782,23/3/2023 18:41,T,T03232023184126,00485f01,5600,SGD,Air,,8%,448,6048,
79f1e8a1,hL800efJnq,24/3/2023 11:54,S,S03242023115424,8X5EJG61Hk,501,SGD,Air,,8%,40.08,541.08,
07662a2e,n4Ks0QC3ZO,24/3/2023 15:54,B,B02072023173050BF,,0,SGD,Air,,8%,0,0,
982ec53f,jjC9BO9046,24/3/2023 15:59,S,S03242023160019,3E98Omn83X,526.98,SGD,Air,,8%,42.16,569.14,
38df34c0,ItssapCSik,24/3/2023 16:22,BB,BB03242023162225,3E98Omn83X,977.52,SGD,Air,,Exempted,0,977.52,
094841d7,0a89e163,27/3/2023 9:25,BS,BS03272023092652,,123,USD,Air,,Exempted,0,123,55b0235d
29d24232,XpP0Bn0s55,27/3/2023 13:55,S,S03272023135637,,223.75,SGD,Air,,8%,17.9,241.65,
3fcdde3d,a4122309,27/3/2023 15:00,B,B03272023150034,00485f01,269.42,SGD,Air,,8%,21.55,290.97,
c430bc8a,9or4RfVO6l,27/3/2023 15:23,B,B03272023152353,8X5EJG61Hk,3663.81,SGD,Air,,8%,293.1,3956.91,
7ff30f31,a6834fa7,27/3/2023 17:32,B,B03272023173302,3E98Omn83X,341.44,SGD,Air,,8%,27.32,368.76,
cd63d1c0,73Mfhf002n,27/3/2023 17:47,S,S03272023174737,3E98Omn83X,305.71,SGD,Air,,8%,24.46,330.17,
8a564e31,u9Q7w1CAQT,27/3/2023 18:33,S,S03272023183341,8X5EJG61Hk,1301.75,SGD,Air,,8%,104.14,1405.89,
edb8339f,3461337b,28/3/2023 10:14,BS,BS03282023101704,,79,USD,Air,,Exempted,0,79,497f4dc0
f3a6bf5a,d37645b0,28/3/2023 11:06,BS,BS03282023110757,,435.28,SGD,Air,,Exempted,0,435.28,611c395b
16c7aad6,X2ywZ9GnQE,28/3/2023 13:55,B,B12242022002746SJ,8X5EJG61Hk,21.99,SGD,Air,,8%,1.76,23.75,
f13455ae,06fa670b,28/3/2023 14:42,S,S03282023144258,8X5EJG61Hk,4691.61,SGD,Air,,Exempted,0,4691.61,
2353fcf3,06fa670b,28/3/2023 21:50,B,S03282023215032,8X5EJG61Hk,741.48,SGD,Air,,8%,59.32,800.8,
e78fd514_R,xsumAjY50P,28/3/2023 22:08,S,S03282023220822,,557.76,SGD,Air,,8%,44.62,602.38,
18f412c3,1c127085,29/3/2023 9:14,S,S03292023091413,3E98Omn83X,215.5,SGD,Air,,8%,17.24,232.74,
988d053e_R,TELcJA9M9q,29/3/2023 11:27,B,B03292023112710,,5738.29,SGD,Air,,8%,459.06,6197.35,
61e987ff_R,bad8d02a,29/3/2023 12:17,B,B03292023121716,00485f01,1826.73,SGD,Air,,8%,146.14,1972.87,
b7a372fc,GHbrZ9WLG3,29/3/2023 12:18,B,B03202023151842SJ,8X5EJG61Hk,0,SGD,Air,,8%,0,0,
16a2abb2,863ed0b1,29/3/2023 13:11,BS,BS03292023131212,,362,USD,Air,,Exempted,0,362,7622cac5
85d8c66e,8fJgA4J040,29/3/2023 13:54,T,T03292023135418,3E98Omn83X,250,SGD,Air,,8%,20,270,
7797d2f6,c14340bc,29/3/2023 13:53,BS,BS03292023140327,,485,USD,Air,,Exempted,0,485,a1ef9f83
d506d2a4_R,bad8d02a,29/3/2023 16:08,B,B03292023160823,00485f01,1990.47,SGD,Air,,8%,159.24,2149.71,
