Item ID,Quotation ID,DO ID
6df4407a,cda6636f,cae17ced
e3c8b27d,14711cfd,
980441f4,14711cfd,
2d6a2b72,fc5589ff,c8b93cbb
9ef489a3,14711cfd,
5eb29140,7bd9399b,
426f5ff7,d3bdbd17,c6ff2870
da69d562,d3bdbd17,c6ff2870
2a48e36b,d3bdbd17,1d6d12c5
e6d499b7,d3bdbd17,1d6d12c5
5cc8af70,d3bdbd17,1d6d12c5
58fb4170,d3bdbd17,c6ff2870
93abd45e,d3bdbd17,dac3a50f
54e217f1,0e29525e,9eb02432
6906a6b7,0e29525e,9eb02432
3c0a155f,0e29525e,9eb02432
f892dafe,0e29525e,e2e12cda
283c6aa8,76220112,f0da4a70
28240f06,3143c1a4,1dfcb2d4
88ed16fd,d9238171,
901a34ff,ffbb13d1,7f75b5dc
9aecdb14,7a4dcde6,
5add5db6,7a4dcde6,
1397edf0,d5f5ecb8,
a9a58e41,f8f99b32,6c8a7455
3c6d1e18,09d4b3e1,722f7034
441fe331,09d4b3e1,ab2ea5c4
b4bbf440,09d4b3e1,440b5153
813f54e2,09d4b3e1,440b5153
0660ac0c,09d4b3e1,505ded89
bde56ea7,09d4b3e1,440b5153
930de317,09d4b3e1,440b5153
c21d200d,09d4b3e1,440b5153
b6f6ac0b,09d4b3e1,356f474d
5090d5ea,09d4b3e1,722f7034
04c5013a,09d4b3e1,722f7034
2a8184dd,09d4b3e1,84d55d07
f7330885,bc000adf,
25ec7d7b,bc000adf,
0c1b72aa,f4fe6ff4,7cad47b8
a4c782fa,f4fe6ff4,
2eebcd8c,f4fe6ff4,
d18922ba,f4fe6ff4,7cad47b8
3fee4415,fdb0e910,46475975
4fd23e96,fdb0e910,46475975
0e7d7b47,6e21eeec,
961f5958,6e21eeec,
c70216f9,1e9dcb0e,7cfa08de
ae57f168,1e9dcb0e,7cfa08de
64ee6729,ca3dd089,7ba1eb36
45cb0f61,ca3dd089,7ba1eb36
072e6ee6,ca3dd089,7ba1eb36
d08a11cd,ca3dd089,7ba1eb36
9ba7ba0a,ca3dd089,7ba1eb36
80996c89,4971f5ed,1cd86d3c
f0619a68,4971f5ed,0b3c0d6a
eb15da7c,4971f5ed,30ba0d38
017d0c06,4971f5ed,b92ac31a
6830a1a8,4971f5ed,b92ac31a
bc87dad7,4971f5ed,30ba0d38
8e9cdbb2,0ec522ee,c87c788c
0e7a441a,783b9126,58676506
ba6d1594,783b9126,2daf83bd
21001035,783b9126,2daf83bd
65b11a9b,1fddf80a,549ed0ab
65a8fcb0,1fddf80a,549ed0ab
cff6082e,783b9126,2daf83bd
9580687b,1fddf80a,a05b555a
f7bd0c3f,1fddf80a,1f6cd225
4b6bfdb8,fc0501b6,6186506b
3980804e,fe1b95b1,
6a4759b3,4971f5ed,30ba0d38
b7a769f6,d563af47,7df47353
4faff90d,d563af47,7df47353
77d9a06e,9064b2ce,f9f14345
1f696cae,783b9126,2daf83bd
ab35874f,3251bdfd,
b8bedf0f,d563af47,7df47353
85a6887a,3cd276da,eaedd6e3
d23f2674,3cd276da,eaedd6e3
350317c3,3cd276da,eaedd6e3
e5f077b5,3cd276da,eaedd6e3
5f5019d8,3cd276da,49bb6b48
23a985e0,3cd276da,d73b0047
2f3cee46,3cd276da,49bb6b48
2a6afd4b,3cd276da,eaedd6e3
cda4c060,3cd276da,eaedd6e3
1f7e7d75,3cd276da,49bb6b48
191cdb1a,3cd276da,d73b0047
47a260c8,3cd276da,49bb6b48
18959953,3cd276da,49bb6b48
d9a1e1b0,3cd276da,eaedd6e3
d953a9ca,3cd276da,49bb6b48
751647d1,3cd276da,49bb6b48
2c5a07d2,3cd276da,49bb6b48
27d225b4,3cd276da,49bb6b48
22cf4661,35c7e73c,
1da048c7,89791c50,8bab8369
c032f382,89791c50,8bab8369
b806e3af,35c7e73c,
5964f26c,9c4d8c2f,051276dd
5942b3ab,35c7e73c,
9ec5906c,35c7e73c,
4a82a65e,9c4d8c2f,051276dd
1ab03868,35c7e73c,
e0337366,35c7e73c,
421d4b47,35c7e73c,
52231a0c,35c7e73c,
196c317f,35c7e73c,
494b7b6d,f330997a,9cce5ea8
2c4dd70a,e9a16e92,
e4ce6f53,c3c939d6,1beacb04
9679d68d,3143c1a4,74b3862f
10de157f,c3c939d6,1beacb04
435033cf,3143c1a4,dbf097e4
677eaed1,3143c1a4,278dae44
3cab606d,c3c939d6,b3641f7b
9879746c,c3c939d6,b3641f7b
11b5f174,c3c939d6,1beacb04
dc1f8f46,c3c939d6,1beacb04
f773cf27,c3c939d6,1beacb04
7d6697e1,c3c939d6,1beacb04
ea5220a2,377a5c65,f32bdf70
02bf97d5,377a5c65,f32bdf70
c47f4dd7,377a5c65,f32bdf70
c3c75bb0,c3c939d6,1beacb04
0766848e,c3c939d6,1beacb04
b186bb95,c3c939d6,b3641f7b
6b03d0b7,c3c939d6,b3641f7b
d976ea02,c3c939d6,1beacb04
f2651e4c,c3c939d6,1beacb04
a8e8860a,c3c939d6,1beacb04
2a6c9591,c3c939d6,1beacb04
84332afa,c3c939d6,1beacb04
7db0551a,c3c939d6,b3641f7b
5a383093,9856c6c7,
6960861b,9856c6c7,
77edcc71,c3c939d6,b3641f7b
07050db3,c3c939d6,1beacb04
db456f5c,a596491e,7148dc6c
930a442b,c3c939d6,1beacb04
50b861ff,c3c939d6,b3641f7b
54e66e4e,bf82c3c0,e40ca79e
820da3e9,bf82c3c0,e40ca79e
72f81143,bf82c3c0,e40ca79e
cc079804,bf82c3c0,31954f6e
32e22b18,bf82c3c0,e40ca79e
96cd5f1f,bf82c3c0,e40ca79e
f8fd004a,bf82c3c0,e40ca79e
8270dcce,bf82c3c0,e40ca79e
3c7f63b9,20153194,
8b9f9932,f3e3e096,09a8b9fc
4b9088da,f3e3e096,384c5fe1
c650932a,f3e3e096,384c5fe1
b154abee,f3e3e096,09a8b9fc
aece0061,787db41b,
1fb03651,a596491e,7148dc6c
fdafc64e,bf82c3c0,486b394d
c19a3425,5e9b5962,
27b35290,bb35ab37,d75d5ecd
2bce57df,a596491e,7148dc6c
8a4b39b7,a596491e,7148dc6c
e842dc12,a596491e,7148dc6c
d4d3b279,a596491e,7148dc6c
b9ed31ca,a596491e,7148dc6c
e17d3b3f,a596491e,23b0df1c
3942b265,a596491e,7563ee71
ca98f376,a596491e,7563ee71
a6b6f94d,a596491e,7563ee71
3db83dd3,f942aea8,e6650a8a
7d00571e,f942aea8,e6650a8a
963dd87f,18b4fd12,c560de00
9f5c75ed,a596491e,7563ee71
b4cecb1f,a596491e,7563ee71
7b75bee1,18b4fd12,c560de00
7cb7f9f9,18b4fd12,
6d4940a5,18b4fd12,66699787
fec548a0,18b4fd12,b6626008
e4a06edc,a596491e,7563ee71
e25d8855,a596491e,7563ee71
33d620a7,a596491e,7563ee71
67cf7d64,a596491e,7563ee71
7c889ca4,a596491e,7563ee71
b99f5434,feed779a,e70e5d1b
27dc556e,a596491e,7563ee71
6807ed24,feed779a,e70e5d1b
bf333ab9,a596491e,7563ee71
e2472108,a596491e,7148dc6c
1543ee24,a596491e,7148dc6c
1e22a3d4,a596491e,7563ee71
60af7b16,a596491e,7563ee71
7ce16c35,a596491e,7563ee71
a039e905,a596491e,7563ee71
60b8b6f3,a596491e,7148dc6c
006dc09c,a596491e,7148dc6c
71c78d07,a596491e,7148dc6c
3ffb14b8,cdab0f97,cc721fbc
2f7c0be6,cdab0f97,
8f3602eb,a81bc619,
eccfc9cb,a81bc619,
8daed9b2,a81bc619,
0cfab2c0,a81bc619,
072c73a0,a81bc619,
a880926c,9dd3b9de,
afa5b1c0,a596491e,7563ee71
5f605533,7d3a33d5,
fd9c926e,7d3a33d5,
b3d0870b,4fc843f3,bc703612
2cfbc2e8,4fc843f3,4d2c19df
99e6c303,be4c4f68,5b8c59e7
54702efb,be4c4f68,5b8c59e7
2ff31bd3,be4c4f68,5b8c59e7
749c76e4,be4c4f68,5b8c59e7
8337f3fb,be4c4f68,2c093006
d0d33a3e,be4c4f68,f6621ced
08d91265,be4c4f68,5b8c59e7
02ca6378,be4c4f68,2c093006
3f8a1568,4fc843f3,bc703612
62913d89,4fc843f3,bc703612
d886d5a8,4fc843f3,bc703612
a59fe00d,4fc843f3,4d2c19df
1a6d8469,4fc843f3,4d2c19df
c8d20297,4fc843f3,4d2c19df
d57675a0,4fc843f3,4d2c19df
cc59460a,4fc843f3,4d2c19df
d4136f5c,4fc843f3,4d2c19df
993ff64a,18b4fd12,66699787
ee94d017,18b4fd12,b6626008
8d7b0167,4fc843f3,4d2c19df
cde31ea6,be4c4f68,5b8c59e7
4963515c,81a39130,d02aa660
44420fa3,81a39130,d02aa660
9680d475,81a39130,d02aa660
be0f173a,81a39130,d02aa660
89576adf,81a39130,d02aa660
6783648d,81a39130,d02aa660
f28a9e63,81a39130,d02aa660
cb4a6f58,81a39130,9ba8aa3f
cd3a56f2,81a39130,9ba8aa3f
71cfc92b,81a39130,9ba8aa3f
afbbf76f,81a39130,9ba8aa3f
0fce4033,81a39130,9ba8aa3f
673def78,81a39130,9ba8aa3f
fcd420db,81a39130,9ba8aa3f
d69a686a,81a39130,9ba8aa3f
02df5d9b,81a39130,9ba8aa3f
5340777f,b60d45be,
63b822b4,b60d45be,
f0459e04,b60d45be,
b874b4c6,81a39130,d02aa660
17ed5ec1,743cffdf,
76522499,81a39130,d02aa660
76c13021,81a39130,d02aa660
e322c1c8,81a39130,d02aa660
a68fcb75,dd03ed62,d69f3f8e
7303a2a0,81a39130,d02aa660
3137f356,81a39130,d02aa660
50ac11cb,81a39130,d02aa660
a5ee4c7b,dd8017be,85d2fc06
6331e56d,dd8017be,85d2fc06
cb1ddac0,dd03ed62,d69f3f8e
1ae0aee2,dd03ed62,d69f3f8e
69a79aab,45ee9da8,
bedabf19,e5bb55b7,9e55f7e8
766be344,f3e3e096,9d94d392
9638dd4f,f3e3e096,9a63fb24
00024a32,93248353,2b47a93a
440204b6,5788644b,
f2ceea99,5788644b,
e7863cee,f54c33a3,ff48499a
bb5508b7,f54c33a3,a28004e2
bb9429b8,f54c33a3,a28004e2
818b30f4,c54446f0,9aeaa93d
8523d2f2,c54446f0,b08d6c99
27086b2d,81a39130,d02aa660
dd01f698,8dc4b3cf,1fb35711
96fd5d0e,8dc4b3cf,561d9b5f
f71a637f,8dc4b3cf,561d9b5f
754a47d7,7e82d0bc,
939e0e04,67f30b6f,08a4d77a
4025e4a7,67f30b6f,4467ddfe
e37996d3,67f30b6f,4467ddfe
1d3a1e89,67f30b6f,41bf86f3
870ce867,67f30b6f,41bf86f3
5fc03c8d,4f88ba83,852aec3c
8051f2d2,9c267672,
330dd00f,d3e13a45,
5340748d,bc37e12b,ec8995f6
77da1f7b,cc700de6,d74e7b45
ec402710,cc700de6,2ffbd7eb
283f4736,cc700de6,6fea562a
5fa540d9,cc700de6,2ffbd7eb
a2df9c88,cc700de6,2ffbd7eb
455a9ffd,cc700de6,2ffbd7eb
fe758338,cc700de6,6fea562a
1ff88761,bbcd1908,
e0eaea6c,cc700de6,6fea562a
f7e88414,cc700de6,3547b46d
660f623e,cc700de6,3547b46d
48a79be3,cc700de6,6fea562a
3aae64d3,cc700de6,6fea562a
f0275477,cc700de6,6fea562a
f514313f,cc700de6,6fea562a
db66e08d,cc700de6,6fea562a
f94ecdbd,cc700de6,6fea562a
df247cd0,cc700de6,6fea562a
3bb9b630,cc700de6,2ffbd7eb
49abf06a,cc700de6,6fea562a
ea582064,cc700de6,6fea562a
c921298e,cc700de6,6fea562a
5591936c,cc700de6,6fea562a
203a85c2,cc700de6,6fea562a
84cf66db,cc700de6,6fea562a
1eb98af0,cc700de6,
810744d1,cc700de6,6fea562a
6ecc2495,0d1680f3,
4b821cfe,7506fc40,643d59ab
048c6e11,90fc6023,3207b175
6f6373cf,da892ca6,1f6ff5e5
70113971,cc700de6,6fea562a
75dc4eda,c8fbd78b,
ece206f4,a5da98ea,
775f2730,a5da98ea,
149253ea,a5da98ea,
554cab57,a5da98ea,
d3b94093,41946148,74787c1c
14b9a5a7,41946148,74787c1c
76a24d34,41946148,d1daa62f
425307a7,41946148,74787c1c
896bb941,a1cb2249,e1716d21
a221e184,a1cb2249,e1716d21
84c3b570,6c0abc88,fc8afa18
38614191,6c0abc88,fc8afa18
84186006,6c0abc88,fc8afa18
82afd0d8,6c0abc88,fc8afa18
8294efee,5788644b,
7f753ce7,5788644b,
bbaca20f,5788644b,
a7966c7c,75c7fea9,6936a210
c93e93c1,45b7a940,88435bd7
942138a9,f7f2fe7d,
3700638d,923d287d,a742370b
7beede60,187508ca,
99e5c5fc,187508ca,
3c00f446,81a39130,86343805
b94616e6,9aaa13e0,764c2ce9
ac0e9662,9aaa13e0,764c2ce9
447538ac,9aaa13e0,764c2ce9
21b853f8,9aaa13e0,5e270b3b
6d676942,1eaaa6d4,95dee461
9f524f7f,f0b6c447,84bf286f
ffb6e0cb,f0b6c447,84bf286f
d040cd71,f0b6c447,84bf286f
0b61aa56,f76fe1b2,
f7791af4,40c911f2,
23966286,40c911f2,
eca86847,802e8ad0,124444cf
72acb79b,802e8ad0,b9ce7ad2
7d702b19,c7d5bc69,
8b0c8053,c7d5bc69,
92868eef,7411bf1a,
422c4fca,e4e54454,
3bfe7031,e4e54454,
65c3db0a,ad9cd5d2,
74a781c5,314a2760,455c34ac
a576a555,314a2760,455c34ac
5869d9db,732b0bce,
7f306750,688f4e1e,4cb865ef
ff684a59,688f4e1e,4cb865ef
34dd5489,688f4e1e,4cb865ef
e09b6f0d,ad9cd5d2,
d7593c0e,6f62aa6d,
2a79bb48,ddac54e2,da612a64
27880a56,479fe2a7,
50065a54,3f03c3e9,ea44e235
d8a351e2,3f03c3e9,ea44e235
3f2bdaa8,beff7176,
209958b5,cc700de6,
e24b3a01,f464434d,
26beccd3,97109468,
bfc3d69a,cc7515d9,
ef66df34,cc700de6,c52e7a89
53416e6a,cc700de6,c52e7a89
8e27cd7e,cc700de6,c52e7a89
d8ca7a32,2549b12e,
e30d1ec2,2549b12e,
2b32ac64,43b5cac0,c4a1d663
57367152,43b5cac0,c4a1d663
bd414324,43b5cac0,c4a1d663
a5302fa2,43b5cac0,c4a1d663
3876c680,43b5cac0,c4a1d663
5108247f,43b5cac0,c4a1d663
fc57afbb,43b5cac0,c4a1d663
9e3498f8,43b5cac0,c4a1d663
89d5d3f7,43b5cac0,c4a1d663
9dc1c991,1aaa3cfa,d05df5ee
d9ecb032,1aaa3cfa,d05df5ee
e994840a,14ad02a9,4358d8e0
04b22dc0,397e3f60,
21e2a109,be2e313d,
5065d2c4,adcba6b6,
fe3ce7ed,ef679a3c,a0ae1745
0e6161c9,ef679a3c,4f64ad25
9120e3e9,ef679a3c,a0ae1745
8aebc033,ef679a3c,a0ae1745
1e2cda56,ef679a3c,a0ae1745
55524c47,23a12a7a,1ee23818
3deb37aa,ef679a3c,4f64ad25
eb1ce54f,ef0903be,3b29947f
9a043249,ef0903be,3b29947f
bee76fd0,ef679a3c,4f64ad25
dbfb9705,ef679a3c,4f64ad25
beb16bed,ef0903be,3b29947f
50b19a61,ef679a3c,4f64ad25
c52fd222,ef679a3c,a0ae1745
2fbf871e,ef679a3c,4f64ad25
42e5db9e,ef679a3c,4f64ad25
55a91d34,ef679a3c,4f64ad25
1e95ccd3,ef679a3c,
aab6bad5,76c9552f,
743a93e5,ef679a3c,a0ae1745
74d090c3,8c68c145,
2b137044,4e353f89,86478c56
dba88373,4e353f89,86478c56
7dc32458,4e353f89,86478c56
76ed193c,4e353f89,
32444eb8,4e353f89,86478c56
616381b3,0bc787a2,e17271a3
48979662,4e353f89,86478c56
a1939912,4e353f89,86478c56
0a9d04ee,4e353f89,
2b5595f5,1841d980,
c5c33cd6,1841d980,
c12fd2b0,1841d980,
2c2d4108,9531b2dc,
07642a4d,7fcddd93,d90922a2
68243852,efa68a08,
2f861518,efa68a08,
df9472a3,166255f5,
68b259b3,166255f5,
d43a4742,166255f5,
b83a2b9d,5f3cab5d,ef4f9379
4196bf69,5f3cab5d,b9e0239d
99c8e265,ddac54e2,da612a64
8e5e9cee,ddac54e2,da612a64
2351bd0f,e5bb55b7,9e55f7e8
ed05cfcb,d828a758,
37ae32be,587c57bd,
2831254b,7a38d6a4,704b5d2f
95d60d73,21a5ccbc,
7be8d950,fab20b48,
91ceb4fd,848ac38b,
80c3e0ff,848ac38b,
02529cbe,848ac38b,
afaa6043,848ac38b,
c375a320,848ac38b,
73302cc1,848ac38b,
23515818,848ac38b,
215fc2ea,bfeec30a,
f27c7941,db824c7a,
fe80ea90,edbc8c05,439fc33a
e027b692,edbc8c05,
58f09d29,edbc8c05,2dd97d4d
be022ad3,edbc8c05,439fc33a
a0df9123,edbc8c05,2dd97d4d
87aa08b8,edbc8c05,2dd97d4d
060063f6,edbc8c05,439fc33a
01fe5c21,edbc8c05,439fc33a
220576a9,edbc8c05,439fc33a
4c6360fc,1deb8ed6,
91f364e0,1deb8ed6,
ffa7c896,edbc8c05,439fc33a
eadd351e,1deb8ed6,
86c1da04,1deb8ed6,
ba6ac7dd,edbc8c05,439fc33a
7a77d01c,edbc8c05,8786d484
71d8c000,1deb8ed6,
a051658a,1deb8ed6,
40649766,edbc8c05,82ff7f33
4164df10,edbc8c05,439fc33a
b125ba62,edbc8c05,439fc33a
ddb5077f,edbc8c05,439fc33a
91deaddd,edbc8c05,439fc33a
880e8aa2,1deb8ed6,
d5c4ca43,1deb8ed6,
b568db85,1deb8ed6,
3d111f60,1deb8ed6,
1692a462,1deb8ed6,
bcff263e,edbc8c05,f9741ad1
f79ffa45,edbc8c05,439fc33a
4dec9a67,edbc8c05,2dd97d4d
f5e6d6b5,0010cc5a,e7bd2443
79e0669a,9ededc84,c8cd2ad5
f70f9a57,9ededc84,c8cd2ad5
ccb42bd5,9ededc84,3704b18d
fe1b5020,9ededc84,5dfbd60e
b9d7bd69,fcc95eb8,
f840d8fc,a712ef39,de1fb1a4
a4fc501d,a712ef39,de1fb1a4
48609a1e,a712ef39,de1fb1a4
479c3174,2be0bc70,77dc95fa
d74a9bdc,435e8c0c,
438687a6,df46bd7f,
8e12aa6f,df46bd7f,
39312a56,df46bd7f,
fe1e854f,4f6056ba,d0134f13
131d4f3c,516ea7e5,02ca5472
b85e365e,46b38705,140a7260
b31783cf,18d9c25e,97149bd1
b75e2e9d,18d9c25e,97149bd1
5a5cb472,765b4efb,d7305bf6
53dbc817,765b4efb,d7305bf6
1a5ef80d,765b4efb,d7305bf6
806068b0,765b4efb,d7305bf6
f6fe12cd,166255f5,
295c96f6,765b4efb,d7305bf6
8aa539ab,166255f5,
e9b84bcb,765b4efb,d7305bf6
8fbd7ac0,b92c4600,68e195c7
3042f5ac,b92c4600,b502094b
616f402e,7b365376,d799aa20
2e54af28,7b365376,d799aa20
3353d35b,7b365376,d799aa20
686bdf89,7b365376,d799aa20
70520d67,7b365376,80211401
d760e850,7b365376,d799aa20
0089ce46,7b365376,d799aa20
30e49e87,7b365376,d799aa20
1e1bfaf6,7b365376,d799aa20
21bd52fc,7b365376,d799aa20
4db78f46,7b365376,d799aa20
eb14aeb3,7b365376,80211401
e2ba749c,7b365376,80211401
87b84510,7b365376,80211401
d0e11513,7b365376,80211401
1b2dad01,7b365376,d799aa20
0b62255f,7b365376,80211401
0773c4f8,7b365376,80211401
efdd285c,7b365376,d799aa20
278122ac,7b365376,d799aa20
92a7729d,7b365376,d799aa20
72e734d7,7b365376,d799aa20
5020ae8f,f6fbfce0,
5091922c,f6fbfce0,
d3b94bd5,f6fbfce0,
6a5a780d,f6fbfce0,
20981733,f6fbfce0,
71472aa2,f6fbfce0,
359e937d,18d9c25e,97149bd1
fda217b1,a712ef39,de1fb1a4
4b317bd8,a712ef39,de1fb1a4
4059698a,96f0cd34,bf2c13c7
e32d477c,a247836c,
a5ded35f,a247836c,
460c2212,909600ac,b2b29c2b
e6fe407e,909600ac,b2b29c2b
24c38c62,909600ac,b2b29c2b
b9c3e3bd,909600ac,b2b29c2b
425ee917,909600ac,b2b29c2b
3a11bd43,909600ac,b2b29c2b
bfb503b8,909600ac,dfd51100
2783a357,909600ac,b2b29c2b
b46668ed,909600ac,b2b29c2b
70e3be63,909600ac,b2b29c2b
b1cf7ee3,909600ac,b2b29c2b
01d38dcc,909600ac,dfd51100
cb3ae92a,9fdf1883,
1cbf3a9b,2d90ce86,bcaf29e8
ce6b5ca8,2d90ce86,a4e836b8
9984a9b2,2d90ce86,efd8731d
e303331c,2d90ce86,efd8731d
6c048c97,2d90ce86,efd8731d
11c4d38a,2d90ce86,efd8731d
8e9fc96e,2d90ce86,efd8731d
bf4fd594,2d90ce86,efd8731d
58ae89fd,2d90ce86,280d1c66
4e7f4e2a,2d90ce86,efd8731d
8ee9128a,2d90ce86,efd8731d
3c2566d6,2d90ce86,280d1c66
56af5f45,2d90ce86,280d1c66
ced4a362,3c499c11,8356eff2
9d9c1b2e,3c499c11,db109faa
934562b6,3c499c11,e0a9ad28
9350103b,3c499c11,e0a9ad28
6e247b33,3c499c11,53c9ed4a
0d3c00ad,8928f462,bd903638
c9261909,35f50e8e,
6e590cbd,35f50e8e,
33864714,35f50e8e,
ec03b3c7,35f50e8e,
7d2e5d24,35f50e8e,
336d8963,35f50e8e,
eef138df,35f50e8e,
654dac70,35f50e8e,
c9777967,35f50e8e,
916c3019,35f50e8e,
5717067e,35f50e8e,
355c650d,35f50e8e,
ca33cd03,35f50e8e,
2feac6df,3297daf1,
7b79333c,383de1ac,
aa4c78d0,b425abd1,
fb58e2a5,4c193f93,
7153349a,c43bbd41,d5a77c25
d44bc956,d0ccd26f,f2e13335
3bede1fe,d0ccd26f,f2e13335
f72df202,7b9d8c0e,
9c2c6bb1,1b10f1e6,ea14aed2
94127395,1b10f1e6,17fc4bef
d8ed9ccc,1b10f1e6,242a5cc9
6f8a1bf7,1b10f1e6,467f6bd2
307fc41c,1b10f1e6,242a5cc9
5a8ff47e,1b10f1e6,242a5cc9
211f8dde,1b10f1e6,242a5cc9
186236a1,1b10f1e6,62ae0f22
cff65422,1b10f1e6,242a5cc9
1f43a258,bc37e12b,ec8995f6
3c7360d6,709ce933,
f1f1039a,709ce933,
0baca221,709ce933,
43a9ebd5,709ce933,
38b8e08b,709ce933,
a4967f0b,709ce933,
db6bb7d2,709ce933,
069cfc63,709ce933,
6d8232ad,709ce933,
7b87d511,709ce933,
f8fea976,709ce933,
9d55cac6,709ce933,
e7284fea,709ce933,
bd1f76b5,a052ad9b,
cb0bddf7,d7769d6e,7410cbe8
53373359,1b10f1e6,ea14aed2
28563831,1b10f1e6,bf10c559
8c28cb33,1b10f1e6,242a5cc9
8f14f753,f9771ae1,
f0378499,3490e4e9,
d4383e63,3490e4e9,
4fddb61e,3490e4e9,
e1dc753a,3490e4e9,
8e781d0c,650b2a00,
9fde0291,3490e4e9,
c663c222,3490e4e9,
7682ec73,3671a9bf,15ef8671
2c9ba445,3671a9bf,15ef8671
4b0fe084,3671a9bf,15ef8671
c288e5c7,9227f120,2e07b353
7cff3666,9a68c471,1eb06a36
dfcba639,6dd5f6b8,acdc0ce1
ad578efb,6dd5f6b8,acdc0ce1
40070a96,834ac869,
db0401aa,834ac869,
435f14ee,6ddd14ad,
1dc4aa3a,064c3375,
763125d4,f605e888,
628b9c74,f605e888,
af1fb277,14123338,09c7bd1d
c836ab12,14123338,09c7bd1d
57c1109d,df5cbe27,
358cb8f9,df5cbe27,
29939412,9eff2395,31933c5e
006efc7b,9eff2395,31933c5e
12b33741,84571b69,dd68e105
74c196e4,84571b69,7d394652
c6073768,d7769d6e,46347169
0c76c1ac,84571b69,7d394652
69e8531b,d7769d6e,74b73311
0aa0908e,d7769d6e,74b73311
ca1b4a52,6c7a35b1,
48e1b128,84571b69,
6b7bb927,84571b69,7d394652
8a1ef165,84571b69,7d394652
463151a0,1b10f1e6,bf10c559
f8f3f010,e1105df9,
ba139156,c8005f70,
22191397,c8005f70,
79d95912,b92c4600,0d2ff45c
feaef63e,4c84bab4,64890bdb
0bd3f566,637c83bb,
cdf0a7f9,98e59a2e,c1823e02
c2b3a377,98e59a2e,c1823e02
8c38e6ef,41755dc0,19691f69
0d734700,cc8dd2f7,
92d8dbe8,cc8dd2f7,
e57fd8a1,cc8dd2f7,
abe9001f,4523e2f6,
805cdca7,4523e2f6,
8bddd41b,eb886f92,8210c7f2
fd642351,eb886f92,8210c7f2
d34dadc6,59f130d7,2cd08ce7
d7892ec9,16ecc47a,87218bda
651e2cc2,d7982d11,
4914876a,2bf7203e,
c21397c9,2e086f00,85e27be8
81171737,2e086f00,85e27be8
88295848,2e086f00,85e27be8
7f2998cb,2e086f00,85e27be8
8227ab75,2e086f00,85e27be8
6ba00227,2e086f00,85e27be8
0f5c6c30,2e086f00,85e27be8
42bff16a,2e086f00,85e27be8
e55689f1,2e086f00,85e27be8
64fdaa3d,b92dc7fb,108d5e2a
f68e0cfa,2d5b8bb7,3d713330
7b4744a2,8e1e409f,11f4a238
54eca074,8e1e409f,11f4a238
6abcb789,8e1e409f,11f4a238
b1b0c36a,b40e629e,bf738d8e
cf74dfe5,b40e629e,3577120b
06b64f22,a979b49a,
dc871bb6,987f747c,
34f4ca23,1321768b,
b7604c95,0fbfa5ac,
59f7e2ad,ffb433b1,e687e920
3cbe79e4,ffb433b1,e687e920
62614b28,ffb433b1,e687e920
e09e3bb8,ffb433b1,e687e920
c45b9e99,ffb433b1,e687e920
74414a3a,ffb433b1,e687e920
c4757bd9,2b079781,
79eca3ef,559ae7ec,
0de64283,92d56259,e1652583
8386f42a,4be726a5,186bc895
08b797c9,4be726a5,186bc895
d1f2aaba,e6fa1f95,
bffc2404,e6fa1f95,
0ad06128,02386db7,
dabdd7b2,02386db7,
f23e8efc,02386db7,
dc2140d8,b76e5841,
1faf70fe,67c94a4b,
cc86e2a6,67c94a4b,
b686cbbb,67c94a4b,
d843a59c,e2df685b,
8695392f,e2df685b,
f8ea5c66,e2df685b,
e9239db6,e2df685b,
02e2b662,e2df685b,
c083d0c6,02386db7,
0d45e77f,02386db7,
959f62a9,e2df685b,
0ef0e8e9,233691d3,
9a0f6efc,233691d3,
b34d80e9,233691d3,
f77052b5,233691d3,
80776cf1,233691d3,
37ad3c9e,233691d3,
98bf8e5e,233691d3,
4f626cd6,b5765023,
c28277f9,3efe065d,d1f7e088
1d86ba89,3efe065d,d1f7e088
f38336ab,794cd627,
5176de9e,794cd627,
327fbb6d,794cd627,
2547ecc3,794cd627,
583dedf9,794cd627,
55ff637b,794cd627,
d7216168,461010f7,d36ebea8
dfe2aeeb,fcb54429,36590ba9
6f14f86b,fcb54429,36590ba9
342125dd,d97f0ea1,ad70b3b3
3d7de993,d97f0ea1,ad70b3b3
48c04e2d,d97f0ea1,ad70b3b3
ad070635,c05420a7,
ccceb906,71a693de,
3f14114f,5398f4b9,b35335c5
b132c87a,9f588aa9,
00fd1f1c,9f588aa9,
72c276fd,9f588aa9,
413dabbe,e22b6c36,
a847940e,e22b6c36,
7f51822e,ea92b1f7,1f2099ba
1bbf3abd,ea92b1f7,1f2099ba
548dac38,b5765023,
b411d590,b5765023,
ee80fdd0,b5765023,
f9049188,b5765023,
9e9d8620,b5765023,fbce792c
78be9e50,3d227399,868c22da
47de82f8,3d227399,868c22da
24f84651,3d227399,868c22da
578da436,3d227399,868c22da
3bc7c181,3d227399,868c22da
32e50e79,3d227399,868c22da
3cb1b1f4,3d227399,868c22da
7c8762e5,3d227399,868c22da
92624ec9,3d227399,868c22da
f2e23877,3d227399,868c22da
bffb05ef,3d227399,d5087e5d
c5945bdd,3d227399,d5087e5d
7f3a53e1,3d227399,d5087e5d
b903177f,3d227399,d5087e5d
edb4f433,3f27117d,
8ab17543,3f27117d,
30479aeb,72f10968,
3dc8800e,9a05933d,
b302c741,9a05933d,
42d5ce9e,9a05933d,
35aa992e,9a05933d,
2498514e,9a05933d,
24c0f14f,9a05933d,
06bc5aa8,4c46fa9b,
efe59dfa,4c46fa9b,
7d47693d,4c46fa9b,
07aac9d6,4c46fa9b,
a5873a69,27cf4c9e,
a184a361,b5354418,df905ae3
0cbaca3a,b5354418,b4d8ac45
f37ef5ca,b5354418,edcb03a5
50d1fe8f,b5354418,fe480515
7315a9bd,b5354418,d9d09b25
a9841bcb,b5354418,aa5a5b15
9bf4897a,b5354418,aa5a5b15
825ac069,3b96014b,93d4f090
fa3d4f35,3b96014b,93d4f090
9e2b8ce7,826cfdd6,
dd1f40ae,826cfdd6,
d9584cdd,f1445563,
3686601e,f1445563,
88d0007f,f1445563,
e9f0cc74,f1445563,
1d14c98f,f1445563,
659f13cd,7a576bb0,
934bda7c,a247836c,
9d8fea7c,a247836c,
099acfe0,a247836c,
20ca80a1,54457c6f,
2cb0feb0,54457c6f,
fb0c7685,54457c6f,
4dfdb07a,54457c6f,
615523d1,54457c6f,
f5170352,54457c6f,
05143b45,54457c6f,
0375aefb,54457c6f,
f133fccf,54457c6f,
0c96ed30,54457c6f,
d79d2e3a,54457c6f,
04cc8c72,54457c6f,
8784c4d3,54457c6f,
12273954,334d954e,
76c10b7f,b5354418,aa5a5b15
92a996f8,b5354418,6c4dda9a
9b9b6d77,176ac279,
f493c80a,176ac279,
f5cffa0a,176ac279,
2ed25cde,176ac279,
738624a4,176ac279,
a3b49038,176ac279,
1e58763f,176ac279,11491a22
2bcb25f5,176ac279,
5c07ca31,176ac279,
4eec6aaf,176ac279,
922acf03,03b18e1d,
58e08bea,03b18e1d,
12f70a04,f2cfe7bc,
2b6d3f82,5e819d0b,
039b5232,5e819d0b,
98c86bb0,47a1ec59,
c2d5b9f2,47a1ec59,
1d36720c,36128f0a,
7cd984c9,36128f0a,
b5e516b3,7ce5fbfe,
c1e7a90d,985eefae,fee591e9
8da0ddcd,985eefae,fee591e9
d9497e15,985eefae,fee591e9
b39bc08c,985eefae,fee591e9
427163b9,985eefae,fee591e9
e5c260d8,985eefae,fee591e9
9072e3f2,985eefae,fee591e9
e67d5906,985eefae,40f5b8cc
cc8793da,985eefae,fee591e9
6c053c7e,985eefae,40f5b8cc
e5d95308,985eefae,fee591e9
c0fe1f14,985eefae,fee591e9
f6a10054,5e819d0b,
f9d7cba2,94a0c546,
f00cf071,2cdb6841,
144d16de,2cdb6841,
99fc77c5,8f57fa1c,
dd2249b0,7a576bb0,
2e58b8f4,215786d7,7550d536
86de34fa,215786d7,8ebf36d6
8b94dcc8,215786d7,150fca2d
84217b23,215786d7,7550d536
11d06f96,215786d7,d95182c2
7df4dd79,215786d7,7550d536
522f8142,215786d7,d95182c2
777c2214,678a1dfa,
e15f9c29,215786d7,d95182c2
813edbe3,678a1dfa,
ceab86ce,678a1dfa,
e68aec08,215786d7,d95182c2
e0592834,215786d7,7550d536
d369a00a,215786d7,70bb1338
964bf602,215786d7,d95182c2
459a476e,215786d7,d95182c2
5337fac0,215786d7,d95182c2
3b6c5ab8,215786d7,d95182c2
142aabe1,3b672156,
0b82eb97,49c1ed4d,
a70903b1,49c1ed4d,
07d5b3e1,e8aca2be,
b331d169,9635c1a2,
450ccb17,b3ef594f,
60b4f60e,938b4617,
5648c5c2,938b4617,
542991b6,938b4617,
1218b5ab,ac154fef,5f377f09
0c308aad,ac154fef,e888897e
7c7a4c1b,ac154fef,e888897e
d7342c80,ac154fef,e888897e
a4e720a9,ac154fef,e888897e
e9113eb2,ac154fef,e888897e
8846b218,ac154fef,e888897e
f7fbd1fd,ac154fef,e888897e
da090890,ac154fef,e888897e
e2c0efa0,ac154fef,e888897e
d4b05cce,ac154fef,5f377f09
d7c43ecd,ac154fef,e888897e
0a020086,ac154fef,e888897e
33da862c,ac154fef,e888897e
e9639756,ac154fef,5f377f09
5b8492e9,29d52ee9,d6dd377d
ac6397f9,99b8d67d,
61c0224e,6ecb6f37,b715282a
21576246,6ecb6f37,b715282a
7c59b388,0bf94d11,c183ebe7
fdab6815,0bf94d11,c183ebe7
2b9a2f25,bea20980,
29ae1012,bea20980,
d72dc1ed,bea20980,
a2ad5f41,bea20980,
37feda51,bea20980,
91a675d6,bea20980,
9bf8650c,29d52ee9,e41c51f8
6fa8c8e5,29d52ee9,a64c1eea
8f743c17,29d52ee9,a64c1eea
a224ef68,29d52ee9,795ef37e
4ab28021,3b4a16f9,
bfa740e7,3b4a16f9,
a7528943,3b4a16f9,
6e5806de,3b4a16f9,
6aceb707,29f09309,
1b10d002,29d52ee9,50fdc6e1
97eb4eb1,29c72f73,
4146efbc,bea20980,
9fc16f4b,29c72f73,
2365f6b5,24bfabe5,
6629b3c1,bea20980,
bd4cd221,0f6cb0e0,
0eecea75,0f6cb0e0,
610eeb8e,0f6cb0e0,
98399334,faa4616e,
444fb395,bd4e4612,
8f9082ee,8dd3e084,
c1e9225e,2b81497b,
ae69ff10,8dd3e084,
0ca63ffa,8dd3e084,
f9065960,8dd3e084,
a5fcbcdc,3ac4cf9c,
b70928ed,8dd3e084,
68630a08,8dd3e084,
03f90144,8dd3e084,
d3aa46cb,8dd3e084,
9a6561ee,8dd3e084,
e7a488e9,8dd3e084,
b84811da,f0487c84,
0b1bd6eb,0f6cb0e0,
49c9de1c,7a576bb0,
5b81ba85,7a576bb0,
aae29cbe,1841d980,
a7b4f4e6,816b1c10,
28334a98,816b1c10,
681d527d,816b1c10,
04258b44,816b1c10,
4b78ede1,816b1c10,
5b815629,816b1c10,
ee22165a,816b1c10,
622d951b,816b1c10,
bbedbfe6,816b1c10,
289f62d7,816b1c10,
0b959012,1113ec86,
55c928d9,1113ec86,
c984ba55,b4775db9,
2628d3d4,b4775db9,
95a41d2f,5cf0c527,
6ef46c7b,b4775db9,
bcf53357,b4775db9,
8635e14c,b4775db9,
00a2c937,b4775db9,
fd330a99,b4775db9,
06d64b88,5cf0c527,
231f82fa,ef8edceb,
aa107f03,1f8a5ba2,
b3e669eb,1f8a5ba2,
0f74decf,1f8a5ba2,
0dc4c5c9,1f8a5ba2,
38f044a5,1f8a5ba2,
7d3b6115,1f8a5ba2,
fd738ea6,1f8a5ba2,
ce826ebe,1f8a5ba2,
43788c93,1f8a5ba2,
5426d164,1f8a5ba2,
7f84bd73,1f8a5ba2,
0da3bb74,0bfd991c,
ad487334,1f8a5ba2,
3f9a6f18,1f8a5ba2,
61d1c878,1f8a5ba2,
8416b0b2,1f8a5ba2,
8b0cd238,1f8a5ba2,
3b10b82c,1d6e94ae,
d269571e,1f8a5ba2,
e2145c28,0345cbe0,
9884c536,0345cbe0,
bff1b09d,1f8a5ba2,
e0ede71a,1f8a5ba2,
fc2dacd3,1f8a5ba2,
e0b97f4c,1f8a5ba2,
186e9a5d,1f8a5ba2,
23dc3fdc,1f8a5ba2,
a5d2d289,1f8a5ba2,
b47ad002,1f8a5ba2,
73692ca4,1f8a5ba2,
65ee589c,1f8a5ba2,
f7be71cd,1f8a5ba2,
1a5ffdeb,4b4459a8,47fae775
a0fe6dba,1f8a5ba2,
82d7f538,4b4459a8,47fae775
cd5ecd88,1f8a5ba2,
eb1fa917,1f8a5ba2,
ed493dc4,1f8a5ba2,
5f15ea40,1f8a5ba2,
75057fee,1f8a5ba2,
acd4c367,1f8a5ba2,
62b3c0d9,1f8a5ba2,
b71f6adc,1f8a5ba2,
059ad23b,1f8a5ba2,
ec7632ff,1f8a5ba2,
1fd108c8,1f8a5ba2,
2a53840a,1f8a5ba2,
a6de60ad,1f8a5ba2,
c4f23ef4,1f8a5ba2,
42dd6d11,1f8a5ba2,
48c731d6,1f8a5ba2,
ed72b340,1f8a5ba2,
89c4eb6e,1f8a5ba2,
77beef0d,1f8a5ba2,
97a11113,1f8a5ba2,
1004f67f,1f8a5ba2,
9ab6706b,1f8a5ba2,
2c77e812,acef2a12,
35246893,acef2a12,
84d0854f,9581be9d,
1277be19,9581be9d,
0a9ee69f,9581be9d,
cab1c773,bce1cc5e,
06532ccb,9581be9d,
507b852e,7e7b25ca,
24c3853a,7e7b25ca,
3c22ad61,9581be9d,
e03475b8,9581be9d,
8f315a0d,9581be9d,
361fa653,9581be9d,
9db33eff,9581be9d,
a184c171,91fbb4d8,
1365e1e6,b0300ca7,
48f8b3a7,b0300ca7,
c80ac4a2,f21e37d9,9caac94a
06c17a96,f21e37d9,9caac94a
f63e4715,b0300ca7,
dbfd246a,c0a81ef3,
d2698ffa,1113ec86,
2beb8ba8,1113ec86,
ec2045fe,1113ec86,
de266100,b0300ca7,
69e5a3a3,e3589fc8,
345f8ddf,b0300ca7,
c9e77ffb,3b672156,
7a7a3587,b0300ca7,
84a98582,b0300ca7,
710d1e01,b0300ca7,
372f59af,b0300ca7,
af3a9adb,b0300ca7,
ee8de4e6,b0300ca7,
7c3893e2,b0300ca7,
4bb7f4d8,b0300ca7,
4fdf2ebc,c4484ce8,
475479ad,9581be9d,
1d6f2ed0,9581be9d,
52721806,9581be9d,
55160dc5,9581be9d,
e73dbdbe,cc2f811f,
4b7c9d13,bbaa4473,
5f8a7fa8,bbaa4473,
2297dd6b,bbaa4473,
ee4d5aaa,bbaa4473,
1262db96,bbaa4473,
6ebfbb1c,bbaa4473,
f119be0d,bbaa4473,
bb0d1c99,91fbb4d8,
2db05dd0,91fbb4d8,
af754d0b,91fbb4d8,
ce4ed580,91fbb4d8,e2b3b412
50289966,69fbc187,
006cec64,32457b7c,
eae809a0,32457b7c,
8563e9f7,32457b7c,
824ec970,32457b7c,
adcd31d7,32457b7c,
838a6b03,9581be9d,
cfe471a6,6dfeac7f,e5995f5e
2163eda0,a4e227f7,
0441f575,e33aa5a2,656c3b9b
158395f2,e33aa5a2,656c3b9b
a43e6385,71f105f4,
109297ba,9581be9d,
0793fdc7,cc2f811f,
a0c48109,cc2f811f,
f0cd3068,55dbbcfb,
45670197,55dbbcfb,
c13d4794,55dbbcfb,
c818f309,f719ca08,
d6d720da,9581be9d,
28c52a33,9581be9d,
9e392fea,9581be9d,
8d52c538,9581be9d,
e5a3c588,9581be9d,
9f9c726a,9581be9d,
3c62af78,9581be9d,
2484d266,9581be9d,
0b040f20,9581be9d,
0f292459,9581be9d,
3852a24d,9581be9d,
28333820,9581be9d,
b4063509,9581be9d,
5816f260,0480fd77,
6ec75d9b,0480fd77,
9ec4981e,8d471c20,
e16188b1,8d471c20,
2663f723,8d471c20,
7d20fdd2,3772dbbd,
5dc581d5,f43d561a,
a9843d02,f43d561a,
facb18a1,f43d561a,
94db7cd7,f43d561a,
f32915a0,f43d561a,
e0fb977a,f43d561a,
35b20124,f43d561a,
f118e3a1,f43d561a,
7208eddb,f43d561a,
72c6f6b7,f43d561a,
8cf7cc31,f43d561a,
e32ebffa,f43d561a,
1fcafe26,f43d561a,
c63e72bc,f43d561a,
0f27432f,f43d561a,
3628c7a6,0345cbe0,
998290c8,5631b526,
7cf9ebb8,24bfabe5,80c87723
bdb19e06,5eee06f2,
7ff6d2ec,5eee06f2,
ec5af384,5eee06f2,
3983094e,5eee06f2,
acaa0514,777c92b4,
5720f525,0345cbe0,fc35342b
a33ffabb,0345cbe0,
46b953be,0345cbe0,
a4d384ac,ca572dc3,
4661ea17,08c436bd,24344324
3aa82e28,7aa60226,09891bbb
facc62ff,f124c288,794f0a1c
43d68d85,bea20980,
c7fb38a5,bea20980,
de87fbd6,bea20980,
458e0be2,bea20980,
96d9e72d,1b936f57,97289bb5
584e028f,f1a1f295,602a449a
ea7b4bf7,60b9901b,0e00dc61
8c5c44ad,1199f3af,
b5daedba,9df4765a,c8df34ac
f1ad06b0,01ac7c23,22548a1f
89f00369,bea20980,
ff49e377,bea20980,
3dd57e77,bea20980,
1d18579a,bea20980,
de20c150,931e5fd1,c015efa3
c6ce71ce,7fe05fec,eeb8a5e8
6554889f,60b9901b,0e00dc61
1b2cec4f,60b9901b,0e00dc61
627bedaf,32586731,
2c452107,7fe05fec,eeb8a5e8
3fd105fb,7fe05fec,eeb8a5e8
08095f89,c72d5220,63faeff5
1dd2c73a,fe2a0f5a,d7cbeedd
b616588f,c72d5220,63faeff5
b73082e7,c72d5220,63faeff5
9b800484,c72d5220,f625624c
63c9de7a,c72d5220,63faeff5
a03af6c7,c72d5220,63faeff5
a06b37dc,c72d5220,90ee8fa0
66ca8808,c72d5220,f625624c
aad4fd43,c72d5220,630fe290
9d914a00,c72d5220,630fe290
85e8faee,c72d5220,f625624c
892fb49b,c72d5220,f625624c
45d95c10,c72d5220,6496fbfa
7de9bfc4,c72d5220,14b003f6
0101eb15,c72d5220,f625624c
67c85e99,c72d5220,f625624c
0125cf71,c72d5220,f625624c
60d9d3b9,c72d5220,5167220c
bc5b0244,c72d5220,f625624c
eab1e63e,c72d5220,f625624c
5a43e724,c72d5220,f625624c
9adae918,c72d5220,f625624c
504229be,c72d5220,f625624c
e216e79d,1ce6f55b,da2537b5
65277b14,1ce6f55b,fc5ef4fa
a62b6acc,9dbe74d5,034d9e01
5242f520,9dbe74d5,11f4a9b0
0eb200e0,9dbe74d5,11f4a9b0
8eccadd4,9dbe74d5,11f4a9b0
c62effe1,9dbe74d5,8935099e
e0bc3f5b,e9e2cd89,25127211
62e44ced,e9e2cd89,25127211
056d740c,e9e2cd89,3b270c88
7d00cc19,e9e2cd89,25127211
afe5773c,c1044943,
1ad0977c,e9e2cd89,3b270c88
d5942c81,e9e2cd89,3b270c88
476d39c6,e9e2cd89,3b270c88
27bed0fc,e9e2cd89,3b270c88
12007838,28d3524a,
0c1e592d,94561694,ecc57ed5
fd9bf9c7,680ba42f,a2821fc6
c91c145f,c1044943,
4ca28c43,c1044943,
9904d927,c1044943,
f6328ab2,c1044943,
1a6de99e,c1044943,
3cfcda87,c1044943,
9ba94e8e,c1044943,
50f64503,c1044943,
1812fea3,c1044943,
3a386dcf,c1044943,
9d32f0b8,c1044943,
0aa0552a,c1044943,
64bb6587,c1044943,
c0b42719,952be7b8,dde54b94
85fb19d8,952be7b8,c427980a
80c9a024,952be7b8,1e1f3b54
aabfb04b,952be7b8,a7511de6
77827ee1,952be7b8,1e1f3b54
278ff3f4,952be7b8,f3a835bb
ae25a1e7,952be7b8,f3a835bb
acf6f08c,952be7b8,1e1f3b54
f851cdef,8057ef08,8d84ffef
580b6880,8057ef08,8d84ffef
9db1c691,7b83d9e1,a0088ae7
aaf12b58,7b83d9e1,a0088ae7
3d15a885,6a82668c,2aa8f2cd
e4126729,3b93d4b1,b2599844
eeac4b9f,caee2283,ffdeb4ce
63429c55,e7d66529,550b857e
0ec622ce,98c67c42,
33f13130,98c67c42,
62d8389f,98c67c42,
06e7731c,98c67c42,
5cbd1b74,98c67c42,
98745bf2,98c67c42,
ad5d610d,969030d9,4cc142cd
dda3da1f,98c67c42,
69e96e49,680ba42f,1eb8dee1
011460b5,b961b009,0e74e3e2
02b922de,b961b009,0e74e3e2
92653817,b961b009,0e74e3e2
7beafdea,f01879fd,ce7da75c
86b922ff,3c7acbbd,
f8e85382,4483f892,
78614ef0,457d388b,
314e153d,457d388b,
4c0a6799,325b486d,
675770fb,f01879fd,578c4443
208c7aec,aa213252,ef5626e5
ed4fcc0a,f01879fd,a7ec2334
95fad1dd,5e9232ec,9fe0c336
99cb46fe,f01879fd,5b29e957
47bd9d93,f01879fd,5b29e957
0df1fa3d,2ee609d5,0de547d2
80d9574e,3ac4cf9c,abc28ccf
621680db,783200f3,34412074
41963076,783200f3,34412074
437c2c52,a386ea61,
258f2ba8,78c5455c,
44613feb,78c5455c,
528a2c31,0acfbd65,8a60d74e
800f6254,0acfbd65,ee3a4b3d
3ef98566,3ed35ca7,
d7bc62ab,3ed35ca7,
db162c41,3ed35ca7,
f126e290,0acfbd65,1db0a022
d6efaec7,0acfbd65,d7497024
39a5d3e6,0acfbd65,8706bd40
c1f02ec4,0acfbd65,8a60d74e
4c588cc7,0acfbd65,8a60d74e
88c8df9c,0acfbd65,8a60d74e
d0a80d80,0acfbd65,ee3a4b3d
c44e3c70,0acfbd65,d7497024
01a792cb,0acfbd65,abbea47a
9d059ad8,0acfbd65,8706bd40
a49dfe00,0acfbd65,8a60d74e
0842142c,0acfbd65,8a60d74e
5760223a,0acfbd65,8a60d74e
3bbc348c,0acfbd65,758119d2
bd5f8915,0acfbd65,8a60d74e
14e7edf5,3ed35ca7,
998bd5b7,3ed35ca7,
93705bd9,0acfbd65,8706bd40
35c4815f,0acfbd65,8706bd40
6cc419d7,3ed35ca7,
e77811ba,0acfbd65,8706bd40
1e89dc3e,0acfbd65,ee3a4b3d
50b07bd3,0acfbd65,8a60d74e
f60dbe7e,0acfbd65,8a60d74e
f4554cff,0acfbd65,c0b5f522
da616eab,0acfbd65,8706bd40
299ef721,0acfbd65,8a60d74e
130f860c,0acfbd65,8a60d74e
9347bbac,0acfbd65,ee3a4b3d
024e17f7,0acfbd65,ee3a4b3d
6c99bdc5,0acfbd65,ee3a4b3d
0f0b8689,0acfbd65,e56dd3f3
ed1e93d1,3ed35ca7,
7897f036,6d5f9931,
debbed5b,6d5f9931,
ca7c2dab,c1aea4f0,
a2a02e5e,c1aea4f0,
8dfddc7a,654e28bf,042da76c
c36d8c6e,7ce2d1d0,60c42331
38e9b8b9,507fa89e,
9bdf14ee,3772dbbd,
160bc166,680ba42f,3844f500
1f7bec37,0c4a455e,
d50ebb30,1f3bcfb8,
adf6a07d,0c8d8185,ee9bb90d
0b130f26,0c8d8185,ee9bb90d
85a13c21,0c8d8185,770f3193
cd5ecb8e,0c8d8185,770f3193
f4280b64,0c8d8185,770f3193
ec4d11d3,0c8d8185,ee9bb90d
f27d5c3f,b7c681fb,
cea8fa7b,1f3bcfb8,
54f4a4a7,a549cc1e,
449c76fd,a549cc1e,
0a676e65,c242d7fb,
d354c942,1f3bcfb8,
456f6f78,1f3bcfb8,
4f0bf685,1f3bcfb8,
fac50fe4,1f3bcfb8,
0f741923,be1604b6,b3fe44d7
56c0aea0,be1604b6,fe24510f
d78eb3e7,be1604b6,978b6116
31384ad5,ca3eb88e,4b348ab0
a18bf2c9,e2092fe0,2af17b75
18da8b77,be1604b6,1e354f4a
f0e969de,3452034d,
0bc91e32,3452034d,
2b1737de,3452034d,
880ec089,3452034d,
4f0c9e51,3452034d,
92f3830e,3452034d,
f970c3f0,3452034d,
cd4c53e0,3452034d,
6f260b3a,ef0903be,
cf1089c2,3452034d,
2cdd4788,7f626e01,
f1b6900a,952be7b8,b4df76fd
8040ebfd,3452034d,
c8cbf142,2c02f582,39ddd574
2ae237f2,2c02f582,39ddd574
51312132,2c02f582,39ddd574
5101085e,680ba42f,2b907b89
0b468781,680ba42f,2b907b89
402e9ca9,680ba42f,0b93559e
b8bec987,680ba42f,ef65875c
8df0d64c,9baa78b9,
57cba1c7,49c1ed4d,
95ae173c,c5f23626,
d4e787cb,c5f23626,
403bb8de,c5f23626,
1ad13a4f,c5f23626,
d5b9972c,c5f23626,
e02786cb,c8d9e16e,93c2d11d
c97be2a8,503f11f5,7172621e
2d7fca12,503f11f5,7172621e
aab61beb,c8d9e16e,93c2d11d
26c58c74,4cf3c4e9,
2e10234c,c8d9e16e,93c2d11d
b556f85b,4cf3c4e9,
2c9cd72e,c8d9e16e,97fa4137
d6647caa,2c02f582,39ddd574
d11a9495,2c02f582,09f19d64
9436f962,2c02f582,fe597a18
9eb06768,be1604b6,978b6116
8b0eaa01,be1604b6,37fc748d
f45fb386,be1604b6,390c2fa1
3268e1ae,54ba17b9,
b8523080,be1604b6,37fc748d
dbb15ce0,2f1b65c9,366354d0
850a8196,2f1b65c9,771ce069
28806f44,2f1b65c9,9f2933d6
cd80822f,2f1b65c9,366354d0
e9f9df1d,2f1b65c9,366354d0
4d41a218,2f1b65c9,771ce069
aa8cb878,2f1b65c9,366354d0
ff8f5c70,2f1b65c9,771ce069
9a8d03af,2f1b65c9,366354d0
67f8f610,2f1b65c9,366354d0
114a970b,2c12b622,0f49bbc9
07860be7,2c12b622,0f49bbc9
4da88ced,2c12b622,0f49bbc9
0a8afb1d,2c12b622,0f49bbc9
8dbfef09,2c12b622,0f49bbc9
c8785704,2c12b622,0f49bbc9
8cd6493c,2c12b622,0f49bbc9
0e57a17c,2c12b622,0f49bbc9
161e3da7,2c12b622,0f49bbc9
f6d156c7,15bdbe23,76bb426c
d0c52705,15bdbe23,92e16d6c
7669ba01,15bdbe23,76bb426c
b0f5fdd9,15bdbe23,ad9f0127
5265ac42,15bdbe23,76bb426c
242cdbde,15bdbe23,92e16d6c
d4275dca,15bdbe23,3ac4146c
a5473f26,d0797839,
7aa01497,09e7108f,b65a9548
55b3c6d5,15bdbe23,76bb426c
6f4b3a6e,15bdbe23,76bb426c
23202b24,15bdbe23,76bb426c
56496622,15bdbe23,76bb426c
d2141555,15bdbe23,76bb426c
3649d281,15bdbe23,76bb426c
5fb9a447,15bdbe23,ad9f0127
2aac3c80,15bdbe23,ad9f0127
891956a7,15bdbe23,ad9f0127
da7291cd,15bdbe23,5b9b98bd
136726cd,15bdbe23,cc875f7e
7a7b6c5c,15bdbe23,92e16d6c
5b77ce01,15bdbe23,76bb426c
490d491e,15bdbe23,92e16d6c
7169dff6,0e7e757a,2171130c
c6f4000d,1c9f1e1e,2b87075d
c9d638d3,be1590df,
4ad60b25,5de499fd,
e105129e,5de499fd,
18fcf7d6,4b391c1a,93248525
cf049c3d,4b391c1a,93248525
322367b4,917262a9,
23bf366c,17ee0b61,e58cbce8
51716168,0c8d8185,770f3193
89814fed,0ddf7e83,bd92c17f
9191003e,d6313a83,
cc1594c0,d6313a83,
47dfb18f,21f1e0bb,
235e493c,21f1e0bb,
497b3d2b,3bee8c92,b5038df5
62868789,3bee8c92,b5038df5
896e265c,3bee8c92,b5038df5
1ffc6788,3bee8c92,b5038df5
4d7d3cab,3d01f512,
54f666b8,5cfc37d6,
6f2e2f1d,5cfc37d6,
805f76c6,346bb580,5b7b8a6f
4353c6e9,346bb580,5b7b8a6f
a3260e99,21f1e0bb,
11de0cff,e1f22e90,feb51cd4
3a91120d,7f626e01,
4ffdf5b0,7f626e01,
e998b285,7f626e01,
2c85a312,d39f2e65,34909822
f5893168,d39f2e65,34909822
a277a720,d39f2e65,34909822
75c9349f,d39f2e65,34909822
a96ae0ce,d39f2e65,8e4b6bd0
666232f8,d39f2e65,34909822
d0a00e17,d39f2e65,34909822
b714b404,d39f2e65,8e4b6bd0
656a3c05,d39f2e65,f8ec2f10
96a536c1,d39f2e65,8e4b6bd0
8c83041f,d39f2e65,8e4b6bd0
2cf142eb,d39f2e65,8e4b6bd0
c93bc597,d39f2e65,8e4b6bd0
339201c1,d39f2e65,8e4b6bd0
151b7dbc,d39f2e65,8e4b6bd0
978185c6,d39f2e65,7d0eb2f6
9deb1713,d39f2e65,34909822
acb821d7,d39f2e65,34909822
b00209d2,d39f2e65,34909822
844f6cd5,d39f2e65,34909822
72b710f1,d39f2e65,8e4b6bd0
90447bcb,d39f2e65,34909822
71dee81c,d39f2e65,8e4b6bd0
9d53fb5d,d39f2e65,e6e0b73f
c9021884,d39f2e65,acd1a9d0
7c9831bf,d39f2e65,34909822
e688ac2e,d39f2e65,34909822
12f2f873,d39f2e65,34909822
64d60012,d39f2e65,34909822
06c6b5d7,d39f2e65,34909822
cc0a7b5d,d39f2e65,34909822
103c3a6f,dd60fc09,db430dab
a58077b5,db57d90e,a058499b
97f6c0fd,db57d90e,234bcb93
2c5a1046,db57d90e,7b4f9bfa
08118eff,db57d90e,a058499b
d4558390,db57d90e,a058499b
ba6ab8dd,db57d90e,7b4f9bfa
e4d15cb4,db57d90e,a058499b
63f81c8c,db57d90e,a058499b
3ba03b2c,db57d90e,a058499b
ab1e4549,db57d90e,a058499b
116bc373,db57d90e,a058499b
5a4733e7,f06e355a,
c7ed8ef8,f06e355a,
883f99b9,f06e355a,
911aed86,43f606ae,
68637b52,9115ea2f,7db20bbe
cbc00933,7acbafcd,d3ca7840
70ec3d0e,7acbafcd,d3ca7840
a430ac03,7908bf92,7b500926
fdf10ebc,7908bf92,977cb143
9d82ba98,7908bf92,
be7e196c,7908bf92,977cb143
905cf4ac,4fdd3d1e,
34d97836,45552f37,d1e57983
2fc24ea5,23ec8c46,814f3ab3
8e944f85,45552f37,9431a9dd
72058c04,45552f37,9431a9dd
e3de1646,0bb97d61,
e07abf18,fd3c8698,7fa112d1
8f0001dc,fa4fd31e,f3f966b2
b0309bd9,fa4fd31e,ac4a5416
6cbaf902,973f8a76,bf0031b2
ad4210d8,973f8a76,bf0031b2
4f8857c6,973f8a76,bf0031b2
78b03d2b,8b2845d3,49e4d212
3e8ea90a,8b2845d3,be04d674
f14ec3a9,8b2845d3,49e4d212
e472ed0a,8b2845d3,312d859a
d3c66947,8b2845d3,49e4d212
669079fa,8b2845d3,49e4d212
0b5bc27e,8b2845d3,be04d674
647d5c69,a15556ab,b5f4d726
23233423,74d5f660,
12b3fbda,55c59788,8f189287
39496c45,153582fb,2d12ad12
0c6bbfe6,4fcda36c,432e9ac4
0768c588,14e1330a,a6189645
0ea377c1,afb96c82,9536087c
53410b84,74d5f660,
a61a19d1,4fcda36c,432e9ac4
05c3f146,4fcda36c,432e9ac4
6ee278f0,4fcda36c,432e9ac4
9712eadd,afb96c82,9536087c
da542e3f,afb96c82,9536087c
8aa65174,afb96c82,9536087c
2b75c898,afb96c82,9536087c
f361ec6f,afb96c82,e6451dd6
2a14d244,afb96c82,e6451dd6
f5d0b1d9,afb96c82,e6451dd6
b623ba2f,afb96c82,e6451dd6
ba65def8,afb96c82,9536087c
c4ff067a,ac9367eb,
ec38bbb8,ad763bd7,8e7b2730
42c613f3,506bc338,
c97bf127,0734107b,
d46cbca8,e8c075ab,c00026b9
a91e7cee,9a5433d1,2f3765da
fc247cae,9a5433d1,2f3765da
118b9478,25dfeaba,e1807647
b99878c7,511be30e,149349c8
4624388b,511be30e,149349c8
04b593b1,f6314321,
25b5000a,25dfeaba,e1807647
ef4376fa,25dfeaba,2ec3c0bb
e6d9b105,25dfeaba,2ec3c0bb
23f1fd71,25dfeaba,544341f6
8bf90d3f,5c223525,
139f9d94,e37a781b,925c61b2
97cdb088,e37a781b,925c61b2
1e92f307,5470633e,afe96eae
ed25be0f,e37a781b,925c61b2
3cbf6cee,e37a781b,925c61b2
145e81db,25dfeaba,4ce44f8b
1ca27ddd,25dfeaba,e1807647
6f1f3ff7,e37a781b,925c61b2
c8a75e95,e37a781b,925c61b2
eee5db61,25dfeaba,544341f6
2e2c7caf,5c223525,
9225145b,25dfeaba,544341f6
72fe15c4,25dfeaba,c6832ef5
1da71ef8,5470633e,afe96eae
1f3e84cb,5470633e,afe96eae
198d6c32,25dfeaba,544341f6
b12059ab,5470633e,afe96eae
ff4fddc7,25dfeaba,e1807647
40f75250,25dfeaba,544341f6
b07cc19b,e37a781b,925c61b2
15fd31be,18dfbbdb,b0c6596d
f739e9b0,e37a781b,925c61b2
3c7f7d9f,18dfbbdb,18b6cf7d
97993991,18dfbbdb,18b6cf7d
2b4f6234,e37a781b,925c61b2
970ebd39,25dfeaba,e1807647
7b0ce427,5470633e,afe96eae
ba56c1d5,25dfeaba,e1807647
72299316,e37a781b,925c61b2
0fa59bc3,25dfeaba,e1807647
4637Dec9,25dfeaba,e1807647
d88299d1,e37a781b,925c61b2
9173661d,29f7e819,
22b05638,e37a781b,925c61b2
78269cf4,e37a781b,925c61b2
fd79428b,e37a781b,925c61b2
0d17f25f,fd3c8698,7fa112d1
1a3ce60d,05235f8b,
95f7c55f,84e18ce8,0319900f
254f2c21,c1c3a2db,
d01024d3,c1c3a2db,
af7d6768,afb96c82,6b0700b7
d59bab6c,8b2845d3,652c989e
dd8f88ba,8b2845d3,652c989e
f35633bc,8b2845d3,652c989e
ff2e68d7,8b2845d3,652c989e
0c989498,609b2ff6,
2c90fc63,609b2ff6,
f9043c9d,1e1ce936,
48a45cce,1e1ce936,
6b1e661f,bcc93400,
d030ff72,78737400,4a8873d2
7b6e1753,bcc93400,
fb4cd102,025d1a3b,c49c4fcf
05a81e67,d38b0aea,
b0c1491a,025d1a3b,c49c4fcf
52d15df1,d38b0aea,
3f348e1c,d38b0aea,
51f04c26,025d1a3b,630ae87d
1bd39d3c,025d1a3b,c49c4fcf
31b83530,d38b0aea,
28729371,d38b0aea,
517cc529,d38b0aea,
ca48a5b9,d38b0aea,
2d7d726a,d38b0aea,
c9d9fd02,025d1a3b,c49c4fcf
c231ac44,d38b0aea,
a01c03d8,fd3c8698,5e98f7d4
269b44af,025d1a3b,00b20e7c
a7914147,025d1a3b,00b20e7c
5ff199c4,025d1a3b,9adff5b7
71221052,025d1a3b,c49c4fcf
3609fae8,025d1a3b,00b20e7c
0ec1b022,09ef70e3,accdd4fb
141dd88e,09ef70e3,accdd4fb
de9643fe,09ef70e3,accdd4fb
7de95f80,09ef70e3,accdd4fb
fb1f4990,afb96c82,6b0700b7
a56fdaa0,afb96c82,82cb65a6
84091780,afb96c82,e6451dd6
e085b6c1,afb96c82,e6451dd6
eeb31caa,afb96c82,e6451dd6
92216da2,afb96c82,e6451dd6
6af15966,afb96c82,e6451dd6
a75e39f5,afb96c82,e6451dd6
cafec7ac,afb96c82,2135a526
ed68fa6d,afb96c82,e6451dd6
1e3cfbcc,b560a1d7,93d5a26a
fdcbddec,afb96c82,eddb2570
21cbcb2c,afb96c82,e6451dd6
0f9bf235,afb96c82,2135a526
3881860c,afb96c82,e6451dd6
39fff7b3,afb96c82,6b0700b7
8d9be5d4,afb96c82,6b0700b7
9fad129a,791115fd,4d285f6d
01058a3e,791115fd,4d285f6d
d89eb07f,c1c3a2db,
36651c0a,c1c3a2db,
636c9cd5,c1c3a2db,
ea100f6e,40df4f10,274c5e72
0ad7b9c3,84e18ce8,0319900f
23051d9f,84e18ce8,0319900f
12f7a6ac,e0ef7ef4,
bc372002,e0ef7ef4,
816ffc36,d38b0aea,
98c9ce2f,d38b0aea,
6348920b,d38b0aea,
f30864f5,d38b0aea,
6d0827a2,070d7475,
5af39ee7,070d7475,
e54234f5,070d7475,
5f2cd06f,070d7475,
129b0a3c,bd88421d,
aca8dadd,a8a19b4e,733e016f
668784dc,d38b0aea,
cece640f,d38b0aea,
8219ecbe,d38b0aea,
63c6ac6f,d38b0aea,
38c3f62d,d38b0aea,
ae78cf88,d38b0aea,
044d25a0,d38b0aea,
00f96b76,d38b0aea,
344ce564,d38b0aea,
ad7fed3e,d38b0aea,
9e6b2e3c,d38b0aea,
801cd207,d38b0aea,
66d6b9f2,d38b0aea,
cb63bef4,d38b0aea,
b8e4c67e,d38b0aea,
9160f6e5,d38b0aea,
4b218e69,d38b0aea,
ea2956ae,d38b0aea,
cede92b2,d38b0aea,
041f49c1,d38b0aea,
3cd520d3,d38b0aea,
ccde1004,d38b0aea,
5c505186,d38b0aea,
d50fd954,d38b0aea,
a8d12c8c,025d1a3b,c49c4fcf
655ed1a7,d2fe3e5f,
043a51d6,070d7475,
2611f0a7,fce3a781,9a3280c6
0497248c,ed0acdd6,e3b531b4
10853d4e,ed0acdd6,e3b531b4
7763d8a1,ed0acdd6,e3b531b4
1b5f00a1,ed0acdd6,e3b531b4
b4b1afde,ed0acdd6,cb4fbc16
f4c89700,ed0acdd6,cb4fbc16
51073647,ed0acdd6,cb4fbc16
55fdd742,ed0acdd6,cb4fbc16
cc123c70,c6d9ca2f,
e8658eff,c6d9ca2f,
d331e19c,4f13d4d1,dcfb8fe0
59d75e18,c3118017,fa64ccbf
53d308f3,c3118017,fa64ccbf
b30a8371,c3118017,ab18618d
a7d84305,2e73eba0,c5a18ee9
477ab687,c3118017,ab18618d
770ba52f,c3118017,ab18618d
80d1b92e,c3118017,ab18618d
afc53239,f6314321,
a09bd4cf,c343b1da,
77dcbd77,c343b1da,
10e2f8ee,bcc93400,
d3c71be8,070d7475,
016c1de8,e1f22e90,feb51cd4
73823599,a15af0bb,8e2dfad9
ae961ab8,14e1330a,5609257e
ee3f47ba,ee1cc3f7,164fd6bc
f275f384,4ac03fa4,50a078d9
5281928b,4ac03fa4,92facf5f
72f00e6b,4ac03fa4,d0a5ef20
9f770704,4ac03fa4,acccde16
02a2ba11,4ac03fa4,92facf5f
31eb0257,4ac03fa4,92facf5f
6117f7b6,4ac03fa4,92facf5f
8958f530,4ac03fa4,92facf5f
3755fdf1,4ac03fa4,c52072c6
e4954356,4ac03fa4,c52072c6
cb9e8f2b,4ac03fa4,92facf5f
7b1e15c5,4ac03fa4,92facf5f
30264fd9,4ac03fa4,e75f6a06
5773ef1e,4ac03fa4,92facf5f
b5752cd6,4ac03fa4,92facf5f
d3b93973,4ac03fa4,92facf5f
c4430502,4ac03fa4,92facf5f
f5f464dc,e917eddd,1307c642
80128f02,4ac03fa4,92facf5f
7373fae0,9e6e6a66,
20f224ae,9e6e6a66,
94605f73,9e6e6a66,
d961fd01,9e6e6a66,
b945d315,9e6e6a66,
a21191b8,9e6e6a66,
cf69f0cf,4ab109b6,
d5aa59d7,4ab109b6,
cbbef7b3,2215ffe3,135441a8
1711feeb,fd3c8698,7fa112d1
bb2e82d8,fd3c8698,7fa112d1
efd242fa,fd3c8698,7fa112d1
c4aef2d7,fd3c8698,7fa112d1
9827a627,fd3c8698,e6c03e11
2cd6ef17,fd3c8698,2ea97c76
9da1c771,5333a266,c404d459
c1f76d79,5333a266,c404d459
01ada76a,5333a266,c404d459
bfbee044,5333a266,c404d459
6d986da6,5333a266,c944bbb6
c595934e,e917eddd,1307c642
72d359d8,e917eddd,1307c642
28c867f3,e917eddd,1307c642
03ca15c5,e917eddd,1307c642
d17d22c1,14968816,46a312be
1f0fc994,14968816,46a312be
e1e4104d,14968816,46a312be
09861fce,14968816,46a312be
48dd5564,14968816,46a312be
48b60c72,14968816,
f0fd65ad,15c6ed72,a8914756
3129e8dd,4085c363,
363d7c8a,9e5c1fd7,78312223
437e92b5,b4c7bef4,
596803d1,6a3c29ec,
eadc7c32,95b23533,
cc981de4,3b93d4b1,b2599844
d022da7b,94533f2f,a4b5db16
a7abc493,94533f2f,a4b5db16
67ed4689,94533f2f,a4b5db16
acbf3e81,94533f2f,a4b5db16
f0875ac6,a40421c3,bad499f7
65db58d8,3bd75687,a1fd2cf4
43121b0f,1552944d,87326361
bcdc9d5d,1552944d,44a55abd
1a7272a7,57df314d,5ebb8d95
8a66d898,57df314d,5ebb8d95
cf73cfa5,57df314d,5ebb8d95
39275029,57df314d,0b51e48c
53647fbd,6aebf076,6526eb0c
2d83aa63,6aebf076,6526eb0c
39035f48,6aebf076,6526eb0c
7809f0de,6aebf076,6526eb0c
afe94da8,6aebf076,6526eb0c
aac17249,6aebf076,6526eb0c
07a262ac,6aebf076,6526eb0c
7e298ddd,6aebf076,6526eb0c
9b9f3ff1,6aebf076,6526eb0c
c361f14e,6aebf076,6526eb0c
0f231f2b,6aebf076,6526eb0c
cbe065bd,6aebf076,6526eb0c
38293d7f,6aebf076,6526eb0c
064060da,6aebf076,6526eb0c
58aa1bde,6aebf076,6526eb0c
3d0b33ea,6aebf076,6526eb0c
2bec79a7,6aebf076,6526eb0c
31906636,6aebf076,6526eb0c
0f0eb1de,6aebf076,6526eb0c
dff2e23f,6aebf076,6526eb0c
19bf7b62,1552944d,87326361
7cbe0227,1552944d,44a55abd
8b00f5c5,6aebf076,6526eb0c
f4226972,6aebf076,6526eb0c
4464c191,6aebf076,6526eb0c
551de112,6aebf076,6526eb0c
8599b07e,6aebf076,6526eb0c
8f195610,6aebf076,6526eb0c
b1318393,6aebf076,6526eb0c
ddef14bc,6aebf076,6526eb0c
52510dcb,3ee0024e,97c3cb2d
410f7282,3bd75687,181b1bbf
25e574cd,ff7aa98d,e9f77ecb
be33efdb,ff7aa98d,f4edb638
127aad09,ff7aa98d,f4edb638
35316d00,57df314d,5ebb8d95
179c49c4,ee542e5f,
d88e32e9,a19cbb82,
94176980,a19cbb82,
a05cc3c4,4f13d4d1,dcfb8fe0
10e4c585,4f13d4d1,dcfb8fe0
f1b94d12,031489c9,
a3dd5b0e,bea20980,
4c7d920e,4b20e3f8,c865f963
3609de00,4b20e3f8,c865f963
ce04e823,4b20e3f8,c865f963
d67ece07,4b20e3f8,c865f963
001066ef,4b20e3f8,c865f963
7303bcfc,4f13d4d1,dcfb8fe0
2056b522,4f13d4d1,dcfb8fe0
81a544f1,4f13d4d1,dcfb8fe0
24ec0b5f,4f13d4d1,dcfb8fe0
e265454e,bea20980,
7fc8e85b,031489c9,
4d538069,6956a258,3850993d
e4fc750c,6956a258,3850993d
d4769e5d,6956a258,3850993d
6d285e0e,6956a258,3850993d
90cb951e,6956a258,3850993d
01d436ca,6956a258,3850993d
afa1d3fd,6956a258,555ec365
d564ddc4,6956a258,51d6efad
39cb1884,6956a258,51d6efad
1cf2d454,6956a258,51d6efad
5a7050bd,6956a258,3850993d
885be807,6956a258,51d6efad
6251666e,6956a258,51d6efad
39c57b3c,6956a258,51d6efad
eecf9d7c,6956a258,51d6efad
4c531c57,6956a258,51d6efad
ec436aba,6956a258,51d6efad
ef1369ba,6956a258,51d6efad
ccfb0d16,9df80131,6ddcf673
a182dff7,9df80131,6ddcf673
157a8511,9df80131,6ddcf673
4e9e1e01,9df80131,6ddcf673
35ae301b,bfdcba5a,55cb7ded
eee72353,bfdcba5a,55cb7ded
052affba,bfdcba5a,55cb7ded
189b5884,bfdcba5a,55cb7ded
0bcc7a74,bfdcba5a,55cb7ded
47628028,bfdcba5a,55cb7ded
f9af5fbf,bfdcba5a,55cb7ded
e152de71,4599d5aa,70d91353
ac208c9f,e8ac690e,a7df534c
1695790b,bfdcba5a,55cb7ded
c8c0b1fb,14384db4,
e0af5770,14384db4,
42e7ea8a,14384db4,
76281a68,bfdcba5a,55cb7ded
b3e40312,010ce85b,c234f18b
cab33c83,205d89a3,7937487c
a12a956d,ff47d8b6,17b6843f
b3b5a29f,8f37a70a,5c62cd5e
09ca9186,42d64626,22da9116
2dddc58f,42d64626,4c0aede9
9b74e934,fc5589ff,c8b93cbb
6fc08309,e9827c80,
ec55484a,e9827c80,
2667aa33,e9827c80,
31c37a04,659b896e,206bbeda
fb9fef9d,6beb24ea,36344b55
a115a4c1,407a58d1,
57105fcb,503798fc,0a55271f
167ff4d8,80c2868f,169712c2
6f0b4978,514e3e69,a479bf1a
ca76e9fc,ab8efb88,
e54a4b01,26aa830f,
b991c469,4c4a81b1,
82ebb1f4,0ddf7e83,bd92c17f
574d038e,8ac4ba02,e9634337
788f4fbb,0ddf7e83,bd92c17f
0e3e7d17,0ddf7e83,bd92c17f
f3d3c02e,f201d1cd,41064385
67d0b910,5db05b1e,0badc372
d44dc2a2,f201d1cd,41064385
5b27c195,5db05b1e,90bb209b
f5a23b59,09db4f23,
984071a4,14384db4,
aa6f10e4,98376b09,686da5c5
d41380c1,267f26a7,
261289d9,267f26a7,
fa67f5fe,267f26a7,
f70dc80f,267f26a7,
a292a6b4,267f26a7,
3484ad05,14384db4,
d155f8d3,3b4a27b4,7396466c
5fe6644b,14384db4,
f5587704,14384db4,
ff8b3461,14384db4,
09cb3d03,2424d225,ee09670b
fdf598fa,bcefdd28,
49990a28,bcefdd28,
9c8b2db9,d431af58,
30e6f5a2,c929acd1,4600c819
85aa1eac,5db05b1e,90bb209b
84637686,5db05b1e,90bb209b
addc6d88,5db05b1e,a8e4d05d
45e9ef18,2d7c9d02,
0a431245,6d271036,c709a8ec
379d1667,d331f201,
2a9d8bd1,d331f201,
041a6c6a,d331f201,
7afd330c,d331f201,
653955f1,d331f201,
e284054f,95227e3d,
7e2b4439,95227e3d,
444d2e8b,95227e3d,
3ad57417,95227e3d,
47203583,95227e3d,
edd25bc5,c929acd1,e7c22fcb
938dca34,d3369fe1,
074fdabf,08532b93,
b873410f,08532b93,
b95ab061,9388ae85,479e81f7
546f03c3,9388ae85,716ac500
27ee5234,9388ae85,84b2accf
48b6ec70,1eea33d1,20453c96
99bce386,1eea33d1,20453c96
19c1d160,f2831d5f,d8da15fd
ebd31a6e,f2831d5f,abe3506a
cb1d3612,f2831d5f,4006b311
69e75a72,f2831d5f,ea27f7e5
84736c7e,f2831d5f,ea27f7e5
d35fe830,f2831d5f,ea27f7e5
19d2f01b,f2831d5f,ea27f7e5
8d2513b0,f2831d5f,ea27f7e5
820af12f,f2831d5f,07918ac0
fed2a89c,f2831d5f,07918ac0
c5858e82,f2831d5f,abe3506a
1278d6f5,f2831d5f,ec08f80b
813ec953,f2831d5f,c89a2bdc
8e6cfb2f,f2831d5f,c89a2bdc
08b83320,f2831d5f,c89a2bdc
273bcb4c,f2831d5f,ea27f7e5
d8c3638d,f2831d5f,ea27f7e5
6de75a3b,a1de238e,7750a565
72d98c47,2ec3e6f8,47dd19bd
b12860e3,9f91d769,47cf5fd4
62f6ca36,1eea33d1,20453c96
d7e8d237,3293dccf,65cb76d4
5cf7ad95,3293dccf,ef59fee1
607494b2,3293dccf,65cb76d4
b6cef9d2,3293dccf,ef59fee1
a50b1618,3293dccf,65cb76d4
b13c6ce4,3293dccf,ef59fee1
9bf1a209,3293dccf,ef59fee1
94b8c312,b6f4571b,bc917dda
a542bdea,696bce73,
2a562795,696bce73,
014f72d6,bd554d7e,
15cb0bc0,9d1f33b5,
ca7b0816,1c3c6bc3,6028927a
95b47b10,1c3c6bc3,6028927a
4754bd94,ecd780fe,
b6036ad2,aad9d1f6,
b38769d0,aad9d1f6,
d2ba93ab,aad9d1f6,
f2b3dfa5,aad9d1f6,
c0fc8ac9,aad9d1f6,
81a7fec7,aad9d1f6,
b7896f2f,6d271036,872a79d0
fbc39d63,6d271036,872a79d0
bda4ace9,6bc8a76c,057c9084
9244d7c7,f2831d5f,ea27f7e5
f41bf8f5,cf47be41,
f2dc0fba,9e07ad72,2cbb61ed
30061d64,c6676c14,
4244a527,c6676c14,
6c7fdc46,c6676c14,
5fb8ac28,c6676c14,
4fc71c82,49aea20b,
4df867f1,c6676c14,
4eb22315,c6676c14,
6983dcec,c6676c14,
72337855,c6676c14,
5178b81f,b0c4fe4c,1aaefd67
fb27888a,b0c4fe4c,1aaefd67
818fd1b4,b0c4fe4c,1aaefd67
75bb3a25,b0c4fe4c,1aaefd67
6f7f7fd2,50687502,34adce00
16022ecc,4807c519,
2231a161,4807c519,
33f89da0,f8cc4020,
ec9a3e45,c0880fc4,
6ec94208,c0880fc4,
b6f84e92,c0880fc4,
48a9abf6,c0880fc4,
d0f29788,c6676c14,
a2cf742b,c6676c14,
9dd10598,50687502,34adce00
78decf6d,50687502,d259c3d0
38d6e508,50687502,16042c99
a82dc14b,50687502,16042c99
e21f1e9a,50687502,16042c99
e34489a8,22dda2e2,
62a9282d,c693ab65,658d1ec3
678b7556,64b0b065,c6220d81
25121a05,64b0b065,44c0302b
7effd37d,64b0b065,44c0302b
fae6d2c6,7dac28fd,
ba36f97f,8fb1e8f5,03eb9fa4
b384cb37,514e3e69,9e16cd66
745a0adc,55e2a940,b7466104
a92aa7a7,0fd2a1e1,
ab9a310e,ff7aa98d,f4edb638
8b3eebb6,cdf1cddc,39e941a1
f5476ebe,6f9e6d63,
b7524a28,9e82e1b2,1625bbdd
ef47a8ab,8a46974e,393ea66a
4358d197,8a46974e,393ea66a
381de22e,8f897e99,448dc0b3
d23fb0d9,8f897e99,448dc0b3
7483a0a2,8f897e99,c6ec7ba1
30620b90,8f897e99,12f09b2e
c34f181e,8f897e99,e52b16c4
0386a42c,8f897e99,e6348f5e
86ae314f,8f897e99,e52b16c4
fed1a5dd,8f897e99,e52b16c4
ca7af34b,8f897e99,8286b331
cb6069c4,8f897e99,8286b331
b840644b,8f897e99,612b6bae
4128b73a,8f897e99,e6348f5e
d39dc1e5,8f897e99,e6348f5e
415659c8,8f897e99,e52b16c4
a2073c23,8f897e99,8286b331
e67f71a2,64d68dca,
8bddcfe6,64d68dca,
d98664f0,64d68dca,
b5a32e9a,64d68dca,
aef98f2f,64d68dca,
bec458d3,355f8b2f,5e77445a
71af711c,bdc58ac2,64859cb5
09dcf4d0,6e705fc1,
77a5949a,6e705fc1,
755cdcd9,6e705fc1,
5cc42301,6e705fc1,
b8457891,6e705fc1,
f2f9b996,6e705fc1,
72ebedee,6e705fc1,
87bf1e65,6e705fc1,
c6857135,6e705fc1,
09c706cf,6e705fc1,
be15c977,6e705fc1,
5dc95cd9,6e705fc1,
3d9d39ff,6e705fc1,
c3e4d127,6e705fc1,
a4b983cd,6e705fc1,
75e9b53e,6e705fc1,
f9ac9d39,6e705fc1,
b0238e78,978c772b,
8507690d,978c772b,
25d559c3,978c772b,
8ca9ec69,978c772b,
9abaa24a,76010991,81dde8cf
67ec0645,5bee2bc5,f280ecaa
b0515fe9,14b5bb1b,e9a68d9a
bc178fa2,7d7bf177,
31ca0ed5,355f8b2f,5e77445a
15ec2b00,fd8068e9,
a8c364c6,c7907f9b,24986733
e116f3d6,c7907f9b,24986733
0f82cbac,c7907f9b,24986733
86750855,c7907f9b,24986733
25eb4be2,c7907f9b,24986733
e8e6b9ce,dc374472,
1c072f69,64b0b065,c9f3b12f
4f3c957d,94bc9139,32e04f4b
a5d7cd02,94bc9139,32e04f4b
1b3bdf6a,19559516,b0c1305b
502f5d50,19559516,b0c1305b
7240909b,19559516,b0c1305b
e975c56a,19559516,b0c1305b
012180aa,19559516,b0c1305b
0cc3582a,5aedc3eb,
859c9bab,c0880fc4,
598b3180,6f3f74cd,2b639d57
a5db9154,6f3f74cd,2b639d57
1870523e,60058fb0,b515417d
aef0ac36,60058fb0,b515417d
2b64b464,60058fb0,b515417d
813a230f,60058fb0,b515417d
f657267c,60058fb0,b515417d
de0ebf60,60058fb0,b515417d
fc40bef5,60058fb0,b515417d
835420c0,60058fb0,b515417d
c3813b00,0ce6d1ae,
317d7907,0ce6d1ae,
4918cd6c,0ce6d1ae,
1d1e8668,0ce6d1ae,
4cc6513a,0ce6d1ae,
b7b73359,0ce6d1ae,
eb42a189,0ce6d1ae,
e61086d6,0ce6d1ae,
4ef31a13,0ce6d1ae,
9ffbe811,0ce6d1ae,
27f79a38,0ce6d1ae,
8614b90d,0ce6d1ae,
eac2fe67,0ce6d1ae,
535a7f8b,0ce6d1ae,
91820bfb,0ce6d1ae,
ade65f07,0ce6d1ae,
a94721ec,0ce6d1ae,
ec996443,0ce6d1ae,
d0d34f98,0ce6d1ae,
c18f376e,0ce6d1ae,
a6ae7662,0ce6d1ae,
31d647e3,0ce6d1ae,
9ce7f7ca,0ce6d1ae,
4d525f70,0ce6d1ae,
6b31aae6,0ce6d1ae,
7eff35d3,0ce6d1ae,
20569819,d8838e5c,ee62d214
068459fe,d8838e5c,ee62d214
1603b5d2,d8838e5c,ee62d214
4e7f9bea,d8838e5c,ee62d214
5d2b8a7a,5c236f78,275a733e
84114859,5c236f78,996737c3
a26161a2,5c236f78,996737c3
e44a8991,5c236f78,275a733e
5f948475,5c236f78,e4c97797
4daee159,5c236f78,e4c97797
b41657c0,5c236f78,e4c97797
ba5352b5,5c236f78,275a733e
4cf8da14,5c236f78,996737c3
13addb73,5c236f78,996737c3
d4bf6477,5c236f78,996737c3
fd7a63b1,1396d28b,2a527769
6b1c295c,1396d28b,2a527769
07ad1f81,1396d28b,2a527769
9c458f3c,1396d28b,2a527769
a827a0ba,1396d28b,2a527769
66d4cac0,1396d28b,2a527769
36139ca0,cf3c1646,a48a65d9
013a45f7,cf3c1646,a48a65d9
51f71526,7c97f19e,b6f9c7c0
6f2efca7,7c97f19e,b13845a2
e89b2286,7c97f19e,b13845a2
e471ea57,7c97f19e,b6f9c7c0
59157d3e,62a67ea5,e804055b
67a534c0,62a67ea5,e804055b
465c189e,b948d918,
e84c96b5,b948d918,
e7b42000,0c9c6b6f,7da77c60
e302c676,e38f2b3a,a1946a38
573adfe8,7e2ef844,2f244f6a
aa490348,7e2ef844,2f244f6a
394d0870,eb2a5a1d,b6348b32
78b86e08,eb2a5a1d,b6348b32
66160cb3,eb2a5a1d,b6348b32
753ac896,eb2a5a1d,b6348b32
f7d8ee23,eb2a5a1d,b6348b32
6169902a,eb2a5a1d,b6348b32
b985c20c,eb2a5a1d,b6348b32
f6164593,9236750f,3f44635a
a6c42a61,9236750f,7391b06a
e825dc75,020de859,160af26c
04730cfc,70a9da9a,81f4671b
a4e049ae,70a9da9a,81f4671b
1a22f222,c10cec06,442198fb
65d4a832,044576d2,cdf6151c
d77c7d7d,044576d2,cdf6151c
c6e25a86,044576d2,02a41ff2
7b776a52,044576d2,cdf6151c
773bf6e5,044576d2,ac03bc34
5fd47849,1e0f8139,
de0d4673,044576d2,02a41ff2
995195bc,044576d2,e3b4b034
c15a9540,044576d2,79108137
2ebb0d2c,044576d2,02a41ff2
043e76f2,044576d2,30f07a24
7270e0c5,044576d2,30f07a24
899c78b4,044576d2,f11533a4
9ea63563,044576d2,ac03bc34
f63923a0,044576d2,30f07a24
ab5fb77d,044576d2,
633e396e,044576d2,ac03bc34
2036efeb,a2be0476,
e4b16342,a2be0476,
d6e3e608,a2be0476,
ecd1d951,a2be0476,
0b840786,71f975e7,a4d82c3e
0e94b973,71f975e7,a4d82c3e
8c753f52,71f975e7,7f57ea2e
21a98d9e,71f975e7,850d32af
d8fdef1e,71f975e7,850d32af
7ec84b75,71f975e7,f0ab76ec
0e90870b,71f975e7,7f57ea2e
0c4e1069,6bc8a76c,f0f50267
7e9929fe,454f30ed,72c48bd1
1f9ade08,ec041b71,e99a1eac
032fe853,4fbe2b15,0913783c
1921540a,4fbe2b15,0913783c
e118beaf,4fbe2b15,0913783c
422361c7,454f30ed,72c48bd1
308cd1b5,454f30ed,72c48bd1
f2e10b3b,454f30ed,72c48bd1
6c1ad268,454f30ed,72c48bd1
394593b5,454f30ed,72c48bd1
e1963f8b,454f30ed,72c48bd1
8250681c,454f30ed,1fa9ada7
bfecd055,236a702a,
80526bc4,8f90f598,bd30e7fa
a778ad3a,8f90f598,bd30e7fa
63a8134b,4fbe2b15,0913783c
d4cca4de,3125ec10,2aabcff3
91c2787b,3125ec10,9a2475dc
7bf4f174,454f30ed,72c48bd1
f92da212,454f30ed,72c48bd1
14f07f5d,23f99248,fd752cd2
6ed43bb6,23f99248,fd752cd2
72599a64,6faa2d2f,
72ced403,6faa2d2f,
25ee7cdc,6faa2d2f,
1df14b75,143d7892,d9ca9f0b
0a4903aa,143d7892,d9ca9f0b
795beea7,143d7892,d9ca9f0b
489eb550,5a7ebe9c,34c46016
644e6ba8,466b9d50,5bc75377
3efe2754,466b9d50,5bc75377
7c23ae09,466b9d50,5bc75377
fe59dbe5,466b9d50,c39691f7
4cf94632,466b9d50,
b9da55d6,466b9d50,5bc75377
68a6b1b1,466b9d50,
da60de98,466b9d50,5bc75377
f5e8b6f8,466b9d50,5bc75377
51fdf0c8,466b9d50,5bc75377
7c06791d,466b9d50,5bc75377
a10cddff,466b9d50,
36799cd0,466b9d50,c39691f7
6cae5245,466b9d50,5bc75377
1888ffd7,466b9d50,9d578cd0
81115190,466b9d50,5bc75377
ab9e0d54,466b9d50,5bc75377
ee2e547c,466b9d50,ab5a2727
fd005900,466b9d50,ab5a2727
b0ad5388,466b9d50,1eb38f53
e2344547,466b9d50,c9f0be69
ac4c4278,466b9d50,ab5a2727
4dcddb28,466b9d50,c9f0be69
467d132f,466b9d50,c9f0be69
c6556540,466b9d50,
ba86a715,466b9d50,c9f0be69
8de5ae04,466b9d50,1eb38f53
659bd404,466b9d50,1eb38f53
5c37e2ad,466b9d50,
438cefdd,acc75f76,
54d0ddf7,466b9d50,1eb38f53
fab14740,466b9d50,1eb38f53
eec62177,466b9d50,0b6c70ff
d2fb416b,466b9d50,0b6c70ff
38a4cb4d,acc75f76,
818454eb,acc75f76,
6d89f0d9,acc75f76,
1dfa70f8,acc75f76,
679d6402,acc75f76,
e67370e3,356709ec,
c6b8a02c,356709ec,
729c5d79,356709ec,
79dd487d,356709ec,
27c6a9d8,356709ec,
a50be08f,356709ec,
c54f06f5,91156c48,
6cdd814e,91156c48,
a2bada9a,50958958,f34c47b6
9bbc633f,50958958,f34c47b6
00d82cd5,50958958,f34c47b6
396730c9,50958958,f34c47b6
1e6ec0e6,50958958,f34c47b6
8563cc4b,a4371c6d,
193956f2,a4371c6d,
73526497,e42b7f66,
8ec69c4d,8bc63be0,
574a99af,b948d918,
67de434f,b948d918,
0a41f05e,8f228755,
809ad3b0,eed46a7e,be08dbab
2dc154f0,eed46a7e,9e0c2d7c
c84eaca9,eed46a7e,2de3a43d
390e46fa,eed46a7e,a302c732
f002195f,eed46a7e,9e0c2d7c
15a49ffd,eed46a7e,1704f53c
a1bca9cc,eed46a7e,2de3a43d
d66c04a3,e7afc0ac,c52fd99f
16107706,e7afc0ac,c52fd99f
7807d4e5,S03242022083049_Dup1,40a1bbc3
82f51b1c,S03242022083049_Dup1,40a1bbc3
935018a4,S03242022083049_Dup1,40a1bbc3
c254f455,9a85ef9c,5842cd75
25e70d75,9a85ef9c,5842cd75
8de6d440,2582b3dd,7363a862
2be21889,b948d918,
51016852,e14eb926,8afcb271
faf85cea,f5bea755,
7df6c644,f5bea755,
5c53b022,f5bea755,
3eb2c69e,f5bea755,
0c10fb4c,f5bea755,
e75e809c,f5bea755,
999ff908,5d29b3ba,cebbada4
23f11d1b,5d29b3ba,cebbada4
5ce3e536,5d29b3ba,cebbada4
d534d869,5d29b3ba,cebbada4
af484f0f,5d29b3ba,
a39cefdf,153b2e75,1d2e7786
05ea336e,8dd48da3,
6b571339,4cfdf88d,
6e4b2350,9c79e75e,c71d93ab
f0ea7c91,9c79e75e,c71d93ab
0d33d491,2724adf9,
917011ef,2724adf9,
1496a23a,41a1bb02,041c743d
60a2c3bd,41a1bb02,041c743d
60801811,9a962427,28df933d
45116c6f,7d6a2713,
85f9619d,7d6a2713,
7463111b,71fe8f93,
d679f68a,b52a6b43,1b98dbdb
f47e8650,2057c44f,b68361ba
1f41de0e,350b8ffb,
c9d5b3eb,cc61d676,
776c6daa,4c51a537,8f1c4502
9311ea76,eed46a7e,0ba8856c
2170f3bc,51ef322e,e6959523
ba682b69,eed46a7e,0ba8856c
e747b635,eed46a7e,1704f53c
6a0e14ff,eed46a7e,a302c732
abd0a36a,eed46a7e,0ba8856c
738fd5dc,eed46a7e,e70d88e0
2b3eb43e,eed46a7e,e70d88e0
1fa499a0,eed46a7e,e70d88e0
0bf7e9c8,cb5cd839,
07b34045,e14eb926,8de500b7
d80715f5,e14eb926,8de500b7
c5af5a92,e14eb926,8de500b7
7ee37c5f,e14eb926,25070655
2b871b67,c2e99b01,0806f956
44ec1a79,e14eb926,8de500b7
d4ce67b2,e14eb926,8de500b7
d13b39ca,af2e8f9b,
a3d24d52,fb029579,3b106537
287a6524,fb029579,3b106537
bda3df38,2dfdee3f,11fcaeb7
2ffb957b,2dfdee3f,11fcaeb7
3a254c0d,2dfdee3f,5d97f8e5
7f78aca5,2dfdee3f,11fcaeb7
cb1a8cab,2dfdee3f,5d97f8e5
e4bf4bbf,2dfdee3f,11fcaeb7
536715bc,2dfdee3f,11fcaeb7
3351f6e0,2dfdee3f,11fcaeb7
2f247ff3,b13ecdb7,
1ba5409c,b13ecdb7,
9f6b5826,b13ecdb7,
9ce114dc,b13ecdb7,
fcdd9487,d96c9e6c,
18d3b7d9,f4bfbabe,0a9776dc
415f73e7,f4bfbabe,0a9776dc
6f956c2c,f4bfbabe,0a9776dc
2d42dd35,f4bfbabe,0a9776dc
c01f83fa,b360f40a,935ca088
27708259,b360f40a,935ca088
f35d4e9b,b360f40a,352b62ea
55b7f0c1,b360f40a,352b62ea
aa32f4e1,b360f40a,935ca088
2037d77e,b360f40a,352b62ea
d1611c03,b360f40a,
7495457a,b360f40a,
d31318e1,b360f40a,
1e37d278,b360f40a,
c4692a9c,b360f40a,
b428eb8e,b360f40a,
a830b822,b360f40a,
6442b73b,7334fcc6,9ca949fb
f948bfa2,83da8eef,1913bedc
62e6db91,05f544f4,
9dc7e4d2,05f544f4,
a6b4bdf3,05f544f4,
31172b86,05f544f4,
f7f1d3be,05f544f4,
514ac958,05f544f4,
b42c0a49,05f544f4,
544adf1d,05f544f4,
efca749d,05f544f4,
094b5a24,05f544f4,
69b1bf99,05f544f4,
4675d3ae,05f544f4,
2cd48734,05f544f4,
41c41919,5fb517fd,6a4bd0bc
ec2870d3,5fb517fd,6b7f408f
538210be,5fb517fd,297d9584
72a40911,5fb517fd,c457c3e0
9f935bae,06222c65,5cea0370
baa53682,06222c65,5cea0370
c04a23b9,06222c65,5cea0370
33a23fff,06222c65,5cea0370
44d618a1,06222c65,5cea0370
8212cb46,32f0d93f,31de8137
46c1dbe6,32f0d93f,31de8137
07e9c65d,b0c1f556,2d9595c2
027382b9,b0c1f556,4c977c35
00dcbec7,5fb517fd,eb5a7cda
0cf3aa38,7abce4fb,b606f606
51a7a6ec,7abce4fb,78de835c
9502cc14,7abce4fb,78de835c
96be3528,fe01241c,b3d42e8c
0a5fb548,7abce4fb,2c547925
eca9324a,7abce4fb,2c547925
5448610d,7abce4fb,2c547925
42f1fa81,5fb517fd,3ef015b6
c78c6e13,5fb517fd,3ef015b6
ad01a0b5,5fb517fd,3ef015b6
c2d73d39,5fb517fd,3ef015b6
9001dc7a,5fb517fd,3ef015b6
ebcb9031,5fb517fd,6b7f408f
12190537,5fb517fd,6b7f408f
fda03c25,5fb517fd,6b7f408f
2b2293a7,7abce4fb,2c547925
40a69156,7abce4fb,8d0f4550
201d1b2a,7abce4fb,f346a4a5
1b721d20,7abce4fb,f346a4a5
65b1f274,7abce4fb,ba1438ca
70f879a3,0c0c32e9,
1c626a04,0c0c32e9,
3777be4f,0c0c32e9,
2e37b494,f4fb0641,dc06ddf4
cc313cca,S06222022163151_Dup1,
d7acaabd,S06222022163151_Dup1,
746a55a7,S06222022163151_Dup1,
bbe52e50,S06222022163151_Dup1,
1bd775f5,S06222022163151_Dup1,
5959ebd4,S06222022163151_Dup1,
c416d63a,S06222022163151_Dup1,
7de9500b,S06222022163151_Dup1,
62efb7db,S06222022163151_Dup1,
079b7a91,S06222022163151_Dup1,
087efd2c,S06222022163151_Dup1,
8aaf1e6c,S06222022163151_Dup1,
0b5cb931,S06222022163151_Dup1,
fe1de8cc,AS06242253_Dup1,
0138b896,AS06242253_Dup1,
2c75086f,AS06242253_Dup1,
d9d2b333,AS06242253_Dup1,
ae8a4e11,AS06242253_Dup1,
adc7b903,AS06242253_Dup1,
c0b03087,AS06242253_Dup1,
52b10581,AS06242253_Dup1,
1166aee6,AS06242253_Dup1,
876241bf,AS06242253_Dup1,
b3a5507e,AS06242253_Dup1,
b841b003,AS06242253_Dup1,
33546a9b,AS06242253_Dup1,
cbcf1128,46ed6e06,6917433d
a39712f8,7abce4fb,2c547925
1079488e,S06242022102808_Dup1,
78be92eb,S06248297_Dup1,
ec1dabd3,1a0dc757,5a29d8ff
98463620,1a0dc757,d77d29fe
a9e61ce9,05f544f4,
b1b69e29,05f544f4,
b5cd3ab0,05f544f4,
fe5d1039,05f544f4,
45caae41,05f544f4,
a226c26e,05f544f4,
c616a79e,56b8868c,
07e121c9,05f544f4,
4222de38,bacf39e7,
e74b79fb,05f544f4,
3cfa66a0,05f544f4,
daf4867d,05f544f4,
62eff388,05f544f4,
4a18e4f1,93dc6f7c,d7ae8df5
a78bdccc,d95d72c1,bb7af7ee
6c6fa1c6,46b6cc67,ab306972
ac3623bc,46b6cc67,ab306972
dc540014,d95d72c1,e62da6e6
8c790594,d95d72c1,bb7af7ee
d6a5e1be,d95d72c1,bb7af7ee
bc1c541c,d95d72c1,e5192487
be05a088,d95d72c1,bb7af7ee
74b7c6fa,d95d72c1,bb7af7ee
93d174fd,d95d72c1,bb7af7ee
007cb9ed,d95d72c1,bb7af7ee
8af655b4,0fcafd54,
a0734d90,d95d72c1,bb7af7ee
cb148ec7,c8c83b3e,c7aaab89
c32e2fed,c8c83b3e,c7aaab89
6225d720,c8c83b3e,c7aaab89
f49c2203,c8c83b3e,c7aaab89
0e40d8aa,27fb7552,303490fa
c97455f5,c8c83b3e,c7aaab89
9ae76856,13629233,
5b4cb47b,b3b25861,1f40c6bf
c918cd7c,b3b25861,1f40c6bf
2bf2df00,b3b25861,ee1f8bee
8c0ceadd,b3b25861,1f40c6bf
656883cd,b3b25861,1f40c6bf
3b7fc951,b3b25861,1f40c6bf
faafce25,b3b25861,1f40c6bf
9d0c0f63,b3b25861,1f40c6bf
1db601a1,b3b25861,1f40c6bf
e9d2ebf6,b3b25861,1f40c6bf
f708e5b3,b3b25861,f4aac9bd
06483afc,b3b25861,1f40c6bf
c834f211,b3b25861,1f40c6bf
9484822c,1a0dc757,5a29d8ff
67790c18,0027d866,
484bfd87,ff8f796d,5e9cd811
9af678b1,ff8f796d,5e9cd811
1d8152d7,ff8f796d,5e9cd811
c5074a92,ff8f796d,5e9cd811
cab590e1,ff8f796d,5e9cd811
9aef33f1,ff8f796d,5e9cd811
b71dfb63,849a8b4d,238fede7
4b9c91f1,B06272022164539_Dup1,
759f94c0,849a8b4d,238fede7
b8244520,26770b91,
6a0e448d,26770b91,
33b5cb17,26770b91,
06e496b1,febb914f,13fd6fe1
efeffdd4,febb914f,13fd6fe1
3ea9a5f3,bc9421dd,9fe2a693
b971ad02,bc9421dd,9fe2a693
670a67af,35a7f1b4,
9cccebfa,7c388397,534f2324
db455917,1d0c42ac,
c4543b46,1d0c42ac,
ffacdbe1,1d0c42ac,
85f8f7b2,e0e4da7c,
3039d7ab,e0e4da7c,
4bbfd7e2,e0e4da7c,
92ce2df7,B02282022100941_Dup1,cb9a4d76
2894fb1e,afefc7f6,7e43dca7
39009429,B02282022103451_Dup1,79c5a4d7
566aaf4c,b8c5aac7,
da0a624e,b8c5aac7,
2e86006c,f85203b6,c56f11f2
4081ca97,1be71a1e,
65f2806b,1ab6591a,
248cdee7,1be71a1e,
4fa7814a,1be71a1e,
c98c5744,1be71a1e,
f3e06bce,1be71a1e,
eb8b56d5,1be71a1e,
6d3829f6,1be71a1e,
b7575fe3,6d05e36c,
22bf0f92,6d05e36c,
c581f57c,6bbbc77e,
d03ca2e7,6bbbc77e,
3b597fc1,6bbbc77e,
edc770a6,6bbbc77e,
9f72fdaa,1cb98222,
7c447caf,5d0743d8,fca5fefd
7f45b254,5d0743d8,fca5fefd
cfa7cb53,f7fff2de,
c965eac6,2004c26f,7ffd43ba
f90348d9,a92e2c9f,d6748da2
2e245a1a,a6c14878,fbd78e0b
9ac42424,7df91116,
0c61fb4a,c67d3877,e877f3c0
372a8453,c67d3877,e877f3c0
f40713f3,2004c26f,7ffd43ba
4b9c50e0,2004c26f,7ffd43ba
02d25389,58074893,0c4d5eef
691a308f,1da334e0,c382ca81
5dd411b2,746ecf10,
4691223d,6da4c782,
d1a6e19b,6da4c782,
7bab9e8e,6da4c782,
dfca295a,6da4c782,
968d3ef7,3a713794,
f066170f,355f8b2f,5e77445a
80752dba,355f8b2f,5e77445a
5e2644ec,3beec23a,180c693a
2ed56f1e,3beec23a,180c693a
648680a4,3beec23a,180c693a
4c755afe,972ef4a2,eefcda61
cb66c78a,972ef4a2,eefcda61
581be951,ad950aa7,3d9aedec
6ef717b3,ad950aa7,3d9aedec
0a44b95a,ad950aa7,3d9aedec
8090173b,ad950aa7,3d9aedec
5352193a,d3f1aeb7,bcd16e10
af89c2ac,afefc7f6,105ce999
68516125,42de1b43,
19cd3e85,42de1b43,
9ddff1f8,8f676ded,
814d7b70,8f676ded,
c73bcd3e,8f676ded,
e47caab5,8f676ded,
434f0297,a328eea0,59305da2
0fb0a4e1,a328eea0,7e240b69
024b7089,a328eea0,59305da2
49be28ea,a328eea0,7e240b69
0df576f2,a328eea0,59305da2
c5727f48,d5ce1925,dc1a0192
dfb711db,d5ce1925,dc1a0192
9a36e251,d5ce1925,dc1a0192
d7e23914,83263cba,
577bea1e,83263cba,
db250913,83263cba,
25f10201,83263cba,
e8dd0212,83263cba,
d69f676f,c4afd54c,2ed1878a
bb33475e,d3f1aeb7,bcd16e10
fb5c2d68,93e0737f,4339490b
e449d7fa,d3f1aeb7,1b289d69
05c6c1ba,8b79d823,a30b37f1
d783fcef,8b79d823,a30b37f1
d9f351f1,8b79d823,a30b37f1
12561714,8b79d823,a30b37f1
16f2eefa,b3e488ff,59fd37d2
3ded8784,b3e488ff,c53ce82f
848b0056,784aa616,5b73efe2
61c35054,b3e488ff,2723c368
8e2cacf3,b3e488ff,2723c368
09c9915b,b3e488ff,59fd37d2
17ed999e,b3e488ff,5388a504
026708d0,b3e488ff,59fd37d2
567fff92,b3e488ff,8a0bffe2
7d0de623,b3e488ff,5388a504
e143e559,784aa616,5b73efe2
de954e33,b3e488ff,c53ce82f
276209a0,784aa616,5b73efe2
9079277b,784aa616,5b73efe2
f45ccd55,b3e488ff,9e1def93
56dc3469,784aa616,5b73efe2
b457bb20,b3e488ff,9e1def93
2c4f0b52,e55e082e,
26a97d7d,17f0cf9d,0da1c680
99345f0d,17f0cf9d,0da1c680
bf9b17dc,5445fe1b,133e9e4b
ee359555,d6bd9c48,0a899656
1e8356b5,d6bd9c48,e055cf23
89095196,d6bd9c48,bf15ebf1
2ee9bdc7,31614fe5,
23847305,31614fe5,
c9c057ff,c211c959,
b7c5cee3,c211c959,
21fb0813,c211c959,
86aa663e,c211c959,
6d5fc706,c211c959,
39a9e6fc,S03242022083049_Dup1_R,402c0775
c63f883f,S03242022083049_Dup1_R,b42638b9
a0305985,S03242022083049_Dup1_R,767d24c7
afbeb209,S03242022083049_Dup1_R,cafba0e7
1b50a50e,09eb99e4,6b3cb830
5a9a73ba,765b4efb_R,165dfbf2
d4a983b9,765b4efb_R,165dfbf2
917c1760,10d442ab,08b52387
748a9bd4,10d442ab,917a0f73
dd7dce0a,10d442ab,08b52387
4d26bae7,10d442ab,917a0f73
b7a1cc20,10d442ab,917a0f73
795d93fe,10d442ab,917a0f73
f18f6a5a,10d442ab,917a0f73
2044a7e5,10d442ab,08b52387
0fb86eaa,10d442ab,917a0f73
1dbdd2eb,10d442ab,f6491a3d
38c6515d,10d442ab,08b52387
211e202e,10d442ab,08b52387
12f344dc,10d442ab,917a0f73
21a38ce7,09eb99e4,ea9143d7
26245441,09eb99e4,106d8482
e7a523a5,d6bd9c48,e055cf23
0fa43338,09eb99e4,ef332179
4685be9d,3559ea0c,
92793c44,3559ea0c,
99082e1b,dcbf5c19,427e05b7
b2adddc2,c24e5cb1,f39636af
ca1dd5d5,c24e5cb1,f39636af
2d0ec281,dd29c48a,
ec1a1a9d,dd29c48a,
1d826ab8,98376b09_R,304ed2f8
7da1f27b,d6bd9c48,573f7f0a
6493d9f4,358277ff,
5c7dd8e8,358277ff,
6bc84c40,d6bd9c48,0777c31d
3d2435fb,d6bd9c48,e055cf23
6c77de54,d6bd9c48,d50d4dd3
30bb65e9,d6bd9c48,e055cf23
6cc3f749,d6bd9c48,573f7f0a
5b665d05,d6bd9c48,e58dc3b9
7aabcfad,e9cd5882,
41de3838,d6bd9c48,4735cb07
72c1b5e3,e9cd5882,
3089c0f5,d6bd9c48,e055cf23
0795389c,d6bd9c48,0777c31d
c06f858f,d6bd9c48,e58dc3b9
5ea0e148,36d0aebc,c38612a0
8a9e0a27,36d0aebc,c38612a0
0a0fe021,36d0aebc,c38612a0
27676f57,36d0aebc,c38612a0
2d0e2d58,8b1fbb18,
93c8679d,09eb99e4,ef332179
a13fa8ac,d5fef9f8,9bb74878
ef4eb832,d5fef9f8,60bb1849
a13d3e4b,d5fef9f8,60bb1849
87a49111,d5fef9f8,9bb74878
512fbc1d,d5fef9f8,9bb74878
961fec64,d5fef9f8,60bb1849
6cbde010,d5fef9f8,60bb1849
fe1e19a7,d6bd9c48,dbe6cde3
0f76c11b,61086c92,37f433d4
410a4d5e,8b93a133,107cfadd
e635ed56,09eb99e4,6b3cb830
b50c2ad1,bed39264,
866ef588,bed39264,
f4b8602d,c211c959,
3fa95c7c,bd877f8d,04299f35
21db58bd,bd877f8d,04299f35
d71ebb3a,bd877f8d,04299f35
64a0e865,8b93a133,
e283ccd7,a034f9b9,3b2da50a
edcbb4cb,a034f9b9,3b2da50a
7ee5a51e,ac9cc61a,0cc5c21d
36727eca,a034f9b9,1a8fc7eb
59866e7f,a034f9b9,3b2da50a
a709b638,a034f9b9,1a8fc7eb
4376bf70,a034f9b9,63bed71a
a12613bd,a034f9b9,1a8fc7eb
e0093b3f,a034f9b9,63bed71a
c05aa435,a034f9b9,1217246f
4b09f076,a034f9b9,1217246f
e9e23c0d,a034f9b9,1a8fc7eb
03e6286a,a034f9b9,1a8fc7eb
1009e0e7,a034f9b9,398fd9f9
0549da1c,a034f9b9,3b2da50a
ec7bc798,a034f9b9,398fd9f9
2a8f5a03,a034f9b9,398fd9f9
34ed7214,ac9cc61a,0cc5c21d
db9880a0,ac9cc61a,
0d330d0e,bd5619ea,
1e52dcd9,bd5619ea,
0f22c67e,bd5619ea,
9067d8ff,bd5619ea,
8cb37c59,bd5619ea,
48f9ad03,bd5619ea,
76bd8d8e,bd5619ea,
3fa5a0ae,bd5619ea,
3c24a431,bd5619ea,
89de40b5,bd5619ea,
cf821c12,bd5619ea,
dc225bac,bd5619ea,
bae67739,bd5619ea,
c94310a6,bd5619ea,
e2cd51bf,bd5619ea,
3057a86f,bd5619ea,
0c94c5e9,bd5619ea,
57503fcf,bd5619ea,
896cfd97,bd5619ea,
c24bfd74,bd5619ea,
460d1455,bd5619ea,
637b20aa,bd5619ea,
471743d4,bd5619ea,
82bffde9,bd5619ea,
33a66112,bd5619ea,
bf32e782,bd5619ea,
0700ff8e,bd5619ea,
a42a2bf7,bd5619ea,
d334e066,bd5619ea,
3b657eab,bd5619ea,
7075a74f,bd5619ea,
4a05342b,338b67c1,
fdad7a7c,338b67c1,
596b24d0,338b67c1,
1e33fed5,338b67c1,
fca473f8,1ac39038,28abbf89
c32a7913,1ac39038,28abbf89
f3ad97c1,1d02bba1,d1aeafb3
db5d8c2b,1d02bba1,d1aeafb3
c64cabff,3c3807c1,
876fba5a,bd877f8d,04299f35
94f7bdef,bd877f8d,04299f35
02bd40b6,bd877f8d,04299f35
90bb15b5,bd877f8d,04299f35
50e63bbe,bd877f8d,04299f35
e7f04780,ac9cc61a,0cc5c21d
03dec9cd,beb43af8,
5c405a64,bd5619ea,
d1270367,03d9115f,c3cc2e01
62b32f91,03d9115f,c3cc2e01
bdcf2739,03d9115f,c3cc2e01
7b061f01,7f626e01,
51a6213f,03d9115f,c3cc2e01
354f96ec,03d9115f,c3cc2e01
2df9a7c9,03d9115f,c3cc2e01
8107d85b,03d9115f,c3cc2e01
e4c11e0d,bd5619ea,
1310298a,bd5619ea,
0eb2a38d,bd5619ea,
8d61b697,6f709d93,3af41106
7e54b4ef,6f709d93,7d8dd4e3
1abbb602,6f709d93,f1ec75e9
5fb8bd6b,6f709d93,7d8eb081
739b0315,6f709d93,db8de55c
c29e23b5,b1c578ac,36f246ab
fa3f58f2,6f709d93,7d8eb081
77cf0e03,6f709d93,7d8eb081
ddfe7bef,6f709d93,7d8eb081
532b6a8b,6f709d93,7d8eb081
bafd88fe,6f709d93,7d8eb081
9b9a0564,6f709d93,7d8eb081
3130490a,6f709d93,7d8eb081
6879d76f,6f709d93,7d8eb081
e1069dd9,6f709d93,7d8eb081
a8443a4b,6f709d93,7d8eb081
45f8ea49,6f709d93,7d8eb081
8d145fe1,6f709d93,7d8eb081
02a10ca3,4846820e,
00cc83eb,4846820e,
76e0b90e,35853e8e,7ca22e52
c14e927c,6f709d93,7d8eb081
6186bb86,61086c92,38bb2595
f5566506,61086c92,38bb2595
545195f7,61086c92,38bb2595
37b1ba10,2efcdac1,b00be9a4
3dd855fb,8e28524d,1af96025
094acb4a,b105856f,6c8da99f
164cac80,b105856f,6c8da99f
e0c2a62f,b105856f,65df3af8
1f0d3f26,35853e8e,6250f93e
fbc3dc8f,35853e8e,7ca22e52
9818d10f,b105856f,6c8da99f
22f0a52e,b105856f,6c8da99f
195d1c40,b105856f,6c8da99f
1eddb68f,36d0aebc,c38612a0
1bf3b035,36d0aebc,c38612a0
a37b7e0b,36d0aebc,c38612a0
2da959fa,c211c959,
5518dd28,56343f46,
b78be79e,fb321961,b9887973
83d2d17d,302dd027,44eda607
84fae2d5,302dd027,44eda607
d69d3132,6737a145,
5fbf1bc6,6737a145,
c1a99b57,6737a145,
7893d2f0,6737a145,
7113e18b,6737a145,
3cc6376d,6737a145,
610497cf,96e297e1,0d4ec09b
2b106d56,762dbb8d,
50301d6b,762dbb8d,
e742bf9e,762dbb8d,
7ec16c24,762dbb8d,
54cb9eef,762dbb8d,
477a1384,762dbb8d,
1bbd8b99,762dbb8d,
4831e3b9,762dbb8d,
cb646c31,a429bb95,adc44542
7e3e345a,cf7aa06a,c83a9d8b
476e9c5a,54b23222,
c09d7ae5,6737a145,
d965da18,6737a145,
685da474,6737a145,
c063a230,6737a145,
94792efd,6737a145,
b72e9857,6737a145,
66b2357f,6737a145,
20053a0b,6737a145,
f6a4d031,6737a145,
95a339de,6737a145,
f0af70ef,6737a145,
81748fe8,6737a145,
2bd328a3,6737a145,
9d9caea7,6737a145,
27ce344a,6737a145,
333d0819,6737a145,
381e26dd,6737a145,
d81f653b,6737a145,
1fb130c2,6737a145,
2e03ab4f,6737a145,
91a17ea7,6737a145,
b1868b7b,6737a145,
2f839e0a,6737a145,
9f92172c,6737a145,
e1b6c574,6737a145,
bfeec027,a034f9b9,af39e460
834ba05b,a034f9b9,af39e460
5ef4c608,a034f9b9,af39e460
9e6b4c1e,a429bb95,adc44542
8907f769,a429bb95,adc44542
77631618,a429bb95,adc44542
5bc57b7e,c4bd145d,
d853d3c2,705cef57,
83db4810,705cef57,
d0cf9800,705cef57,
af9ad634,705cef57,
f4502e81,acb70733,
52d37d26,acb70733,
d80f42f1,acb70733,
c599861a,d50d34de,ef83fe54
42ff0fd2,b9ce04a0,
0f3eb1c5,b9ce04a0,
cb01e141,b9ce04a0,
3b05764d,b9ce04a0,
07ec27ef,b9ce04a0,
c2a1d61b,b9ce04a0,
d1acf05b,b9ce04a0,
064fd407,b9ce04a0,
a3414b62,b9ce04a0,
8ca1ed89,b9ce04a0,
bf3f6260,b9ce04a0,
00c69dc5,b9ce04a0,
d0e2d271,b9ce04a0,
a97b3e0e,b9ce04a0,
9b48866e,b9ce04a0,
5cb56e84,b9ce04a0,
fc0d602e,b9ce04a0,
b08eab45,b9ce04a0,
a7b62e98,b9ce04a0,
9bcf1c6e,b9ce04a0,
8f33344f,b9ce04a0,
9e90e02e,b9ce04a0,
5b12b0f2,b9ce04a0,
057ddf57,b9ce04a0,
86bd27b0,b9ce04a0,
d566467b,b9ce04a0,
b7d97a2d,b9ce04a0,
68a9ff67,b9ce04a0,
e072ea67,b9ce04a0,
820451b0,b9ce04a0,
625afe02,b9ce04a0,
dbe6a934,b9ce04a0,
578b5434,ee1aa234,b1f59b8e
9a5c80d5,ee1aa234,b1f59b8e
61128d65,f5e8428a,
29b007f2,f5e8428a,
62cc1de0,bcd868ad,cab9715f
5d9916ac,bcd868ad,cab9715f
6bfa577e,d50d34de,ef83fe54
a3b766c4,d50d34de,ef83fe54
f702bfa3,d50d34de,ef83fe54
cc802765,d50d34de,ef83fe54
dc942158,d50d34de,ef83fe54
95244947,739a1ff3,cbc6d1b5
ef55f264,739a1ff3,cbc6d1b5
f6a08ee6,d43f4b7a,
59b95f3f,d43f4b7a,
887214fe,a034f9b9,e39dd390
c46455b4,a034f9b9,e39dd390
13839e4d,a034f9b9,1217246f
9fa981a1,a034f9b9,1217246f
7344505b,a034f9b9,e39dd390
2c1ab4bd,a034f9b9,e39dd390
c0b93eec,a034f9b9,e39dd390
1e97d608,a034f9b9,e39dd390
a01cc65a,a034f9b9,e39dd390
a1e6684d,a034f9b9,e39dd390
e4fda2e7,a034f9b9,e39dd390
42e402f5,a034f9b9,e39dd390
b0587ec0,a034f9b9,e39dd390
64ac023a,a034f9b9,e39dd390
35eea322,a034f9b9,e39dd390
c084989b,34f32fec,
54fa59f5,dcedccdc,
321b375f,dcedccdc,
7d6e87e0,3fbb2d10,
cd05d07f,18e8d79f,4f144c5e
330de757,45bf1375,
1f6c8110,9a5bf4ab,765f2e51
474a6f0f,96b52070,
36fb92ae,ec102dcb,
45bf1c75,512d0065,
3693bc35,895aaac6,e023da13
9c214490,895aaac6,e023da13
9dee3166,6bcdc43c,f92090f2
0524cec4,514bd757,
6bf48783,d0e3c816,ee28ec53
71be06c7,d0e3c816,ee28ec53
fa5583a1,d0e3c816,ee28ec53
61a24e1a,a4060601,c43a8067
01243aea,d0e3c816,ee28ec53
187bf398,07f691f0,
b0c8a27c,18d24979,
b97e681a,18d24979,
b0b551d7,ddcda6b6,
40a17b67,962bf7b0,d238631d
c0f6a00f,962bf7b0,2e84d32a
77aa7967,6618e1f2,2267cfe5
8d7c9ec4,6618e1f2,2267cfe5
8b7c5c22,6618e1f2,2267cfe5
668be1c4,6618e1f2,2267cfe5
43c7413d,faa09aba,eab01e9e
1fe2cb32,cfed6547,
5588f586,b2357004,5b75cbd5
fd084501,8bdc8c67,
419c5059,8bdc8c67,
185f63ee,05bed21d,
2f6d74c6,b2357004,5b75cbd5
b5737448,cd090c35,
626a830d,cd090c35,
8ac3dd11,cd090c35,
58fc72a1,0b48b905,56ac72a2
481fa8dc,8d0fa685,
adb06e87,0b48b905,56ac72a2
322980ac,0b48b905,56ac72a2
2af2a4a8,0010b98c,
09c2f94c,6b4fbd66,e96da047
6f4d3c7c,1b91fdb6,23da6a79
156dbe30,1b91fdb6,23da6a79
9b7c0474,1b91fdb6,788313f9
f6b6392d,1b91fdb6,788313f9
6e35d20d,1b91fdb6,96e7a138
ec37eaec,1b91fdb6,788313f9
baf87c5f,1b91fdb6,788313f9
e2e8fa9d,1b91fdb6,788313f9
b98b3f73,1b91fdb6,788313f9
4d00d317,1b91fdb6,788313f9
24747ab8,cd090c35,
5e8ac870,847fc491,d6036f8a
402c9292,847fc491,d6036f8a
2fed09ed,351f5077,
db63e76c,5c07dfc8,121eb158
0d3d58f3,5c07dfc8,121eb158
2450b1a4,5c07dfc8,121eb158
f0a62b8a,B02282022103451_Dup1_R,462a7bbb
833083f0,a4060601,fe5ae45c
e70d05d0,8d0fa685,
6d925c87,8d0fa685,
04f1311d,8d0fa685,
78a630fc,8d0fa685,
ec2958b6,8d0fa685,
652b6731,8d0fa685,
51f27657,8d0fa685,
4795dbaf,8d0fa685,
3591cba8,8d0fa685,
c6838162,8d0fa685,
bf3205d7,8d0fa685,
be3a2e43,8d0fa685,
291dfd85,8d0fa685,
1420c664,8d0fa685,
b6375b1c,8d0fa685,
fad8d42f,8d0fa685,
71404525,8d0fa685,
2d7dae10,8d0fa685,
f91acc88,8d0fa685,
cebfabd8,8d0fa685,
386e9bb2,8d0fa685,
3d887245,8d0fa685,
27080ad0,8d0fa685,
e7530c7f,8d0fa685,
aecdefd5,8d0fa685,
28e3569b,8d0fa685,
7ac53279,8d0fa685,
1c71ba25,8d0fa685,
0fd9dc7e,8d0fa685,
1ce5ebb1,8d0fa685,
b84fb5a6,8d0fa685,
fe4aa28a,8d0fa685,
ae519a88,8d0fa685,
40857dfb,8d0fa685,
23da6721,8d0fa685,
825f70d1,8d0fa685,
f4da8a9a,8d0fa685,
5960bb89,8d0fa685,
185b009b,8d0fa685,
993b117c,8d0fa685,
0e0d8645,8d0fa685,
16148f6f,351f5077_R,c2c0e12b
1d28fca4,7ccefaea,
d70f4bb8,7ccefaea,
d483810b,7ccefaea,
c75501ba,7ccefaea,
eed49617,7ccefaea,
7BEB337C,f49630b9,
1E5D292D,f49630b9,
3835A802,f49630b9,
2101244C,f49630b9,
467F052C,1bde44e2,b89c6b70
a9032d45,a797a04a,cacef71c
2B607CF0,1bde44e2,b89c6b70
149B8959,8d0fa685,
C51DABF1,78ed0f5c,c7b2e752
9D10F1C2,7129f6ed,
5CCB6303,7129f6ed,
E2A75B3D,7129f6ed,
46D98334,7129f6ed,
CAC2D43F,7129f6ed,
54F3AC84,7129f6ed,
C624BB05,7129f6ed,
1224B132,7129f6ed,
CF8D4737,7129f6ed,
6093A863,7129f6ed,
D7F248A0,7129f6ed,
0CDBB0C7,7129f6ed,
5B1A3548,7129f6ed,
F907AD27,7129f6ed,
5B44DE6F,7129f6ed,
FA7EF4E4,7129f6ed,
6DA2C04B,7129f6ed,
3BFDA604,7129f6ed,
B2ACE66A,7129f6ed,
CAD91302,7129f6ed,
8F0DE410,7129f6ed,
012D9E0C,7129f6ed,
252EA19A,7129f6ed,
28444C29,7129f6ed,
605C54B9,7129f6ed,
C1CE2DF9,7129f6ed,
426F0E94,7129f6ed,
26A484C8,7129f6ed,
4D8E29AC,7129f6ed,
3ECEEF06,7129f6ed,
AD8EC23F,7129f6ed,
512492B6,7129f6ed,
5E14468A,7129f6ed,
6D2A25DC,7129f6ed,
49616187,7129f6ed,
CD677B56,7129f6ed,
DC38D812,7129f6ed,
C2FB8539,7129f6ed,
35EB8358,7129f6ed,
60C7EC6A,7129f6ed,
49D79028,7129f6ed,
A4FDFC30,7129f6ed,
5EE038DD,7129f6ed,
AE8708CC,7129f6ed,
91A917FE,7129f6ed,
02F47E65,7129f6ed,
551B6C51,7129f6ed,
6BC8E882,7129f6ed,
9F8F87F9,7129f6ed,
9A8C61A9,7129f6ed,
6A0B53BD,7129f6ed,
BEA79899,7129f6ed,
51D591B3,7129f6ed,
10CFD999,7129f6ed,
1C20A468,7129f6ed,
EE37054B,7129f6ed,
EB2DB32A,7129f6ed,
7791CA82,7129f6ed,
F95B6E28,7129f6ed,
1C826E10,7129f6ed,
8767D8D7,7129f6ed,
F93B3058,7129f6ed,
AC8E2CEA,7129f6ed,
2B3BBB7B,7129f6ed,
0562DD58,7129f6ed,
8CB95C08,7129f6ed,
6197AD1C,7129f6ed,
B6CDE718,7129f6ed,
BC965A96,7129f6ed,
20468A3D,7129f6ed,
E73F328C,7129f6ed,
7C245FA5,7129f6ed,
7232EE8E,7129f6ed,
D04A8CC8,7129f6ed,
D911AA66,7129f6ed,
CA144184,7129f6ed,
F4EC7737,7129f6ed,
FD7D0D81,7129f6ed,
CB179EB8,7129f6ed,
360A7EFB,7129f6ed,
C008B848,7129f6ed,
92228F39,7129f6ed,
5F803BB6,7129f6ed,
6DD24525,7129f6ed,
38814F6D,7129f6ed,
620035BE,7129f6ed,
2FC54E6B,7129f6ed,
C44D1C2B,7129f6ed,
88F8ECAD,7129f6ed,
BAF42326,7129f6ed,
B8DFADA3,7129f6ed,
1FF6AF9E,7129f6ed,
5F028F84,7129f6ed,
38ADD5A0,7129f6ed,
4C7EE634,7129f6ed,
CA1FD324,7129f6ed,
330FBCD0,7129f6ed,
5E5F129E,7129f6ed,
1AC5EF23,7129f6ed,
8CFC60B1,7129f6ed,
64F6CCB4,7129f6ed,
D98FE025,7129f6ed,
8A865C0D,7129f6ed,
7F458F6D,7129f6ed,
BA66D446,7129f6ed,
DE8935C2,7129f6ed,
C76803F0,7129f6ed,
BB1523DB,7129f6ed,
3135D327,7129f6ed,
8BE98E2F,7129f6ed,
F5F801EC,7129f6ed,
232BD24D,7129f6ed,
8C7B85FE,7129f6ed,
1420A5DB,7129f6ed,
D850CB91,7129f6ed,
18FDE1D1,7129f6ed,
ABEA7B38,7129f6ed,
7DEF6674,7129f6ed,
E921451F,7129f6ed,
1955F200,7129f6ed,
ECF65202,7129f6ed,
86CBB725,7129f6ed,
67761F44,7129f6ed,
6B5B472A,7129f6ed,
70F85FEC,7129f6ed,
4F9422B2,7129f6ed,
35A0E69C,7129f6ed,
AAEA0FA4,7129f6ed,
FA2B6FB0,7129f6ed,
54D76F2F,7129f6ed,
4B387D1F,7129f6ed,
22E81A5A,7129f6ed,
B6740D8E,7129f6ed,
9528472A,7129f6ed,
ADEE5E90,7129f6ed,
0E33455A,7129f6ed,
B5B2DA50,7129f6ed,
1D6C62FB,7129f6ed,
7C86115F,7129f6ed,
9BF135ED,7129f6ed,
5EF619F6,7129f6ed,
625057CC,7129f6ed,
DCF4F605,7129f6ed,
1EEF15C3,7129f6ed,
37518FAC,7129f6ed,
8F1F4249,7129f6ed,
27CAEB98,7129f6ed,
8D088860,7129f6ed,
DB47A05A,7129f6ed,
C3B41E3F,7129f6ed,
C787B00B,7129f6ed,
E6F23C25,7129f6ed,
506E25FD,7129f6ed,
2362E7A6,7129f6ed,
603BC46C,7129f6ed,
3516C6DB,7129f6ed,
88B6BCF2,7129f6ed,
8B062273,7129f6ed,
F8341B38,7129f6ed,
9A552F33,7129f6ed,
FF767445,7129f6ed,
58443C87,7129f6ed,
7A2C0F9F,7129f6ed,
B1DB418F,7129f6ed,
5DA2D6E0,7129f6ed,
2168F9F2,7129f6ed,
495D8A01,7129f6ed,
9EC7D67C,7129f6ed,
29F3310E,7129f6ed,
11D923EE,7129f6ed,
23A7790E,7129f6ed,
646D92F5,7129f6ed,
95888DFB,7129f6ed,
A28A9D86,7129f6ed,
62072710,7129f6ed,
9074BCF4,7129f6ed,
83F84755,7129f6ed,
B2547D05,7129f6ed,
1071BE83,7129f6ed,
6C0E2A0D,7129f6ed,
EB2419E3,7129f6ed,
B8FC4970,7129f6ed,
A12C1CBA,7129f6ed,
DED820BF,7129f6ed,
CBB0F744,7129f6ed,
549EB6B7,7129f6ed,
CDEB3233,7129f6ed,
C51299D1,7129f6ed,
52A7B884,7129f6ed,
EF6AFD94,7129f6ed,
494AFEF5,7129f6ed,
8E64677C,7129f6ed,
5A29BCD9,7129f6ed,
76554F63,7129f6ed,
8CFE766F,7129f6ed,
3F90562C,7129f6ed,
E89B15CE,7129f6ed,
1E9CA3E4,7129f6ed,
086B0493,7129f6ed,
636C27B7,7129f6ed,
12306BDE,7129f6ed,
22A9356A,7129f6ed,
22CA9EAC,7129f6ed,
23F95921,7129f6ed,
88847403,7129f6ed,
D19283A7,7129f6ed,
50A6FF99,7129f6ed,
62EB12AA,7129f6ed,
2A7B5F33,7129f6ed,
670B9C15,7129f6ed,
C8C26D2D,7129f6ed,
4C7ADB31,7129f6ed,
591F77AB,7129f6ed,
D571C0F0,7129f6ed,
BCAF775A,7129f6ed,
A694014D,7129f6ed,
462CD48D,7129f6ed,
C5AF058B,7129f6ed,
4AEFECBF,7129f6ed,
D3474511,7129f6ed,
3BEDB7DE,7129f6ed,
6DB00F2A,7129f6ed,
72877E2B,7129f6ed,
87BCE311,7129f6ed,
FF721A4E,7129f6ed,
F77F1C58,7129f6ed,
7CF4E56A,7badda25,
1F496A7B,7badda25,
79775362,7badda25,
206F5AC8,7badda25,
D2389EC9,7badda25,
4C655F81,7badda25,
81D59856,7badda25,
A786C5A4,7badda25,
057CA925,7badda25,
3A053A2B,7badda25,
83AADA33,7badda25,
E171AEFB,7badda25,
B739B481,7badda25,
0BBB6D62,7badda25,
D005BA08,7badda25,
B124A428,7badda25,
E5721714,7badda25,
6FBBAB33,7badda25,
28CD0BEF,7badda25,
19CB4A73,7badda25,
6E1AF7E2,7badda25,
C37C9716,7badda25,
D9507523,7badda25,
71A58899,7badda25,
546DD137,7badda25,
0D85D6F1,7badda25,
FCB0C4CF,7badda25,
02C28C8C,7badda25,
EDB2ED8D,7badda25,
C7BB4211,7badda25,
DB12623B,7badda25,
81DD80EA,7badda25,
6AE5AE11,7badda25,
0A0EF0E4,7badda25,
BD02B9E8,7badda25,
17DE70EC,7badda25,
3ED5BBB7,7badda25,
F5AD17AA,7badda25,
7CA80EA2,7badda25,
D626705D,7badda25,
E2273F0A,7badda25,
F0A73EB6,7badda25,
A20F880A,78ed0f5c,c7b2e752
E7AE4944,a50b6669,de56be03
94075F0C,a50b6669,534db6f2
4A715A15,a50b6669,534db6f2
C1D2E833,a50b6669,534db6f2
ADA2CA7D,1dbf2fb9,8efbde0e
5D1B600C,1dbf2fb9,db77d5f0
053644FA,1dbf2fb9,da8d0835
4E6AD960,1dbf2fb9,da8d0835
C12C802E,1dbf2fb9,da8d0835
B54F65FA,1dbf2fb9,da8d0835
B63653C8,1dbf2fb9,da8d0835
BB0A03C5,1dbf2fb9,da8d0835
082C4EB0,1dbf2fb9,8efbde0e
70A1E73D,1dbf2fb9,8efbde0e
FF9C1B71,1dbf2fb9,8efbde0e
E2E94F35,1dbf2fb9,8efbde0e
73A434C1,1dbf2fb9,da8d0835
EF22C000,1dbf2fb9,da8d0835
8F10FF6F,1dbf2fb9,db77d5f0
494DD0CA,1dbf2fb9,8efbde0e
471EE1AC,1dbf2fb9,3a476d59
176DA2E8,adb62f39,
5BAB47A6,adb62f39,
DACD6B13,adb62f39,
3CDE03D7,bccddb43,1c6116c7
4C565C46,bccddb43,1c6116c7
A4232DCB,bccddb43,1c6116c7
A32B8DB2,bccddb43,1c6116c7
C3DD43FD,bccddb43,c68882cb
3DF9144B,bccddb43,1c6116c7
9774C402,bccddb43,1c6116c7
4770756B,1dbf2fb9,8efbde0e
40E8C27A,18be8425,d651c922
B654B66D,18be8425,d651c922
28683BF1,18be8425,d651c922
3DC73252,18be8425,d651c922
7600A971,18be8425,d651c922
E19B35F3,18be8425,d651c922
1DA82F82,18be8425,d651c922
C020E900,18be8425,d651c922
AE752633,18be8425,d651c922
B8D322D9,18be8425,d651c922
639926B2,18be8425,d651c922
64361D4D,847fc491,d6036f8a
AD0EB4BA,847fc491,d6036f8a
CB931752,d3e9f5f6,
DBF8CABB,d3e9f5f6,
690CFE0B,d3e9f5f6,
2779F9D7,d3e9f5f6,
2A5FC170,d3e9f5f6,
85E1CA15,d3e9f5f6,
D3BD7928,d3e9f5f6,
839BF901,d3e9f5f6,
76088CA4,d3e9f5f6,
2F91224B,d3e9f5f6,
C65932B5,9c28999f,
2C298117,9c28999f,
ED61E5C1,9c28999f,
E7732530,9c28999f,
bdfbbdef,d3e9f5f6_R,00c9c14a
17ca7b44,d3e9f5f6_R,00c9c14a
457a0d59,d3e9f5f6_R,00c9c14a
41d44db9,d3e9f5f6_R,00c9c14a
d39cbd35,d3e9f5f6_R,00c9c14a
7bfa9800,d3e9f5f6_R,00c9c14a
5EFE2CDE,9c28999f,
E39B1E76,9c28999f,
8099B594,9c28999f,
85CCB384,9c28999f,
A7DA150A,63c6cb4e,e39efaa8
FA0F4C38,f32c7b75,514478a7
1EE7139E,f32c7b75,514478a7
D69B8D9C,7185dba3,48dea67d
0AAE1DF1,63c6cb4e,68d3e4ba
947a5b7b,f5e8428a_R,3a17f7ae
5F5A6721,1f6b1613,48db8d19
B0DCF4B1,1f6b1613,48db8d19
04F0D3A7,1f6b1613,9f763b14
EF20E506,1f6b1613,0bd3d3ea
85237179,1f6b1613,9f763b14
B21E908B,1f6b1613,9f763b14
9F5A57BE,1f6b1613,48db8d19
62D8E8AE,1f6b1613,0bd3d3ea
5B8AFD88,0c937702,13620d1c
ACA0B267,0c937702,13620d1c
B43AA2A3,0c937702,13620d1c
20AB7524,de92cdf4,
A9019D7D,1f6b1613,48db8d19
C777927C,de92cdf4,
3209D51F,08425ee1,11c3e051
C7ADBF43,08425ee1,11c3e051
459FC6F0,8fcaa2ad,
4998AB85,8fcaa2ad,
878F7E75,1f6b1613,9f763b14
7F6FBFAA,8fcaa2ad,
5D620E42,ccac6ee0,828862ea
5E81E5BC,ccac6ee0,828862ea
26B95313,ccac6ee0,828862ea
CAF028CE,ccac6ee0,828862ea
4FDED7DE,ccac6ee0,828862ea
B22DB139,ccac6ee0,828862ea
06FB21CB,ccac6ee0,828862ea
35477302,ccac6ee0,828862ea
59EF9420,ccac6ee0,828862ea
DBA98B13,ccac6ee0,828862ea
2D271DA6,ccac6ee0,828862ea
179B5158,ccac6ee0,828862ea
E8CC2D20,ccac6ee0,828862ea
155CA699,ccac6ee0,828862ea
37B0BB6A,ccac6ee0,828862ea
6167D24C,ccac6ee0,828862ea
E1839EC7,ccac6ee0,828862ea
7A25A6D4,ccac6ee0,828862ea
2369C06B,ccac6ee0,828862ea
CF842F44,ccac6ee0,828862ea
B59BE85E,ccac6ee0,828862ea
9B009059,ccac6ee0,828862ea
EDCBC37D,ccac6ee0,828862ea
9B7F1A4B,ccac6ee0,828862ea
AF1CDBB4,ccac6ee0,828862ea
675D043E,ccac6ee0,828862ea
54498158,ccac6ee0,828862ea
C0108EB9,ccac6ee0,828862ea
79502D35,ccac6ee0,828862ea
27FB0292,ccac6ee0,828862ea
2C0969CE,ccac6ee0,828862ea
CF902D3F,ccac6ee0,828862ea
0BF7FE5F,ccac6ee0,828862ea
C728401A,ccac6ee0,828862ea
7C43E916,ccac6ee0,828862ea
8CCCF919,ccac6ee0,828862ea
D3A9D7D5,ccac6ee0,828862ea
F09B8D56,ccac6ee0,828862ea
5178EC23,ccac6ee0,828862ea
6F0F478E,ccac6ee0,828862ea
7A36178B,a4e7f7de,7b342d08
ED0B3BDF,a4e7f7de,7b342d08
0E58D7E3,a4e7f7de,3696ef56
D936A63B,a4e7f7de,3696ef56
E4A7572D,a4e7f7de,3696ef56
E1546B8E,a4e7f7de,3696ef56
6AF8BFF5,a4e7f7de,3696ef56
B0BECE03,908421c6,
98D6DF9F,2df480b6,
14B4B172,26589a06,4282067a
EAECF682,26589a06,4282067a
B51EB91A,26589a06,4282067a
449DBED5,26589a06,ece73cba
51696DC5,394a555d,584f5c23
28456117,26589a06,4282067a
214F59FB,26589a06,4282067a
86CFB298,ab31dd6b,
9B37F855,26589a06,ece73cba
79497F8F,26589a06,4282067a
302A9AFF,5419a556,
173BF823,89cf2ec3,
69814CC2,26589a06,ece73cba
7B26A0C8,26589a06,ece73cba
1507D4B0,1f6b1613,9f763b14
F9A93302,1f6b1613,9f763b14
F5D1BF3F,1f6b1613,9f763b14
3F1C4C17,7fb472c5,820fbc67
81D6C83E,7fb472c5,820fbc67
92E05C7C,7fb472c5,820fbc67
FD0AE9B9,7fb472c5,820fbc67
579558C8,c5814ca1,
B9ADBA87,c5814ca1,
75D37A4D,c412d718,ee29d40d
8DED58F1,33ccbeec,16f73078
EE55A7A3,ccac6ee0,828862ea
8F508682,ccac6ee0,828862ea
21BF018C,27bec2da,
85351FA3,27bec2da,
3258DEB9,27bec2da,
3585FAFD,27bec2da,
140C7E99,b6b9a4b0,
63D4440D,27bec2da,
AB2BDABF,394a555d,bcef5ee8
A6FA44CB,27bec2da,
3E3E8786,27bec2da,
8D9D7DC4,27bec2da,
4E8AFA02,27bec2da,
E80840BB,27bec2da,
6BA8C870,27bec2da,
6446A5D0,b6b9a4b0,
DE43326F,b4b2e9a9,ccbd8348
5D5C2CD8,b4b2e9a9,ccbd8348
BF577D5D,b4b2e9a9,ccbd8348
0CD1F6E0,5eae73fd,a8f1114d
7ECAE734,27bec2da,
5ED1C6CA,27bec2da,
BCB311E9,27bec2da,
EA56D9BF,27bec2da,
49F1B28B,27bec2da,
6236A82E,27bec2da,
A95D9073,27bec2da,
7204461A,27bec2da,
D4F9A7FF,27bec2da,
C08F867B,27bec2da,
AA01FE30,27bec2da,
C04DAD3A,46876347,a8816b66
BEFF66A8,46876347,a8816b66
71DD5C42,46876347,df83a09b
267E478B,46876347,df83a09b
8B9EBDA6,46876347,df83a09b
DB300473,7185dba3,48dea67d
C13BBEAB,7185dba3,48dea67d
AA1BD207,26589a06,7c1cb4c3
8E46DEB8,26589a06,7c1cb4c3
246EF47A,26589a06,7c1cb4c3
FF365778,26589a06,9aaa9af6
48DC231E,26589a06,9aaa9af6
0E43EBDB,26589a06,9aaa9af6
0A80CAE6,1d5a56a1,8c976b6b
D8B4FB39,1d5a56a1,8c976b6b
D74882C2,1d5a56a1,8c976b6b
D4981318,1d5a56a1,0fbed9b3
B664AAD6,1d5a56a1,8c976b6b
B2B46881,1d5a56a1,8c976b6b
879C5867,1d5a56a1,8c976b6b
8FDF5A7C,1d5a56a1,8c976b6b
C544EE3F,1d5a56a1,8c976b6b
087FDCD2,21be263f,cefb141d
490EAC06,21be263f,cefb141d
5750F89B,21be263f,7714e08b
9B1AA4D0,21be263f,cefb141d
D7A6AE10,21be263f,cefb141d
40C543A6,21be263f,cefb141d
4D6A90F3,21be263f,cefb141d
BA7D1392,b78273d0,4f2e94d5
FF22DEB2,b78273d0,4f2e94d5
0EDC53FA,b78273d0,4f2e94d5
2A385821,21be263f,7170b436
BAFE7C5C,21be263f,7170b436
7E899CAA,21be263f,cefb141d
89411C74,21be263f,cefb141d
87970362,21be263f,cefb141d
BF8D869B,21be263f,cefb141d
90CCCF86,21be263f,cefb141d
F68B7B92,21be263f,cefb141d
D99B43CF,21be263f,cefb141d
A6C82D51,21be263f,cefb141d
98B3C659,21be263f,0cafdc79
ECDBEA31,21be263f,7170b436
00938DDC,21be263f,cefb141d
59622659,21be263f,cefb141d
0059235A,21be263f,cefb141d
F27A6015,21be263f,7170b436
7E42B323,21be263f,cefb141d
5AB256EF,21be263f,cefb141d
2DB63FA1,21be263f,cefb141d
B44567CD,21be263f,7170b436
98A248AE,21be263f,0cafdc79
07F9090F,cfd5e2df,
8ED7B9A2,cfd5e2df,
A75F3561,7ce2d1d0,60c42331
E84091C3,7ce2d1d0,60c42331
7763ED05,3b321211,
DC7EDA82,748265ee,33fa5e8f
B481EAD2,89cf2ec3,
66925E2B,2a2a9dbb,
61723364,3595f5a0,
30521D74,3595f5a0,
70C92104,3595f5a0,
55A32E52,3595f5a0,
29A9EBC8,3595f5a0,
27F13A3A,3595f5a0,
5B259BB6,3595f5a0,
4A27F397,3595f5a0,
87F55ECE,3595f5a0,
05516A62,3595f5a0,
414C3262,3595f5a0,
059FC17C,3595f5a0,
2C2649B1,3595f5a0,
E8EB2434,2eee2bc0,
621731CA,27bec2da_R,
C93FC1BE,27bec2da_R,
ACD217D6,27bec2da_R,
21490E8B,27bec2da_R,
8BC29382,27bec2da_R,
6CB6D6BC,27bec2da_R,
F1FD4C7F,27bec2da_R,
BB2DE1B1,27bec2da_R,
8AD98B68,27bec2da_R,
A8B7AD09,27bec2da_R,
6ABEFE00,27bec2da_R,
708F8834,27bec2da_R,
5F959A0B,27bec2da_R,
4A1DA6D8,27bec2da_R,
5C6CAFDC,27bec2da_R,
58A4BFE1,27bec2da_R,
4EDA2399,27bec2da_R,
C3C1746B,27bec2da_R,
A0E385D4,27bec2da_R,
1BA04C5C,27bec2da_R,
41E9F9DE,27bec2da_R,
C91BAC63,27bec2da_R,
97B4949E,27bec2da_R,
8C80AD1B,27bec2da_R,
12342BAC,27bec2da_R,
32B940D3,27bec2da_R,
034DEF9F,27bec2da_R,
0C9214E1,45bf1375_R,
C0EC33D2,45bf1375_R,
8CA42D3E,aac4dbe3,98a94226
8D0F82F2,45bf1375_R,
FCC20D60,45bf1375_R,
91431876,45bf1375_R,
10137D97,45bf1375_R,
3F64B513,45bf1375_R,
0B450193,58142148,
EE8F9E1F,aac4dbe3,dc7b4e85
C8D61F7B,aac4dbe3,dc7b4e85
4A4A2D28,aac4dbe3,dc7b4e85
DB7A29D7,383a93c0,
7701A429,523b3d3b,9b7bde6e
262A34EA,523b3d3b,9b7bde6e
DA0FF0D4,3595f5a0,
3E4DF8B2,70a19783,
B6B93E51,31108095,
5D2F6B5F,27bec2da_R,
1AA3C00B,d52f89fc,fbd8e99a
86063389,d52f89fc,23a68a52
6A16BB9A,d52f89fc,f0a6f9d0
97CA0517,d52f89fc,23a68a52
0F67E6DC,d52f89fc,23a68a52
0C1B7AE9,d52f89fc,23a68a52
ADB5F0B1,d52f89fc,23a68a52
DB828B18,d52f89fc,f0a6f9d0
62AD5803,d52f89fc,f0a6f9d0
50C871B1,d52f89fc,f0a6f9d0
5184FBED,d52f89fc,a0ba2227
35675FA0,21be263f,0cafdc79
E66DE016,21be263f,0cafdc79
804D2B55,21be263f,0cafdc79
9A3839DA,d52f89fc,fbd8e99a
FCD1FCB4,d52f89fc,fbd8e99a
E69CC6D7,d52f89fc,fbd8e99a
53E1EA1F,3d6c6031,8077a6cc
69B9F5CC,be165c9f,21b7aad1
20B25803,be165c9f,abd2865a
5EB50676,be165c9f,abd2865a
8ABF2CF4,f96878fd,1be38f93
23BD6CE1,f96878fd,1be38f93
C7CCF238,f96878fd,1be38f93
E7059A3E,52564f46,cdc1928c
042A13D7,e6193561,
9363A2D4,e6193561,
CAA78008,e6193561,
5360B0C2,e6193561,
A2B256C1,e6193561,
C730F578,a1db0d92,
6751ECA5,a1db0d92,
BBBDC7EE,a1db0d92,
F29B5D6B,a1db0d92,
94892C22,a1db0d92,
72114B2B,39f64192,
CE56AFD1,39f64192,
26CA404E,0f110e7c,06cd100b
E91E521D,9f618be6,9863b89e
D5A6C0AB,b4a6fdb9,6a92def5
54EFA9DA,b4a6fdb9,6a92def5
5EF7FD6C,b4a6fdb9,6a92def5
8423B412,b4a6fdb9,6a92def5
2C0AEA9D,b4a6fdb9,6a92def5
2773D095,b4a6fdb9,6a92def5
39CF1D16,33ccbeec_R,35a5d6b7
4D0FD8F2,33ccbeec_R,35a5d6b7
CE1514FF,33ccbeec_R,f2b85350
8D5FB40A,33ccbeec_R,f2b85350
63B89E61,33ccbeec_R,b2abf2b9
F552FD1C,ea6b42a1,1ea08e46
94021FCD,ea6b42a1,1ea08e46
3865F034,ea6b42a1,1ea08e46
D35373B3,ea6b42a1,1ea08e46
69E5FADC,ea6b42a1,1ea08e46
4ED9153C,65dafec8,7f8dbf92
1AE1E160,65dafec8,a430fb1e
FFC8CBAE,f1aa063b,34f4582b
F6AE39D9,de83d774,ce28d2ba
C6A9B0F0,2a69697c,4957f190
294656BE,c3926c70,ea88b82c
1CA56853,65dafec8,a430fb1e
A56530A8,65dafec8,7f8dbf92
08C44C22,7f5c4ef8,bf30b217
6E21A036,7f5c4ef8,bf30b217
1CC5D81B,52564f46,b2683ad6
DDFD072A,52564f46,938505d7
FF9E4E38,52564f46,
CDD9C13D,52564f46,
1B57AE1B,52564f46,
AEA48CF6,48ad182e,
1FF850D8,c3926c70,34dde79b
46C576FB,e2e6bed7,
3A2739EA,e2e6bed7,
11E1E3FF,58f29aeb,e2c98c61
6D5F1776,fcc264b8,
8068BD23,fcc264b8,
630CFA85,0d481196,62cd98d7
6671EF7C,0d481196,3a87d13d
7ED54D1C,0d481196,3a87d13d
3BDAE8CE,e6b14339,
928A4ADE,8d9a56e0,1b43c43e
77916042,c124edf6,
08345ADC,c124edf6,
A628AF34,c124edf6,
8CEB2B1C,c124edf6,
452F056E,c124edf6,
FE9A328F,c124edf6,
45C4C7F9,c124edf6,
91CC4568,c124edf6,
57FD5683,c124edf6,
83BECC26,c124edf6,
FF97AB6B,c124edf6,
55E618A8,c124edf6,
55E3C34C,c124edf6,
364A9395,c124edf6,
D09185D8,c124edf6,
3CAF5042,c124edf6,
72CD5972,c124edf6,
E94742F6,c124edf6,
36A289BA,c124edf6,
FA97F676,c124edf6,
0A877FD9,c124edf6,
C3F36852,c124edf6,
2F7BFA31,c124edf6,
D7636CC0,c124edf6,
8FF51904,c124edf6,
C88D465C,c124edf6,
4D212EDE,c124edf6,
4899A463,3609df48,071ad6e0
E9D0EC4B,c124edf6,
C9C95903,c124edf6,
639EC53A,c124edf6,
A1F1C032,c124edf6,
E20CA82C,c124edf6,
7F0D3664,c124edf6,
5F3C3665,c124edf6,
BED6316C,c3926c70,34dde79b
E26B0779,c3926c70,34dde79b
43822898,3d6c6031,eae27e30
5E96121D,c3926c70,34dde79b
81BD0E20,c3926c70,34dde79b
548CD5EE,c3926c70,34dde79b
C78C2F21,c3926c70,34dde79b
7F50B251,c3926c70,34dde79b
00A0B702,c3926c70,f890d26c
67752DB1,c3926c70,f890d26c
E1337905,c3926c70,f890d26c
98A71E4A,c3926c70,f890d26c
23A69FC0,c3926c70,f890d26c
AC1174CB,c3926c70,ed1b824d
5448B40B,c3926c70,ed1b824d
974E6C88,c3926c70,f890d26c
3F745C0D,c3926c70,f890d26c
8F32A769,dcbf5c19_R,919a8d8d
A667F367,83afa8cb,f34ff78e
A2867657,fce3a781_R,ced59320
6D09451B,a1db0d92_R,993e5f27
9668C193,a1db0d92_R,993e5f27
E7E46F0F,a1db0d92_R,993e5f27
240A1903,a1db0d92_R,993e5f27
EECA5F22,a1db0d92_R,993e5f27
40AC92B5,a1db0d92_R,993e5f27
53A714BD,a1db0d92_R,993e5f27
44EDCDD1,a1db0d92_R,993e5f27
D553F0AF,0aa7f99c,bc72595e
9C9D3872,0aa7f99c,65986b20
BCF2A58D,0aa7f99c,601e74b4
53195329,27671765_R,d4293a21
CEF74480,b5d227e8,f982645b
22CD386A,7687370b,54e15de9
ED73A5A1,872cf9f8,23f1aeff
EC648216,7687370b,ab9e2e91
9F9705AE,2c24645e,950917b6
3AF1C5A3,2c24645e,950917b6
4B34A71F,2c24645e,950917b6
802F202C,8f0b9807,dab139d3
25F5BE1E,31e5e6f5,
0A0A7B9F,3fd4ad9d,
1D3181A7,27bec2da,
1F2F9B97,27bec2da_R,
09B463B0,1b4d6c93,
EEBA5D0A,1b4d6c93,
0534E6D8,1b4d6c93,
29CD9BEC,3c7878e9,00254d12
367F4A39,334b9d34,
41BCEFC0,334b9d34,
7D0A2497,334b9d34,
E771A400,334b9d34,
741FD324,334b9d34,
746A3578,334b9d34,
4F0BA892,334b9d34,
8DBF3FB7,334b9d34,
D5400C2B,334b9d34,
B1F9BE36,334b9d34,
5AEA8241,334b9d34,
FE0EDFD4,334b9d34,
2857DD32,334b9d34,
CAD5CCD5,334b9d34,
3C90E21F,334b9d34,
85930A6D,334b9d34,
51DAA58A,334b9d34,
C1665F4F,334b9d34,
55D726B4,334b9d34,
C309912E,334b9d34,
738011AD,334b9d34,
03874EDE,334b9d34,
7A7C4857,334b9d34,
C2F63015,334b9d34,
AA810203,334b9d34,
FF27CDA3,334b9d34,
F5570254,334b9d34,
8D34C753,334b9d34,
F88025D7,334b9d34,
85BB61B0,334b9d34,
DE5D275B,334b9d34,
4E44F95A,334b9d34,
26B574B5,334b9d34,
D3E66186,334b9d34,
F6273098,334b9d34,
943AD075,334b9d34,
D744CA58,334b9d34,
81F690D0,334b9d34,
9D1BE8AD,334b9d34,
BA981CA3,334b9d34,
55238ECD,334b9d34,
AC2265AB,334b9d34,
102C1EB3,334b9d34,
283EAE86,334b9d34,
BBCB347A,334b9d34,
42F323AD,334b9d34,
E792B9FA,334b9d34,
2AE46ECD,334b9d34,
1009FF58,334b9d34,
E5B90FF6,334b9d34,
9BB238DB,334b9d34,
F2FADFF8,334b9d34,
B863D801,334b9d34,
7966E3D0,334b9d34,
4A8D327D,334b9d34,
22941CC4,334b9d34,
7489A311,334b9d34,
46EB028A,334b9d34,
329256A4,334b9d34,
712E0D84,334b9d34,
0C819959,334b9d34,
6E4F8688,334b9d34,
DF392FFC,334b9d34,
047432A1,334b9d34,
9F9E1826,f869b386,6cd97517
B945C4A3,f869b386,6cd97517
5293BCF3,f869b386,6cd97517
827EE5A8,f869b386,6cd97517
4EFDF392,334b9d34,
CAC2985D,334b9d34,
B362EE82,334b9d34,
DF9B886F,334b9d34,
CA097DAB,e89cb5e4,8cb3f81b
92E5F041,ed677155,e4e703c2
221BCB1E,ed677155,e009e08a
16BC4BB4,75a03446,cd4a177d
1AB429EC,c791a2b0,f66d007f
B0B1D350,c791a2b0,f66d007f
AD473919,c791a2b0,f66d007f
224A77F3,c791a2b0,f66d007f
E4876A92,c791a2b0,f66d007f
AEA796DC,c791a2b0,f66d007f
BA64B247,c791a2b0,f66d007f
25484024,c791a2b0,f66d007f
D30D379A,c791a2b0,f66d007f
009D72A8,c124edf6,
D9376FEB,c124edf6,
18362DFD,c791a2b0,f66d007f
85449A80,c791a2b0,f66d007f
7A24A925,c124edf6,
CF5F4501,cfddc9e2,8530482f
ED9B3BC9,cfddc9e2,8530482f
F1F04151,81f9370e,91792b20
0055AE82,81f9370e,91792b20
122A8629,81f9370e,91792b20
8A847632,81f9370e,f3f8ad26
F4225600,81f9370e,91792b20
F718DB52,81f9370e,f3f8ad26
C938EE8E,81f9370e,0818991e
20BF0711,c124edf6,
C643EE9E,806a902e,
D3895B66,c124edf6,
632F6E3F,c124edf6,
1BB75488,c124edf6,
43B9D538,c124edf6,
0BC56CF3,c124edf6,
2AC0F331,c124edf6,
1EFC2800,c124edf6,
040A7934,334b9d34,
5FA5AC77,c124edf6,
9D6AADA4,334b9d34,
3B52A65E,334b9d34,
4737A982,334b9d34,
E9CB5D62,334b9d34,
AF3D0C27,334b9d34,
A70E8B7A,334b9d34,
148F9D5C,c124edf6,
5BCB8F38,c124edf6,
8F610188,c124edf6,
4A8F1EE3,c124edf6,
187117A9,c124edf6,
9538DF9A,c124edf6,
5964AEDB,3069f48c,
2A2A0998,c124edf6,
B6C3C178,5a371a5e,
47A82258,c124edf6,
DB0C9A1D,c124edf6,
D701F28B,5a371a5e,
E62BDD21,5a371a5e,
8AD5535E,c124edf6,
05F35DF8,334b9d34,
99157840,334b9d34,
B7D88808,3295ab82,
031FD92E,334b9d34,
47CD31FE,3295ab82,
A12C3ECF,3295ab82,
E0C41193,334b9d34,
23D9F327,961ef201,1424c106
57A40280,961ef201,1424c106
735DA6AF,961ef201,1424c106
B31A61DF,961ef201,1424c106
2D915FE6,961ef201,1424c106
89A2EBED,686962d2,6cab8fd8
0A34976E,686962d2,91d9415e
EB98B29D,cfddc9e2,c08d9714
F5E6CF96,961ef201,1424c106
176BC1DB,3fd4ad9d,
512917CD,fe3c7660,4970c75f
465365B3,ccfcd1bd,
5153ABF6,ccfcd1bd,
4381202D,ccfcd1bd,
E49DAF61,d5e031e4,
F9271943,37123441,
AF8D7039,37123441,
FBA58E45,37123441,
0214A159,3b4fe3b4,
4CE06097,3b4fe3b4,
CE8E90BD,3b4fe3b4,
9C62D30F,3b4fe3b4,
A04A423A,9bd7b05c,2c2fcc93
7A811A85,5b4a6ef3,
0BE17A46,da5bd3d3,6986da54
C1EA6014,033c13c2,a5d4e450
A8FC8AF6,033c13c2,a882ab3b
D5A4820A,73069adf,6cb10fa4
EBE24073,2386b27c,3796da98
15CCA45B,73069adf,9e3db72b
B6FEBC9B,d505ade2,d460b74d
007E115C,d505ade2,
4C373423,b8c74a18,
191D5D31,73069adf,bae02298
CF6FD6B4,4b454a96,
EF94367C,2386b27c,3796da98
0723F165,2386b27c,c70ae8f4
48799573,55d759f0,
1C3708D6,475363a1,64efeb85
7E9F2DDB,475363a1,64efeb85
80DEBDA9,475363a1,64efeb85
6AEEA763,475363a1,64efeb85
EE8012D9,3599fd49,
47D8E7FA,3599fd49,
7A11515E,7368c717,
098F51A2,3599fd49,
EAD12BFC,3599fd49,
C919D267,eeea7dd2,814936be
36B07601,3599fd49,
625CA414,3599fd49,
18732661,3599fd49,
B3DE3404,8b7d8989,0bfe5e02
5DD378A6,59b43f8b,
C6C159A5,8b7d8989,ce4e48cd
F4A24FEE,5182c3f1,
D5E9ADDA,8b7d8989,ce4e48cd
C7AFE34F,8b7d8989,ce4e48cd
18568CF0,8b7d8989,0bfe5e02
BB65B200,7368c717,
57FE1925,8b7d8989,0bfe5e02
861F0211,22f7cde9,a31c19f6
3F0DDBC2,22f7cde9,a31c19f6
EE295D24,22f7cde9,a31c19f6
178CDE37,22f7cde9,a31c19f6
63254C2B,22f7cde9,a31c19f6
C6FD1C69,22f7cde9,a31c19f6
315D003B,7241d3cc,
2B981936,1ee28760,3ab6cd4e
75F5B9E4,1ee28760,4b1c7ba3
B212326B,1ee28760,4b1c7ba3
933DB90C,1ee28760,e6bf5e1a
ED7677E2,1ee28760,3ab6cd4e
9BFCA107,1ee28760,e6bf5e1a
55D0D859,1ee28760,4b1c7ba3
2DC9DC29,31cdd497,1f37e440
2B67374F,31cdd497,9e8c7431
3C7F9DAD,31cdd497,1f37e440
2FD9F859,22f7cde9,a31c19f6
B8637F36,0f8f7960,b54f75d7
0694F784,d40aa5c4,
ACB42B31,d40aa5c4,
7571CCAD,d40aa5c4,
BBD07CB2,d40aa5c4,
32590645,3599fd49,
4FF82B3D,3599fd49,
8BBD30C4,22f7cde9,a31c19f6
0BAE5E24,155b6b1e,
8CE1A0E5,36d0aebc_R,f53104b6
43988CBC,36d0aebc_R,f53104b6
63F1AF00,36d0aebc_R,f53104b6
B0F15133,36d0aebc_R,f53104b6
5551722C,36d0aebc_R_R,bcc278d5
B0698D34,36d0aebc_R_R,bcc278d5
0381B517,36d0aebc_R_R,bcc278d5
BB5BEC9E,36d0aebc_R_R,bcc278d5
F008EEF9,22f7cde9,a31c19f6
0C4B0EEC,5443a051,8ae6a195
527B43FB,5443a051,8ae6a195
A79EEED6,5443a051,4a503506
0C7AFE8B,5443a051,4a503506
A375C67A,af6281e5,dc84dd51
DC0EA855,af6281e5,dc84dd51
DD268C9D,4276c2e8,
BDF1BEDF,e8954c8f,2a7c9140
6281FBA8,2f1c06f1,32610ac3
1CA2D508,2f1c06f1,32610ac3
FD2C8720,af6281e5,dc84dd51
DE8C32B5,59b89f66,5b081bf0
6DB529BD,49b5dd76,25162685
ECA5FC47,f8639056,8a4edecd
0EE68541,e8954c8f,28401c80
7D8010A1,9f53ed6e,4d9ee15c
14E2164C,0852f9a4,
3259A40B,0852f9a4,
7F72C7F2,0852f9a4,
B7264B88,833e7ff9,a51cacf6
44A38E59,833e7ff9,6b8e5483
8EED3546,833e7ff9,c8e8417f
8048C209,833e7ff9,a0f9eee7
43EBA28D,833e7ff9,a0f9eee7
5B56B965,833e7ff9,6b8e5483
23889BF4,70bbcbe3,00325cbf
540B2817,833e7ff9,a0f9eee7
20B6DF31,70bbcbe3,00325cbf
7E3E2628,833e7ff9,a51cacf6
80DBE555,833e7ff9,a51cacf6
6333FC63,833e7ff9,bdaf2023
CCBD3C8D,833e7ff9,bdaf2023
AC339EE1,833e7ff9,bdaf2023
8B9404A4,833e7ff9,be97aaee
026EAEBF,833e7ff9,a0f9eee7
5DE790FC,833e7ff9,bdaf2023
11053677,833e7ff9,bdaf2023
BC3DD689,833e7ff9,a0f9eee7
F64A5499,833e7ff9,ea49de23
5BCC0BAA,833e7ff9,a0f9eee7
8E1212FD,833e7ff9,a51cacf6
27C9E5F1,833e7ff9,a0f9eee7
2904C091,833e7ff9,a51cacf6
BE39C050,833e7ff9,a51cacf6
610C5C1F,833e7ff9,77fc3601
9102F27D,833e7ff9,40427e4c
321AC7D5,833e7ff9,a0f9eee7
8CEED101,5bee2bc5_R,bcb3e2fd
0F892668,833e7ff9,bdaf2023
73559ED7,833e7ff9,6b8e5483
2EE3D015,833e7ff9,bdaf2023
7A4CA626,833e7ff9,bdaf2023
BBF29261,833e7ff9,bdaf2023
475A60A7,fa9bc3a6,
AFD08F3C,471e365c,
735ACC4F,fc0501b6,6186506b
28C31525,aea370b4,456ac625
6B4C60C6,aea370b4,456ac625
D5D98661,aea370b4,456ac625
70B75827,aea370b4,456ac625
51D6B2A2,aea370b4,456ac625
023593CE,B02282022103451_Dup1_R_R,17db4dc4
0301C600,d2316e6e,922e94ae
4B345D67,d2316e6e,922e94ae
52823FFA,d2316e6e,922e94ae
7D376FBB,d2316e6e,922e94ae
6BA80A2C,d2316e6e,922e94ae
BE3179B0,d2316e6e,922e94ae
E3871E74,d2316e6e,922e94ae
5698EA1B,b4a6fdb9,e203647c
AEDDB357,ed0543ff,
0161BA44,c7b5f1e4,f06c428c
FCEF45B0,c7b5f1e4,f06c428c
96F242D1,62356467,94acee67
69A2B700,62356467,56a47bc9
7D47C02F,fc92eb96,447900b8
D1DE621A,ebfd93ca,
11424F0F,ebfd93ca,
8A3E4D33,816f5ee7,
1CCF0ED9,01b1c695,f9840afe
1127B719,01b1c695,f9840afe
0924FA41,01b1c695,f9840afe
A343FE03,01b1c695,f9840afe
990693DD,01b1c695,f9840afe
CC693C20,01b1c695,f9840afe
32B98015,01b1c695,f9840afe
9DCC4B3C,01b1c695,f9840afe
59A219EC,01b1c695,f9840afe
5BA31526,01b1c695,f9840afe
9BB626F9,01b1c695,f9840afe
BC77B355,01b1c695,f9840afe
53613401,01b1c695,f9840afe
B9FB8525,01b1c695,f9840afe
C804183F,01b1c695,f9840afe
F82EC22A,01b1c695,f9840afe
EBA1EAD4,01b1c695,f9840afe
207FD989,01b1c695,f9840afe
9BD757D5,01b1c695,f9840afe
7748AEE7,01b1c695,f9840afe
4B96343B,01b1c695,f9840afe
DED36A63,01b1c695,f9840afe
96901419,01b1c695,f9840afe
D993A4F3,01b1c695,f9840afe
FD178152,01b1c695,f9840afe
AD839248,01b1c695,f9840afe
A3F9AEE4,01b1c695,f9840afe
3BA98E1B,01b1c695,f9840afe
3412206F,01b1c695,f9840afe
0A2ABA0B,01b1c695,f9840afe
BD612464,01b1c695,f9840afe
F5A0FC7D,01b1c695,f9840afe
F086455C,01b1c695,f9840afe
1FC8E466,01b1c695,f9840afe
6201C438,01b1c695,f9840afe
93AE7DC9,01b1c695,f9840afe
5A11BB27,01b1c695,f9840afe
84AE71FC,01b1c695,f9840afe
73812A88,01b1c695,f9840afe
8D17C2D7,01b1c695,f9840afe
02D246F6,01b1c695,f9840afe
C2FB568F,01b1c695,f9840afe
4D1670DA,01b1c695,f9840afe
5A682B8E,01b1c695,f9840afe
1814959B,01b1c695,f9840afe
8F626767,01b1c695,f9840afe
FB5F0D37,01b1c695,f9840afe
B9B557A1,01b1c695,f9840afe
D5BFC03F,01b1c695,f9840afe
70925096,01b1c695,f9840afe
E210A9EB,01b1c695,f9840afe
E02CF544,01b1c695,f9840afe
8CF52769,01b1c695,f9840afe
610CA5B3,01b1c695,f9840afe
5F6562E9,01b1c695,f9840afe
9E50539C,01b1c695,f9840afe
F7EE07E9,01b1c695,f9840afe
DA2943E9,872330c3,
D1F12727,872330c3,
C1B95429,872330c3,
E3F9BD74,872330c3,
D952DE94,7386acc3_R,52c1a0e7
4984655E,7386acc3_R,52c1a0e7
1B9BC183,7386acc3_R,52c1a0e7
A53E1229,98c41dca,cda29de4
46F07F1F,98c41dca,cda29de4
4E2DBE19,b2c3dd71,
065C575D,49067cc3,8b510f98
7E437BC2,9e387ac2,
3E3408AD,9e387ac2,
D5B657B9,01b1c695,f9840afe
130C452A,4f85db51,4158c059
1AEFB9BF,7c7ac2ac,
18029319,e867e2d7,51e4414d
4D88FAF6,e867e2d7,51e4414d
CECCA126,e867e2d7,51e4414d
8A13456F,e867e2d7,51e4414d
D7020916,b23582ff,f54437ea
77D4676F,b23582ff,f54437ea
84E2A3B8,b23582ff,f54437ea
441D1B7F,3810bc6e,6ddc9319
F8013596,3810bc6e,6ddc9319
C468092E,3810bc6e,6ddc9319
2997BD83,3810bc6e,6ddc9319
54CAD763,ef17a79c,
456AF500,ef17a79c,
7AFAA5B5,19M56Q80J5_R,b778caa5
BC259711,ef17a79c,
DCC7406D,3810bc6e,6ddc9319
5917EE34,3810bc6e,6ddc9319
148998F3,3810bc6e,6ddc9319
02CD2832,3810bc6e,6ddc9319
75F34224,3810bc6e,6ddc9319
A1BBB42C,3810bc6e,6ddc9319
C9FF1EBE,3810bc6e,6ddc9319
CA504D15,3810bc6e,6ddc9319
9E81FF10,3810bc6e,6ddc9319
DDD976CB,3810bc6e,6ddc9319
758553D1,3810bc6e,6ddc9319
BAAF4F39,3810bc6e,6ddc9319
FEFD5784,3810bc6e,6ddc9319
05A1AE7C,3810bc6e,6ddc9319
5A4CA73B,3810bc6e,6ddc9319
6AA1FDE9,3810bc6e,6ddc9319
9DC4DD39,3810bc6e,6ddc9319
FF2C08B5,3810bc6e,6ddc9319
2609ACF0,3810bc6e,6ddc9319
59645209,3810bc6e,6ddc9319
E27CBD5E,3810bc6e,6ddc9319
B782424F,3810bc6e,6ddc9319
880CE0C7,3810bc6e,6ddc9319
0F992792,3810bc6e,6ddc9319
01081D69,3810bc6e,6ddc9319
4F3F3539,65a134ac,9e5e5050
190C8BE7,65a134ac,fb50ae4d
BF68B4C5,3810bc6e,6ddc9319
0FB1AB90,3810bc6e,6ddc9319
FCE983AB,3810bc6e,6ddc9319
939384BF,3810bc6e,6ddc9319
EFC74C5A,3810bc6e,6ddc9319
41A05B10,0d66d026,
37E2A466,95f0b0a9,
4C8E0422,3810bc6e,6ddc9319
E278F0CE,3810bc6e,6ddc9319
117CED03,3810bc6e,6ddc9319
0BFB99ED,3810bc6e,6ddc9319
6036AC26,3810bc6e,6ddc9319
DF1A4F91,3810bc6e,6ddc9319
028402D7,920112d5,
68FEC668,920112d5,
825FCB20,920112d5,
707833B9,920112d5,
B610900F,920112d5,
5B369A4D,920112d5,
40788467,920112d5,
9812F5FF,920112d5,
BC705906,920112d5,
601A388D,3c7878e9,00254d12
F1346983,961ef201,1424c106
D6DF1902,11068dc7,113d9b5a
FB8DE18C,3609df48_R,379dbd8f
2F421F40,01b1c695,f9840afe
E7D04EA5,01b1c695,f9840afe
20D2BB73,01b1c695,f9840afe
D0F0D69A,01b1c695,f9840afe
1F83F9B1,ac200498,
5C3EC62E,d06d8b6e,170fd251
CF0F56C2,1fef5c22,
CA6151E1,1fef5c22,
9A8EF039,1fef5c22,
6C968E3D,1fef5c22,
B0855D51,1fef5c22,
DE5784A9,1fef5c22,
48A9BB09,1fef5c22,
846A30AA,1fef5c22,
E017378B,1fef5c22,
1F26E70F,1fef5c22,
CDE60A67,1fef5c22,
8EFF0E8F,1fef5c22,
8C0EC342,920112d5,
38C299F9,920112d5,
AE6CFF3B,920112d5,
D153D271,920112d5,
1EFA4D19,6b511d9e,e800893a
5F2A4F47,6b511d9e,e800893a
671F2078,6b511d9e,e800893a
2F3224AC,6b511d9e,e800893a
6D8232B5,6b511d9e,e800893a
824A519F,6b511d9e,e800893a
7F57B2D5,6b511d9e,1ee0e7a0
60286052,c5ce1b73,127c823d
526F3BED,c5ce1b73,127c823d
6D51676D,c5ce1b73,127c823d
5DE5C72B,c5ce1b73,127c823d
2EAB3C19,c5ce1b73,127c823d
61E5F659,a7e844a9,9c93ea3b
D4BBC066,a7e844a9,9c93ea3b
B0B0480B,a7e844a9,9c93ea3b
BA76E8EC,79dd7a0d,
DF180AA0,78f1027d,17fb94f5
055039B4,rGV3hNVOn6_R,26cf9860
D812E1B1,5b34a221,ccf427d5
A9565B42,254983c6,7e7d3144
703BEEFF,254983c6,7e7d3144
255E701D,6c1c6fe4,
D4739824,4f85db51_R,7db27280
38D3F547,4f85db51_R_R,301a8a66
BFD3BE20,4f85db51_R_R,2a1c7203
431EDDDF,72f7acfa,434bd88d
27DC44AD,72f7acfa,434bd88d
AF76CACB,72f7acfa,0a499816
58125C17,72f7acfa,434bd88d
2575B43C,1fef5c22,
3810711F,254983c6,7e7d3144
12EF5412,254983c6,7e7d3144
E8A8D3C8,254983c6,7e7d3144
679047B5,72f7acfa,5782368e
4EDD70CD,fabca677,f39acb87
11D47FEE,fabca677,f39acb87
7B4FB764,fabca677,f39acb87
6A1649C5,0a356469,41723a8f
B1AF5B50,0a356469,41723a8f
40782094,0a356469,41723a8f
D5B9986F,57ace81b,259b1976
D18E56C5,57ace81b,259b1976
63BB5BA1,6dabff8e,0ed92aee
AEFA0037,6dabff8e,0ed92aee
DE0E128C,7dbaa0e5,39c903d4
DA0448CD,7dbaa0e5,39c903d4
D704FD12,7dbaa0e5,39c903d4
7055A589,7dbaa0e5,39c903d4
083DDE88,7dbaa0e5,39c903d4
3602DE8A,7dbaa0e5,39c903d4
F35C0E7E,7dbaa0e5,39c903d4
95790EC8,7dbaa0e5,39c903d4
9457941B,7dbaa0e5,39c903d4
728F2D9B,7dbaa0e5,39c903d4
E9179D14,7dbaa0e5,39c903d4
0AF3D4F4,7dbaa0e5,39c903d4
A64DF6DB,7dbaa0e5,39c903d4
601EA130,7dbaa0e5,39c903d4
C462566E,7dbaa0e5,39c903d4
26A55307,7dbaa0e5,4af717e5
7B323400,da213a76,e3a0c32d
9D3F22A1,332484c4,e67dbf3f
ACF4C76C,da213a76,e3a0c32d
F975B895,332484c4,e67dbf3f
159DD77C,da213a76,e3a0c32d
0E4A0421,332484c4,e67dbf3f
4E8ACDD7,da213a76,e3a0c32d
4DE81000,332484c4,e67dbf3f
1C41E143,da213a76,e3a0c32d
C90B5F7E,332484c4,e67dbf3f
3C4E15DE,332484c4,e67dbf3f
A3C48A9B,332484c4,e67dbf3f
41DCDCBF,da213a76,e3a0c32d
3E4E4929,da213a76,e3a0c32d
BA361096,da213a76,e3a0c32d
2A40F905,da213a76,e3a0c32d
DE6CB1F3,da213a76,e3a0c32d
D75B0B21,da213a76,e3a0c32d
17977BE1,da213a76,e3a0c32d
8F385B05,da213a76,e3a0c32d
A17DB92F,da213a76,e3a0c32d
EFE7E181,da213a76,e3a0c32d
6D7EB212,da213a76,e3a0c32d
DA8825E5,da213a76,e3a0c32d
FEAC2D9D,da213a76,e3a0c32d
8581604A,da213a76,e3a0c32d
FF557CF0,da213a76,e3a0c32d
101DBDD5,da213a76,e3a0c32d
E908D0F1,da213a76,e3a0c32d
5D6221C1,da213a76,e3a0c32d
CBD4479C,da213a76,e3a0c32d
D810BA7A,ad1bc51e,
B8172209,da213a76,e3a0c32d
2BEB0574,da213a76,e3a0c32d
FE9206AC,da213a76,e3a0c32d
1C10870A,da213a76,e3a0c32d
E02D5E98,da213a76,e3a0c32d
97844AF0,da213a76,e3a0c32d
1D7242B7,da213a76,e3a0c32d
E0E2B3DD,da213a76,e3a0c32d
CDEB4EFD,da213a76,e3a0c32d
10C5615E,da213a76,e3a0c32d
2C5A73DA,119d376a,32204d28
951E5CE9,119d376a,11b0bff8
D84ADABB,119d376a,91039c83
D2E61600,119d376a,91039c83
63B1030C,119d376a,91039c83
74F1754F,119d376a,
9BFB9099,119d376a,
B164A897,119d376a,
D9090C68,ee2d209e,eedc4b22
E4D6544E,ee2d209e,8661588a
1ADD8523,ee2d209e,8661588a
241C40EE,ee2d209e,8661588a
D7503BED,ee2d209e,8661588a
26FC265F,ee2d209e,8661588a
2A27FD09,a0c2ee17,031de80b
CCD0DF03,3c7878e9,00254d12
0DADBB08,3c7878e9,00254d12
E3238CF4,3c7878e9,00254d12
346830B3,5e7322fd,09e155cd
4CACD5CB,5e7322fd,09e155cd
6E2133F1,5e7322fd,09e155cd
09F429CA,8616616b,bed23aa7
AF1D4564,6dabff8e_R,bff32ac8
7985581A,6dabff8e_R,bff32ac8
4F6D6A4F,fa9bc3a6,
E6112F77,033c13c2,a5d4e450
F3DF27E2,65401354,
F587BB46,65401354,
E9E4949E,1015266c,
3F454172,b87197e1,0d46290d
42C1BFFF,b87197e1,0d46290d
1675974E,161b1070_R,284410f0
59F63348,161b1070_R,284410f0
CBD44012,161b1070_R,284410f0
6422318A,161b1070_R,284410f0
7666E80C,161b1070_R,284410f0
8B35E646,161b1070_R,284410f0
754D516C,161b1070_R,284410f0
B78481A0,161b1070_R,284410f0
F05B0625,161b1070_R,284410f0
9D523331,161b1070_R,284410f0
94F44B71,161b1070_R,284410f0
1F750EF3,161b1070_R,284410f0
B7189CCB,161b1070_R,284410f0
9CCE834F,161b1070_R,284410f0
8ACA4395,161b1070_R,284410f0
66C25AA6,161b1070_R,284410f0
28279B98,161b1070_R,284410f0
23839EEC,161b1070_R,284410f0
16B2C290,161b1070_R,284410f0
60760FBD,161b1070_R,284410f0
C7567306,161b1070_R,284410f0
6D51D48F,161b1070_R,284410f0
F6F574B2,161b1070_R,284410f0
33D51EB0,b87197e1,0d46290d
05144B3E,161b1070_R,284410f0
F85EBC1E,aff8129e,
F1E422D6,1e1c0823,
8ACBAF1D,1e1c0823,
AF30F91C,1e1c0823,
E7065AE9,736b005c,2bfd84ad
CBCBBE9E,1e1c0823,
413D1FBC,1e1c0823,
C15A8A81,98c41dca,cda29de4
D8C79A7A,ef17a79c,
48BCFE67,6a1c8bd3,
3010B8FA,6a1c8bd3,
04562DF1,6a1c8bd3,
2EED836E,6a1c8bd3,
FC8BF8DD,5d845ea5,af06b121
975DEFA3,1c0943bb,5baa5040
4E83A6FF,B02282022103451_Dup1_R_R_R,fe397894
847BBE05,6d1f59af,66b0cd06
A837A4F3,6d1f59af,66b0cd06
466D4FF1,6d1f59af,66b0cd06
A51913C9,6d1f59af,66b0cd06
79F9C00E,6d1f59af,7660ca16
ECBFC89C,6d1f59af,7660ca16
40D3FB6F,6d1f59af,7660ca16
FCDE9735,6d1f59af,7660ca16
C34DFEE6,6d1f59af,66b0cd06
E8F23CDE,a26df86c,df672aae
B7B59104,a26df86c,df672aae
02819D27,a26df86c,8402ac93
F66BCF38,a26df86c,df672aae
5224FF70,a26df86c,c54c4c45
EA8CCB49,74e2bd60,d731beb5
65BA8715,74e2bd60,a5a536e9
5A8F8022,74e2bd60,165ecfef
E3B44ECE,a26df86c,df672aae
CB7DF616,4991513d,
8407DDF8,4991513d,
BF9E43DE,4991513d,
F9E46F31,4991513d,
ED13E370,a26df86c,d36d5819
78A2B1F2,29c0b869,
F318A187,29c0b869,
77D225A4,24723c14,5d731916
E5E79A7A,24723c14,5d731916
60674ED0,24723c14,5d731916
B3BB4E0A,85689b15,cd07f670
712C02A9,1e1c0823,
B9B6A18C,1e1c0823,
D1478C73,1e1c0823,
0C3D27C3,1e1c0823,
112BD322,1e1c0823,
1E0EA530,1e1c0823,
A7ED6280,1e1c0823,
A38EC52F,1e1c0823,
FCAE25AA,1e1c0823,
D6C51AE5,1e1c0823,
1668CE9A,a26df86c,958db7f7
363DBF65,a26df86c,df672aae
96E855A1,a77c0e35,
A5A3F0D5,a77c0e35,
D20F6390,1e1c0823,
E0CA85C7,1e1c0823,
8FC9F099,85689b15,cd07f670
0CB6B994,7c09cba1,66eeb3e4
DF64CF61,addbb04d,
1667378D,d72bf854,eadc91ca
5837DE27,9faee300,
06AFC10B,74e2bd60,bfb683d4
1F942E32,74e2bd60,37a4dfc4
7D80FA93,85e5585e,a0a7a072
BA7CCA64,85e5585e,a0a7a072
5BFFBE87,85e5585e,f19fe0af
FB4C116D,c1de38d6,847fac65
F624E897,c1de38d6,847fac65
F67EA6C9,85e5585e,0bf9a0b2
4533EB23,85e5585e,0bf9a0b2
5ADC6C86,85e5585e,0bf9a0b2
7D26CFF8,85e5585e,f19fe0af
70D4EF5D,85e5585e,f19fe0af
21351CB3,85e5585e,f19fe0af
39FA229A,85e5585e,7cc2928f
E73F2C46,85e5585e,28dbb7f0
850AB199,85e5585e,28dbb7f0
FCBE5779,85e5585e,28dbb7f0
CA84CD72,B02282022100941_Dup1_R,8616fcf6
17F2AA8E,76760ca3,3dd00818
14BF5113,85e5585e,28dbb7f0
C2FCA94D,15966aca,3b1d9708
FECE692C,14a19cf6,
892D4199,15966aca,b3562697
B8D3F42C,01b1c695,f9840afe
4AE8DCAA,B02282022103451_Dup1_R_R_R_R,b8f35765
1C6DE0A7,06203bd7,931e6a04
7AA7036B,06203bd7,b90a21d6
9539767B,1fef5c22,
A6133CB3,1fef5c22,
E2FA393F,1fef5c22,
87B98D84,06203bd7,5773cf4d
40B722EC,06203bd7,5773cf4d
628F36B0,8f1d67b5,
C468E927,8f1d67b5,
452D6AA9,8f1d67b5,
36AE8964,fa89084f,a32f4728
C465E42E,fa89084f,a32f4728
9FAF3E8E,fa89084f,a32f4728
0FA0FF1C,d339405d,
DB926629,fa89084f,a32f4728
C6127B5B,fa89084f,a32f4728
38477460,15966aca,ed69a2f2
AF2CE5EA,fa89084f,a32f4728
F390D210,fa89084f,a32f4728
1D647490,fa89084f,a32f4728
17E0B7BA,fa89084f,a32f4728
9A8D1790,fa89084f,a32f4728
8149DCFF,fa89084f,a32f4728
794690FE,fa89084f,a32f4728
4F4495AF,fa89084f,a32f4728
14FE72AD,fa89084f,a32f4728
0EE391B6,fa89084f,a32f4728
21C29D2E,fa89084f,a32f4728
5C8BAB17,fa89084f,a32f4728
BF3D7C1D,fa89084f,a32f4728
FB7EB065,fa89084f,a32f4728
D2427575,fa89084f,a32f4728
0597268A,fa89084f,a32f4728
F33D451F,fa89084f,a32f4728
A918E334,fa89084f,a32f4728
A988AA9E,fa89084f,a32f4728
1BF93050,fa89084f,a32f4728
D6098E16,fa89084f,a32f4728
EE7B850E,fa89084f,a32f4728
E4E317ED,fa89084f,a32f4728
6BE4EEED,fa89084f,a32f4728
05C67F46,fa89084f,a32f4728
CD67850F,fa89084f,a32f4728
D4D64D07,fa89084f,a32f4728
5A3D4AD8,fa89084f,a32f4728
BB595AD0,fa89084f,a32f4728
C083E617,fa89084f,a32f4728
44960507,fa89084f,a32f4728
FCC8C2EE,fa89084f,a32f4728
B8CD817A,fa89084f,a32f4728
E90B5276,fa89084f,a32f4728
27082979,fa89084f,a32f4728
9157CAA9,fa89084f,a32f4728
2B99873F,81424277,e956330e
A3307203,81424277,e956330e
43976421,81424277,e956330e
FDD1A0B6,e33a6c54,ee6d090c
DF3EECA5,e33a6c54,43c5b26a
E8A02798,e33a6c54,43c5b26a
07201B05,c7c5b094,63dc0a97
482D9E76,c7c5b094,63dc0a97
86354516,8bcaea6f,
7AA81583,1b6eed4d,174c583b
6B920056,405d6091,20fabe4c
96CD801E,5a803968,bbd7cbfd
788C1E9C,5a803968,bbd7cbfd
7D1BD908,fa47faad,87d41a9a
D93FC37B,fa47faad,87d41a9a
E7A841E3,ec24f8cc,
3BCFC4B5,07c45f9d,
4367D295,b296a38b,141950ff
4533BC10,b296a38b,16a3c93d
5A70EEB7,b296a38b,f1782c14
297B363C,b296a38b,62e14c7f
5C849187,b296a38b,b1869f52
80229569,b296a38b,b1869f52
F1304CB9,b296a38b,16a3c93d
1492F1A0,b296a38b,b1869f52
5CE6A649,b296a38b,b1869f52
DCEF73FE,b296a38b,b1869f52
F865427F,b296a38b,b1869f52
844EC8DC,b296a38b,b1869f52
690C94A5,b296a38b,b1869f52
E6BD5FC2,b296a38b,b1869f52
2CAB0B3D,b296a38b,b1869f52
3A86FDC1,b296a38b,b1869f52
E9288AA8,eb5819f2,
DBC6E6A1,5a2fca7c,
2BEEF7E8,624e7d14,
4C951631,624e7d14,
F446D9BC,624e7d14,
F88DF19F,06203bd7,b90a21d6
96490DCE,624e7d14,
F35A36AC,fd719ff6,4fb04c4f
9DB084B7,8f1d67b5,
5CFC4AE2,ba6c5114,3f917a7c
8DB6D115,ba6c5114,3f917a7c
368A62DD,1e1c0823,
3E50F284,1e1c0823,
6B3C2021,1e1c0823,
1D64043F,8c7e5fa5,
AA9B0CF9,aa31dcac,
E78D0EDD,8c7e5fa5,
4A89FB8C,73f1b809,
2290BE2F,73f1b809,
8D0C8F05,988e120a,
00B8EB3E,c768b09f,c8e0cb04
F3AFFDB2,c768b09f,
4D518237,c768b09f,26a0d44b
8FC78506,c768b09f,fffc3a82
3F39076B,c768b09f,26a0d44b
9DF3BA52,c768b09f,7f6637e4
5574BEF6,c768b09f,7f6637e4
28364615,c768b09f,7f6637e4
62D1C414,c768b09f,2c10d747
697140FD,c768b09f,2c10d747
130FE0C0,c768b09f,2c10d747
B7B316C7,14d02768,a15b6b27
B68C731A,14d02768,a15b6b27
ED49F482,14d02768,a15b6b27
90F9C188,14d02768,a15b6b27
9E6F4192,14d02768,a15b6b27
43DE74D5,14d02768,a15b6b27
67087F2B,14d02768,a15b6b27
98252D34,14d02768,a15b6b27
8DA50248,14d02768,a15b6b27
59225124,14d02768,a15b6b27
C4A16A86,35f09a74,43091221
552D1C8A,c2d42d30,
4A44E98D,c2d42d30,
46F36056,c2d42d30,
0F4192EC,15966aca,e7109b38
5536CDBF,870a6341,2175b880
2B17A7AD,a1c9a4d7,1d293a41
AD57D5F2,61c64486,64ce9535
D741F4CD,7386acc3_R,52c1a0e7
CD4C3FBA,1ac16370,c5912ea5
E6AA55FA,27cf9751,3ba78e6c
BDCC9E6A,27cf9751,50afd93e
D8FA32B3,442cded4,e1b3b50f
AF5F4EBA,172ce724,c0ff9b6e
2DD963C4,172ce724,c0ff9b6e
279FB52B,ccc88a03,
DD9130F3,ccc88a03,
FCE2214F,ccc88a03,
F4A08C15,ccc88a03,
1E435EB6,17bc7856,17447d7a
04CE2271,0051e27d,824906d6
47FF2B3F,0051e27d,824906d6
F5EBABDB,0051e27d,824906d6
C5AA5BAF,7185dba3,b2a8e8fa
E225E39E,7185dba3,b2a8e8fa
6899AD62,c42901de,503fd7c3
8769AE6C,c42901de,503fd7c3
6CC9EB06,7c11f377,7f907d7c
B8ABFA16,7c11f377,7f907d7c
BEB28748,7c11f377,ed054652
8C4737DE,7c11f377,ed054652
8300BF42,7c11f377,ed054652
34EA0FC0,7c11f377,aa1a7a9a
B31DF912,7c11f377,35ba4a4c
71D22B4B,7c11f377,35ba4a4c
CD7D822F,7c11f377,6d50c02e
2646FF25,7c11f377,ed054652
747B7411,7c11f377,ed054652
A273CDEB,7c11f377,ed054652
172FC5AA,7c11f377,6d50c02e
33E1C398,7c11f377,52313c27
59E8A232,7c11f377,ed054652
08C62240,7c11f377,ed054652
284728C1,7c11f377,aa1a7a9a
13BE3845,7c11f377,ed054652
2FC4BFDB,7c11f377,ed054652
94C2945D,7c11f377,6d50c02e
D6C9DD5D,7c11f377,bd3b8084
13B4474D,7c11f377,35ba4a4c
9F8BCF35,7c11f377,7f907d7c
6366BC6A,7c11f377,7f907d7c
176D0EC5,7c11f377,7f907d7c
D29F464A,7c11f377,7f907d7c
F0C5A1D3,7c11f377,7f907d7c
6B136870,7c11f377,7f907d7c
785E9EF3,7c11f377,7f907d7c
BB287ED3,7c11f377,7f907d7c
D4BCCB70,83dc780f,
815B0992,6b6bed76,c0fba712
38F4F189,5a643590,
154EFF3E,5a643590,
B622AB3D,5a643590,
5B2DC02B,5a643590,
639DF1C2,664eb307,bbdf0a95
A0A636DF,664eb307,bbdf0a95
CBA8EB04,a376e5da,83c6bffc
CFAEF4D3,ee3d741c,
3B842628,ee3d741c,
D445DAED,ee3d741c,
2C5E171D,22bb2f9b,989f1198
96B9CF62,f7f0880d,
8833906B,f7f0880d,
B6B2C196,e7476ef3,
1C765B53,90697f9c,
4F11E796,06203bd7,931e6a04
8F5B608B,c4277922,280a3df5
861D45C7,c4277922,a1aba3bf
F85955CE,a4fae09d,0073e6ee
DD8C3B2A,a4fae09d,b97e8e69
06709A16,b2dcfadc,
EA2571CA,471e365c,
72DE56CA,11238fb5,
D4C948E9,11238fb5,
48503A97,11238fb5,
802CB8E1,11238fb5,
2E610DD1,0fe76a0c,
2045B5B7,0fe76a0c,
807D06A2,0051e27d,824906d6
615CEE30,f6fd9a6e,
B45405A7,40116397,676381fc
47DAE424,17bc7856,20a01c27
6BE56D46,17bc7856,17447d7a
BB1AA7F0,be0bceb1,035a73c1
3B16445B,be0bceb1,035a73c1
A94F4B6A,be0bceb1,035a73c1
B243A50C,be0bceb1,035a73c1
B02C4BD4,75a03446,c76a7b05
1424FB7C,76cbe182,8c233107
345284BA,0fe76a0c,
25B38976,0fe76a0c,
652A6FEC,0b7051b0,0df5f048
DA18676F,c036ae81,1ce8e33d
CFC4926F,a4fae09d,b97e8e69
1221CC66,a4fae09d,b97e8e69
38E80CF3,a4fae09d,443870d2
38B7E2A8,b9ce04a0,
F9B5255B,b9ce04a0,
F35329BB,196d2ddd,9462082c
0AF43EA2,196d2ddd,9462082c
75A04808,26019601,8a46e65e
2D79C0DB,7a7473fd,325e6b11
C45F7A2A,7a7473fd,325e6b11
4559040E,7a7473fd,325e6b11
78EE81C1,a2a2b803,7b83ee28
57683ED3,a2a2b803,7b83ee28
BC11617C,be50fcfb,
115996FB,be50fcfb,
A7DD5779,986068bf,
8068D960,986068bf,
B2FC6334,80951328,405db452
2109A574,80951328,3f262373
03B98B8B,a4fae09d,443870d2
FF619383,5d6d9b51,
9A8F8710,5d6d9b51,
31DC471E,5d6d9b51,
AB43068A,196d2ddd,9462082c
249B514B,a4fae09d,0073e6ee
DEEE01BC,e5a2a8be,
5CFD5416,e5a2a8be,
5A558C20,e5a2a8be,
5FE484D1,c941ae1f,1593c424
B8334F3E,c941ae1f,f4a4bb34
99EF43BD,177271fa,
9DEAF4A0,177271fa,
6D21444E,08322b3e,6572ec84
46289217,08322b3e,6572ec84
45789058,196d2ddd,9462082c
DBEBD13E,339f29ed,
C60C1ACB,339f29ed,
C0E0392C,0fe76a0c,
D879C838,0fe76a0c,
819F4EF2,ee3d741c,
957A71B5,ee3d741c,
8E9A7CA3,ee3d741c,
00B8EE0C,ee3d741c,
FFCBD66B,1e1c0823,
30BCA94A,e15c431b,
856C7A83,1e1c0823,
674200AE,1e1c0823,
2AA2B410,1e1c0823,
EF94E192,1e1c0823,
7F86750A,1e1c0823,
DC387B04,08f455ce,56dc3daa
C9606E35,1e1c0823,
ACCA53BB,0fe76a0c,
C80DEB71,e41a1618,b9bc82ee
39C4EAA0,ceec774c,21619bcd
FE502769,c5074b30,
A35302C8,0fe76a0c,
F2A68FD0,0fe76a0c,
1D422982,0fe76a0c,
9B050E99,0fe76a0c,
4EA547D8,24723c14_R,3f37dfd5
8F45F4F0,1e1c0823,
FD670EA3,8f860613,516a7a75
7A52690E,8f860613,ed24fd64
5F10252A,5d845ea5,2ff2c987
ECB2014D,5d845ea5,af06b121
CA7D75CF,ed8ac3cb,
DC253148,196d2ddd,9462082c
C130B7B6,0fe76a0c,
0040F26F,0fe76a0c,
89908D05,0fe76a0c,
83FFCC22,0fe76a0c,
EFB6A7C7,0fe76a0c,
7088CEB5,0fe76a0c,
6DA2D4FE,898f639b,
1A401A93,898f639b,
9433F84D,8776f7ee,
9DC1D02D,8776f7ee,
723CCB76,0fe76a0c,
B3211469,0fe76a0c,
3889C0FB,4154cb40,
156CE47D,4154cb40,
8D0489F6,4154cb40,
D8A14F6E,4154cb40,
9EB60389,4154cb40,
C3B74D36,4154cb40,
7FB4CC8E,593f818d,42f11f71
F5112CEA,593f818d,7a4f2517
BDBD99CB,593f818d,3f74edcf
B364162A,593f818d,d4c12878
3B603698,593f818d,d4c12878
EEE617D4,593f818d,bd28c0c6
1DE4F539,593f818d,13b80224
755E2E20,593f818d,889b3d22
6DF61B83,593f818d,13b80224
E67F8F01,593f818d,d4c12878
A4057DE0,1e1c0823,
5539C053,005407ee,1c32d01e
7ACB5677,005407ee,fdce71ed
39B7E4DF,cecde70f,b9f9b5bf
C5E12E2A,cecde70f,b9f9b5bf
E1684020,593f818d,d4c12878
4AB4B049,a39ee0c2,3fbcfaae
1D429F06,137a0c74,
80FB792E,137a0c74,
4CDD6938,3becaa93,d4e053a2
D888621A,2a5c09d4,10b448fa
CFF466B8,0b7051b0,d1935370
69627163,64f7a682,
48F2D4C5,0f89f61b,
211EFF2E,f162268f,
48AA87B9,35f09a74,43091221
CEB66970,35f09a74,6c3ee6cf
5F1A9233,fd5e33a7,
250EE5CF,d0172d85,9265b5ea
FA16A6FC,5bee2bc5_R_R,
69E5A787,573d3efe,
D204027B,573d3efe,
0EA6DC43,573d3efe,
DA846232,573d3efe,
67387F2B,573d3efe,
0BB2C5C5,4a0573ae,
FA02AA90,4a0573ae,
E5C71D2E,35f09a74,43091221
EF711F5D,7aac8147,
556F3FED,7aac8147,
358AE15B,515322c5,
E14AFB25,ee4978b5,5eaffe9e
A72BD93F,ee4978b5,5eaffe9e
AB7A28FB,64f7a682,
60A2AF21,0ad2315e,6124f4da
07FB9F1A,3daa9487,b6384d7c
2D2B5698,0fe76a0c,
0C26452A,0fe76a0c,
9C2D2452,0fe76a0c,
604CB01B,486dd416,4329e3da
4C00C345,486dd416,4329e3da
4A0111BE,f98ab532,ad636f54
FF335596,36bf073f,ade7c392
A3DEA597,4e905d49,5c4bccc3
AD98EB74,f653379e,
7B0734D2,f653379e,
FCB9032C,f98ab532,ad636f54
212DF9C7,f98ab532,ad636f54
1863B779,f98ab532,ad636f54
D61EC52C,f98ab532,ad636f54
3174E94D,f98ab532,ad636f54
A381D952,f98ab532,ad636f54
07472BE9,f98ab532,ad636f54
486A10D9,f98ab532,ad636f54
22207CAF,f9f23d00,
7B01D353,f9f23d00,
85B4CA80,3e4fe1a9,
6A8CE556,0b7051b0,ebf015e3
86FB41C6,1c0943bb,5baa5040
D535A765,461a40a1,
50EC10B9,c161c0de,
B2A2A831,5315bb18,9310698b
1BEB49D3,c161c0de,
4EEA047D,5315bb18,9310698b
906CCE9D,1101f2ba,19e32ca1
6B387743,8e4ec3c7,4227cb1c
F6B6339A,5fb955af,14ed9508
A4E42305,5fb955af,14ed9508
0486D123,8e4ec3c7,041936ab
EA07C188,5fb955af,14ed9508
70884BE7,8e4ec3c7,041936ab
9CFF864A,8e4ec3c7,336b6104
8001AA0A,8e4ec3c7,041936ab
5B0BDE64,8e4ec3c7,e0b8259a
2C6FE7FA,8e4ec3c7,336b6104
32502527,461a40a1,
FE817650,e280b00b,5af776e9
73541323,e280b00b,5af776e9
F0A102A5,e280b00b,5af776e9
34044154,e280b00b,5af776e9
3D743B75,e280b00b,5af776e9
A0B93309,e280b00b,5af776e9
54574C9E,e280b00b,04bcfa2e
EA73AFC6,c47f9131,4a63d65e
52BE1F32,c47f9131,4a63d65e
60708C01,c47f9131,4a63d65e
44ACC8ED,c47f9131,4a63d65e
3F2B7817,c47f9131,4a63d65e
AA130510,a2a2b803,cd346989
B51EB378,a2a2b803,cd346989
05ADE24D,a2a2b803,7b83ee28
84205162,a2a2b803,7b83ee28
32DC1772,38cff7a6,d858c4b4
4FB76048,38cff7a6,d858c4b4
639399FF,38cff7a6,d858c4b4
3DAD9170,38cff7a6,d858c4b4
9B744112,0c39bf7b,
A40A340C,0c39bf7b,
F393528C,0c39bf7b,
36106BA3,b08a6e61,c067f8d3
9486D508,b08a6e61,c067f8d3
74274200,b08a6e61,c067f8d3
20FE43E9,b08a6e61,c067f8d3
DEBE86EC,b08a6e61,c067f8d3
7846EDDA,b08a6e61,c067f8d3
4B03167B,b08a6e61,c067f8d3
BEE6BFDF,b08a6e61,c067f8d3
A1012E4D,b08a6e61,c067f8d3
27A8F6D8,b08a6e61,c067f8d3
88FFF50D,b08a6e61,c067f8d3
93C62B7E,b08a6e61,c067f8d3
48C36DD3,b08a6e61,c067f8d3
1E5A8A99,b08a6e61,c067f8d3
3608096C,b08a6e61,c067f8d3
2E4164CE,b08a6e61,c067f8d3
D4AC6BE0,b08a6e61,c067f8d3
BC064D8B,38cff7a6,d858c4b4
CA824E64,38cff7a6,d858c4b4
F1E59B2B,38cff7a6,d858c4b4
3859CD3B,38cff7a6,d858c4b4
A0410279,4f17835b,
6E8D767F,03d007cf,86a145a2
C4BC7F76,03d007cf,86a145a2
102BE189,03d007cf,86a145a2
15C15B56,b0687ae6,
1CFEED3B,f98ab532,ad636f54
4C901024,55bae8f1,c01773fe
18B8D93F,55bae8f1,c01773fe
0C71796D,55bae8f1,c01773fe
5E97D3C4,55bae8f1,c01773fe
811EFD14,339f29ed,
DAC3B21B,898ea9e4,
4298EC6C,d5ce1925_R,
57E3EF85,d5ce1925_R,
981D9F22,d5ce1925_R,
6E70350B,72eee44a,
F9C1B985,72eee44a,
F98542D3,1d5aeb8c,
47486496,1d5aeb8c,
DB15C3B9,1d5aeb8c,
8287164F,1d5aeb8c,
230558F4,1d5aeb8c,
3130F2B1,1d5aeb8c,
36716F43,1d5aeb8c,
167EF851,1d5aeb8c,
F56A4870,1d5aeb8c,
06EAD66D,1d5aeb8c,
C0C8237D,1d5aeb8c,
B76739A9,1d5aeb8c,
3C8F105B,1d5aeb8c,
2D5AD9FA,1d5aeb8c,
46C84AC2,1d5aeb8c,
844C1653,1d5aeb8c,
D1820A76,1d5aeb8c,
0DC255E3,bee35dc2,
0D138535,f68d4634,
FCD4BDA6,e356533c,30f5994c
217F20DA,c34b05ae,bca0179d
59619742,c34b05ae,bca0179d
A9C717C5,c34b05ae,bca0179d
FB9E7403,c34b05ae,bca0179d
551CFF6B,368b1c1f,
48F6A61C,368b1c1f,
A89C3FFE,368b1c1f,
F619FE11,368b1c1f,
C4A6BCF1,368b1c1f,
FA0DF69B,368b1c1f,
E19C5385,368b1c1f,
C9DC8516,368b1c1f,
DB6614AA,368b1c1f,
293F8C53,368b1c1f,
C038C30F,368b1c1f,
691030D9,368b1c1f,
3C8A3114,368b1c1f,
F6BB1EF1,368b1c1f,
D7977CB6,368b1c1f,
333827C7,368b1c1f,
04D84F81,368b1c1f,
0B4689F2,368b1c1f,
45C3A694,368b1c1f,
72C0D28D,368b1c1f,
EA171982,368b1c1f,
E7D31DFD,368b1c1f,
565DF29D,368b1c1f,
699B72F7,368b1c1f,
C9B2FFD6,368b1c1f,
A2B144F6,368b1c1f,
02C80C82,368b1c1f,
F3CA7434,368b1c1f,
6A79338F,368b1c1f,
7AC6B036,368b1c1f,
F7D00CA7,368b1c1f,
E4EB1FD1,368b1c1f,
AE8ED542,368b1c1f,
D358711E,368b1c1f,
0FE44F44,368b1c1f,
9A9BBF98,1d5aeb8c,
831D16BB,1d5aeb8c,
5553D24C,1375ae31,a67868f1
C7DA1FA6,50453d6b,
CBBF0CCB,50453d6b,
B7F028D8,1c0943bb_R,
6376ADBE,1c0943bb_R,
54BCB198,a6ebc690,
2ECEF2CB,a6ebc690,
E82045AD,a6ebc690,
9324E7D9,a6ebc690,
A4DC5B0C,a6ebc690,
49501C38,a6ebc690,
46A4AB4B,b984d976,
680026EE,b984d976_R,
D05F8BD8,24f58c35,8accd829
4029AF5C,3346c88e,e03b1b9e
362B138E,3346c88e,e03b1b9e
A41D3AB2,a6ebc690_R,
C6D7BF82,7386acc3_R,52c1a0e7
4A363CF6,abdb29d9,f62ebbb8
E85633ED,89da3f84,ca5942ac
C9A1A938,89da3f84,ca5942ac
4834F8FD,89da3f84,ca5942ac
DA77CECC,89da3f84,ca5942ac
D65CEE87,89da3f84,ca5942ac
9F8D778C,89da3f84,ca5942ac
3931313E,89da3f84,ca5942ac
83201B7F,89da3f84,ca5942ac
756A2451,89da3f84,ca5942ac
97458FFD,37586bc5,1d910b66
BBA13EF8,37586bc5,1d910b66
C458F29B,462a295c,9e9b5a35
EBC73532,b1d1151e,5d14383c
5FA9E7F8,b1d1151e,5d14383c
2BA7B23E,b1d1151e,5d14383c
EC1C567A,b1d1151e,5d14383c
4FE0DCC9,b1d1151e,5d14383c
E0BB0580,4e94dce5,c2eb53e9
30048418,4e94dce5,c2eb53e9
A02A841C,6eccc728,09cad547
CE0653FC,b84102a8,
B6E7656C,bfd3242d,2a1f748c
B1EE6D43,bfd3242d,2a1f748c
0C6A3AA5,32dd82ca,
D67733DC,32dd82ca,
2F367705,32dd82ca,
9E5BB95D,32dd82ca,
C69C290D,32dd82ca,
4E1634C7,f1de0d60,
DDE622E2,f1de0d60,1716b369
C90EF3ED,951fdf33,52710071
2D9539E6,951fdf33,5719362e
A3ADECE0,eab7217a,6ee3241b
7AC27342,eab7217a,6ee3241b
7B0A6FB7,eab7217a,6ee3241b
6A17193F,b3907b5b,95716376
AA4A229F,b3907b5b,95716376
D734A9EB,906297bf,
A04AE3AE,21c8b729,
E9B89643,21c8b729,
D72284B9,21c8b729,
1DFBCFDF,21c8b729,
D46698B9,1f9f470e,
8ADC1DDD,3339bda8,6d84563f
E27CAD0F,3339bda8,6d84563f
5AE8BA2A,ea10572d,
D94278A8,4676b97b,cba8132e
E9C7FEB0,4676b97b,cba8132e
EFBFA18B,4676b97b,cba8132e
C8B7DDA1,4676b97b,cba8132e
DACB1F6A,4676b97b,beef0530
14047AAA,d43826e0,0973f904
9B38A6C5,d43826e0,0973f904
91DCDE02,d43826e0,0973f904
D2987FA6,d43826e0,0973f904
7DB5C857,d43826e0,0973f904
A7E5E57D,34a54a0c,d5712cfe
26BC9658,34a54a0c,d5712cfe
1D19877C,3618b557,db854bbc
92F23FD4,5463aa81,41baa63d
7E5EAF4B,5463aa81,41baa63d
8645CEB2,3618b557,db854bbc
03567C31,ced95c85,f6892e6b
0EFE0BDC,ced95c85,f6892e6b
8D8BB511,ced95c85,f6892e6b
F32797FE,ced95c85,f6892e6b
74CD0CC2,ced95c85,4a54ee2b
ED3A6659,ced95c85,4a54ee2b
93D74316,ced95c85,f6892e6b
7958698C,66cd2f62,
A73FD760,ced95c85,f6892e6b
36DFCCF9,66cd2f62,
E3891B18,ced95c85,f6892e6b
5DE69135,8dd0ba39,e9859b7f
0A71280B,8dd0ba39,e9859b7f
223C804A,0d82372c,
AB8011BA,ced95c85,f6892e6b
0054A69B,ced95c85,f6892e6b
6B7DA742,da33140d,6bc81112
2A163A26,da33140d,6bc81112
8663B769,da33140d,6bc81112
44E48B9B,da33140d,6bc81112
4D134946,da33140d,6bc81112
52608848,1f9f470e,
8CEF15AE,c4277922,3da0d74c
5C44D94E,2fbceb01,27e8c195
902311BB,2fbceb01,27e8c195
2CFD0C8A,c4277922,a1aba3bf
C3F3CB1F,c4277922,275cd3e2
07F36D7A,010e1cff,
072AAF46,1f9f470e,
571EAD8E,054c546d,
64BCFE31,c4277922,280a3df5
D39261EA,946a77b3,e485db14
6D005F7C,946a77b3,e485db14
052717D8,f8c31c56,
AB356A8D,f8c31c56,
73A739DE,f8c31c56,
F76F400C,1633dce5,e8139690
C3B5A3D0,1633dce5,e8139690
2A15C529,913de352,8618a0f8
F74B08DF,913de352,8618a0f8
7CEEEF39,6f5b9182,766b6c41
2C323AB7,de586c73,
B6166B40,de586c73,
E997A122,6ce179e9,
C8708F4D,c529ab68,42e283ba
38ED52FA,c529ab68,f9e7a742
A9574286,c529ab68,f9e7a742
1F85850E,c529ab68,f9e7a742
923DBDFF,c4277922_R,0bf2fd77
26A59585,c4277922_R,0bf2fd77
EE882D10,870b977f,efd70e39
60D5DF51,870b977f,efd70e39
85C72E63,870b977f,efd70e39
A8C6B698,870b977f,efd70e39
C1299BD7,870b977f,efd70e39
58DE439C,870b977f,efd70e39
EBB6F628,870b977f,efd70e39
810973C9,870b977f,efd70e39
F32EF677,870b977f,efd70e39
F53EAEDF,462a295c,9e9b5a35
1945A338,462a295c,9e9b5a35
D65CF9B2,462a295c,9e9b5a35
38EF59F9,462a295c,9e9b5a35
8941BA9E,462a295c,9e9b5a35
FAAF8AC0,c529ab68,f9e7a742
9A61800A,462a295c,9e9b5a35
AEF1D445,c529ab68,f9e7a742
B952DE84,671b5381,
02C92E1E,fcbf898a,
B077E10C,c56f5ee4,1b49d6e3
63F181A9,472bb001,59f38d55
74C459A2,472bb001,59f38d55
7E8D5270,472bb001,087b40e6
9A789BFC,472bb001,59f38d55
0C60FF01,472bb001,59f38d55
2F464BE0,16a5222f,
A9D5B3F5,472bb001,59f38d55
E3BD6D11,472bb001,59f38d55
A967E495,288c24ae,
A81FBF9C,288c24ae,
B85DBB68,288c24ae,
3627902A,56f05c06,8c73dcb4
BC92BFBA,9e8b529c,beced3d1
CB808A83,288c24ae,
0704DF29,56f05c06,8c73dcb4
ACEF1037,288c24ae,
12E362BE,288c24ae,
2923B382,288c24ae,
56F88758,56f05c06,8c73dcb4
54F2E608,288c24ae,
22AB7525,56f05c06,8c73dcb4
4D0BFAF9,288c24ae,
02C75FDF,288c24ae,
22C24850,56f05c06,
98CD09B4,56f05c06,8c73dcb4
7EE6CF1B,56f05c06,8c73dcb4
8439C821,a1df9d85,
A1762126,a1df9d85,
63E399B6,56f05c06,8c73dcb4
EF8C26B8,56f05c06,8c73dcb4
59CC9647,c6316bc7,3ed298f7
A21A4700,56f05c06,8c73dcb4
457B9408,56f05c06,8c73dcb4
565BF1E0,56f05c06,8c73dcb4
3FC04055,56f05c06,8c73dcb4
F7758845,c6316bc7,3ed298f7
F146EEB4,56f05c06,8c73dcb4
6925CA08,56f05c06,8c73dcb4
615CD8BF,c6316bc7,3ed298f7
A9B4A225,c6316bc7,3ed298f7
D8383B10,288c24ae,
B23B5D9D,288c24ae,
7DEF1F4D,288c24ae,
49B77B9E,288c24ae,
2F1387E1,288c24ae,
B9E0108E,288c24ae,
F58D62B0,288c24ae,
2342BAE2,288c24ae,
F6ABDA05,288c24ae,
CCA9E605,ac795f97,245c2bb4
D374C857,951e1de3,
7B30163A,8fb1e8f5_R,71cb4c1e
97D11845,28f8933b,
310D731F,fd5e33a7,
DA6F3283,c0d51fbb,
5C1973BE,c0d51fbb,
BCC1ECB2,c0d51fbb,
DE0C4FA0,c0d51fbb,
0E41DA1E,c0d51fbb,
E2A2A2FD,c0d51fbb,
E281D85A,c0d51fbb,
17F1BD88,c0d51fbb,
D0E04C3B,c0d51fbb,
E932B05F,c0d51fbb,
3657C36E,c0d51fbb,
1C3B1C3D,c0d51fbb,
C140A513,c0d51fbb,
F29BB16C,c0d51fbb,
D1DC433B,c0d51fbb,
309B05E5,2880083a,
CB7A658A,2880083a,
DDC606B7,2880083a,
5E9EFD4B,2880083a,
B30A13D1,2880083a,
FEF507DC,2880083a,
FD2FC53D,2880083a,
C84875A4,2880083a,
49DD27C5,2880083a,
EEC36534,2880083a,
7935F4C9,2880083a,
A7690E2C,bd877f8d_R,
7E0F94E5,bd877f8d_R,
D74692B9,bd877f8d_R,
2609B52F,bd877f8d_R,
6270549F,bd877f8d_R,
89E180F6,bd877f8d_R,
C6372C33,bd877f8d_R,
BFC9EDF0,bd877f8d_R,
79943DDC,7b4ec94a,
B24DE284,1d5aeb8c,
B9C1053C,288c24ae,
B2B4BE0B,288c24ae,
EF31BAEA,288c24ae,
240FDAF7,288c24ae,
55F96617,6bcd01be,894b0a58
038FBEE6,eb15af9d,
AF7F9CBD,21df2146,f2802f8a
615F6B1D,21df2146,f2802f8a
B79B05E1,95dceb9d,
0EC7FA0D,95dceb9d,
95956B1A,95dceb9d,
998E8D75,95dceb9d,
63D3FDE4,95dceb9d,
CD1C11A1,95dceb9d,
6340BDE7,c2b959c9,4a428156
A99E1FA1,c2b959c9,4a428156
B51829DD,4eec7fd4,d6a4f5e9
900924B6,4eec7fd4,d6a4f5e9
0D5AAB4E,c59e168b,cdcdd480
252CC860,4eec7fd4,d6a4f5e9
AE69F8B8,4eec7fd4,d6a4f5e9
90C2D132,4eec7fd4,d6a4f5e9
14CDDC3F,4eec7fd4,d6a4f5e9
CC0FEFAC,4eec7fd4,d6a4f5e9
14C13026,4eec7fd4,d6a4f5e9
058183AC,4eec7fd4,d6a4f5e9
B23EBFD9,4eec7fd4,d6a4f5e9
5FBE2DC6,4eec7fd4,d6a4f5e9
98370DAA,4eec7fd4,d6a4f5e9
E4AD1E09,4eec7fd4,d6a4f5e9
909F9B88,4eec7fd4,d6a4f5e9
D5BD9192,4eec7fd4,
1BEFBB30,4eec7fd4,d6a4f5e9
AE88BC1E,4eec7fd4,d6a4f5e9
5523A4EF,4eec7fd4,
3AC420E5,4eec7fd4,d6a4f5e9
E1C2B57D,4eec7fd4,d6a4f5e9
0D35E2C4,4eec7fd4,d6a4f5e9
DE773B47,4eec7fd4,d6a4f5e9
60E167EF,4eec7fd4,d6a4f5e9
F8031832,394a555d_R,5826b19a
26104314,70a9da9a_R,6ec140fa
B3A7A5A8,70a9da9a_R,6ec140fa
4EE586E0,96707909,
D2714DA7,10f79ebd,0ed3553f
C4925260,10f79ebd,140d9fd8
D4A4673E,f79df5b0,2df94b64
B60DAD95,f79df5b0,2df94b64
4C52162F,84ce5401,3f148af0
A6C159E9,8ab4014a,
BFD0F9DB,8ab4014a,
BA64ABF4,8ab4014a,
2EE61FC8,8ab4014a,
F98CA217,8ab4014a,
1EEA06CB,8ab4014a,
63469E4F,8ab4014a,
D3DCF0A8,8ab4014a,
462C6C61,33aafa08,c489966d
A339C4BD,33aafa08,c489966d
BE8B6455,33aafa08,c489966d
948A922A,33aafa08,c489966d
20CCD4D3,ef5d2f1e,563098ac
E75C1BE9,ef5d2f1e,563098ac
EE9E88A6,834f8040,af24128f
44FF5C5F,834f8040,af24128f
08F9940B,26afe42c,
D56F3A4D,b6e68580,ea58896a
7A4EE793,3aa4615c,3cbd0474
B7CC2469,c7b1e7a7,d7c66029
90AFAA6F,f39acc17,8a72b917
BBE170BF,48334f33,d5b9a7e6
6F7F4655,48334f33,d5b9a7e6
AA80A1D9,49e7f9a0,07c80449
5B4E7756,ebed4241,
AA95137F,ebed4241,
694B68BE,ebed4241,
62CB9A73,ebed4241,
6F09DDE0,0f06a7d8,
9F5EBA56,19883fad,
FB895197,19883fad,
A58BA998,3eb07c1c,
DDA22FDA,244b69b0,f626f741
4B747AF1,b3abb4f8,33412cfa
0AC1C4B0,b3abb4f8,33412cfa
83713247,9f58f932,
6AC0CCE7,b11adaae,
9C22991F,e706bba6,fdad816d
5EB10846,e706bba6,fdad816d
83B8B81D,d82ac879,bc9c10ea
5F8AB7B4,d82ac879,e246f869
763D5F73,7f251f19,
5120E7C5,7f251f19,
A5D6BEC6,7f251f19,
786829B6,7f251f19,
7528BB33,7f251f19,
E7C60D6E,7f251f19,
91CEFD0B,7f251f19,
669BADF6,2ab5e9a6,
09F98E83,834f8040,af24128f
434D491A,9401115d,24bec92d
57F8E19A,32dd82ca_R,
34D3FEE5,32dd82ca_R,
9D6DE052,32dd82ca_R,
9EA06068,32dd82ca_R,
D8E3CD05,10dd0cc5,bcdd7c87
844DC0F7,10dd0cc5,bcdd7c87
B36CC61A,10dd0cc5,bcdd7c87
BDE2AF0F,10dd0cc5,bcdd7c87
316C000D,10dd0cc5,bcdd7c87
336D468A,10dd0cc5,bcdd7c87
4EB3D661,10dd0cc5,bcdd7c87
BE3635B9,10dd0cc5,bcdd7c87
3B86E311,10dd0cc5,bcdd7c87
AA6A3D00,10dd0cc5,bcdd7c87
812A6CC7,10dd0cc5,bcdd7c87
17F21C85,10dd0cc5,bcdd7c87
267B429E,10dd0cc5,bcdd7c87
9EE65655,10dd0cc5,bcdd7c87
F75D79A9,10dd0cc5,bcdd7c87
E189163E,10dd0cc5,bcdd7c87
000B4874,10dd0cc5,bcdd7c87
F56A0C09,10dd0cc5,bcdd7c87
EEB1CE01,10dd0cc5,bcdd7c87
293C83B8,10dd0cc5,bcdd7c87
D4FAF498,10dd0cc5,bcdd7c87
411A4C72,10dd0cc5,bcdd7c87
A4C5D95E,10dd0cc5,bcdd7c87
69E0B498,10dd0cc5,bcdd7c87
73F30932,10dd0cc5,bcdd7c87
11D1DD43,10dd0cc5,bcdd7c87
57E9F58C,10dd0cc5,bcdd7c87
DD40ECE9,b0687ae6,
ACF769BE,b0687ae6,
92F1E6FD,2ab5e9a6,
34E2FBED,2ab5e9a6,
FD687930,2ab5e9a6_R,
D72209F9,2ab5e9a6_R,
241CD00F,10dd0cc5,bcdd7c87
AD9C9D03,10dd0cc5,bcdd7c87
AA211BB5,10dd0cc5,bcdd7c87
6E90D204,10dd0cc5,bcdd7c87
59DCD16C,10dd0cc5,bcdd7c87
42D3003C,28c80fdc,e5fe47ef
ED94FE90,28c80fdc,e5fe47ef
B2943BC3,9401115d_R,
C941F3EA,28c80fdc,e5fe47ef
6D7082A4,81ac6272,c79d2272
B6E917BF,81ac6272_R,
50C5B8DA,7f251f19,
3AB8EE8D,e858317b,
B56FE341,402eef77,
75B838CF,7f251f19,
E162CC81,7f251f19,
89691822,f7a95a5b,
5DEB415A,f7a95a5b,7a83bf60
E6A53C99,9e966eeb,
E28E20C2,9e966eeb,
C878A424,f1ed6ee4,
72BCAA91,f1ed6ee4,
68FEB346,b5d4034b,
E10B79B9,b5d4034b,
E652B0B5,b5d4034b,
8F95A06B,b5d4034b,
290FF234,b5d4034b,
732C6869,b5d4034b,
52C03838,b5d4034b,
C78D6822,b5d4034b,
4DD6269A,b5d4034b,
A4D53CB5,10dd0cc5,bcdd7c87
768AEE4E,fadbf3c7,
8592A770,378dca20,7273dc7e
D2519556,378dca20,7273dc7e
46A0196C,378dca20,7273dc7e
9B46C327,378dca20,7273dc7e
655B0B1B,3e0c26a1,7b0aab5b
EC3B8F75,3e0c26a1,7b0aab5b
550AD454,c9025ded,e808b550
3D9BA446,6bdb5229,
8CEB0554,da33140d,6bc81112
0E3ADDBC,6bdb5229,
7FB3256E,6bdb5229,
B3DF1206,c4f8ba19,
C4E9A5B8,c4f8ba19,
B16D3CB6,e0aa69be,c4fad125
B396D68E,e0aa69be,c4fad125
47EC11E5,e0aa69be,c4fad125
FF550D25,e0aa69be,c4fad125
5B315C43,e0aa69be,c4fad125
314BF0C4,bb1a6e54,
0EF74CE1,3aa4615c_R,be9c7321
CD43B8F1,9c38235a,fcbe74bd
1D07A5E2,fdfbfac9,
C21098C8,fdfbfac9,
B6FB93A6,fdfbfac9,
F66DBFC4,fdfbfac9,
31927857,fdfbfac9,
5B48CFF8,fdfbfac9,
EBA92B96,fdfbfac9,
7FAED5A4,fdfbfac9,
AB5773DC,78e9a382,
10FB8CB6,78e9a382,
A24F6304,78e9a382,
18BB3E4C,78e9a382,
361324DA,c9025ded,e808b550
4103889D,c9025ded,e808b550
D5DB903F,c9025ded,e808b550
85AD3F25,d6603e4e,c5fb0bbb
5D9D981F,5644cc41,
C4EFC9A3,5644cc41,
A05259D2,442cded4_R,47f7c6f1
5799E7BF,12cb5184,b8803b94
4EB4ED41,12cb5184,b8803b94
0F0EACE3,12cb5184,b8803b94
4C38B360,12cb5184,b8803b94
49BC0890,12cb5184,b8803b94
E6F3DF49,12cb5184,b8803b94
A87EAADA,12cb5184,b8803b94
6CFADFB9,12cb5184,b8803b94
69FB05BD,3f4bbfb1,
E3CF70E8,3f4bbfb1,
A549E07E,3f4bbfb1,
CC817293,3f4bbfb1,
7D1CDFF1,3f4bbfb1,
EE7FCF28,3f4bbfb1,
6D726CA6,ec27fbc4,404c8f29
C1A15F66,f111c502,
36E175DC,abe7a867,13d3dd86
2F8CEBFB,3f4bbfb1,
729A4BA5,3f4bbfb1,
E57C4225,ff8df18f,
34779D47,3f4bbfb1,
C0E4EEA9,7bc09773,
61001006,7bc09773,
7A9B5F32,bb1a6e54,
016C2585,686d20b5,
EE059D86,686d20b5,
D1919437,d7227dff,
D45B46ED,d7227dff,
05F9DC85,1f4ddc75,
6AD11A86,3bb0ab99,
F895DA00,3bb0ab99,
AF85FAA1,52564f46_R,0f18da85
03744A12,52564f46_R,0f18da85
EA6C4D9A,52564f46_R,0f18da85
6875835E,52564f46_R,0f18da85
1906F31B,52564f46_R,0f18da85
C701FB37,52564f46_R,0f18da85
9DB68A05,feed547a,f09b6eee
45ED0584,feed547a,f09b6eee
97874FA0,dcbf5c19_R_R,023605d9
5D6040DF,2ed17419,
EA3C160B,3f4bbfb1,
F38BCAFF,3b13134b,7901fd77
6116EBA5,3b13134b,7901fd77
63D414B9,3b13134b,7901fd77
D0B46ED2,3b13134b,7901fd77
30878766,3b13134b,7901fd77
7D8331E1,3b13134b,7901fd77
0B5B9C22,3b13134b,7901fd77
496E9F90,3b13134b,7901fd77
317950C9,3f4bbfb1,
2EDD5704,84787dc5,a78b2b0d
202CBF5A,e5207418,02b9783a
D2D32288,e5207418,02b9783a
98EB56BA,e5207418,02b9783a
5AE2C153,e5207418,02b9783a
F4742B27,e5207418,02b9783a
FAD315DD,e5207418,02b9783a
52448D4D,e5207418,02b9783a
012811DA,e5207418,02b9783a
5E066ADE,e5207418,02b9783a
A9AC8614,e5207418,02b9783a
4CBE619F,e5207418,02b9783a
2F4EB2E2,e5207418,02b9783a
E9192C07,e5207418,02b9783a
5C9656B6,e5207418,02b9783a
FFF1333F,18f48924,03e76bb8
DFDC2563,18f48924,a8ef593b
B352643E,1b2ad899,
1FA72767,1b2ad899,
79927B2D,1b2ad899,
3040D99A,a4329794,
385059B2,18f48924,a8ef593b
F913B60D,18f48924,a8ef593b
FAC17C89,db9388b0,
87AB0EC8,db9388b0,
3B3672BC,99316a3f,
ECFDB7D1,5d58efa3,
AB4AAD11,771a74c2,3012bdfe
00EED08D,f757d74a,
9F76D682,fa416d4f,
247CDAD7,1d5aeb8c,
10822AD7,4995322c,
1440EA19,4995322c,
31A51262,4995322c,
D5696963,4995322c,
F74916E2,4995322c,
B7201183,4995322c,
A9E6AFC9,4995322c,
739289AC,4995322c,
CF64417A,4995322c,
ACD0E8FB,4995322c,
1BD937D6,4995322c,
035B659E,4995322c,
FE960AE4,4995322c,
CE0BE7FC,4995322c,
78651C07,4995322c,
A62AD883,4995322c,
8767841A,4995322c,
681768DD,1a7b3430,f3d34950
E82A86AD,ac91fd80,08ef97f2
0BE17270,bec20bf0,76075fde
AC64E34A,396f2669,
14F53FBE,396f2669,
14FF071B,e36f6a51,a79802c5
CEE0625A,6533fc9e,
7357A521,e36f6a51,a79802c5
25EB7046,e36f6a51,a79802c5
DACFC417,6533fc9e,
AFD12D0E,bec20bf0,76075fde
E48104EA,bec20bf0,76075fde
AC038F17,bec20bf0,76075fde
E52279B8,c029b6e1,a4761ff4
BFA8E0A2,bec20bf0,76075fde
A4BEC602,691053cf,
615C3ABF,691053cf,
A300C09F,c029b6e1,a4761ff4
EBBF18CB,691053cf,
BDC00E9D,691053cf,
5A22FE79,b7644ebe,
69E2673B,b7644ebe,
E817F937,b7644ebe,
4893C824,b7644ebe,
A0C9EDE3,4bab8049,7246293a
7CAC4477,4bab8049,7246293a
A74D96A6,4bab8049,7246293a
C5EDF2BC,396f2669,
1F90A375,396f2669,
AD3BEAC2,396f2669,
92E9F660,2c7b055d,
A2A4A871,03b12f5a,1fcf4e08
C41ADBB0,03b12f5a,1fcf4e08
A43E332A,03b12f5a,1fcf4e08
890E9B73,0ef8f668,
025212FD,70c5557f,a5dfcd98
EB1516EB,70c5557f,a5dfcd98
38FA761B,70c5557f,a5dfcd98
20C508C5,48a5339e,
3A1FC73F,48a5339e,
DB8007E6,48a5339e,
7ADC0920,48a5339e,
729174A6,48a5339e,
E0F1BE88,48a5339e,
B09B9846,48a5339e,
7AB7579B,48a5339e,
ABA337D2,48a5339e,
96114FDC,48a5339e,
F0BC834F,fcb2ce59,523d84a6
B1851695,48a5339e,
A6A17F38,fcb2ce59,523d84a6
DA54EC22,03b12f5a,1fcf4e08
0E8BFA3F,03b12f5a,1fcf4e08
47529992,302f920d,
61238EEE,e5dd4c83,c9a5f413
8CF41BB3,e2453523,
0B495264,e2453523,
37BC3291,e2453523,
8F5EC566,e2453523,
5ED1DA91,e2453523,
0A595616,e2453523,
6AC152CA,e5dd4c83,c9a5f413
780CAB88,e5dd4c83,c9a5f413
970C4BB4,e5dd4c83,c9a5f413
02E4B2E6,e5dd4c83,c9a5f413
0F3A0417,e5dd4c83,c9a5f413
8D94323C,c029b6e1_R,54e1d491
887BE029,93b73b01,c2b05dba
FBF11962,93b73b01,c2b05dba
3B435B9E,93b73b01,c2b05dba
292082A7,32b3c218,
9FCCFEA6,a043add7,a16b0700
B6AE2753,a043add7,a16b0700
2009B2C3,a043add7,a094c7e8
AD9BA5C8,a043add7,a16b0700
7334519F,a043add7,a16b0700
E40CAE9D,a043add7,a16b0700
60AA4A8C,a043add7,a16b0700
8A77B4ED,a043add7,a16b0700
4AC36DF3,a043add7,a16b0700
1B0CD534,a043add7,a16b0700
C6DA0A07,a043add7,a16b0700
F6826D78,a043add7,a16b0700
D322CFA7,91f17224,
ADE2A382,db9388b0,
7EBA1CCD,48a5339e,
D5E8C27E,48a5339e,
2D9C1014,48a5339e,
D34EACD8,48a5339e,
E0458798,48a5339e,
509D45F4,48a5339e,
BDA95704,48a5339e,
F77EB6AC,48a5339e,
49E550F2,48a5339e,
EF716261,91f17224,
FE4B1A80,91f17224,
9F59B389,e5dd4c83,c9a5f413
4D0C930B,2eccb4fe,
FE48979F,9895047e,c5bdfaf1
F5298BE3,9895047e,c5bdfaf1
3F5A4D91,9895047e,c5bdfaf1
422FFAAE,9895047e,c5bdfaf1
AADA5E81,2eccb4fe,
DD595FF6,eabb4eda,
480C3B38,85443cae,46775501
9485EFF9,85443cae,46775501
0567DFA0,51a19f02,
27B7A6E8,e5dd4c83,c9a5f413
E583C892,be36b8c9,
E4E9FE3D,f8c85b81,
0112680C,e5dd4c83,c9a5f413
F4339802,f0ac869d,ed60e913
160128BA,e5dd4c83,c9a5f413
8777A04C,e5dd4c83,c9a5f413
640BA6C6,aa554b2d,6bfa5cb9
03938B16,aa554b2d,6bfa5cb9
50D6A012,aa554b2d,6bfa5cb9
B6C5EAC9,9d6363a5,22ef7d4c
356D02B5,9d6363a5,22ef7d4c
ACB89820,9d6363a5,22ef7d4c
A179BB1D,b33a5d7a,e5484020
84104DC2,b33a5d7a,e5484020
91C45638,b33a5d7a,e5484020
E9AC6BEF,b33a5d7a,e5484020
25C7E8C8,b33a5d7a,e5484020
82106474,b33a5d7a,e5484020
7984F1E8,b33a5d7a,e5484020
B674758E,b33a5d7a,e5484020
92815D19,b33a5d7a,e5484020
86F218F1,9f3abcea,
B86432F6,b33a5d7a,e5484020
F29A14F6,b33a5d7a,e5484020
06636DC5,b33a5d7a,e5484020
88C82DA7,9d6363a5,22ef7d4c
562FBB6D,9d6363a5,22ef7d4c
E4B83FA1,34f58d4f,a0b0a404
A352F946,34f58d4f,a0b0a404
EDE53370,34f58d4f,a0b0a404
51578E5C,34f58d4f,a0b0a404
EC564BDD,34f58d4f,a0b0a404
C27CBB72,34f58d4f,a0b0a404
58A0BFC3,34f58d4f,a0b0a404
2714C6E2,34f58d4f,a0b0a404
6876484B,34f58d4f,a0b0a404
094B0CCC,34f58d4f,a0b0a404
CE64C865,34f58d4f,a0b0a404
75F59035,34f58d4f,a0b0a404
859726ED,34f58d4f,a0b0a404
CEA84839,d98a57b1,
75D5FF38,e010d048,8515e23a
40428138,d98a57b1,
A2A2D5D9,e010d048,8515e23a
CDC4D750,21820f20,4f865ccb
447739B5,e010d048,8515e23a
87CDE542,e010d048,8515e23a
DB2B455B,21820f20,4f865ccb
2A64CD0F,51a19f02,
CE0F85F6,a2db42fe,46218cb3
2DD24A2B,49e7f9a0_R,4afd5e6b
D953570F,b97d2c22,
FE73CA7C,b97d2c22,
A8B83E2C,9d6363a5,22ef7d4c
7173A088,03b12f5a,1fcf4e08
183466C7,bf1d42c2,
A9612A5A,595b0f96,
45CC7EE4,17025917,7a18005f
12CB3C02,17025917,7a18005f
B1E19784,17025917,7a18005f
0527F64D,3f3093df,ce57dabd
910A1B00,3f3093df,ce57dabd
443FFB4C,f7a95a5b_R,
1DA9665E,f7a95a5b_R,
E108618B,5560f41d,90ae6d60
403B4A5D,376bc099,e9aad478
2B6D42C3,2dfc8325,e6b5c68b
140B5186,ef3f263d,
2BDFC124,ef3f263d,
5B25FC4A,7256f639,
8DB88F68,6080086b,
E62248ED,6080086b,
F94E207D,b72e90c6,
68378F69,ef3f263d,
53EAE28C,ef3f263d,
C6F55BF9,0a90760b,
0495DA92,b69fb2e1,
E8AC1641,b69fb2e1,
D2FA4143,0a90760b,
EDBD3286,b69fb2e1,
C1A14DAD,b69fb2e1,
CB13BC0E,b69fb2e1,
ED64ECDA,b69fb2e1,
28FC0981,b69fb2e1,
72D4C543,b69fb2e1,
2DA83003,b69fb2e1,
FA6D4223,b69fb2e1,
E1AC3F64,b69fb2e1,
C41032D1,b69fb2e1,
3C79DCDA,b69fb2e1,
267B81B6,b69fb2e1,
B3109C79,b69fb2e1,
13F1E08D,b69fb2e1,
B3D351C0,b69fb2e1,
836C64A3,0a90760b,
42A6E9BD,b69fb2e1,
2C2174EA,b69fb2e1,
0AE18301,b69fb2e1,
6F86038C,e5dd4c83,c9a5f413
AF666558,e5dd4c83,c9a5f413
8260984D,ec041b71_R,828d6aab
E82BE230,90e725de,6c674078
5BFB282A,bf86b31b,315ba8d2
28A25194,1a90fd2a,c520fc1a
E0B9C9B8,9602eb06,64a66ab9
456FA73D,9602eb06,64a66ab9
5DF52E5C,9602eb06,64a66ab9
0BFBC77F,9602eb06,64a66ab9
89A92206,9602eb06,64a66ab9
269818D3,9602eb06,64a66ab9
DB509BF5,9602eb06,64a66ab9
ABC49012,9602eb06,64a66ab9
70DD65A6,8b946e22,
B97E0EAE,64627ac3,54450a65
BA995F55,64627ac3,54450a65
788DE3CB,6db6ff78,03fb0173
5EC507F7,6db6ff78,03fb0173
A8FD25F3,6db6ff78,03fb0173
74A07287,6db6ff78,03fb0173
BB5DE9E9,6db6ff78,03fb0173
962A81A8,6db6ff78,03fb0173
B6FA72AB,6db6ff78,03fb0173
FBF8BEC3,6db6ff78,03fb0173
409609BF,6db6ff78,03fb0173
59544286,6db6ff78,03fb0173
DBDEE630,6db6ff78,03fb0173
6725167D,bdec49b1,9e8195c7
516C40DE,bdec49b1,9e8195c7
D21BBC8A,9602eb06,64a66ab9
7FDA30B7,0b5b1b6f,
0DC42BD4,b69fb2e1,
E8586850,b69fb2e1,
69109EBD,0c54fd0c,
17B9FC46,0c54fd0c,
56173533,ea83f2e4,
4214DA58,ea83f2e4,
3F16A37C,ea83f2e4,
CC4C2022,be9cab7f,a7c3c36b
217A1248,a4fcf89b,
6E92799D,35ceb9fd,109b8441
3BAD1087,35ceb9fd,2f0fb88b
259CAC9E,35ceb9fd,2f0fb88b
49A2713E,35ceb9fd,2f0fb88b
32D8A8BF,35ceb9fd,2f0fb88b
64DCF248,35ceb9fd,2f0fb88b
574C8134,35ceb9fd,2f0fb88b
34685280,35ceb9fd,2f0fb88b
F9FFC927,35ceb9fd,2f0fb88b
4497B073,35ceb9fd,2f0fb88b
0A207241,35ceb9fd,2f0fb88b
EC80B337,35ceb9fd,2f0fb88b
2C54D993,7bff0120,c2423a9d
FB01F0E2,7bff0120,c2423a9d
DD9CAC68,35c66b4b,01e8b478
18D29DDD,d35a1350,5646bab3
D0620077,21820f20,4f865ccb
7871A70B,b1bf8bd4,
E2F185FE,bc93c4fe,db950a93
DC11C36F,bc93c4fe,db950a93
E654AA7E,4b1758b1,
6205A867,d06879ca,480636ea
54F2EE15,d06879ca,480636ea
884ED049,a6643869,115a8c6a
1538FA99,a6643869,115a8c6a
2E773F8A,a6643869,115a8c6a
9E3C8D1D,a6643869,115a8c6a
EFE5D6C5,bc2f4c18,f8d624ba
A1A41C99,bc2f4c18,f8d624ba
114E53B3,bc2f4c18,f8d624ba
F1260BB0,3afb2839,f3d1eb98
97A8417F,47f3867d,
1DC6992F,59c9d342,d2d94ef8
7C10AC36,59c9d342,d2d94ef8
B935F62A,59c9d342,d2d94ef8
3EBB0DD2,83447166,
77806A2E,82621f23,ea1b72a9
664A75B3,82621f23,ea1b72a9
542DB843,82621f23,ea1b72a9
339D7EC6,82621f23,ea1b72a9
2D58FFD4,82621f23,ea1b72a9
EDCF48BA,82621f23,ea1b72a9
BA9A0050,d06879ca,480636ea
6862708E,1e42e2ab,bf5f3d0f
BE1A1882,1e42e2ab,bf5f3d0f
2B4DB8E7,1e42e2ab,bf5f3d0f
0C68E500,1e42e2ab,bf5f3d0f
A220267E,e71aacdc,e94b445b
5AADEF0C,e71aacdc,e94b445b
390D23C5,e71aacdc,e94b445b
ABECC1AB,e71aacdc,e94b445b
4249D7F1,e71aacdc,e94b445b
18D08697,e71aacdc,e94b445b
412A8006,03c2c1d3,
74C5466F,e71aacdc,e94b445b
106F58EA,e71aacdc,e94b445b
49875C2F,e71aacdc,e94b445b
89359A72,e71aacdc,e94b445b
1ACEFF99,0c54fd0c_R,
05ED919A,0c54fd0c_R,
A0D25492,0c54fd0c_R,
0FB7E8A5,0c54fd0c,
77BAAC11,fd636572,7b2784c8
8C5A2564,fd636572,f86383af
C8B13DA0,fd636572,7b2784c8
9F6C1FE7,fd636572,7b2784c8
589B0654,03b12f5a,1fcf4e08
8DCD4E0F,21820f20,4f865ccb
39A7AAE0,ba030b73,50e98be0
D429BB1E,aaeee32a,
3A753656,b981ac96,771767f6
B9175B12,7048508e,
41763B68,3aa4615c_R_R,
9F70DB86,cf536a55,
EF30C980,ba25bbee,8c7788f5
93BC914E,334a9da0,5d9e95b1
4545BC8D,334a9da0,5d9e95b1
F278ADDB,19543572,5677d8f9
686780ED,c142ee27,b6278bcf
2D420F52,c142ee27,b6278bcf
FB055D3C,c142ee27,b6278bcf
D85935FE,68a6f2fb,
A64F149E,be36b8c9,
5BEC7040,d511bf70,f83895f3
6BD20373,4ee7391a,a3553fee
58C32FE8,4ee7391a,a3553fee
4C112D33,4ee7391a,a3553fee
5AE100ED,d511bf70,f83895f3
D4DD4FED,4b783c23,fd530108
24159979,d511bf70,f83895f3
39D74A53,d2ae8ec4,
4C314C05,d2ae8ec4,
4CD5DBAC,d2ae8ec4,
D25B40F1,55a4b549,
3CEA62B5,55a4b549,
FE9F940A,d17613a6,cccce9c0
646F122D,00d0331b,
A234F3CF,00d0331b,
61D2C1D2,55a4b549_R,
23580383,55a4b549_R,
8BC9E17F,c6bced30,00145f28
F2F9F269,ea83f2e4,
A9067AF1,ea83f2e4,
6D01211A,ea83f2e4,
0AABF4EB,ea83f2e4,
76237ED2,ea83f2e4,
153CEFE9,938f1851,0097743c
69D268C1,938f1851,0097743c
B942650B,300eb44c,be28562c
737FF8DB,c6bced30,00145f28
21EE6556,27e2e542,199d6789
800C58AD,ae6251a6,
7043BFB8,ea83f2e4,
263C9DB0,ea83f2e4,
B0762301,97d1a970,
AFF944CB,02b1c056,40cb6909
E4131D15,02b1c056,40cb6909
AAF12952,02b1c056,40cb6909
26686616,02b1c056,40cb6909
8836D68F,6a7a1d4e,05984b0c
984A9D9B,6a7a1d4e,05984b0c
4BDBC30B,6a7a1d4e,05984b0c
DA7A47CB,6a7a1d4e,05984b0c
6522EFCC,6a7a1d4e,05984b0c
963D43A9,6a7a1d4e,05984b0c
5CA14AF4,3d786c26,bb0b0b4d
B1544804,3d786c26,bb0b0b4d
B9DFBE21,3d786c26,bb0b0b4d
5E1D0E11,3d786c26,bb0b0b4d
A4178805,3d786c26,bb0b0b4d
E33CD11A,3d786c26,bb0b0b4d
AD0A9EE8,3d786c26,bb0b0b4d
DE11AB03,3d786c26,bb0b0b4d
32D948EB,3d786c26,bb0b0b4d
7928069E,3d786c26,bb0b0b4d
2CE2218B,3d786c26,bb0b0b4d
EA464AB4,3d786c26_R,552f5e35
E22BBD88,6a7a1d4e,05984b0c
44CF3EA5,2cc15c38,31eb2969
E17BE6DF,2cc15c38,31eb2969
BA80B664,2cc15c38,31eb2969
9E44772C,2cc15c38,31eb2969
2D119EA4,2cc15c38,31eb2969
3FE4B1FC,2cc15c38,31eb2969
513C6F15,05470ac4,e316bdd4
A0154767,05470ac4,e316bdd4
4ADD99F1,05470ac4,e316bdd4
C44A58B2,05470ac4,e316bdd4
44C9B6E6,10970d22,24a1b63d
4D7DEDDD,10970d22,24a1b63d
A9D8C5F8,17bfb9fe,47f7e8fe
2CAB0E5E,17bfb9fe,47f7e8fe
16527ECF,17bfb9fe,47f7e8fe
3B428D89,17bfb9fe,47f7e8fe
1ED345E2,17bfb9fe,47f7e8fe
C97C597E,17bfb9fe,47f7e8fe
CD1A46C9,17bfb9fe,47f7e8fe
A1BB1059,17bfb9fe,47f7e8fe
80CF6C11,17bfb9fe,47f7e8fe
290A3539,17bfb9fe,47f7e8fe
84E26F5D,17bfb9fe,47f7e8fe
D831D84F,17bfb9fe,47f7e8fe
2ECC0934,17bfb9fe,47f7e8fe
CA4E96B9,540a694c,ea5d06da
FBFC5750,540a694c,ea5d06da
009AC888,540a694c,ea5d06da
D6FCE441,21a42852,23043f71
B0006477,21a42852,23043f71
193E2C7F,3a8950cc,ef3ab140
D0E425EE,3a8950cc,ef3ab140
E2FD517D,3a8950cc,ef3ab140
10D83FC6,3a8950cc,ef3ab140
7FC3E75C,3a8950cc,ef3ab140
EB203D7E,8f84ee7f,6fa052e4
74BD64F8,8f84ee7f,c4cbd75f
D2BEDDF6,8f84ee7f,c4cbd75f
0842E43C,8f84ee7f,6fa052e4
326B1C11,8f84ee7f,c4cbd75f
58F832FC,47d60a0c,3fcd9646
7F17FBC7,10d9f497,9670f259
7BE67EFB,47d60a0c,63a27deb
D9C8AA9C,3a9f45fc,33de4bb3
477E1DF9,8bc3f96f,fe4d93dd
8E514B5F,fae09fe9,
9E606EA3,454b1e20,
8CBB7EDD,454b1e20,
6CB7B1DA,7de7144e,
B212F790,7de7144e,
AF50BBDA,b771c178,4404cc35
8DEE9925,d2ae8ec4,
192059DE,d2ae8ec4,
B9FD1483,d2ae8ec4,
27C51B24,d2ae8ec4,
D773A376,6138c694,
CBA19860,6138c694,
56073D41,286c911d,
2AC21948,e8f20ca9,b2f30926
E8D10D3E,e8f20ca9,b2f30926
BDF7AAFB,e8f20ca9,b2f30926
E86F87BF,47d60a0c,63a27deb
54D2466D,47d60a0c,63a27deb
B5B66572,47d60a0c,3fcd9646
8076589D,17995580,
D404814D,47d60a0c,3fcd9646
EE90BE9C,47d60a0c,3fcd9646
564D7EBD,47d60a0c,3fcd9646
3EF5ABD8,47d60a0c,3fcd9646
F8545FF5,47d60a0c,63a27deb
C8D45B85,47d60a0c,3fcd9646
19B16FBA,47d60a0c,3fcd9646
CDB839DB,47d60a0c,63a27deb
94D2B6AF,47d60a0c,63a27deb
95065991,47d60a0c,63a27deb
ADEF51BC,47d60a0c,63a27deb
3FE93233,47d60a0c,63a27deb
875E6D89,47d60a0c,63a27deb
66F8FF78,d6aea5d7,7056e80b
5E64A4BF,6138c694,
C043CF36,e4f5197b,ab5ab779
51BCFB3E,e4f5197b,ab5ab779
9B452743,e4f5197b,ab5ab779
B16FF5FB,e4f5197b,ab5ab779
BCE2BADD,c16e1908,
C297CA57,c16e1908,
6B71CAA2,c16e1908,
2AA00C39,e2879810,
B1439176,e2879810,
428A4EC8,e2879810,
FE6DE0A0,e2879810,
6F59CF0B,e2879810,
A4D1777C,1db6682b,a412ded8
86EACF3D,919579f2,2b739daa
DFA5508D,eda2096d,feafdb40
9E889CFB,eda2096d,feafdb40
51A3FE9A,eda2096d,feafdb40
FE142083,e4f5197b,ab5ab779
4DC8F94E,e4f5197b,ab5ab779
078B2A69,e4f5197b,ab5ab779
EA615839,11c299a6,
9DD5999E,11c299a6,
201924B3,11c299a6,
CC923E5D,11c299a6,
8E0E664E,11c299a6,
F6DA4883,ecc0ac2d,506b1056
26D7CE31,e2ae65f2,
F5541717,e2ae65f2,
C629E23F,9bb9845f,
762630D0,de4a82eb,613b46c9
541C2B84,de4a82eb,613b46c9
7C48F3EE,de4a82eb,613b46c9
70D77ACC,de4a82eb,613b46c9
E3F937AF,c3333d5a,
62E0F605,3dbe76b9,c36080c5
D74D6FAB,c3333d5a,
FFB2737F,3b4505e6,4162b854
6C60E898,c3333d5a,
A4E2783D,bf1d42c2,
2D8521CA,bf1d42c2,
6A8B57EB,03b12f5a,1fcf4e08
88754D3E,03b12f5a,1fcf4e08
3B5BF574,03b12f5a,1fcf4e08
26665004,bdd80165,1f725b86
9BE2CC34,bdd80165,1f725b86
A8CAB83A,bdd80165,1f725b86
4A0B3D02,c871149f,7b8f07fd
A57BAFC3,1956ac23,
EE598235,75c4e3e0,
69A902D0,63f0eba9,
1E005B42,7fcbed44,
A473D46D,6c375225,afaffde4
F0CE2D85,6c375225,afaffde4
0C453556,6c375225,afaffde4
8E8C5309,6c375225,afaffde4
FBE2DC4F,4d2e6788,
137CF441,3dbe76b9,c36080c5
5CCDFCA1,e8b5e93a,cbf21b17
69C2082D,e8b5e93a,c7205141
57F41B90,e8b5e93a,cbf21b17
FCB70392,f3bbc27d,
70241FE3,bf1d42c2,
119D846E,ea83f2e4,
6E6F3C0F,ea83f2e4,
B4D8BE9B,362c0351,
20A14EC5,4957ebc0,3a756bbb
53F82511,2d6c865e,
3DC85C66,2d6c865e,
77CE07FE,4957ebc0,3a756bbb
BF8F4969,4957ebc0,3a756bbb
5079946B,2e342cc2,a3a7e750
64056184,2e342cc2,cf160a2e
123623CD,ea83f2e4_R,a23074f9
061A83AD,ea83f2e4_R,a23074f9
2EF70AFE,ea83f2e4_R,a23074f9
02947C3A,ea83f2e4_R,a23074f9
D12DF707,8d047d89,366dc979
9F9E7E3A,8d047d89,366dc979
13244387,8d047d89,366dc979
00A8FDFF,8d047d89,366dc979
7CF0ECD1,ea83f2e4_R,a23074f9
C3FDFF5E,8d047d89,366dc979
0BC4FE41,63271faf,31cfac44
17C3C113,99d90a01,
405CB2B7,3a11cb0a,94b7bc97
99B8B27E,3a11cb0a,94b7bc97
B82E9753,3a11cb0a,94b7bc97
83D67EE5,3a11cb0a,94b7bc97
A1A5B046,3a11cb0a,94b7bc97
6565B0F6,3a11cb0a,94b7bc97
21A2D95A,3a11cb0a,94b7bc97
2624CD6E,3a11cb0a,94b7bc97
E4FBFD62,3a11cb0a,94b7bc97
70585C53,3a11cb0a,94b7bc97
1DBDCA2F,3a11cb0a,94b7bc97
2E2117D7,3a11cb0a,94b7bc97
57083034,3a11cb0a,94b7bc97
DBD17755,c1ffa12c,f0042c37
C2C02956,691a02ca,
C0BC0C78,ffb091ad,2968aa8f
6F811546,6138c694_R,e3297732
A154BADF,b771c178,4404cc35
1AF75E94,b771c178,4404cc35
7511A292,b771c178,4404cc35
61CC01C4,3b4505e6,4162b854
03E38E45,c9a37481,24f76237
C46F4705,ea83f2e4_R,a23074f9
8B6A1838,ea83f2e4_R,a23074f9
0506929B,a8fbaf61,7b59ab01
D5723FD0,a8fbaf61,7b59ab01
36D6F7B6,a8fbaf61,7b59ab01
F95F5DA4,a8fbaf61,7b59ab01
7C1708FC,a8fbaf61,7b59ab01
D295A11D,a8fbaf61,7b59ab01
FCB76CF9,c1ffa12c,f0042c37
77B8B1BA,8958a990,a2c8180e
87F0390A,3b4505e6,4162b854
80CF55A8,3b4505e6,4162b854
E4C4C1FA,20a148cf,
A5824E0B,20a148cf,
6F105154,3d786c26_R,552f5e35
DDECE051,3d786c26_R,552f5e35
00EEABCE,9ce93bf5,
A0C8E161,b45d5f06,
AE61AF55,4e2ba26c,
7968C542,67141006,
0D343F8F,cfa26cf2,
63923CB7,24e8d1ef,e9819047
F9708542,24e8d1ef,e9819047
081491BB,dfda95c3,75547145
AABCB55E,dfda95c3,75547145
E830B349,e73fb27f,
7C979E5D,528cfe2b,1c803c00
D2A5C033,528cfe2b,1c803c00
EC6AC8C9,528cfe2b,1c803c00
102C733C,528cfe2b,1c803c00
89754975,528cfe2b,1c803c00
8157BBB3,528cfe2b,1c803c00
7C16C044,528cfe2b,1c803c00
8BFC4043,528cfe2b,1c803c00
36913F82,528cfe2b,1c803c00
8DB74EDA,528cfe2b,1c803c00
E32B58A6,528cfe2b,1c803c00
ACFE5683,528cfe2b,1c803c00
3CD0DE45,7f67d9bf,3be177b7
682D8BF5,d7f7c6c6,a954a65e
14534BD4,7f67d9bf,
D2959E76,5cfad74a,
7397642D,9bb52200,dbbf1bce
28CF4F93,9995de64,44c620e3
D24B761C,9995de64,44c620e3
C8E27E72,9995de64,44c620e3
CA96BE4C,810d4638,2ebb0440
329C0222,75f5eb9d,7d3602ff
606ABB69,75f5eb9d,7d3602ff
D477E888,7f67d9bf,3be177b7
F0A34430,0bbe9bed,b5445d93
F7580241,0bbe9bed,b5445d93
92576EB2,0bbe9bed,b5445d93
9C4EF9CD,fa4b6ecb,376cd528
844EF121,fa4b6ecb,376cd528
0F10761C,1309e8f1,12a319f1
7BFD66CF,1309e8f1,12a319f1
F72F388D,e2a77d12,b003a927
81866574,e2a77d12,b003a927
7BBEB31F,e2a77d12,b003a927
E8A1CD04,e2a77d12,b003a927
C5959C13,c516a7e7,8b9809f0
43E9E5C2,c516a7e7,8b9809f0
444B5BBA,9c856c27,
FF70D13C,6f0472eb,
C849682B,6f0472eb,
FACBB7A2,528cfe2b,1c803c00
22868BE9,528cfe2b,1c803c00
44FF6E6E,6af03758,b9263eb6
A7052F65,cf3df854,91da75ff
7AA0E327,cf3df854,91da75ff
FC0D55E1,cf3df854,91da75ff
A13C5D42,cf3df854,91da75ff
8F10EB32,cf3df854,91da75ff
ABF6E547,cf3df854,91da75ff
30A00592,cf3df854,91da75ff
D26C8ED1,cf3df854,91da75ff
7DEB8731,cf3df854,91da75ff
78AD664A,cf3df854,91da75ff
3F4921A0,cf3df854,91da75ff
64C0C0A4,cf3df854,91da75ff
674B8CC4,cf3df854,91da75ff
2498172E,cf3df854,91da75ff
40148B61,cf3df854,91da75ff
8534DF79,cf3df854,91da75ff
F09AE883,cf3df854,91da75ff
E29F305E,cf3df854,91da75ff
A71AA29D,cf3df854,91da75ff
198D92F3,cf3df854,91da75ff
DBC0081D,cf3df854,91da75ff
8A0380AD,cf3df854,91da75ff
73DDE2D7,cf3df854,91da75ff
A1BE7ED6,cf3df854,91da75ff
C6F376CB,cf3df854,91da75ff
2DD42415,cf3df854,91da75ff
E1E71F1C,cf3df854,91da75ff
F2B31A48,cf3df854,91da75ff
3FFD488C,cf3df854,91da75ff
5F797EB9,cf3df854,91da75ff
9EB466CB,cf3df854,91da75ff
9D70BF43,cf3df854,91da75ff
751AB6D6,cf3df854,91da75ff
CC30B154,cf3df854,91da75ff
B92A0D64,cf3df854,91da75ff
3343D40D,cf3df854,91da75ff
A8B53F08,cf3df854,91da75ff
EE21ED8C,cf3df854,91da75ff
3AC13C43,cf3df854,91da75ff
F2F190D9,cf3df854,91da75ff
80FB6536,cf3df854,91da75ff
E3949CFD,cf3df854,91da75ff
7D69F3DB,cf3df854,91da75ff
BC2B3F51,cf3df854,91da75ff
96AA8540,cf3df854,91da75ff
37BF3778,cf3df854,91da75ff
376E3E16,cf3df854,91da75ff
8C65BFD5,cf3df854,91da75ff
DA80A464,cf3df854,91da75ff
AEA3A539,cf3df854,91da75ff
7AEF1647,cf3df854,91da75ff
AD49DC6A,cf3df854,91da75ff
CF365A01,cf3df854,91da75ff
D27E10E1,cf3df854,91da75ff
170DC715,cf3df854,91da75ff
17DC2137,cf3df854,91da75ff
2D012557,cf3df854,91da75ff
B3338F5E,cf3df854,91da75ff
CE2BEF75,cf3df854,91da75ff
BB869B73,cf3df854,91da75ff
15FE8C11,cf3df854,91da75ff
3C230787,cf3df854,91da75ff
622D6964,cf3df854,91da75ff
3946DBC6,cf3df854,91da75ff
CBB94EF2,cf3df854,91da75ff
4DD88068,cf3df854,91da75ff
595543F2,cf3df854,91da75ff
BEE567C0,8a61fcfa,9ef5f140
E17D1485,db703049,4d0e4b68
D8B35C78,db703049,1198b147
766876AB,db703049,1198b147
250894C7,db703049,4d0e4b68
ECA04B9F,4d2aa08d,c37c518d
13B0A1DF,4d1a6789,ce2ff519
7196ED3B,478beef3,95843486
23EBA80C,478beef3,a78375db
A051FDD9,478beef3,a78375db
CD401961,478beef3,95843486
AF639DEA,478beef3,95843486
EB541974,478beef3,95843486
E4FC193C,cf3df854,91da75ff
9847F789,d3832997,
2834D13F,d3832997,
9DC4184D,d3832997,
93CD2B88,d7d17ea4,c5ef20ea
907C8D49,d7d17ea4,c5ef20ea
5EE280CF,d7d17ea4,c5ef20ea
7BAC9882,d7d17ea4,c5ef20ea
371134EB,d7d17ea4,c5ef20ea
CD993F37,d2ae8ec4,
C56DC876,6d6bd9d6,
E3CE9D38,d4742a59,
E552BA36,db454efc_R,12ba9073
2E03448C,db454efc_R,12ba9073
66D9FAF7,db454efc_R,12ba9073
B1F566A8,db454efc_R,12ba9073
DE02B05C,db454efc_R,12ba9073
227014D6,db454efc_R,12ba9073
6D0BC4DC,db454efc_R,12ba9073
62B8BC8A,29261280,9c548b76
018A6355,29261280,9c548b76
817B52B0,9a1bcb8e,
A6A9F86E,3843a164,
60D979DA,70efdaac,f5a2e2e4
D651E5BF,6d2c7232,096ac2a1
AB93F6DD,0572c369,
71CA47F6,0572c369,
968AF5BF,c9565156,
D67EEDB4,fdeb28eb,
7F0E23FC,29261280,9c548b76
53296602,9a1bcb8e_R,
D86C1BA2,528cfe2b,1c803c00
6B87E6A0,528cfe2b,1c803c00
33911DE3,9a1bcb8e,
47BF8C0D,10fdc479,
1E407B9F,5dd7960c,98074ca8
B3B64F9F,5dd7960c,98074ca8
F0BB9D38,5dd7960c,98074ca8
1C1B355A,27392621,
6A4CDC8C,13eb39b8,d5587553
E8D43BDE,13eb39b8,d5587553
A2D99EAF,13eb39b8,d5587553
1F0190B1,13eb39b8,d5587553
40846C15,13eb39b8,d5587553
11AA0B92,13eb39b8,d5587553
9537D4BF,13eb39b8,d5587553
EE68FBB3,13eb39b8,d5587553
AF147D6B,13eb39b8,d5587553
213251A9,d8d8a30a,
C763D430,a2ca7a20,b0287419
A334AFD5,d1445217,68acceea
6FDA7C3F,a2ca7a20,b0287419
78096C2A,d9e5e245,ab14180f
D46B7687,d9e5e245,ab14180f
D7DE4088,d9e5e245,ab14180f
42E2510E,d9e5e245,ab14180f
E1FF9F0C,478beef3,a78375db
09FDBF9B,d1445217,68acceea
10D28E8C,d1445217,68acceea
2150AB47,3b5a7b6d,9cc30a61
38A3B3CA,3b5a7b6d,9cc30a61
3F23FF10,3b5a7b6d,9cc30a61
A1CA5B07,3b5a7b6d,9cc30a61
AE7EEFA1,3b5a7b6d,9cc30a61
51264DDC,3b5a7b6d,9cc30a61
9B7470CB,71943206,046e87cb
7516054C,71943206,046e87cb
92A9E235,71943206_R,144715b0
8237486C,71943206_R,144715b0
74353A84,71943206_R,144715b0
1E1036CC,71943206_R,144715b0
D3F9EB4C,71943206_R,144715b0
7C077A6B,71943206,046e87cb
08C6FEB4,3b5a7b6d_R,
3CC4970C,3b5a7b6d_R,
399BB8CF,3b5a7b6d_R,
62714329,3b5a7b6d_R,
463840D4,3b5a7b6d_R,
6F586B80,3b5a7b6d_R,
EE331C90,70837db8,
88F02AAC,70837db8,
FEE4B13C,e1d858c4,29bb79f3
D193F740,e1d858c4,29bb79f3
74A84E6E,e1d858c4,3635bef5
908C7353,8360b96e,
1B6C7D9C,8360b96e,
5A1C05D5,8360b96e,
98CE017A,4d1a6789,ce2ff519
55758B7B,93ed436a,06c0287b
2797D85F,eaed0201,94b5e9fa
188F08EE,eaed0201,94b5e9fa
15262B96,93ed436a,06c0287b
333C42AA,93ed436a,06c0287b
1AEA121B,445b286b,a2e500d0
4A92F851,445b286b,a2e500d0
A552DA12,d3c03dc5,10ae97fd
6AF869D0,d3c03dc5,10ae97fd
78BCB213,5fc78951,5a566fda
BB44949B,d3c03dc5_R,21010bad
78467CBA,d3c03dc5_R,21010bad
8D7FBDD6,e6b14267,
5F9C938C,e6b14267,
7044BF3E,e6b14267,
DFF74F5C,86972c4a,
6D02C918,86972c4a,
DC644067,86972c4a,
7A4E9C0D,86972c4a,
E90EBC28,86972c4a,
F60B767F,86972c4a,
45492E9F,86972c4a,
D78773EC,ceea4dbd,95af09fe
6B02D726,ceea4dbd,95af09fe
103CA622,ceea4dbd,95af09fe
6A467779,ceea4dbd,95af09fe
96D511C0,ceea4dbd,95af09fe
11369A91,bd95c249,98c858a7
BEBB8756,bd95c249,98c858a7
FDB66318,bd95c249,98c858a7
45A19761,bd95c249,98c858a7
DA3E4A81,bd95c249,98c858a7
E6098B7E,bd95c249,98c858a7
D6E2CA5F,463449cf,
6F1B0BF0,463449cf,
89568090,463449cf,
1DF1D3FC,463449cf,
63C1F150,0a624cff,
1279F86D,6f0472eb,
42ED9E11,13dd206f,11b95a08
A420B849,bf1d42c2,
2AE29CF7,bf1d42c2,
90FB26B5,bf1d42c2,
A9A80880,7256f639,
1C50EB3A,1b2ad899_R,e9d6a5d4
3155805E,1b2ad899_R,e9d6a5d4
9CACB80F,ed303972,
371D75DE,d2ae8ec4,
1858DF8D,332b1631,
B2F92C39,e9855803,b10dc088
8B72865C,e9855803,b10dc088
621973AA,d671417d,
FA935BF6,d671417d,
0FDABD70,d671417d,
E45FCB76,8ceebacb,4c6047fb
282BF19D,aeb33830,
4D4E44F0,569f3dbd,
E67372D2,569f3dbd,
E64BDFDB,569f3dbd,
35509AC6,569f3dbd,
D56A01AF,569f3dbd,
EC5F888D,569f3dbd,
0146DA99,9a50e160,be3a3a7a
4BB453E1,9a50e160,be3a3a7a
8551257D,9a50e160,be3a3a7a
7C3F11E2,9a50e160,be3a3a7a
D2D4B347,9a50e160,be3a3a7a
20A90234,9a50e160,be3a3a7a
62F7B989,f5f596ab,b0c551d4
2D31BF31,f5f596ab,b0c551d4
63DB88C1,f5f596ab,b0c551d4
C3625586,13dd206f,11b95a08
F0B1DE4C,13dd206f,11b95a08
326AF906,13dd206f,11b95a08
51F83596,09b1917f,
041F818B,09b1917f,
E13691D0,2389e95b,b82f994b
B4D3CFE3,f9ac7e76,e9928328
BCFE1193,f9ac7e76,e9928328
ABD6E8C7,f9ac7e76,e9928328
BC0C4725,3843a164_R,
6C5CCDD8,3843a164_R,
DB752CA4,f2f7e36f,
95A81D45,f2f7e36f,
8173DBC1,a20ec99d,513fe16b
586A8D59,a20ec99d,513fe16b
90351A36,a20ec99d,513fe16b
F470B48E,a20ec99d,513fe16b
2402D44F,a20ec99d,513fe16b
D578716C,a20ec99d,513fe16b
E79B307F,a20ec99d,513fe16b
AA80A775,a20ec99d,513fe16b
FCF03682,a20ec99d,513fe16b
E39219D9,a20ec99d,513fe16b
A30E6B4A,a20ec99d,513fe16b
AC194B65,a20ec99d,513fe16b
A00EF44E,a20ec99d,513fe16b
469D0D57,0a624cff,
2C8D65C8,f2f7e36f,
A8A36CC8,6cf4e8db,ccc5344d
C20557E2,36b37be9,
903E6C12,36b37be9,
E5B8B09E,36b37be9,
A439B516,36b37be9,
E32C6635,552216ed,
B74DE9A7,552216ed,
14301C97,552216ed,
B51B7B4C,552216ed,
8E536F1A,552216ed,
EA568515,552216ed,
C6DD632D,552216ed,
4D3CECF3,552216ed,
E033D498,552216ed,
C9FA5FC7,552216ed,
988274FA,552216ed,
A4C38F37,552216ed,
38E2A28D,552216ed,
E5F08936,552216ed,
3F099701,552216ed,
D84B177A,552216ed,
7F4209F4,552216ed,
FDA8443B,9ba023c7,9af54504
07DC7CCD,9ba023c7,9af54504
0FFDA411,9ba023c7,9af54504
90D54273,bcad34ab,bb26ead6
8A2786E8,bcad34ab,bb26ead6
6E6A3A59,bcad34ab,bb26ead6
A9066DAB,acd6b43e,
C4FAD34B,acd6b43e,
6B7D63B4,bcad34ab,bb26ead6
8EBC02AB,38feff78,16c1699e
F47A7BCE,b75ca633,30f71820
C951102A,b75ca633,30f71820
5853480F,b75ca633,30f71820
52558185,b75ca633,30f71820
BC44C9B9,b75ca633,30f71820
7EBE5306,b75ca633,30f71820
124BEAED,b75ca633,30f71820
D83C69C6,b75ca633,30f71820
DB406BE2,b75ca633,30f71820
42BE9027,b75ca633,30f71820
850D031B,c5155f56,82664c92
E80C9432,d2ae8ec4,
AA106FC1,d2ae8ec4,
1B5B341F,a3096f83,3e1befc7
72D91255,c5155f56,82664c92
EFBB874E,d9e5e245,ab14180f
D5BBE59E,d9e5e245,ab14180f
4608339E,d9e5e245,ab14180f
8A5997F0,06cd664b,f78d6d93
A516C964,c5155f56,82664c92
0DB1869C,c5155f56,82664c92
2971808B,c5155f56,82664c92
5908837C,c5155f56,82664c92
1886C2A2,c5155f56,82664c92
870F336A,c5155f56,82664c92
C32956BD,c5155f56,
50F3D0A9,c5155f56,82664c92
3DF2C332,c5155f56,f8a7f395
448C370F,c5155f56,82664c92
AEF87295,c5155f56,82664c92
B96B3899,c5155f56,82664c92
B9A925C1,7256f639,
8CFE2529,c5155f56,82664c92
D49B9FE9,c5155f56,82664c92
FD9C7DC7,c5155f56,82664c92
B39152F5,c5155f56,82664c92
686B95EA,c5155f56,82664c92
28EEB579,c5155f56,82664c92
E2CAE83E,c5155f56,82664c92
40E22B96,c5155f56,82664c92
A9C31D42,c5155f56,82664c92
67F81C84,c5155f56,82664c92
D2A0D9B7,c5155f56,82664c92
ADADB118,c5155f56,82664c92
55F3EA65,4bca39c1,
4E3ECEAD,bf1d42c2,
15D5679B,bf1d42c2,
07189A2E,e223c4a8_R,26933d4e
605ACDE8,e223c4a8_R,26933d4e
96BAFFB6,e223c4a8_R,26933d4e
BA75F7BA,e223c4a8_R,26933d4e
EE135665,e223c4a8_R,26933d4e
444A2E5F,e223c4a8_R,26933d4e
699B5EA4,e223c4a8_R,0addb0a1
5E2DBA0A,e223c4a8_R,0addb0a1
8FAD39B5,e223c4a8_R,26933d4e
7A3385B8,e223c4a8_R,26933d4e
5282EF74,e223c4a8_R,26933d4e
B4C5A5D4,e223c4a8_R,26933d4e
DDC6853E,e223c4a8_R,26933d4e
394F6B18,e223c4a8_R,26933d4e
C26982F5,1be1f0b5,7248f2b0
7C2A6077,1be1f0b5,7248f2b0
0AF73651,bf1d42c2,
9E78116F,3b0aa0e6,16ad08d1
A3819E89,3b0aa0e6,16ad08d1
9FC06114,3b0aa0e6,16ad08d1
FD319A5E,3b0aa0e6,16ad08d1
0C27DC5E,3b0aa0e6,16ad08d1
45ECBF97,3b0aa0e6,16ad08d1
9F686C64,3b0aa0e6,16ad08d1
81879466,3b0aa0e6,16ad08d1
EBB0C4F3,d8d8a30a,
D3018BE5,3b0aa0e6,16ad08d1
7B00FEC6,3b0aa0e6,16ad08d1
91F49AC7,3b0aa0e6,16ad08d1
A74DB102,6c167ef9,
72AFE78B,6c167ef9,
D4D20D35,7fa7da7a,9e3ae38f
0E0073AE,7fa7da7a,9e3ae38f
E8560BEF,063a9eac,
0BB0A82D,7fa7da7a,9e3ae38f
25D7BA9A,e0aa69be_R,e6901de9
C6DA019E,e0aa69be_R,e6901de9
73C91905,8f8415bf,
67F763EA,b668ef56,
9162842F,b668ef56,
CDF64FED,dde136fc,c96bde0e
0F1CF80F,7c5e4646,
08DF0365,7c5e4646,
676850B0,7c5e4646,
82B061BD,7c5e4646,
4B2701CA,7c5e4646,
5E5BE19A,7c5e4646,
242E644F,7c5e4646,
6AA9235F,7c5e4646,
DDCED919,7c5e4646,
038F27F8,7c5e4646,
372B23E2,7c5e4646,
542759A3,98c41dca_R,
E58CBDE8,98c41dca_R,
E93BA9C5,98c41dca_R,
805C795C,98c41dca_R,
80320F62,a24c964f,
8011DE85,69f5b3e4,98e51d8e
D559A5CE,b553ae75,c0c56b93
21DD9DC1,618f757c,3a4034b2
7D25B9CF,d8d8a30a_R,
9D0BC9F3,d8d8a30a_R,
53EB9D4E,6c167ef9_R,
CC6ED726,6c167ef9_R,
6509865E,40c911f2_R,df0c4cba
9238B4CB,40c911f2_R,df0c4cba
8A3E385D,2781a71f,59dde015
B2B2F7CF,1764d4f5,dab032e1
4867A6A9,b1eea1eb,2cc79f34
455EF6B3,b1eea1eb,2cc79f34
79099B19,b1eea1eb,2cc79f34
7CE7ABC4,b1eea1eb,2cc79f34
C82A7A9E,b1eea1eb,2cc79f34
67DB31F1,431b6d41,c547fdff
9C9BA11C,431b6d41,c547fdff
7C3BA016,431b6d41,c547fdff
547B3C0E,431b6d41,c547fdff
25424C8B,431b6d41,c547fdff
A6AEAD4B,431b6d41,c547fdff
54118C89,431b6d41,c547fdff
73D6C8E4,431b6d41,c547fdff
AC662BFF,431b6d41,c547fdff
163551DE,1e1c0823,
EA07F258,9f13df59,
11F110BF,9f13df59,
200AE021,6eeb41bd,
46790364,6eeb41bd,
B05D8B5B,6eeb41bd,
E9CB8E5D,6eeb41bd,
908B2249,6eeb41bd,
E88715D9,6beb5928,e4fdd9af
6B8FBC00,f282ab29,
D2DD5113,618f757c,3a4034b2
324986C8,618f757c,3a4034b2
B82BB73F,618f757c,3a4034b2
4DFCF454,618f757c,3a4034b2
BB6E7A46,307c6fb4,
3B2A410C,826873ac,
1CAAD405,826873ac,
B1B5554C,223394c4,42fe0035
3B124027,223394c4,42fe0035
6DB5CEEE,223394c4,42fe0035
567F89F2,223394c4,42fe0035
124C7021,223394c4,42fe0035
5D18F813,223394c4,42fe0035
3D6D33A8,223394c4,42fe0035
CCD1133F,223394c4,42fe0035
3C2D0CD3,223394c4,42fe0035
E8A97488,223394c4,42fe0035
EF885D4A,223394c4,42fe0035
816C718E,431b6d41,c547fdff
D2383EC9,4dbc6768,f7e2e625
308CD168,4dbc6768,f7e2e625
99B18132,4dbc6768,f7e2e625
BBF266DE,f7189e6c,1ac2659d
76D2214E,f7189e6c,1ac2659d
F4489743,f7189e6c,1ac2659d
5BCC7D2F,f7189e6c,1ac2659d
841DBF28,f7189e6c,1ac2659d
5A703610,f7189e6c,1ac2659d
DC994DAA,f7189e6c,1ac2659d
3E0BB1E4,f7189e6c,1ac2659d
F10C3263,f7189e6c,1ac2659d
8FDE6A90,f7189e6c,1ac2659d
4A85FB8C,f7189e6c,1ac2659d
BC39C23F,f7189e6c,1ac2659d
A5A01D98,f7189e6c,1ac2659d
8E916CF2,f7189e6c,1ac2659d
4B89BA57,f7189e6c,1ac2659d
EC5104C2,f7189e6c,1ac2659d
0C5E66A9,f7189e6c,1ac2659d
C81B7F90,f7189e6c,1ac2659d
016467FF,f7189e6c,1ac2659d
52823B16,f7189e6c,1ac2659d
E9E43A68,f7189e6c,1ac2659d
0B59EC5E,f7189e6c,1ac2659d
C70CFA99,f7189e6c,1ac2659d
9D5C39DA,f7189e6c,1ac2659d
27CD882E,f7189e6c,1ac2659d
3487F262,f7189e6c,1ac2659d
27C72199,f7189e6c,1ac2659d
F0491003,f7189e6c,1ac2659d
361E82A8,f7189e6c,1ac2659d
584F0341,f7189e6c,1ac2659d
CE813861,f7189e6c,1ac2659d
AFB6B071,f7189e6c,1ac2659d
F6898CE4,f7189e6c,1ac2659d
B54F3367,f7189e6c,1ac2659d
1FCA5CBB,f7189e6c,1ac2659d
9A9E7CC6,f7189e6c,1ac2659d
3AED25E3,f7189e6c,1ac2659d
9D4DD798,a462c915,d7912203
987B8E78,a462c915,d7912203
46ECAFF0,a462c915,d7912203
20C564BA,a462c915,d7912203
9FBD6430,a3d0e687,ee9efe3b
798C0A40,a3d0e687,ee9efe3b
1465C8C5,a3d0e687,ee9efe3b
78DD9CDE,a3d0e687,ee9efe3b
5C3F4BC2,a3d0e687,ee9efe3b
BA4A9D3D,a3d0e687,ee9efe3b
1CA47103,a3d0e687,ee9efe3b
6631F0EC,a3d0e687,ee9efe3b
DC568E7F,a3d0e687,ee9efe3b
A8571A0C,a3d0e687,ee9efe3b
17199204,a3d0e687,ee9efe3b
A1A674CB,a3d0e687,ee9efe3b
12328C6B,a3d0e687,ee9efe3b
F482CE7A,a3d0e687,ee9efe3b
FAC0989A,a3d0e687,ee9efe3b
21FCE5C8,a3d0e687,ee9efe3b
7823451F,a3d0e687,ee9efe3b
7927532A,a3d0e687,ee9efe3b
DAF35666,a3d0e687,ee9efe3b
3C033F63,d83855ed,e59f79e1
05EA109B,d83855ed,e59f79e1
2381066B,45fbad2c,
0CE978AB,d28de71b,a8d96c25
AF1554CA,d28de71b,
700DB354,4fd1ed24,bcfceaba
503C027E,bfc8c5f2,06743f01
4E39D38E,bfc8c5f2,06743f01
24BF7B1F,5b747560,d11ed1ce
855B0D67,5b747560,d11ed1ce
21653F9C,5b747560,d11ed1ce
CD27C27A,5b747560,d11ed1ce
C017F60C,5b747560,d11ed1ce
50319C9D,5b747560,d11ed1ce
7B9B0EC3,5b747560,d11ed1ce
B9D757EB,5b747560,d11ed1ce
61F5A0BB,5b747560,d11ed1ce
A5836219,5b747560,d11ed1ce
BDD983D5,5b747560,d11ed1ce
1F207E9F,5b747560,d11ed1ce
B8537D12,5b747560,d11ed1ce
46838F8D,5b747560,d11ed1ce
FB11BE22,a3bd8e40,
20E3EB11,a3bd8e40,
F0830FDB,a3bd8e40,
3155BC51,a3bd8e40,
C7A3E7C9,a3bd8e40,
AB207723,a3bd8e40,
ED515F79,a3bd8e40,
52F2A266,a3bd8e40,
95B8096C,a3bd8e40,
7D6A305F,a3bd8e40,
FDE5AD69,a3bd8e40,
5A8167EF,a3bd8e40,
1AE7908E,a3bd8e40,
5EBF6999,a3bd8e40,
02612FD9,a3bd8e40,
313F60FB,a3bd8e40,
83760E3C,a3bd8e40,
472D56F5,a3bd8e40,
F7DED922,a3bd8e40,
23624EC6,77d111c6,
C8DDAEB3,77d111c6,
B68EEDF7,77d111c6,
505B84BD,77d111c6,
22670A31,77d111c6,
0EBA448F,77d111c6,
24825D84,77d111c6,
520018EC,77d111c6,
26603994,77d111c6,
56ACDE2A,77d111c6,
70B543D8,77d111c6,
4869B7E6,77d111c6,
8F50E69E,77d111c6,
C3702EBE,77d111c6,
43AD03DD,77d111c6,
8058EE7B,77d111c6,
1C1B02D7,77d111c6,
4EC695B1,77d111c6,
DA054461,77d111c6,
0FD98595,77d111c6,
552A0DAD,77d111c6,
854032B5,77d111c6,
288E06D2,77d111c6,
761C5BBB,77d111c6,
99D4CAD0,77d111c6,
A15F1645,77d111c6,
93CA723F,77d111c6,
F0D94B10,77d111c6,
9C0D8A23,77d111c6,
3B4E4EBF,77d111c6,
C2FCC6C7,77d111c6_R,c1323add
726FB442,77d111c6_R,c1323add
08DB25BF,77d111c6_R,c1323add
1CE3B062,77d111c6_R,c1323add
A08CDDC4,77d111c6_R,c1323add
6C5CDFA5,77d111c6_R,c1323add
3B5D524E,77d111c6_R,c1323add
17C06C10,77d111c6_R,c1323add
C128843C,77d111c6_R,c1323add
10DD8051,77d111c6_R,c1323add
E02BF619,dcbc2b80,4070d000
30BD288F,dcbc2b80,5a97adc5
1124D4F5,618f757c,3a4034b2
AB885DDA,618f757c,3a4034b2
A9AC30BC,618f757c,3a4034b2
C50F6650,dcbc2b80,5a97adc5
D721B2E0,223394c4,42fe0035
9011E0D1,223394c4,42fe0035
4B0DA219,f7189e6c,1ac2659d
FF35CB83,f7189e6c,1ac2659d
40A3DE68,f7189e6c,1ac2659d
D691B612,f7189e6c,1ac2659d
23AEBCA4,f7189e6c,1ac2659d
0757AA30,f7189e6c,1ac2659d
F9639351,4690f6ae,
C12BCF0E,65f9c530,30a8bc55
3C7D1A2A,65f9c530,30a8bc55
8D8D036F,65f9c530,30a8bc55
69F2B08C,65f9c530,30a8bc55
83B6E534,65f9c530,30a8bc55
52B41512,65f9c530,30a8bc55
A121B6D5,65f9c530,30a8bc55
6770ACC6,65f9c530,30a8bc55
84DE1EDA,65f9c530,30a8bc55
D6EAF65D,65f9c530,30a8bc55
BACB1AB5,65f9c530,30a8bc55
4E28D292,65f9c530,30a8bc55
6D3D6B63,65f9c530,30a8bc55
8DDEC235,65f9c530,30a8bc55
C8CB07AF,b7dd854e,
F99C408C,7e898d66,5d81fb5e
C3563F4D,7e898d66,5d81fb5e
FD2B0322,fae09fe9_R,c58c328f
4B1707B3,3a9f45fc_R,351562d5
F8104395,d2ae8ec4,
9099D485,5b747560,d11ed1ce
C77F252E,5b747560,d11ed1ce
0544A4F4,5b747560,d11ed1ce
A29EC248,5b747560,d11ed1ce
2EB3D563,5b747560,d11ed1ce
3C91BEB2,5b747560,d11ed1ce
58C9CBCA,550cc445,8d95b409
D34DAE0E,8121eea6,9c3577ee
6058C598,8121eea6,9c3577ee
6BEAD7CA,8121eea6,9c3577ee
FD03A775,8121eea6,9c3577ee
F274EE7B,692bc934,
872A14C5,692bc934,
F6982328,4d14dd67,
07D09E7A,ea83f2e4_R_R,
EA46843C,ea83f2e4_R_R,
CDC6BE9C,ea83f2e4_R_R,
9F5B8A4E,ea83f2e4_R_R,
A66CA989,ea83f2e4_R_R,
4EC34E4D,ea83f2e4_R_R,
C537300C,ea83f2e4_R_R,
E086C5F4,ea83f2e4_R_R,
172D5B58,32d1a129,cf90c845
60161674,32d1a129,cf90c845
E6256162,e9bc63c0,40fa7f7d
8209EBAC,c7f10193,
25949587,ea83f2e4_R_R,
FE20622E,f9f7d1d4,
6D6CD1B1,d2ae8ec4,
C72AA4E1,d2ae8ec4,
97FED169,d2ae8ec4,
6BC64EC8,d2ae8ec4,
CDFBD8D4,d2ae8ec4,
56F70C22,8035ce7b,dd6662e9
9663C99E,8035ce7b,dd6662e9
B8DD9BB4,8035ce7b,dd6662e9
E2F3E08B,bd8fa0ac,b35adc0f
18C8EF2E,bd8fa0ac,b35adc0f
8A145B31,bd8fa0ac,b35adc0f
889D3B08,bd8fa0ac,b35adc0f
F80126FE,8c882615,25fa10ab
D302EC6C,8c882615,25fa10ab
5F61D8CA,8c882615,25fa10ab
D9EC5AC5,8c882615,
E6E7A9E3,8c882615,
99B63EF9,8035ce7b,dd6662e9
95C4A3BD,d5ba92e2,
B12BFF3D,bd8fa0ac_R,9c69f047
78C4CE35,bd8fa0ac_R,9c69f047
25F2B31E,2ed17419,
CDA081EB,2ed17419,
BF1A01F9,f330997a_R,8334a572
B17C793D,66ee667b,
88DE2128,66ee667b,
2D8F31C2,66ee667b,
76745F7E,87c2df16,4b58464c
B9ECBD4F,81aa8d8a,808691a2
CAAC0E0F,e38d9a01,
70217DFF,6c9c1eb2,8f7ba2f0
9AB0A81F,6c9c1eb2,8f7ba2f0
3CF1C08F,6c9c1eb2,8f7ba2f0
98630DE9,07d80202,
5F8BD4E2,b96ac1b6,
DD3A99C2,b96ac1b6,
68E453E3,b96ac1b6,
BAEF4636,889b52aa,
DFB665F1,889b52aa,
CAADED2D,be1d2a1f,
CDA79D3A,be1d2a1f,
1924EF93,be1d2a1f,
40E72B0B,0955705a,d81102c0
092988FE,33c62164,
C5382D0B,417baf54,a10c465c
4D98A775,417baf54,7588761a
58F9B64E,417baf54,7588761a
EB2B628F,d3832997_R,
6BED42FD,d3832997_R,
4740F0F1,d3832997_R,
A7FC3E03,e3d42630,
4253F522,c1e02ffd,
393327FC,c6374fee,
FDFFBAE5,53ccae7c,
E85D3A2F,53ccae7c,
6DC64B8C,53ccae7c,
045B3A35,53ccae7c,
CFA4A792,53ccae7c,
CE546AA9,53ccae7c,
3F6106DD,53ccae7c,
721E7A0D,c1ccba67,
8C235F26,f1af6bc5,57f72c2d
8C628F96,c1ccba67,
635CF04B,c1e02ffd,
907EEE5F,bd671e9a,
9AC3BE56,afe6e2b1,c6c1f172
AC76AE6B,64e0beee,78352efc
75021FC9,4cf0e59c,
076A52FB,9c4067e7,
2D8B5350,569f3dbd,
BCF885E8,569f3dbd,
2DDB6E54,569f3dbd,
C055F245,569f3dbd,
701D4654,569f3dbd,
F3E63B3D,569f3dbd,
95C8281E,569f3dbd,
EAAD46A0,569f3dbd,
E23E29D8,569f3dbd_R,0c42290a
5A776A1C,569f3dbd_R,0c42290a
96567459,569f3dbd_R,0c42290a
E52DB33E,569f3dbd_R,0c42290a
4F57A60F,569f3dbd_R,0c42290a
D05AE816,569f3dbd_R,0c42290a
3E538C32,569f3dbd_R,0c42290a
8B975454,569f3dbd_R,0c42290a
E3B83FAC,569f3dbd_R,0c42290a
535C2B06,569f3dbd_R,0c42290a
1B43216C,569f3dbd_R,0c42290a
F49A6D86,60f40ada,
5BC553F8,60f40ada,
8C8DBF46,64e0beee,78352efc
B1F7876D,595be804,
91DF89B2,02f52ba2,a47c8818
70F81A46,41a11175,777f8308
1088F27B,be3b0286,f8742e44
2076550D,64e0beee,78352efc
5ECA4D2A,64e0beee,78352efc
B545E401,c888b27e,
651BA529,64e0beee,78352efc
ABDF1061,be3b0286,f8742e44
7A99807C,be3b0286,f8742e44
6ED4A50A,692bc934,
D8719C72,9bb963a3,
D4AEB0A7,21df2146_R,5a1efd0e
B27F6EBD,21df2146_R,5a1efd0e
DE71CA72,21df2146_R,5a1efd0e
7641FFA4,41f3d24b,d76737fe
BD19DD1E,41f3d24b,d76737fe
DCA68919,41f3d24b,d76737fe
C2511DB5,569f3dbd_R,0c42290a
EF374003,569f3dbd_R,0c42290a
E460A229,569f3dbd_R,0c42290a
5A314CEA,569f3dbd_R,0c42290a
F0C3DC8D,52564f46_R_R,5b22e38d
8B6A8B0A,52564f46_R_R,5b22e38d
19ABD7EF,52564f46_R_R,5b22e38d
B93AFD72,52564f46_R_R,
A5D9FB8B,52564f46_R_R,5b22e38d
AD3735F1,52564f46_R_R,
0A994687,52564f46_R_R,5b22e38d
5A531476,42ce14a4,c9b50254
D43E89F7,42ce14a4,c9b50254
6968F25A,e5bd51e8,89b56954
AE7630C1,e5bd51e8,89b56954
519519A8,fe9ab1d4,e7d2f588
ED7F8E8A,fe9ab1d4,e7d2f588
F3E9D450,f959841c,3fdf0c1f
EFCA9413,f959841c,3fdf0c1f
D98335CB,f959841c,3fdf0c1f
361C4F40,f959841c,3fdf0c1f
5BD629F1,f959841c,3fdf0c1f
E1275E3F,f959841c,3fdf0c1f
DE9908E5,f959841c,3fdf0c1f
4BCE86BA,f959841c,3fdf0c1f
C74E7324,f959841c,3fdf0c1f
30AF134A,f959841c,3fdf0c1f
9CA942A8,f959841c,3fdf0c1f
108F5F60,f959841c,3fdf0c1f
E4D141A3,f959841c,3fdf0c1f
CBCBE28D,37fb5af2,
709EDDF0,f2dc5d64,
2364E72E,ea4b911b,64a1b244
3FD1621D,c10aebd1,74ec0229
60F9BCE4,fb49d603,
9783BE37,fb49d603,b897e6d3
14961103,fb49d603,b897e6d3
EE05DDA6,fb49d603,b897e6d3
40F0CF58,ff558d14,
680E0FCC,ff558d14,
8EDF6D5D,7e8c2bd9,
207D1EDA,7e8c2bd9,
9E5E1B6B,02675b67,0a5fde00
99FEE4F3,64e0beee_R,b0048f61
6DF836B7,a6bea126,
5EA56C24,a6bea126,
74D38BF7,772f3ff9,2b7f7950
C03D028D,572a618b,0c6664a4
E2349D1A,572a618b,0c6664a4
83EFDF3B,572a618b,
0B445145,e0dcd96a,e8efb1cd
F18B96A7,29c05707,d5382f8e
CED94744,d1b4c2e3,c5b68a57
6BB78B67,d1b4c2e3,c5b68a57
0BF6747D,bc80be33,
DBC4A9EA,bc80be33,
9A312B38,bc80be33,
8FF279A8,bc80be33,
40932F6F,bc80be33,
C012980D,94849430,1ba72943
96253DE3,94849430,5ea50c9a
A3EEE599,94849430,5ea50c9a
DA738E61,94849430,5ea50c9a
CB00F0B3,e301c427,
1D30C88C,80994271,3f8d928e
84038C0B,80994271,3f8d928e
365C6E63,043a953e,
7BF7366E,8cd2cba4,
1F2BC349,8cd2cba4,
39A4BD7C,8cd2cba4,
6D547C85,8cd2cba4,
AF3AF018,4f7902d4,
71B7CAA1,b87197e1_R,
E8194AF1,b87197e1_R,
3DB4FF98,b87197e1_R,
88710553,b87197e1_R,
E06BF546,94849430,1ba72943
8C7F4505,94849430,5ea50c9a
D7522C6D,572a618b_R,
D7550AF0,572a618b_R,
0BD9FEA0,94849430,5ea50c9a
6197003A,1ba0d936,6f252962
488E677D,1ba0d936,6f252962
7A29CB97,94849430,5ea50c9a
4540C01A,94849430,5ea50c9a
ACFCBD99,94849430,5ea50c9a
2E02D012,bc981eaa,
C9316322,dd7c4130,fe6e0c06
71560AEC,2aa3c78c,cb4cc42e
3AA4365D,dd7c4130,fe6e0c06
6C13F06E,42641baf,df828beb
B129F54C,42641baf,df828beb
3784C1E1,42641baf,df828beb
64843AA0,42641baf,df828beb
A0E23DB9,42641baf,df828beb
E21CC81E,ec26e266,ee667f1d
C31BFF45,ec26e266,ee667f1d
34DEF7A5,ec26e266,ee667f1d
9463CD50,ec26e266,ee667f1d
86A6BF30,21b7637f,44ead6e0
C98A8DFE,21b7637f,44ead6e0
3A7FA018,21b7637f,44ead6e0
1D298B3E,21b7637f,44ead6e0
DFB94318,ce7d5a96,4b6c6c5f
E39026EB,ce7d5a96,4b6c6c5f
800CDF48,2f8ef413,603b158a
EAD583A4,2f8ef413,603b158a
105096AC,2f8ef413,603b158a
74EF4582,81f15e0d,296157d6
16F15562,81f15e0d,296157d6
46997FBF,92eeeece,1a02f81f
6F754504,92eeeece,1a02f81f
4A463A2A,654a0d6d,d274c4d3
569BD27E,654a0d6d,d274c4d3
40CF6608,654a0d6d,d274c4d3
C1E5AB72,654a0d6d,d274c4d3
8D71AAD2,654a0d6d,d274c4d3
B364937E,654a0d6d,d274c4d3
C79038A6,654a0d6d,d274c4d3
E63A9870,75f908d4,e627b47e
EB34D3DE,82ff49e1,517ea13d
E8DB0238,71aa7662,6277f502
C00C1251,82ff49e1,517ea13d
119930FD,71aa7662,6277f502
C78A1F3D,82ff49e1,517ea13d
E40EE20B,a7b0691a,ef87e367
A55073CC,a7b0691a,ef87e367
A664FBD9,a7b0691a,ef87e367
7F6F9EC6,a7b0691a,ef87e367
1923BB6F,a7b0691a,ef87e367
806FD192,a7b0691a,ef87e367
8F4910C1,a7b0691a,ef87e367
908813C4,a7b0691a,ef87e367
F8007BD1,a7b0691a,ef87e367
557E011D,a7b0691a,ef87e367
A7721309,a7b0691a,ef87e367
CA461C55,42641baf_R,4e9f3cca
7C25B7EE,42641baf_R,4e9f3cca
874A0D01,42641baf_R,4e9f3cca
8041EF37,703e7df2,7f22b448
3EFFDF33,2c51c1da,
8BEEEF5A,2c51c1da,
D8272CDB,a7b0691a,ef87e367
A72BFDE1,a7b0691a,ef87e367
1B687F87,a7b0691a,ef87e367
EBA20842,946a77b3_R,
640561A7,21b7637f,44ead6e0
79504EAB,ee1aa234_R,
915833C0,ee1aa234_R,
B574F3D1,f0c525b9,42ab512c
BEF85B47,f0c525b9,42ab512c
CA207E73,daeb2c15,b021420f
579F703F,daeb2c15,b021420f
8A81E8B8,daeb2c15,b021420f
92BFB34F,71aa7662,6277f502
0456CBDE,703e7df2,97fb6b3f
2FF36540,703e7df2,97fb6b3f
7D77BC0F,703e7df2,97fb6b3f
8FAB32D0,703e7df2,97fb6b3f
AD0D3BED,1ba0d936,6f252962
26C646FE,703e7df2_R,
3B354854,aa8c56d9,891d45a5
C67553E0,aa8c56d9,891d45a5
13748CB7,71f43b83,11ec271e
AC18CABE,71f43b83,11ec271e
363A2F4A,0250f3c0,
CA00C9A1,cd42ffef,
399DA153,cd42ffef,
CE50454D,0250f3c0,
F4129B0D,a0c5016b,f3878fa8
8D49EE37,58dda8ff,741b79af
F098E5BE,ca6706f0,
1D27A39B,ca6706f0,
CE26C5EE,ca6706f0,
A351F97A,ca6706f0,
ABBCEB54,ca6706f0,
E475B966,ca6706f0,
FA44CCB7,b63c6260,2d7a4717
8F47E9E4,6d241899,8f8547d6
A3F326D3,aa8c56d9,891d45a5
14B1CE89,acaa788d,
38DBDCD0,acaa788d,
89D4FC5C,acaa788d,
7F1F57AB,b7f33ce4,
D70A58D4,ca6706f0,
C47D869B,b7f33ce4,
389DED32,5afc63fd,
153D799D,5afc63fd,
ABA06BA4,5afc63fd,
01D3B5E5,5afc63fd,
C4C45B04,5afc63fd,
FCC4117C,5afc63fd,
BC65B36C,5afc63fd,
D27BEB32,5afc63fd,
BC0F3964,5afc63fd,
476DBD54,5afc63fd,
C056CB27,b35a3855,5dc34d77
876FF749,b35a3855,5dc34d77
FAA41035,b35a3855,5dc34d77
93F7A610,b35a3855,5dc34d77
35CB2551,b35a3855,5dc34d77
5D6D6373,b35a3855,5dc34d77
487AB073,9b4ddabd,2f250cf5
33283B55,dcbf5c19_R_R_R,1d5de93e
4383A399,722c87eb,3928c761
3FAFA4E1,722c87eb,3928c761
AF0E37FB,722c87eb,3928c761
4FA81D40,722c87eb,3928c761
E71ABA4D,722c87eb,3928c761
B4F597ED,722c87eb,3928c761
AD491190,47ed287a,594b561d
773498AF,47ed287a,594b561d
6858825F,d53ca953,cd981e6a
B7D3A691,d53ca953,cd981e6a
8CC32F4D,d53ca953,cd981e6a
6FB5B30D,11f9d482,ea8378cd
C64B6FE6,11f9d482,ea8378cd
F83C4AEA,d53ca953,cd981e6a
7B97DAEE,d53ca953,cd981e6a
F2218B23,d53ca953,cd981e6a
6B7168F5,d53ca953,cd981e6a
F9BF3DA6,d53ca953,cd981e6a
B2D4B864,0a6f5c83,414201a2
383C6B5B,0a6f5c83,414201a2
BAAE66F9,0a6f5c83,414201a2
B77AA9AB,0a6f5c83,414201a2
481D7FE9,8dbc4e56,88984973
57F2D8A5,8dbc4e56,88984973
76CD8AE8,4fad88d0,b0409420
43388841,4fad88d0,b0409420
3727B71F,4fad88d0,b0409420
42F19B1D,4fad88d0,b0409420
30600995,7510c8ad,
F3208A3F,8b479281,6656e61d
F90290FA,183e7b93,6693fc2b
318DEDEB,8b479281,6656e61d
A27641A0,183e7b93,6693fc2b
BDB0AA88,eef6ad6d,1663bc7f
9D6DDCF6,7510c8ad,
D280F7C3,183e7b93,6693fc2b
4B5D34B0,fd3eec62,
B9B1BEC0,fe9dda14,
5A753B9F,29c05707_R,
3FE25A31,183e7b93,6693fc2b
594E766F,183e7b93,6693fc2b
C093E2C7,295b7ba1,
D2355C8C,295b7ba1,
BD922370,295b7ba1,
CD1B7527,295b7ba1,
885B5E6E,d506d2a4,
F311AACE,d506d2a4,
C436E2F0,d506d2a4,
938C1D0C,d506d2a4,
D1AF1009,d506d2a4,
46876927,d506d2a4,
2D8CBFCA,d506d2a4,
484D5356,d506d2a4,
647D3983,d506d2a4,
8A237851,d506d2a4,
D98E5A11,d506d2a4,
0A37E64B,d506d2a4,
0394FA56,d506d2a4,
9844D843,d506d2a4,
08A0105F,d506d2a4,
EB36F73C,d506d2a4,
5A7AB20F,295b7ba1_R,e8ce62a8
125CD098,d506d2a4,
757B9D6C,d506d2a4,
EC86D1F3,d506d2a4,
1973453E,d506d2a4,
70EBD1F6,d506d2a4,
0D53CF0D,d506d2a4,
18EEDEE5,d506d2a4,
0901F95F,d506d2a4,
3FC6F059,d506d2a4,
F27ED7F3,d506d2a4,
903187B5,d506d2a4,
CCB3C331,d506d2a4,
057BC1CD,d506d2a4,
DEE56EFC,d506d2a4,
73AEA128,d506d2a4,
6F57CC3F,d506d2a4,
BF40912B,d506d2a4,
454EA9F7,d506d2a4,
E8CC7046,d506d2a4,
978D20AC,d8e62113,0a7b3ab6
F83CA792,d506d2a4,
90B12841,d506d2a4,
F544698C,d506d2a4,
3F594DEF,d506d2a4,
A5D80075,d506d2a4,
9C42735A,d506d2a4,
12373817,d506d2a4,
8238CB23,d506d2a4,
04C4B5DD,d506d2a4,
695EA941,d506d2a4,
F0E5FA66,946a77b3_R,
6FB71874,d1445217_R,ea76e936
D7354D68,62a67a03,
145B4A06,62a67a03,
8E17B68E,d1445217_R,
4E38F790,b76a6ecf,74708191
D2BC6797,b76a6ecf,74708191
B658F978,9b3382b6,d922849c
46956FBD,9b3382b6,d922849c
B450D06E,de136281,2bcfe4cf
DF6090C9,074fbebd,ca3aeba6
5CF2B4C2,074fbebd,ca3aeba6
CD34D34A,074fbebd,ca3aeba6
E0FA444A,074fbebd,ca3aeba6
CBBDBD52,b63c6260,2d7a4717
C73947BA,e3d42630,
A70400A5,dea93fe1,384ee2ba
34D3B6E8,190d63e6,
E68B76EC,190d63e6,
0F2F1998,ed1d135f,d6f3f1e1
8538ED8A,ed1d135f,d6f3f1e1
6F737A90,efe7aea0,1a1ccd0f
1AD3588A,efe7aea0,1a1ccd0f
783449C6,ca6706f0_R,ad165415
D7DE3578,ca6706f0_R,ad165415
53649873,ca6706f0_R,ad165415
9636F0EF,643470fa,
8649D838,643470fa,
6E0073CD,578ce830,7aed2366
E0C5E92E,3a9ad52d,
AB835E6B,24b1cd24,
BE19C04A,dc1a74a1,7e966f16
43F31B10,d96259bd,
CA681136,5b93a7f9,
07F50553,295b7ba1_R,e8ce62a8
5925F921,35981987,
186024C6,35981987,
480F391F,35131479,96f962be
AFB22868,35131479,96f962be
4E32522A,35131479,96f962be
45730815,35131479,96f962be
32648F5D,98031d34,e6f1e3a3
6633298C,98031d34,e6f1e3a3
B716BDFE,562a2cc0,2c310cca
5D0425CB,562a2cc0,2c310cca
9D4C89FB,562a2cc0,2c310cca
22FCF133,562a2cc0,2c310cca
4524AE9B,562a2cc0,2c310cca
1B8458BD,562a2cc0,2c310cca
965D79C2,35981987_R,6245a86a
19CF57C1,35981987_R,6245a86a
A5CD8B7C,562a2cc0,2c310cca
A02DB4F5,e32128c2,
206F8CE1,dc1a74a1,7e966f16
9B83E818,dc1a74a1,7e966f16
B605FAD0,dc1a74a1,7e966f16
6406CD41,a9e09a82,
ECC7C380,a9e09a82,
672AB3A6,a9e09a82,
47B5BF14,7edd435c,8b7b738b
1A031547,7edd435c,8b7b738b
EE7C5A4D,3a9ad52d,
0E344B2D,b35a3855,5dc34d77
CC6DD5D2,b35a3855,5dc34d77
EA5EA8ED,79fe70f6,
90D0EEBD,c1e02ffd_R,
E4BEE603,578ce830,7aed2366
614D295A,79fe70f6,
8EA046D6,44656d5f,15e20c1b
1CF2E0AE,e9372765,f90d24f9
6EBB21F1,e9372765,f90d24f9
66F2004B,e9372765,f90d24f9
D174FD0D,5c8fa69d,f19e466c
693C8C70,5c8fa69d,f19e466c
4878ADD5,e1b95f37,db0e7d41
F0425D91,e1b95f37,db0e7d41
449501D8,1d52a159,75a9a6e4
2D7201E8,b8745942,2edf582d
45C4491E,b8745942,2edf582d
3757E1DA,b8745942,2edf582d
9DBEBF54,b8745942,2edf582d
B6D8A5A6,b8745942,2edf582d
85CE2C14,98cee9fd,
49AF1811,b661f006,
A1E3F93A,b661f006,
A9DDBD16,0e3ff513,
6E87636D,dea93fe1,384ee2ba
F0F83553,452b853f,
5BE4AA07,452b853f,
80C6732B,452b853f,
19629A6F,452b853f,
89871C5D,452b853f,
C11D1D00,452b853f,
F4A176A3,452b853f,
F1E9CB4B,452b853f,
D56D1680,452b853f,
34D8C743,452b853f,
EE65465F,452b853f,
CE117A1A,452b853f,
0F9319AF,452b853f,
D23DE29A,452b853f,
AD3FC0AF,452b853f,
267CA65E,452b853f,
7ACDE360,452b853f,
16FE468D,452b853f,
178DD549,452b853f,
2E3F40FE,452b853f,
2EC2F52E,452b853f,
3948F4A0,452b853f,
0FDD9FE0,452b853f,
1521EC6C,452b853f,
B593A976,452b853f,
4A35D852,452b853f,
B1D7B749,452b853f,
C92FB39B,452b853f,
4C711D25,452b853f,
3FC98304,483cf625,
5AF70CF5,483cf625,
6016B01B,483cf625,
85E1B6A5,483cf625,
48CD2E6F,443bb6a5,
26A464BC,443bb6a5,
EE8AEFA0,443bb6a5,
1AF75C90,443bb6a5,
10C7D88F,bd4b9e03,199663a9
2CC8BE79,98da60f6,8620fcd5
FB5C1F9D,ac75fb0e,49e25ae9
B0D97D51,ac75fb0e,49e25ae9
1A42403D,98da60f6,8620fcd5
5BD74A2A,ac75fb0e,49e25ae9
3C0A206E,98da60f6,8620fcd5
93D17DAC,98da60f6,8620fcd5
65BC2F4F,bd4b9e03,199663a9
DC7F2997,bd10040c,d4cf69c5
EB066A52,b3684bb7,ff992940
C100657C,b3684bb7,ff992940
949F976D,b3684bb7,ff992940
A8CA398F,00ee5a8f,62a097f3
75CC0111,966de0ed,
6677C06A,966de0ed,
FACDE922,966de0ed,
285D65B6,966de0ed,
793AD6E9,2858d573,
FA16C05E,2858d573,
BA3D3DBF,07c9cf5e,
F6B931B1,07c9cf5e,
F444DF10,8e82ab49,
724CCC9B,3a9f45fc_R_R,daf77940
ADA0FF1A,ac75fb0e,49e25ae9
C0E572E3,ac75fb0e,49e25ae9
00B6D441,ac75fb0e,49e25ae9
0188C266,8c574652,656819dd
15F52CAA,8c574652,656819dd
A14AF295,483cf625,
FAAF546A,483cf625,
C85681A0,e0caa541,
E80DBCBB,a135450f,5b333d4b
AAD9CA06,a135450f,5b333d4b
F97CD86D,a135450f,ae2aa017
E57DC602,35c66b4b_R,51bd53b5
FE42CC27,35c66b4b_R,51bd53b5
D6737309,58dda8ff,741b79af
E1647831,cf7aa06a_R,
CAF2C7D5,8c574652,656819dd
06BAED42,ac0eb2f3,8d1a24c7
844A4785,ac0eb2f3,d527496c
B7035952,2ad600d0,
79714F9A,443bb6a5,
4CB9C3DE,443bb6a5,
2BC78709,443bb6a5,
1714560B,443bb6a5,
AFDF9110,443bb6a5,
F183D87D,443bb6a5,
CFCDA6B3,443bb6a5,
A582D1FC,5991fe78,
1C4B0101,bec16d19,d6763951
75FB1EC7,cd42ffef,
A2D0EFF8,cd42ffef,
C0C0D021,cd42ffef,
87A1DCF9,e1b95f37,db0e7d41
6933E0A3,526709b7,
4BF1EF42,526709b7,
9C38ED0E,526709b7,
4299D72E,a9e6b1d5,0c99fc15
283B10DA,a9e6b1d5,0c99fc15
ED5994BE,a9e09a82,50336137
2922D8A7,a9e09a82,259378f0
E02455DF,a9e09a82,50336137
4E405D30,a9e09a82,50336137
EC00AE5E,a8f1d738,
6DCF6922,a9e09a82,50336137
BF5B2606,a8f1d738,
46B391E9,d2ae8ec4,
1A3D0F5F,b3684bb7,ff992940
1ADDFC74,b3684bb7,ff992940
AA88E0D0,b3684bb7,ff992940
B6606A27,b3684bb7,ff992940
5067F1EB,b3684bb7,ff992940
61A64006,595be804,
7FA32155,d2ae8ec4,
1B08B56C,1d111030,
545796C6,b3684bb7,
C406B86C,b3684bb7,ff992940
AF744057,d094d755,d4ae9785
B53FCBCA,d094d755,d4ae9785
EC51F2AE,d094d755,d4ae9785
0878A77D,b3684bb7,ff992940
B4D0FC41,b3684bb7,ff992940
BDEA06FA,d094d755,d4ae9785
2B746041,d094d755,d4ae9785
E2D9E621,d094d755,d4ae9785
F68319A5,d094d755,d4ae9785
69E3E2F3,d094d755,d4ae9785
1BA05276,d094d755,d4ae9785
394B603C,d094d755,a9eab4d4
111157CF,dd0d3b32,6484c207
F5220F36,d094d755,d4ae9785
30A23B4B,0daee99f,
242CB5B0,dd0d3b32,6484c207
479B7F74,dd0d3b32,6484c207
29FD18C3,dd0d3b32,6484c207
8CF82A3D,5e06cbbf,
DFD6EDF0,5e06cbbf,
0A305E10,b4e00f19,
334428C8,b4e00f19,
30D64F2D,b4e00f19,
F446C0A6,731e9b14,
F2499662,b8745942,2edf582d
7794E30F,6effb3b0,efa87311
169B2336,6effb3b0,efa87311
EB523EDE,6effb3b0,efa87311
7CA668CC,6effb3b0,efa87311
31999B06,6effb3b0,efa87311
273BB927,6effb3b0,efa87311
E1763734,6effb3b0,efa87311
8105BE11,6effb3b0,efa87311
24B4F993,6effb3b0,efa87311
D4D6C23A,6effb3b0,efa87311
81269FC8,6effb3b0,efa87311
40C3CE4B,6effb3b0,efa87311
25C61587,6effb3b0,efa87311
E9FD3521,6effb3b0,efa87311
A7A37FAC,6effb3b0,efa87311
623F5FA3,6effb3b0,efa87311
9F599804,6effb3b0,efa87311
7CA1EC4B,6effb3b0,efa87311
D3382303,6effb3b0,efa87311
3B71DE5A,6effb3b0,efa87311
D33C5AFF,6effb3b0,efa87311
050174F6,6effb3b0,efa87311
1AD29D27,6effb3b0,efa87311
3874DB19,6effb3b0,efa87311
289C75E9,6effb3b0,efa87311
97D2EF05,6effb3b0,efa87311
F5A5BEF9,afc15efb,0bbc1cad
CC25A2A2,6effb3b0,efa87311
B20CDA28,6effb3b0,efa87311
CDBBBADF,6effb3b0,efa87311
6B337343,6effb3b0,efa87311
71D378F2,6effb3b0,efa87311
EF7CAAA1,6effb3b0,efa87311
10CE0EBF,6effb3b0,efa87311
C9D680A0,6effb3b0,efa87311
6D2FC264,b4e00f19,
F471741F,380ef779,
4F946B40,380ef779,
FA251813,a2a8694c,
4817580C,a2a8694c,
B7C31A72,a2a8694c,
927FE93D,a2a8694c,
A2995790,a2a8694c,
43FBA707,a2a8694c,
93C2C8CE,a2a8694c_R,
0B16E612,a2a8694c_R,
5197A256,7fef4752,ed68b0f9
72CCF65C,7fef4752,ed68b0f9
2E88652F,9b6dadf4,446ccb6e
6946D4F4,9b6dadf4,446ccb6e
9EEAC30D,9b6dadf4,446ccb6e
DE3E434A,80377580,
EEB7830D,84da8926,
5086A72A,86a0e98c,72c4e3ef
F26B07C2,86a0e98c,72c4e3ef
557C054E,86a0e98c,72c4e3ef
4F3B75DD,cdcc1d38,7fc09f21
032F8281,fbcaf47b,a914a5be
D0EA4472,ac9b982e,f493b93b
8073A93F,58d7e40a,e247f899
FD8FCDF7,58d7e40a,e247f899
8D12A4E7,58d7e40a,e247f899
869727BC,5e06cbbf,
83D3B6D9,4fc5a15a,545e21eb
E7483324,4fc5a15a,545e21eb
E884DF0E,5e06cbbf,
8997562D,2ad600d0,
EBDF8678,d2ae8ec4,
C7382100,b2b31d01,626dbf1d
3F887A56,ac75fb0e,49e25ae9
9D7F78D8,ac75fb0e,49e25ae9
6A05F41D,ac75fb0e,49e25ae9
60049CAB,6c9e6c6a,f17b7f6f
AB17BC87,b3684bb7,
F7C4849F,91c5d154,
38D9E4FF,e4f5197b_R,
AA4642B4,e4f5197b_R,
74188F70,e4f5197b_R,
857C4951,e4f5197b_R,
8EB064AE,e4f5197b_R,
871944D4,e4f5197b_R,
3E1F918E,e4f5197b_R,
5AF16A65,e4f5197b_R,
04FFDFDF,e4f5197b_R,
C1EA0959,e4f5197b_R,
C835FDAD,e4f5197b_R,
30F017AD,e4f5197b_R,
6CBFCCBC,b3684bb7,
7F8DBE26,7ec574f6,6f0dc30a
4DF64FA3,7ec574f6,6f0dc30a
CB50F526,7ec574f6,6f0dc30a
74060835,7ec574f6,6f0dc30a
48B0D0F5,7ec574f6,6f0dc30a
9C6BA413,a9e09a82,50336137
AF510202,523099ce,57e2ef41
8CEF79B7,523099ce,57e2ef41
DBD35B04,077b8cc6,855c872b
CFDD63EC,077b8cc6,855c872b
30C84FE6,077b8cc6,855c872b
FBCD9D7F,077b8cc6,855c872b
7845A484,077b8cc6,855c872b
0FD69FEE,077b8cc6,855c872b
7A8E8BCF,077b8cc6,855c872b
18630360,077b8cc6,855c872b
881FB9A0,077b8cc6,855c872b
0277FC72,077b8cc6,855c872b
77F9A265,077b8cc6,855c872b
E99B43A3,077b8cc6,855c872b
1A626673,077b8cc6,855c872b
2D618CA5,077b8cc6,855c872b
19B2EA34,523099ce,57e2ef41
CCEBAA4D,523099ce,57e2ef41
ECB250ED,523099ce,57e2ef41
34DAB31E,523099ce,57e2ef41
2DB2C923,523099ce,57e2ef41
2D0ABF63,93d06553,
901B1B69,93d06553,
A6AD2F5B,93d06553,
910CDF8E,b55355c0,
07E0373D,b55355c0,
6670AA05,b55355c0,
5B8ED6AA,6bdb13f3,
9BC0A889,6bdb13f3,
1DEE60AC,6bdb13f3,
4244CB27,6bdb13f3,
CB0CF7D1,6bdb13f3,
FCD788A6,6bdb13f3,
8668183A,6bdb13f3,
125463B4,db741bfd,ea4d448e
3CDDEBA8,835cbd10,253403c7
48EE53D6,835cbd10,253403c7
AFC0BF1A,835cbd10,253403c7
ABE72093,3b723e67,fd9fffa2
23749114,7cd33926,f0c0c02f
A07D058C,7cd33926,f0c0c02f
4C142045,7cd33926,f0c0c02f
568DDF0A,7cd33926,f0c0c02f
6C57E5C6,7cd33926,f0c0c02f
E5F7642E,7cd33926,f0c0c02f
E8CB5210,7cd33926,f0c0c02f
7F806FAA,7cd33926,f0c0c02f
B28A5FDA,7cd33926,f0c0c02f
3966949A,400b6b42,
C4CBFA57,400b6b42,
1E8ACF36,400b6b42,
AAC8FAEE,400b6b42,
FD509917,400b6b42,
C48658BC,400b6b42,
27C65A28,400b6b42,
94662553,400b6b42,
A1F70D24,400b6b42,
BCBB0993,400b6b42,
8EA00AF5,400b6b42,
943CE056,400b6b42,
13E3577D,380ef779,
44F9466D,380ef779,
EADFCFF5,380ef779,
58E444AE,380ef779,
A9D5BFBF,380ef779,
C54A37BC,380ef779,
A0E52BD2,380ef779,
6789F1F4,380ef779,
9F7C2EB3,380ef779,
CE00FB78,380ef779,
C663E066,380ef779,
B48302F5,380ef779,
97F425F7,380ef779,
D647C165,380ef779,
D4A88070,380ef779,
17BFD80E,1145a39b,ad4958fc
45B34B18,1145a39b,ad4958fc
39DD96D5,1145a39b,ad4958fc
A0D47375,1145a39b,ad4958fc
6603E05D,1145a39b,ad4958fc
662122BD,1145a39b,ad4958fc
62B3FABC,f1e9761a,
151D6D59,400b6b42,
4F11D6CF,74420eea,ee9a9abd
9B44C4C7,74420eea,ee9a9abd
C44A7DAC,74420eea,ee9a9abd
58312BFC,74420eea,ee9a9abd
A7C72CDC,5990c55c,0db2728c
8F4BC292,5990c55c,0db2728c
5B4879E1,5990c55c,0db2728c
EA001713,5990c55c,0db2728c
34F70634,5990c55c,0db2728c
A4F0B391,835cbd10,253403c7
A5D596DC,835cbd10,253403c7
1684F9FD,835cbd10,253403c7
510D0C1F,835cbd10,253403c7
2265FDEA,835cbd10,253403c7
B9551599,835cbd10,253403c7
DFD6D625,78eaf589,
157FE92B,80230228,71078c3d
84AB6E48,80230228,71078c3d
219BE2A3,c1c6e484,b7dfe05a
D8D7AE8F,c1c6e484,b7dfe05a
DF9AAC3F,79fe70f6,
9D174E61,0f65a531,
2A7B72C4,35037792,
FD401631,e79f1981,
732E42FA,e79f1981,
79555C3D,e79f1981,
DC2F9144,e79f1981,
46FB77B1,e79f1981,
D213A217,e79f1981,
E0817880,e79f1981,
95B90626,e79f1981,
AB03598A,e79f1981,
40DA706B,e79f1981,
0844A574,380ef779_R,dec714b6
92A7F076,380ef779_R,dec714b6
F7CBBFF8,380ef779_R,36252ad0
E3B97EEF,380ef779_R,36252ad0
AF93F0C9,4d5d44fc,
3A326E18,50aea368,d21d3a36
B3AE9B5D,50aea368,d21d3a36
90F25D93,50aea368,d21d3a36
F7DA3E59,e78fd514,61e6dcf1
19BED10B,e78fd514,61e6dcf1
632D47E8,c732d3c1,a3b0e967
A37DD85B,c732d3c1,a3b0e967
EA56D6A8,c732d3c1,a3b0e967
1575AEC4,c732d3c1,a3b0e967
2BE2D27E,c732d3c1,a3b0e967
BB3B28E7,c732d3c1,a3b0e967
E34BBA49,c732d3c1,a3b0e967
B9A334D2,c732d3c1,a3b0e967
E2DA273D,c732d3c1,a3b0e967
518C1310,c732d3c1,a3b0e967
022E8AAC,c732d3c1,a3b0e967
3AAA4715,c732d3c1,a3b0e967
34AEE517,c732d3c1,a3b0e967
7BCEADFE,c732d3c1,a3b0e967
7D24E3BA,c732d3c1,a3b0e967
65E0BA9E,0f65a531,
7041FA91,f63dd79e,1665ed4c
81D597AB,d2ae8ec4,
9C0A67DB,d2ae8ec4,
983DB7C2,d2ae8ec4,
9A489D94,35c0715b,
3CC6FEED,d2ae8ec4,
82F25F78,c51491ab,
19348AB1,c51491ab,
CB7D448A,c51491ab,
175DEFF1,c51491ab,
A2DE2A7C,c51491ab,
1930790C,c51491ab,
743D9738,5afc63fd,
EECC80DD,6f9f80c4,7ffbf00d
3A805D73,6f9f80c4,7ffbf00d
429783C4,071a38bb,
F4884E8D,071a38bb,
3C90180E,067fbcb9,d7f2dad3
D6FCF8E3,c51491ab,
77834085,c51491ab,
47F75DC1,c51491ab,
E2768531,c51491ab,
2E268B05,c51491ab,
7C350888,b7a74af6,239d8bde
445BA3A2,b7a74af6,239d8bde
26DADBEE,b7a74af6,239d8bde
B5170A85,b7a74af6,239d8bde
38198846,b7a74af6,239d8bde
F40A8CF6,b7a74af6,239d8bde
4A4550FB,b7a74af6,239d8bde
99FA4102,b7a74af6,239d8bde
13CCB1A8,b7a74af6,239d8bde
73949AEB,b7a74af6,239d8bde
32C11974,b7a74af6,239d8bde
1AF948FA,b7a74af6,239d8bde
013C266D,b7a74af6,239d8bde
52D084BA,b7a74af6,239d8bde
1F5D699C,b7a74af6,239d8bde
70E931DA,b7a74af6,239d8bde
EAF82277,b7a74af6,239d8bde
C16BA8F4,b7a74af6,239d8bde
82396E7E,b7a74af6,239d8bde
41EFA808,b7a74af6,239d8bde
572751DA,b7a74af6,239d8bde
2567830B,b7a74af6,239d8bde
2B7303B4,b7a74af6,239d8bde
E9E90108,b7a74af6,239d8bde
B94F4EBD,b7a74af6,239d8bde
ACC987C0,071a38bb,
0F973287,071a38bb,
5AE5A5D1,4a00322a,ae6c769e
697CB184,44e79ee9,
B36BCFFA,97f5e5f5,
EC890920,97f5e5f5,
A2ECE506,97f5e5f5,
29EECA60,97f5e5f5,
20B67676,97f5e5f5,
EFB238FF,97f5e5f5,
340896A4,4d33ac46,
10852CF4,b7a74af6,239d8bde
727D63CB,b9cc99ae,06711cda
CE266FBC,b9cc99ae,06711cda
68B06FDA,efe1290c,7b8e9eed
EE3252F2,4d5d44fc,
3B26266E,bf1d42c2,
01D74E9A,4d5d44fc,
3D6F36ED,063b2b9e,
56A575DE,063b2b9e,
0205FF7D,e5f41478,568586a3
0B9EF0D1,e5f41478,568586a3
80044F40,e5f41478,568586a3
7628A1EB,e5f41478,568586a3
0DA53088,e5f41478,568586a3
D07812E3,e5f41478,
C7E2DF90,e5f41478,568586a3
22D0E070,efe1290c,
0B9524F0,2e2e84da,
190CE9C1,2e2e84da,
1A4BB56D,2e2e84da,
4AD514B6,2e2e84da,
1DF0E1EF,4ffd707b,
AB63BAD3,1e1c0823,
F1B87C76,4380a38c,
C203ACCB,ff88de74,696cccf4
554218AA,55a4b549_R_R,
71468B8B,55a4b549_R_R,
0191A700,ee839688,
F84F0C45,f5aff34d,
731AD428,f5aff34d,
F04AA9A7,571f1547,4eab3ab0
9BD1B860,ee839688,
9F36C89A,5b93a7f9_R,ddd9ce04
B19A17EE,5b93a7f9_R,09c200a3
F4042149,5b93a7f9_R,09c200a3
77B2D839,5b93a7f9_R,ddd9ce04
43FAB4E3,5b93a7f9_R,ddd9ce04
E8E91EE0,f4ce22bc,
F6CFCC46,5b93a7f9_R,09c200a3
DDF6A171,5b93a7f9_R,09c200a3
4F26600C,5b93a7f9_R,ddd9ce04
5155F246,5b93a7f9_R,ddd9ce04
F9F0A422,ea060484,
645A1318,5b93a7f9_R,09c200a3
4603A967,5b93a7f9_R,09c200a3
9A1AE60B,5b93a7f9_R,09c200a3
F1AC1C80,5b93a7f9_R,09c200a3
DB5FFCDC,5b93a7f9_R,09c200a3
FEEFA0AC,5b93a7f9_R,09c200a3
0434EEAC,5b93a7f9_R,09c200a3
8BEAC924,5b93a7f9_R,09c200a3
E1A42ABA,5b93a7f9_R,09c200a3
1F3461D6,5b93a7f9_R,09c200a3
96F7CD41,5b93a7f9_R,09c200a3
DA7DC8DE,5b93a7f9_R,09c200a3
54D33922,b8e68be0,
4CA72F02,5b93a7f9_R,09c200a3
03371F6C,5b93a7f9_R,09c200a3
35B1ED03,5b93a7f9_R,09c200a3
1C68C159,5b93a7f9_R,09c200a3
D6DF3881,86a2e6eb,7f7e13f4
3AE56802,86a2e6eb,7f7e13f4
330D0F5C,75ce070c,cb1b8cf0
79872BCA,75ce070c,cb1b8cf0
BC3CD603,ff88de74,696cccf4
CD924529,b2858d09,6d2c4ec1
4C413D42,e4e38759,b963208f
703F689A,7ce2d1d0_R,
FF4E2B3A,7ce2d1d0_R,
9433F40E,7ce2d1d0_R,
2A7EC065,d3132d67,1c2cccb9
66D11874,d3132d67,1c2cccb9
8E8C7892,d3132d67,1c2cccb9
138A7330,d3132d67,1c2cccb9
01D79222,d3132d67,1c2cccb9
DCD9158A,d3132d67,1c2cccb9
0FEBA819,d3132d67,1c2cccb9
AAC072EF,d3132d67,1c2cccb9
8B77FD1D,d3132d67,1c2cccb9
FF7761F2,d3132d67,1c2cccb9
BDD83992,8410c756,
31F6498E,98780ff0,
858B39EC,98780ff0,
C2C1D168,98780ff0,
D2FD09F9,98780ff0,
BCF9E868,52014c76,
015CFA84,8064bf6d,
8738C301,82d5113d,
00103EB8,a97663a5,
682FF41C,a97663a5,
A88E1505,a97663a5,
682D6662,a97663a5,
E6F35C71,a97663a5,
7ED2BCC0,a97663a5,
DADB52B5,a97663a5,
4AB230A2,a97663a5,
6666DCF7,42466276,
AEAFC92C,42466276,
346CFE17,42466276,
2C9A216E,42466276,
33689BC6,42466276,
C19B3530,92dcd16e,2f2eb80f
EF1DFD5C,92dcd16e,2f2eb80f
17EBFC5D,364f5267,
E6936505,8912705f,
84C73508,8912705f,
62C2D12A,8912705f,
AAA7EA7C,8912705f,
5F6D261E,8912705f,
99801996,8912705f,
D497FAF6,8912705f,
F1C3E8A4,8912705f,
294B41AE,8912705f,
1CDD125E,8912705f,
2442C930,8912705f,
6BA8C627,8912705f,
68E4DFB0,8912705f,
29C2C7C9,a1d857d0_R,
B93483EF,2bd74ea1,
264B4AD2,5ae3293c,
5CC1E156,a0ec5ba0,a807db53
AA118D73,a0ec5ba0,a807db53
90711CCD,5ec2c533,
0F35D85A,633e4d6c,5a0d8751
5E67DC99,633e4d6c,5a0d8751
01A04859,633e4d6c,5a0d8751
011094A0,633e4d6c,5a0d8751
4DDA4E80,633e4d6c,5a0d8751
6C320C68,633e4d6c,5a0d8751
38F0217F,b6ba84a0,
BAB0F916,b6ba84a0,
FEF16DCD,db1c8dee,
014305D6,9450c5c7,
2F2FAB1D,485ef92a,48efeec9
0C176E67,1fba4337,
4D3F4495,9855338c,
E9905A2C,9855338c,
C0EB9B26,9855338c,
BA0DD03F,9855338c,
3ADC207B,ab7ac601,
CD841E73,ab7ac601,
C17AA54D,ab7ac601,
2B326A54,ab7ac601,
485C33C2,ab7ac601,
D5C3F05C,ab7ac601,
4E2EB6BF,ab7ac601,
47440D79,ab7ac601,
C5FB749D,ab7ac601,
2295A5F6,ab7ac601,
3AD3292F,ab7ac601,
DD73F5B6,ab7ac601,
DC9726D1,ab7ac601,
FEFA1DDF,ab7ac601,
27029E0B,ab7ac601,
176ECC7F,ab7ac601,
9A195DE2,ab7ac601,
CD3396F5,ab7ac601,
F15F7B50,ab7ac601,
15B454C0,ab7ac601,
3ACA7C71,ab7ac601,
D1AF9C0D,ab7ac601,
AB7ED924,ab7ac601,
4711BA8A,ab7ac601,
BC620E8D,ab7ac601,
BEBA2F61,ab7ac601,
FB0378BD,ab7ac601,
9180B778,ab7ac601,
1058583F,ab7ac601,
FE975193,ab7ac601,
BFF10521,ab7ac601,
36FAAE2C,ab7ac601,
90F7C10A,ab7ac601,
03F862F0,ab7ac601,
1C18471F,ab7ac601,
E01B63D9,ab7ac601,
E9C49788,ab7ac601,
A5278FF7,ab7ac601,
1CABE714,ab7ac601,
19B8CD5B,04312b02,
24A9541C,04312b02,
527B8F94,04312b02,
849269F1,f804b6f2,753f111b
02579CB7,f804b6f2,753f111b
9D3DF5A1,f804b6f2,753f111b
5403DFA7,9855338c,
0538100A,9855338c,
0B661708,f804b6f2,753f111b
E3B50C2A,04312b02,
6FBCE7B3,b9d64bc5,
12B6301A,9855338c,
C7786D00,65f9c530_R,
3088DF57,65f9c530_R,
159D6688,65f9c530_R,
EA47B2B1,65f9c530_R,
6537C51D,65f9c530_R,
DADD9BD4,65f9c530_R,
9434B01B,65f9c530_R,
E283DF13,65f9c530_R,
179F85A8,65f9c530_R,
68CB243C,65f9c530_R,
1CCE180A,65f9c530_R,
343D09B6,65f9c530_R,
A024915D,65f9c530_R,
D40B6FCC,65f9c530_R,
E0F10004,8a24c671,
022A2035,8a24c671,d7076957
5451D01A,85e7a379,b5b5edff
B51F5212,85e7a379,b5b5edff
BB625F0B,85e7a379,b5b5edff
AF166296,85e7a379,b5b5edff
642A80A2,85e7a379,b5b5edff
D87CC9DF,85e7a379,
59744668,85e7a379,
117755B1,85e7a379,b5b5edff
F92EDC57,85e7a379,b5b5edff
68D8A8DD,03ca69ed,
E5A83888,df68b595,
FC323A2F,df68b595,
A7F7D41A,df68b595,
4D03E832,df68b595,
4F396B57,df68b595,
5D555146,df68b595,
424A7EA5,df68b595,
0AEF80FC,df68b595,
A541A464,df68b595,
8E0BA72F,df68b595,
607C8E0D,df68b595,
EAE63F7B,12e2ac26,4f3eaf5a
D112D7BC,12e2ac26,4f3eaf5a
605960D1,12e2ac26,4f3eaf5a
28F360F3,08845b10,
86513E8F,66a4142f,
CE265822,160df5d4,
DAE68B3A,ea060484,
9B8B81B3,96b3700b,786a7d6e
F36123B0,988d053e,f64f85b9
0C586481,988d053e,f64f85b9
398AE96C,988d053e,f64f85b9
E7F80668,988d053e,f64f85b9
87D47E95,988d053e,f64f85b9
12B0794D,988d053e,f64f85b9
703CCD34,988d053e,f64f85b9
0880349E,6ebc969f,ab754ec6
E98B9119,c25244b0,994bb731
8E16F511,c25244b0,994bb731
63034313,c25244b0,994bb731
1303DFD8,6ebc969f_R,c5c56b68
20B79EF0,6ebc969f_R,c5c56b68
C653E3BA,35bd023c,
6053739F,35bd023c,
9FFFAC5D,cf0bba75,
3BCAA1E9,cf0bba75,
A6668732,cf0bba75,
BBA167C9,96b3700b,786a7d6e
6C299798,96b3700b,786a7d6e
DAB9CDAD,96b3700b,786a7d6e
53240CDA,95cbafe4,
C1F8CA1D,95cbafe4,f3615d98
F9D1FC6D,b51322d9,
BEEA902E,b9d64bc5,
1BBD0481,b9d64bc5,
922EC145,b9d64bc5,
FCF2772A,b9d64bc5,
2CEAC4F3,b9d64bc5,
0484CA29,b9d64bc5,
EAEBB338,b9d64bc5,
E6896E14,b9d64bc5,
469C803C,b9d64bc5,
E353B7CB,b9d64bc5,
7895584F,b9d64bc5,
4AA4A837,b9d64bc5,
04DA0A39,b9d64bc5,
5FD7D434,b9d64bc5,
F10ABC9E,b9d64bc5,
E43A58E8,dda9617c,
A9291152,d2ae8ec4,
5B4B8C62,d2ae8ec4,
C96A5264,61e987ff,
4180C29A,61e987ff,
D7C5F64B,61e987ff,
A0B13BE2,61e987ff,
FE04240B,61e987ff,
B3F61991,61e987ff,
F34C2BA1,61e987ff,
963A7F04,61e987ff,
A479E229,61e987ff,
37B2E7F5,61e987ff,
62869484,61e987ff,
6286D109,61e987ff,
80342CF9,4e79a3df,82272c62
05DA1C8A,4e79a3df,82272c62
7BF1F8F0,4e79a3df,82272c62
C1ABAE52,4e79a3df,82272c62
8C95774A,4e79a3df,82272c62
D549EF8E,61e987ff,
F292CC27,61e987ff,
6973ABF2,4e79a3df,82272c62
0F65CA7F,4e79a3df,82272c62
26D18BAE,4e79a3df,82272c62
1CDE0E21,4e79a3df,82272c62
57133B4C,4e79a3df,82272c62
EAF8B599,4e79a3df,82272c62
85C3CCE2,4e79a3df,82272c62
0A6EDD06,4e79a3df,82272c62
754ABF8A,4e79a3df,82272c62
0594E30E,4e79a3df,82272c62
7FD86A39,4e79a3df,82272c62
59F515F0,0ce4ef31,f6077f11
B2013A31,4e79a3df,82272c62
F2E505D8,4e79a3df,82272c62
094EBDEE,4e79a3df,82272c62
BC825E4B,4e79a3df,82272c62
E48757FE,2c26a90e,fe11343c
9ED216E5,95cbafe4,f3615d98
4696E3BD,a7f73f8b,c7109913
42FA6381,a7f73f8b,c7109913
44488731,a7f73f8b,c7109913
5197CCDF,a7f73f8b,c7109913
CCB68518,c59924d1,c478b74d
36DADC84,c59924d1,c478b74d
BB573AF8,c59924d1,c478b74d
D05B3E3F,c59924d1,c478b74d
579DE7DF,c59924d1,c478b74d
7E0B8B71,c59924d1,c478b74d
6AF6DB6C,c59924d1,c478b74d
D3673AA5,c59924d1,c478b74d
0B024B1C,c59924d1,c478b74d
AE3983A3,c59924d1,c478b74d
A8CBB1CE,c59924d1,c478b74d
D9580BCE,c59924d1,c478b74d
12C7EFEF,c59924d1,c478b74d
A99826D2,c59924d1,c478b74d
D62F3757,c59924d1,c478b74d
7983C7A9,80896a7e,
CAF91014,04b0b0d0,1ad69502
BF9EFEBA,04b0b0d0,1ad69502
45DBD14F,db5614c9,9bb37681
B97887F0,db5614c9,9bb37681
91C06C12,db5614c9,9bb37681
E9502E9B,db5614c9,9bb37681
9026BE6A,c59924d1,c478b74d
822FA2D3,c59924d1,c478b74d
63EEBBC5,c59924d1,c478b74d
3ED80DDE,c59924d1,c478b74d
478F5D07,c59924d1,c478b74d
2F52DCB8,c59924d1,c478b74d
5B22A742,c59924d1,c478b74d
5C216FB0,c59924d1,c478b74d
8CD3BE60,c59924d1,c478b74d
655E8F97,c59924d1,c478b74d
D06E3BC1,88022c50,e4db7294
C44B0034,c59924d1,c478b74d
7374F4DF,c59924d1,c478b74d
24125FB9,c59924d1,c478b74d
4D2F0E1C,c59924d1,c478b74d
16530336,c59924d1,c478b74d
916BC547,c59924d1,c478b74d
621122CD,c59924d1,c478b74d
1C8B46FC,17172ad5,
69183167,c59924d1,c478b74d
E4216314,d79fa1ba,
80B767CD,b51322d9,
CDDB8F87,b51322d9,
D7EA631A,c89ced0d,6e4a28e5
CB171C94,c89ced0d,6e4a28e5
FADDC761,c89ced0d,6e4a28e5
4FA41052,c89ced0d,6e4a28e5
FD8F14BF,c89ced0d,6e4a28e5
E2DD93A7,c89ced0d,6e4a28e5
E6E7B5D9,c89ced0d,6e4a28e5
760F80FA,c89ced0d,6e4a28e5
DBF7E2AB,c89ced0d,6e4a28e5
F514689F,fe6a3ba0,
62F9B510,fe6a3ba0,
64B03B42,fe6a3ba0,
275E2AE1,fe6a3ba0,
87590C8E,fe6a3ba0,
0AA9BF27,fe6a3ba0,
3ED02F6F,b51322d9,
8973FC27,b51322d9,
C3A988DA,b51322d9,
AA6285FB,b51322d9,
DF8DF10A,b51322d9,
658DA362,b51322d9,
D7060418,b51322d9,
E7EEFF3C,b51322d9,
D01DA36B,c59924d1,c478b74d
DC08C6C8,f1de0d60_R,
72DF91F9,c6bd5684,8b7e3eb6
3C848C18,20161b11,67ce6686
65C3D342,3431fd68,
8ED9C5CC,3431fd68,
381B795B,e50b784b,
2594F5FF,b07c1c91,
3DE9A438,b07c1c91,
CC541E34,a9954f17,2674d1b6
48F8405D,a9954f17,2674d1b6
B910EA87,ee1aa234_R_R,
DEF763F0,ee1aa234_R_R,
4F22C535,267f26a7,
0889DBA0,267f26a7,
75042B76,3431fd68,
CF89A9B6,3431fd68,
E5BD1CAC,6a70c942,426d8b3d
96EF9608,65f9c530_R_R,
12E7B7E5,65f9c530_R_R,
BB4FD33D,65f9c530_R_R,
B6FF542F,65f9c530_R_R,
507E44C0,65f9c530_R_R,
A7AE343C,65f9c530_R_R,
69A68ED9,65f9c530_R_R,
39A42F33,65f9c530_R_R,
77BF9B3E,65f9c530_R_R,
0922D1B1,65f9c530_R_R,
D8F503EA,65f9c530_R_R,
2E1BF967,65f9c530_R_R,
754420AD,65f9c530_R_R,
FB181141,65f9c530_R_R,
5A44774D,267f26a7,
DF76F32F,1cf195f0,894cf1a3
CF3284C8,9125eb1d,1072c811
9E32F2F6,9125eb1d,1072c811
F1A60F26,a61d759d,d8872063
2B08B64A,a61d759d,d8872063
C686BEDF,1cf195f0,4895fc8d
90F79FEA,1cf195f0,4895fc8d
20F4F5BC,1cf195f0,4895fc8d
FEA72135,1cf195f0,4895fc8d
D93C6DE3,1cf195f0,
582642B0,1cf195f0,4895fc8d
00FA2523,66c58bf5,
F4F5FDBA,66c58bf5,
6591F04F,e50b784b,
0505087E,3431fd68,
109188ED,3431fd68_R,b5d34526
31A26633,3431fd68_R,b5d34526
2A7CD094,3431fd68_R,b5d34526
86C5AEA5,3431fd68_R,74a7f9e3
DFCF4AC8,7d72cd72,
36750CD7,43733171,b45bc3bd
CF556F54,43733171,b45bc3bd
00FB1B94,43733171,b45bc3bd
D9DE9CA9,d2ae8ec4,
1A4B364C,34c40226,
ACB9F85A,be055f63,
9252C925,bd44741b,
181AF198,bd44741b,
429E4B45,1e1c0823,
D1DE971C,98f1e789,3c187ad8
951141B2,98f1e789,3c187ad8
AFD08CDF,2cdc652b,d2cca51b
372C08FB,2cdc652b,d2cca51b
B1CC10B1,743d5e75,
5E21C545,743d5e75,
107F91A6,13725ff0,268eae39
4D1533CA,13725ff0,268eae39
30DA34E7,13725ff0,268eae39
8AC2BCD9,13725ff0,268eae39
05A65AF4,13725ff0,268eae39
8FFB73AD,13725ff0,268eae39
86F45D3D,93efaf97,
0A8E5A25,93efaf97,
69DA9898,93efaf97,
5CBC0588,93efaf97,
77B186D8,93efaf97,
4149020F,93efaf97,
FAE59D41,2ad48d75,
4B51FFA2,13725ff0,268eae39
423DC7CC,13725ff0,268eae39
7E830C7A,13725ff0,268eae39
9DE4E181,40696c26,
BF5A1441,24438c37,64b7bd92
78E7CE11,24438c37,64b7bd92
5C5A085E,743d5e75,
65E319B9,bca18e0c,1963d2b9
B8B909D2,0ca13c76,29ba608d
FDA26097,0ca13c76,29ba608d
98245A3F,0e2a168a,
CE09F2B9,05ae00e1,a71ac9f9
CFA4DCEB,0ca13c76,29ba608d
5064C35F,0ca13c76,29ba608d
3823F1ED,0ca13c76,29ba608d
FEBD1457,9125eb1d_R,a228f9ea
BD6D8BFE,93efaf97,
06C4A77B,93efaf97,
36760441,93efaf97,
5D3EE865,93efaf97,
3E76AE55,93efaf97,
4E7F6F84,93efaf97,
BB44CFA5,93efaf97,
DC88AD9B,016f5c49,
22E2F7C6,016f5c49,
D6FF9534,016f5c49,
420B1C7C,6dadaa7c,71739d78
86EECCBF,6dadaa7c,71739d78
862DCFF2,6dadaa7c,71739d78
7F796260,6dadaa7c,71739d78
D4B4B525,6dadaa7c,71739d78
9DFD4A94,6dadaa7c,71739d78
21270021,2a7d2662,
2028CC17,2a7d2662,
C41BB4DF,2a7d2662,
3EAD23A7,2a7d2662,
AA7173A0,2a7d2662,
8FC36AD3,2a7d2662,
1AFDCE57,2a7d2662,
79EF6908,c543c72b,1392d52c
32D7D8DD,c543c72b,1392d52c
1E41975D,c543c72b,1392d52c
18EB8881,c543c72b,1392d52c
E23F6A87,c543c72b,1392d52c
7FABF487,c543c72b,1392d52c
50442BF0,6bad7c5b,
076A88AF,170f6fa7,
11C99531,170f6fa7,
935FF626,170f6fa7,
EDC0043E,d575841a,
2E14BE37,3126c732,
4CDFD06B,97f5e5f5,
23912BE5,2eee2bc0_R,
EA29E226,afa73be9,
B01E95DC,99bf871d,c696fcac
265C91CF,99bf871d,c696fcac
7ABCDE1B,6bad7c5b,
D20C2D47,6bad7c5b,
4AD7C2AF,c1e02ffd_R_R,
394662FC,96b3700b,786a7d6e
D1CE6183,3fd89bbc,
7B78FE5D,16500ce5,02a99b09
33A988EB,16500ce5,02a99b09
CCBE9051,16500ce5,02a99b09
E26C71C7,6bad7c5b,
D27BD97E,7ad7ba3e,febc60b7
B399AFEC,7ad7ba3e,febc60b7
406B4A54,7ad7ba3e,febc60b7
16429E9B,7ad7ba3e,febc60b7
38AAC07B,7ad7ba3e,febc60b7
6B563534,dc46b98b,
700C0D2F,3fd89bbc,
0DDEBDF5,6533fc9e,
133CD45F,94c4f767,a06ba567
0ED02A14,94c4f767,a06ba567
4A27F340,94c4f767,a06ba567
9298CD41,94c4f767,a06ba567
57431726,afbbf050,489d4622
7080D7E1,d4c92ef6,
F7179C55,68530412,
D358F3B8,68530412,
B6FB496F,68530412,
9171013C,40696c26,
C57A4C01,40696c26,
71C388F4,40696c26,
5559BB2F,d2ae8ec4,
ADF7AC21,d2ae8ec4,
56C316A6,ab7ac601,
A3A287E3,ab7ac601,
F37C5BF9,ab7ac601,
E38D3414,97f5e5f5,
DEC3A81E,ab7ac601,
6D009829,ab7ac601,
CACC6A0B,ab7ac601,
9F5B9DAD,ab7ac601,
3526BD47,ab7ac601,
1F338CEF,ab7ac601,
2D97B8F2,ab7ac601,
83FE0B7C,ab7ac601,
D8986B96,dfb881d2,
5C109096,415d1ebe,
3343F997,d830ff5f,
EEF2BE5D,d830ff5f,
62B7BFC9,40696c26,
BD319E6D,40696c26,
65DF50A5,40696c26,
93ED4044,40696c26,
9F98E561,40696c26,
C77F91F7,40696c26,
080B2F12,40696c26,
F6899BF1,40696c26,
73D5777E,40696c26,
6D8E83AC,40696c26,
EF60386C,40696c26,
A8F07081,40696c26,
9820CA68,40696c26,
82751664,40696c26,
05E6A88B,40696c26,
FE153992,40696c26,
979BD04E,40696c26,
CB630C54,40696c26,
E785B537,40696c26,
0948C398,40696c26,
EF3770EE,40696c26,
5B9D4EE0,32c1cb5c,644b42d9
6DE0A05F,32c1cb5c,644b42d9
01302EAE,32c1cb5c,
6941E93E,32c1cb5c,644b42d9
F110D065,32c1cb5c,644b42d9
A7659F35,32c1cb5c,644b42d9
2E8AECDF,0c0aaa9f,
9D413270,0c0aaa9f,
E4075F1F,0c0aaa9f,
1B7B2782,0c0aaa9f,dd4991fc
721E0B7B,0c0aaa9f,dd4991fc
64E94B0A,0c0aaa9f,dd4991fc
1E380FFD,0c0aaa9f,
5DD5F19A,0c0aaa9f,dd4991fc
2C2A2756,0c0aaa9f,dd4991fc
91338F6A,0c0aaa9f,dd4991fc
AEEDC20D,0c0aaa9f,dd4991fc
8E84A006,0c0aaa9f,dd4991fc
D978982E,063606af,4e6a7694
62C05C45,063606af,4e6a7694
7AA8C0D0,063606af,
556E3E73,063606af,4e6a7694
F130DDB8,063606af,4e6a7694
E5AE7773,063606af,94b1b173
71D9C9B5,063606af,4e6a7694
9B6B999C,063606af,4e6a7694
F7CAE581,063606af,4e6a7694
801CFE6B,063606af,4e6a7694
D2EA2D68,10dde08e,d0d3e1d1
67F81BF7,10dde08e,d0d3e1d1
DD77F14C,10dde08e,d0d3e1d1
F6F938DF,4641f4c6,
708245D2,4641f4c6,
DD6B8F47,4641f4c6,
AA3ECF3D,4641f4c6,
9A5705A4,4641f4c6,
F9FF6C9D,4641f4c6,
787BCACC,4641f4c6,
54D52839,4641f4c6,
A6ECDE9D,4641f4c6,
34A71802,4641f4c6,
D1AB49E9,b90c3c95,
00754F7F,21227338,
EC1A6B05,6fc7742f,
E5A88307,6fc7742f,
10BCACB9,c29b83c4,55ca5795
A2B07B6A,c29b83c4,55ca5795
AB733939,fcb4a73c,a6dd91cc
5A87992B,fcb4a73c,a6dd91cc
688C00CC,fcb4a73c,
286AD861,fcb4a73c,
60450858,5a8f8093,deead81b
8A28517E,3c82991d,f5fd8541
01972D59,3c82991d,f5fd8541
563C2F44,3c82991d,f5fd8541
685EAB20,3c82991d,f5fd8541
55EE6534,3c82991d,f5fd8541
340810A4,93efaf97,
A86C1B51,c0ceae32,
BC39AADB,03ee4088,
E58475BE,dfac0ec8,
0442CAAB,dfac0ec8,
15D63746,dfac0ec8,
6B633622,97fda6c9,
79271A7E,97fda6c9,
5FE1EF92,97fda6c9,
D0FE8741,8e97141c,
5017BD34,8e97141c,
EE702C53,8e97141c,
CEB5252B,8e97141c,
0D8ACCA9,85e6be73,
0937DE20,85e6be73,
39073476,97fda6c9,
AAEDEC3B,85e6be73,
FB41E74F,85e6be73,
E0AB61FA,8e97141c,
CFF66096,85e6be73,
717B9AB4,53c4e7e4,
392F0860,be46fca3,
33DED1D1,be46fca3,
48030325,be46fca3,
8A744988,be46fca3,
9451A5F2,be46fca3,
44F613C0,baa063d0,6287152d
E9803F16,baa063d0,6287152d
501665C1,baa063d0,6287152d
F69F6159,baa063d0,6287152d
4B7C6AD7,baa063d0,6287152d
BCCA4D20,ab7ac601,
E46BC188,ab7ac601,
FA769611,ab7ac601,
80C5324C,ab7ac601,
72FB6E2C,ab7ac601,
9C27FBFB,ab7ac601,
6889982C,ab7ac601,
FB91591A,ab7ac601,
410A4A7E,ab7ac601,
214B0E72,ab7ac601,
D23B5B55,ab7ac601,
B17045AA,9e76f626,c1860ed5
28F5FF9F,9e76f626,c1860ed5
3F049EC8,ab7ac601,
0E5C6545,d1935c91,
B87A4A35,dfa7a186,
14DD8A76,1996ee81,
621A280B,47a433f3,
76A7A90B,47a433f3,
F9560CB4,f4aa8738,
3597D081,f4aa8738,
36E373B8,a45d66e2,
BEB1FC32,4d036863,
82C349BF,4d036863,
1D619524,4d036863,
4FECC892,4d036863,
46F8EEB3,4d036863,
E5DDB32A,4d036863,
2EC3C301,4d036863,
5056D642,4d036863,
7A20D56A,4d036863,
F25D3D27,4d036863,
24306009,4d036863,
5511790C,4d036863,
98B03431,4d036863,
93E7B2C3,4d036863,
14C42307,f7106fa7,
6030C960,f7106fa7,
4826B560,a45d66e2,
77C64A5D,d474fdf6,
7F81D95F,ff550f7e,
A5AA0D0B,ff550f7e,
D88358FC,ff550f7e,
F4E52AD0,ff550f7e,
6AD350BE,ff550f7e,
531D6306,ff550f7e,
68E7412C,ff550f7e,
EA3339F9,ff550f7e,
2B102325,f064f0fe,
E904D6A3,f064f0fe,
1E2334AD,01688c16,
DA326183,01688c16,
DCC2BB11,01688c16,
F239B691,40696c26,
4DD5D3F5,40696c26,
B359049F,40696c26,
8F9D6C68,40696c26,
C7FDCE63,40696c26,
66B17815,06ffab21,
4F910072,06ffab21,
10364A34,06ffab21,
1D192AE7,06ffab21,
767E122C,06ffab21,
0E04AF67,06ffab21,
0CC37115,06ffab21,
87024CC8,06ffab21,
EA56DD24,06ffab21,
13C680C9,06ffab21,
20782005,06ffab21,
EFE401B6,06ffab21,
844FE2E7,06ffab21,
FEA53027,ab7ac601,
3EF70997,b9874aa6,
6A6A0978,b9874aa6,
3580EF94,a02f2b5b,ae935e70
DBF6CAD4,a02f2b5b,ae935e70
85129DC1,4641f4c6,
A1931420,a45d66e2,
51B0C108,3fd89bbc,
E5FDF5FF,5621aa75,
B9FDE0CB,55b78ff8,
90361DC9,3fd89bbc_R,
03E5F88A,3fd89bbc_R,
9C30E07C,3fd89bbc_R,
FCBD65F2,e5f25fae,
6E9C8789,47f1cb1a,
8E2C55F1,22b7a651,a2237979
5FCDF356,22b7a651,a2237979
2C4D0E38,ca4263e1,
9EEC4589,ca4263e1,
5449224F,bc65a0db,44264092
A9CE3FF2,b7ef7f26,
16BB0A7B,b7ef7f26,
7F2970ED,3c85ccec,
F69553AE,19819746,
B224FE0B,19819746,
67055F85,19819746,
C60967B2,19819746,
D529EB69,19819746,
14D0E00B,19819746,
2414F4C1,19819746,
4B0B1A27,8b9e13a9,
8901A962,8b9e13a9,
65AC1CB1,1262edbf,
3090AF97,1262edbf,
CAA7DCD3,1262edbf,
90C3089C,1262edbf,
F8CDE907,1262edbf,
6BB3C000,1262edbf,
5564B8B9,a45d66e2,
14B9CE6F,2b094854,
7A44DAFB,853b84f0,
7CFE74F6,853b84f0,
6B0AE544,9722d4e1,
8A1348F8,9722d4e1,
7DE1216F,c989a228,
81FAAF70,4ac7a7ae,
DF67E153,4ac7a7ae,
F70177E9,4ac7a7ae,
37F03ECB,4ac7a7ae,
4357D71E,4ac7a7ae,
42558C8B,4ac7a7ae,
F18A5E24,4ac7a7ae,
85B41385,4ac7a7ae_R,
769EE80D,4ac7a7ae_R,
DD47E4DF,4ac7a7ae_R,
239DFBB7,4ac7a7ae_R,
4DAE2D8F,4ac7a7ae_R,
F11BC244,f064f0fe,
528A0212,3e71b312,
BF8E9E55,3e71b312,
58B60E29,3e71b312,
3229E20B,3e71b312,
F7C0888C,3e71b312,
C845DE42,3e71b312,
ACF99D1B,7a4d16b4,
A50A61B4,7a4d16b4,
7F65DEAA,3e71b312,
26BC2737,3e71b312,
40172F0A,3e71b312,
64A922FB,3e71b312,
8A671CFF,3e71b312,
0830DB79,3e71b312,
2E456D80,3e71b312,
8168C07B,3e71b312,
324EB897,3e71b312,
ACE8D9E4,3e71b312,
3A381F06,3e71b312,
237270B9,3e71b312,
B03A2255,3e71b312,
F7CBFBD7,3e71b312,
856D8B55,3e71b312,
5EAE8BD2,61caf822,
8B16E296,e8214182,
D010675A,e8214182,
7CD490BC,e8214182,
553838AE,e8214182,
AAFCF44D,e8214182,
9EEB4988,e8214182,
02E15DC6,e8214182,
CBF505B6,e8214182,
E2C12916,e8214182,
0896907D,e8214182,
CAE10FD4,e8214182,
70CA55A8,e8214182,
4062A626,e8214182,
A4F3F9DF,e8214182,
B9661620,01688c16,
CCEBC8E1,01688c16,
C03E62DB,e5335907,
47BE1EAC,e5335907,
9F5B6022,939982de,
FE3B931C,8226b09d,
4B48958F,8226b09d,
CD0ACE5F,8226b09d,
1DF86B2F,8226b09d,
A0BF8980,8226b09d,
67A93462,8226b09d,
141A8DCF,709c4a9e,
4EEEAA5C,79f1e8a1,
DE27CEFD,07662a2e,
A154AF4E,982ec53f,
AD322940,38df34c0,
C32C13E0,38df34c0,
7C912B44,094841d7,55b0235d
891403C4,094841d7,55b0235d
8A66186E,29d24232,
4BF9B9C7,400b6b42,
7ED61745,400b6b42,
7E71B81C,3fcdde3d,
0264CCFD,3fcdde3d,
6B01C21E,3fcdde3d,
CD630DE8,7ff30f31,
CEA5786B,7ff30f31,
E199C640,c430bc8a,
2C5B4BA4,c430bc8a,
CF9CBDC4,c430bc8a,
6AD1C8AC,c430bc8a,
1EF8301C,c430bc8a,
3E5ACD10,c430bc8a,
DDB08A1C,c430bc8a,
EC4A7F19,c430bc8a,
D3D41AED,c430bc8a,
64368C4C,c430bc8a,
39734902,c430bc8a,
A7945045,c430bc8a,
18E2F643,c430bc8a,
B7A62FD9,cd63d1c0,
4D78A6FF,8a564e31,
99524C05,edb8339f,497f4dc0
A037320C,edb8339f,497f4dc0
574446F0,a45d66e2,
47DFA966,f3a6bf5a,611c395b
70C0F3F8,f3a6bf5a,611c395b
97DCAEC3,16c7aad6,
DFA70C2B,f13455ae,
CE87D583,f13455ae,
5CCB7B29,f13455ae,
9635A605,f13455ae,
35B048FE,f13455ae,
CE688703,f13455ae,
CC9F8977,2353fcf3,
59F54A42,2353fcf3,
65DB1FE2,2353fcf3,
669AEE1E,e78fd514_R,
7EFFA00F,e78fd514_R,
1B890C93,18f412c3,
186A7A91,988d053e_R,
BF48C023,988d053e_R,
B831F621,988d053e_R,
30D40FBA,988d053e_R,
7ED55333,988d053e_R,
5F27A5FC,988d053e_R,
2E3C613C,988d053e_R,
F18D6FE5,ea83f2e4_R_R,
9DCD8107,ea83f2e4_R_R,
6C3C9FAE,ea83f2e4_R_R,
1A915F8B,ea83f2e4_R_R,
12F54772,ea83f2e4_R_R,
2F7AE055,ea83f2e4_R_R,
35D0EDE4,ea83f2e4_R_R,
F3BABD8C,988d053e_R,
3B06B375,988d053e_R,
B63CE0DB,988d053e_R,
D8EE0BA4,61e987ff_R,
17BA3E6A,61e987ff_R,
481B0EB1,61e987ff_R,
C1C08447,61e987ff_R,
FB4208AD,b7a372fc,
C465061E,b7a372fc,
DF7904CE,61e987ff_R,
2EB7A0E5,61e987ff_R,
E61BAA98,61e987ff_R,
61D27065,61e987ff_R,
144092BA,61e987ff_R,
D6F501E0,61e987ff_R,
20377F0C,61e987ff_R,
9419BF47,61e987ff_R,
B75CEA7C,61e987ff_R,
D0450958,61e987ff_R,
2400B68F,d2ae8ec4,
3756412B,d2ae8ec4,
2ADEDAA6,d2ae8ec4,
1242424D,16a2abb2,7622cac5
B851A722,ea83f2e4_R_R,
FE74A1C9,ea83f2e4_R_R,
A5A63373,ea83f2e4_R_R,
F0E25AEC,16a2abb2,7622cac5
1390C8CA,85d8c66e,
F67C3EE9,18f412c3,
18496912,7797d2f6,a1ef9f83
B7FF9E67,7797d2f6,a1ef9f83
B43A0A68,7797d2f6,a1ef9f83
EC155754,7797d2f6,a1ef9f83
960F7543,7797d2f6,a1ef9f83
C18FBC6D,d506d2a4_R,
69A3D18E,d506d2a4_R,
0DE2B262,d506d2a4_R,
B19702D0,d506d2a4_R,
50CBF2E8,d506d2a4_R,
84A7FE8E,d506d2a4_R,
CE29D258,d506d2a4_R,
968EB741,d506d2a4_R,
DFC17B51,d506d2a4_R,
98BAC2B6,d506d2a4_R,
8EB3B99D,d506d2a4_R,
715A8B7E,d506d2a4_R,
A7EEAF24,d506d2a4_R,
19DFCBB6,d506d2a4_R,
92F885BE,d506d2a4_R,
FC3D68E1,d506d2a4_R,
E6511267,d506d2a4_R,
93CA19C6,d506d2a4_R,
D6D526EC,d506d2a4_R,
1C625E53,d506d2a4_R,
91CDDB66,d506d2a4_R,
ACA3A8E8,d506d2a4_R,
919A2C1E,d506d2a4_R,
B9461543,d506d2a4_R,
1C58699A,d506d2a4_R,
59CD472E,d506d2a4_R,
CFB8530D,d506d2a4_R,
FF575C91,d506d2a4_R,
1891311F,d506d2a4_R,
43CC0739,d506d2a4_R,
D26400E1,d506d2a4_R,
542DD99F,d506d2a4_R,
7CEDFD8D,d506d2a4_R,
9FD261B0,d506d2a4_R,
5A762A99,d506d2a4_R,
7D86D35F,d506d2a4_R,
6B35523F,d506d2a4_R,
2532AA4E,d506d2a4_R,
F8713201,d506d2a4_R,
61E8958B,d506d2a4_R,
2612BDEA,d506d2a4_R,
6E3ECA10,d506d2a4_R,
FD777B72,d506d2a4_R,
23A28F89,d506d2a4_R,
9BB5D3FB,d506d2a4_R,
CEBA2A7B,d506d2a4_R,
3FBDDC52,d506d2a4_R,
42CDB29B,d506d2a4_R,
