DO ID,DO date,Quotation ID,PO Key,Items List
c87c788c,14/1/2022,0ec522ee,b47ec6a8,8e9cdbb2
cae17ced,18/1/2022,cda6636f,75e0e647,6df4407a
1d6d12c5,18/1/2022,d3bdbd17,6cb2654a,"2a48e36b , e6d499b7 , 5cc8af70"
9eb02432,18/1/2022,0e29525e,fdf0451e,"54e217f1 , 6906a6b7 , 3c0a155f"
e2e12cda,24/1/2022,0e29525e,fdf0451e,f892dafe
356f474d,24/1/2022,09d4b3e1,0bf6f902,b6f6ac0b
f6621ced,24/1/2022,be4c4f68,eb411f58,d0d33a3e
1f6cd225,24/1/2022,1fddf80a,32daad68,f7bd0c3f
f0da4a70,25/1/2022,76220112,b8d505e6,283c6aa8
7df47353,25/1/2022,d563af47,827ccf7d,"b7a769f6 , 4faff90d , b8bedf0f"
505ded89,25/1/2022,09d4b3e1,0bf6f902,0660ac0c
c6ff2870,25/1/2022,d3bdbd17,6cb2654a,"426f5ff7 , da69d562 , 58fb4170"
a05b555a,26/1/2022,1fddf80a,32daad68,9580687b
30ba0d38,26/1/2022,4971f5ed,23b9ab0d,"eb15da7c , bc87dad7 , 6a4759b3"
46475975,26/1/2022,fdb0e910,0358eaf9,"3fee4415 , 4fd23e96"
722f7034,26/1/2022,09d4b3e1,0bf6f902,"3c6d1e18 , 5090d5ea , 04c5013a"
2daf83bd,26/1/2022,783b9126,fb5152af,"ba6d1594 , 21001035 , cff6082e , 1f696cae"
1dfcb2d4,26/1/2022,3143c1a4,2421929e,28240f06
643d59ab,28/1/2022,7506fc40,ca459200,4b821cfe
58676506,3/2/2022,783b9126,c127df63,0e7a441a
08a4d77a,3/2/2022,67f30b6f,8582ab63,939e0e04
e70e5d1b,3/2/2022,feed779a,4eb0421e,"b99f5434 , 6807ed24"
ab2ea5c4,3/2/2022,09d4b3e1,0bf6f902,441fe331
549ed0ab,4/2/2022,1fddf80a,32daad68,"65b11a9b , 65a8fcb0"
f32bdf70,4/2/2022,377a5c65,e7badf7d,"ea5220a2 , 02bf97d5 , c47f4dd7"
7f75b5dc,4/2/2022,ffbb13d1,ae76f8d9,901a34ff
e40ca79e,4/2/2022,bf82c3c0,c633625a,"54e66e4e , 820da3e9 , 72f81143 , 32e22b18 , 96cd5f1f , f8fd004a , 8270dcce"
2c093006,4/2/2022,be4c4f68,eb411f58,"8337f3fb , 02ca6378"
49bb6b48,4/2/2022,3cd276da,6a126ca2,"5f5019d8 , 2f3cee46 , 1f7e7d75 , 47a260c8 , 18959953 , d953a9ca , 751647d1 , 2c5a07d2 , 27d225b4"
9cce5ea8,4/2/2022,f330997a,9873a50f,494b7b6d
1beacb04,4/2/2022,c3c939d6,0022ac40,"e4ce6f53 , 10de157f , 11b5f174 , dc1f8f46 , f773cf27 , 7d6697e1 , c3c75bb0 , 0766848e , d976ea02 , f2651e4c , a8e8860a , 2a6c9591 , 84332afa , 07050db3 , 930a442b"
d75d5ecd,4/2/2022,bb35ab37,7329fcdc,27b35290
7563ee71,4/2/2022,a596491e,ea27d975,"3942b265 , ca98f376 , a6b6f94d , 9f5c75ed , b4cecb1f , e4a06edc , e25d8855 , 33d620a7 , 67cf7d64 , 7c889ca4 , 27dc556e , bf333ab9 , 1e22a3d4 , 60af7b16 , 7ce16c35 , a039e905 , afa5b1c0"
bc703612,4/2/2022,4fc843f3,efb5e383,"b3d0870b , 3f8a1568 , 62913d89 , d886d5a8"
31954f6e,7/2/2022,bf82c3c0,c633625a,cc079804
7cfa08de,7/2/2022,1e9dcb0e,717303ed,"c70216f9 , ae57f168"
f9f14345,7/2/2022,9064b2ce,08816f71,77d9a06e
85d2fc06,7/2/2022,dd8017be,9444fce4,"a5ee4c7b , 6331e56d"
486b394d,7/2/2022,bf82c3c0,c633625a,fdafc64e
c560de00,7/2/2022,18b4fd12,4461ee74,"963dd87f , 7b75bee1"
4d2c19df,7/2/2022,4fc843f3,efb5e383,"2cfbc2e8 , a59fe00d , 1a6d8469 , c8d20297 , d57675a0 , cc59460a , d4136f5c , 8d7b0167"
d73b0047,7/2/2022,3cd276da,6a126ca2,"23a985e0 , 191cdb1a"
7148dc6c,7/2/2022,a596491e,ea27d975,"db456f5c , 1fb03651 , 2bce57df , 8a4b39b7 , e842dc12 , d4d3b279 , b9ed31ca , e2472108 , 1543ee24 , 60b8b6f3 , 006dc09c , 71c78d07"
5b8c59e7,7/2/2022,be4c4f68,eb411f58,"99e6c303 , 54702efb , 2ff31bd3 , 749c76e4 , 08d91265 , cde31ea6"
b3641f7b,7/2/2022,c3c939d6,0022ac40,"3cab606d , 9879746c , b186bb95 , 6b03d0b7 , 7db0551a , 77edcc71 , 50b861ff"
384c5fe1,7/2/2022,f3e3e096,bc2c9f37,"4b9088da , c650932a"
051276dd,9/2/2022,9c4d8c2f,17ecb354,"5964f26c , 4a82a65e"
e6650a8a,9/2/2022,f942aea8,ae603a6c,"3db83dd3 , 7d00571e"
d02aa660,9/2/2022,81a39130,a1b114a0,"4963515c , 44420fa3 , 9680d475 , be0f173a , 89576adf , 6783648d , f28a9e63 , b874b4c6 , 76522499 , 76c13021 , e322c1c8 , 7303a2a0 , 3137f356 , 50ac11cb , 27086b2d"
0b3c0d6a,10/2/2022,4971f5ed,23b9ab0d,f0619a68
440b5153,11/2/2022,09d4b3e1,0bf6f902,"b4bbf440 , 813f54e2 , bde56ea7 , 930de317 , c21d200d"
eaedd6e3,11/2/2022,3cd276da,6a126ca2,"85a6887a , d23f2674 , 350317c3 , e5f077b5 , 2a6afd4b , cda4c060 , d9a1e1b0"
b6626008,11/2/2022,18b4fd12,4461ee74,"fec548a0 , ee94d017"
dac3a50f,11/2/2022,d3bdbd17,6cb2654a,93abd45e
e1716d21,14/2/2022,a1cb2249,521c1273,"896bb941 , a221e184"
7cad47b8,17/2/2022,f4fe6ff4,35036617,"0c1b72aa , d18922ba"
9a63fb24,18/2/2022,f3e3e096,bc2c9f37,9638dd4f
704b5d2f,23/2/2022,7a38d6a4,c7a74cfa,2831254b
d05df5ee,23/2/2022,1aaa3cfa,3c078d56,"9dc1c991 , d9ecb032"
764c2ce9,23/2/2022,9aaa13e0,f23f65bf,"b94616e6 , ac0e9662 , 447538ac"
c4a1d663,23/2/2022,43b5cac0,b71ce702,"2b32ac64 , 57367152 , bd414324 , a5302fa2 , 3876c680 , 5108247f , fc57afbb , 9e3498f8 , 89d5d3f7"
4f64ad25,23/2/2022,ef679a3c,e0300fad,"0e6161c9 , 3deb37aa , bee76fd0 , dbfb9705 , 50b19a61 , 2fbf871e , 42e5db9e , 55a91d34"
b9ce7ad2,23/2/2022,802e8ad0,4aad84b6,72acb79b
7ba1eb36,23/2/2022,ca3dd089,70d524d8,"64ee6729 , 45cb0f61 , 072e6ee6 , d08a11cd , 9ba7ba0a"
b92ac31a,23/2/2022,4971f5ed,23b9ab0d,"017d0c06 , 6830a1a8"
09a8b9fc,23/2/2022,f3e3e096,bc2c9f37,"8b9f9932 , b154abee"
74b3862f,23/2/2022,3143c1a4,2421929e,9679d68d
dbf097e4,23/2/2022,3143c1a4,5796fbf0,435033cf
8bab8369,23/2/2022,89791c50,823988f5,"1da048c7 , c032f382"
41bf86f3,23/2/2022,67f30b6f,8582ab63,"1d3a1e89 , 870ce867"
1ee23818,24/2/2022,23a12a7a,ea50e317,55524c47
3207b175,24/2/2022,90fc6023,d29fc2f9,048c6e11
1f6ff5e5,24/2/2022,da892ca6,ecd98130,6f6373cf
6c8a7455,24/2/2022,f8f99b32,d8ef8646,a9a58e41
f9741ad1,24/2/2022,edbc8c05,4f4b4ac9,bcff263e
6fea562a,25/2/2022,cc700de6,fbdcc4d7,"283f4736 , fe758338 , e0eaea6c , 48a79be3 , 3aae64d3 , f0275477 , f514313f , db66e08d , f94ecdbd , df247cd0 , 49abf06a , ea582064 , c921298e , 5591936c , 203a85c2 , 84cf66db , 810744d1 , 70113971"
c8cd2ad5,25/2/2022,9ededc84,3dbc5283,"79e0669a , f70f9a57"
9aeaa93d,25/2/2022,c54446f0,154583b2,818b30f4
5e270b3b,25/2/2022,9aaa13e0,f23f65bf,21b853f8
4467ddfe,25/2/2022,67f30b6f,8582ab63,"4025e4a7 , e37996d3"
2e07b353,28/2/2022,9227f120,a070b41e,c288e5c7
1eb06a36,28/2/2022,9a68c471,8c95ada4,7cff3666
d7305bf6,28/2/2022,765b4efb,0221f0d8,"5a5cb472 , 53dbc817 , 1a5ef80d , 806068b0 , 295c96f6 , e9b84bcb"
e7bd2443,28/2/2022,0010cc5a,6fe891cf,f5e6d6b5
84bf286f,28/2/2022,f0b6c447,67b80c7c,"9f524f7f , ffb6e0cb , d040cd71"
124444cf,1/3/2022,802e8ad0,4aad84b6,eca86847
d5a77c25,2/3/2022,c43bbd41,8b07faa1,7153349a
2b47a93a,2/3/2022,93248353,20e7d317,00024a32
e17271a3,2/3/2022,0bc787a2,212942b9,616381b3
561d9b5f,2/3/2022,8dc4b3cf,d8263659,"96fd5d0e , f71a637f"
3547b46d,2/3/2022,cc700de6,fbdcc4d7,"f7e88414 , 660f623e"
4cb865ef,3/3/2022,688f4e1e,d7e28087,"7f306750 , ff684a59 , 34dd5489"
852aec3c,3/3/2022,4f88ba83,b54fe952,5fc03c8d
108d5e2a,3/3/2022,b92dc7fb,9facd465,64fdaa3d
97149bd1,3/3/2022,18d9c25e,b86f73da,"b31783cf , b75e2e9d , 359e937d"
9ba8aa3f,3/3/2022,81a39130,a1b114a0,"cb4a6f58 , cd3a56f2 , 71cfc92b , afbbf76f , 0fce4033 , 673def78 , fcd420db , d69a686a , 02df5d9b"
278dae44,3/3/2022,3143c1a4,5796fbf0,677eaed1
9d94d392,3/3/2022,f3e3e096,bc2c9f37,766be344
86343805,3/3/2022,81a39130,a1b114a0,3c00f446
1fb35711,3/3/2022,8dc4b3cf,d8263659,dd01f698
87218bda,4/3/2022,16ecc47a,24ca9549,d7892ec9
ea44e235,4/3/2022,3f03c3e9,59abe2fd,"50065a54 , d8a351e2"
d74e7b45,4/3/2022,cc700de6,fbdcc4d7,77da1f7b
439fc33a,4/3/2022,edbc8c05,4f4b4ac9,"fe80ea90 , be022ad3 , 060063f6 , 01fe5c21 , 220576a9 , ffa7c896 , ba6ac7dd , 4164df10 , b125ba62 , ddb5077f , 91deaddd , f79ffa45"
d799aa20,4/3/2022,7b365376,ef86cc98,"616f402e , 2e54af28 , 3353d35b , 686bdf89 , d760e850 , 0089ce46 , 30e49e87 , 1e1bfaf6 , 21bd52fc , 4db78f46 , 1b2dad01 , efdd285c , 278122ac , 92a7729d , 72e734d7"
efd8731d,4/3/2022,2d90ce86,1f71a3e5,"9984a9b2 , e303331c , 6c048c97 , 11c4d38a , 8e9fc96e , bf4fd594 , 4e7f4e2a , 8ee9128a"
02ca5472,4/3/2022,516ea7e5,e170b8e4,131d4f3c
5dfbd60e,4/3/2022,9ededc84,3dbc5283,fe1b5020
8786d484,4/3/2022,edbc8c05,4f4b4ac9,7a77d01c
a4e836b8,4/3/2022,2d90ce86,1f71a3e5,ce6b5ca8
53c9ed4a,4/3/2022,3c499c11,76b34685,6e247b33
7410cbe8,7/3/2022,d7769d6e,eb0c811c,cb0bddf7
23b0df1c,7/3/2022,a596491e,ea27d975,e17d3b3f
46347169,7/3/2022,d7769d6e,eb0c811c,c6073768
4358d8e0,7/3/2022,14ad02a9,e2a908d5,e994840a
1cd86d3c,7/3/2022,4971f5ed,23b9ab0d,80996c89
da612a64,7/3/2022,ddac54e2,73c7864d,"2a79bb48 , 99c8e265 , 8e5e9cee"
d69f3f8e,7/3/2022,dd03ed62,e605b506,"a68fcb75 , cb1ddac0 , 1ae0aee2"
455c34ac,7/3/2022,314a2760,2fefb0e8,"74a781c5 , a576a555"
80211401,7/3/2022,7b365376,ef86cc98,"70520d67 , eb14aeb3 , e2ba749c , 87b84510 , d0e11513 , 0b62255f , 0773c4f8"
bf2c13c7,7/3/2022,96f0cd34,4be13d6e,4059698a
a0ae1745,7/3/2022,ef679a3c,e0300fad,"fe3ce7ed , 9120e3e9 , 8aebc033 , 1e2cda56 , c52fd222 , 743a93e5"
bd903638,8/3/2022,8928f462,3caa535f,0d3c00ad
e687e920,8/3/2022,ffb433b1,5c9e09e7,"59f7e2ad , 3cbe79e4 , 62614b28 , e09e3bb8 , c45b9e99 , 74414a3a"
3b29947f,8/3/2022,ef0903be,6e94bac5,"eb1ce54f , 9a043249 , beb16bed"
280d1c66,8/3/2022,2d90ce86,1f71a3e5,"58ae89fd , 3c2566d6 , 56af5f45"
2dd97d4d,8/3/2022,edbc8c05,4f4b4ac9,"58f09d29 , a0df9123 , 87aa08b8 , 4dec9a67"
2ffbd7eb,8/3/2022,cc700de6,fbdcc4d7,"ec402710 , 5fa540d9 , a2df9c88 , 455a9ffd , 3bb9b630"
86478c56,8/3/2022,4e353f89,175cd3b9,"2b137044 , dba88373 , 7dc32458 , 32444eb8 , 48979662 , a1939912"
b9e0239d,8/3/2022,5f3cab5d,369fc609,4196bf69
3704b18d,8/3/2022,9ededc84,3dbc5283,ccb42bd5
88435bd7,8/3/2022,45b7a940,d04af837,c93e93c1
a28004e2,8/3/2022,f54c33a3,0f90c512,"bb5508b7 , bb9429b8"
74787c1c,10/3/2022,41946148,6d3b15a9,"d3b94093 , 14b9a5a7 , 425307a7"
15ef8671,10/3/2022,3671a9bf,18833df0,"7682ec73 , 2c9ba445 , 4b0fe084"
ff48499a,10/3/2022,f54c33a3,0f90c512,e7863cee
ef4f9379,10/3/2022,5f3cab5d,369fc609,b83a2b9d
b2b29c2b,10/3/2022,909600ac,34873862,"460c2212 , e6fe407e , 24c38c62 , b9c3e3bd , 425ee917 , 3a11bd43 , 2783a357 , b46668ed , 70e3be63 , b1cf7ee3"
7d394652,10/3/2022,84571b69,dbf777a7,"74c196e4 , 0c76c1ac , 6b7bb927 , 8a1ef165"
8356eff2,10/3/2022,3c499c11,76b34685,ced4a362
3577120b,10/3/2022,b40e629e,2c8ed4f1,cf74dfe5
d0134f13,11/3/2022,4f6056ba,11908e2a,fe1e854f
f2e13335,11/3/2022,d0ccd26f,7ed73a85,"d44bc956 , 3bede1fe"
b35335c5,14/3/2022,5398f4b9,8f7918f7,3f14114f
acdc0ce1,14/3/2022,6dd5f6b8,44324b99,"dfcba639 , ad578efb"
8210c7f2,14/3/2022,eb886f92,9bd72cdb,"8bddd41b , fd642351"
19691f69,14/3/2022,41755dc0,b58a33a0,8c38e6ef
77dc95fa,15/3/2022,2be0bc70,041ffe94,479c3174
11f4a238,15/3/2022,8e1e409f,ea32643e,"7b4744a2 , 54eca074 , 6abcb789"
dfd51100,15/3/2022,909600ac,34873862,"bfb503b8 , 01d38dcc"
db109faa,15/3/2022,3c499c11,76b34685,9d9c1b2e
66699787,15/3/2022,18b4fd12,4461ee74,"6d4940a5 , 993ff64a"
82ff7f33,15/3/2022,edbc8c05,4f4b4ac9,40649766
bcaf29e8,15/3/2022,2d90ce86,1f71a3e5,1cbf3a9b
dd68e105,15/3/2022,84571b69,dbf777a7,12b33741
84d55d07,15/3/2022,09d4b3e1,0bf6f902,2a8184dd
de1fb1a4,15/3/2022,a712ef39,a4337f70,"f840d8fc , a4fc501d , 48609a1e , fda217b1 , 4b317bd8"
cc721fbc,16/3/2022,cdab0f97,f700d8d5,3ffb14b8
e0a9ad28,16/3/2022,3c499c11,76b34685,"934562b6 , 9350103b"
ad70b3b3,16/3/2022,d97f0ea1,482fe3e2,"342125dd , 3d7de993 , 48c04e2d"
140a7260,17/3/2022,46b38705,65442778,b85e365e
c52e7a89,18/3/2022,cc700de6,fbdcc4d7,"ef66df34 , 53416e6a , 8e27cd7e"
6c4dda9a,18/3/2022,b5354418,ec624f20,92a996f8
186bc895,18/3/2022,4be726a5,cd25aec2,"8386f42a , 08b797c9"
09c7bd1d,18/3/2022,14123338,a6c6f08a,"af1fb277 , c836ab12"
3d713330,18/3/2022,2d5b8bb7,f990942c,f68e0cfa
bf738d8e,18/3/2022,b40e629e,2c8ed4f1,b1b0c36a
68e195c7,18/3/2022,b92c4600,27e1eeef,8fbd7ac0
64890bdb,18/3/2022,4c84bab4,a38d194d,feaef63e
b502094b,18/3/2022,b92c4600,27e1eeef,3042f5ac
fbce792c,18/3/2022,b5765023,418f1903,9e9d8620
b715282a,18/3/2022,6ecb6f37,13c7b76b,"61c0224e , 21576246"
c183ebe7,18/3/2022,0bf94d11,5a5ba330,"7c59b388 , fdab6815"
85e27be8,22/3/2022,2e086f00,c02c16bc,"c21397c9 , 81171737 , 88295848 , 7f2998cb , 8227ab75 , 6ba00227 , 0f5c6c30 , 42bff16a , e55689f1"
b4d8ac45,23/3/2022,b5354418,ec624f20,0cbaca3a
9caac94a,24/3/2022,f21e37d9,7d8e9a0a,"c80ac4a2 , 06c17a96"
d6dd377d,24/3/2022,29d52ee9,fdc3393a,5b8492e9
fe480515,24/3/2022,b5354418,ec624f20,50d1fe8f
0d2ff45c,24/3/2022,b92c4600,27e1eeef,79d95912
fc8afa18,24/3/2022,6c0abc88,9adf86a5,"84c3b570 , 38614191 , 84186006 , 82afd0d8"
2cd08ce7,24/3/2022,59f130d7,23249567,d34dadc6
150fca2d,24/3/2022,215786d7,1a83e74f,8b94dcc8
ea14aed2,24/3/2022,1b10f1e6,ab1e9677,"9c2c6bb1 , 53373359"
62ae0f22,24/3/2022,1b10f1e6,41468156,186236a1
93d4f090,28/3/2022,3b96014b,f05f49d5,"825ac069 , fa3d4f35"
d1f7e088,29/3/2022,3efe065d,345446eb,"c28277f9 , 1d86ba89"
1f2099ba,29/3/2022,ea92b1f7,6be793ab,"7f51822e , 1bbf3abd"
d36ebea8,29/3/2022,461010f7,07b090a9,d7216168
c1823e02,29/3/2022,98e59a2e,3fff876d,"cdf0a7f9 , c2b3a377"
36590ba9,29/3/2022,fcb54429,c205b17f,"dfe2aeeb , 6f14f86b"
aa5a5b15,29/3/2022,b5354418,ec624f20,"a9841bcb , 9bf4897a , 76c10b7f"
e41c51f8,29/3/2022,29d52ee9,fdc3393a,9bf8650c
fee591e9,29/3/2022,985eefae,d7419db8,"c1e7a90d , 8da0ddcd , d9497e15 , b39bc08c , 427163b9 , e5c260d8 , 9072e3f2 , cc8793da , e5d95308 , c0fe1f14"
868c22da,29/3/2022,3d227399,4f05433c,"78be9e50 , 47de82f8 , 24f84651 , 578da436 , 3bc7c181 , 32e50e79 , 3cb1b1f4 , 7c8762e5 , 92624ec9 , f2e23877"
5f377f09,29/3/2022,ac154fef,1f018fab,"1218b5ab , d4b05cce , e9639756"
bf10c559,29/3/2022,1b10f1e6,ab1e9677,"28563831 , 463151a0"
242a5cc9,29/3/2022,1b10f1e6,41468156,"d8ed9ccc , 307fc41c , 5a8ff47e , 211f8dde , cff65422 , 8c28cb33"
6a9846e3,30/3/2022,02386db7,ec9b51e9,"0ad06128 , dabdd7b2"
f70c9aa1,30/3/2022,8dd3e084,cf2e10d5,e7a488e9
111fc3bd,30/3/2022,9f588aa9,e23c641c,"b132c87a , 72c276fd"
03c2a77b,30/3/2022,9f588aa9,e23c641c,00fd1f1c
960a7c78,30/3/2022,02386db7,ec9b51e9,f23e8efc
795ef37e,30/3/2022,29d52ee9,fdc3393a,a224ef68
d9d09b25,30/3/2022,b5354418,ec624f20,7315a9bd
f1f469d2,30/3/2022,3297daf1,8a17ff3b,2feac6df
1dda5924,30/3/2022,1841d980,0242ad64,"2b5595f5 , c5c33cd6 , c12fd2b0"
4102eafb,31/3/2022,bbaa4473,71702c8f,"4b7c9d13 , 5f8a7fa8 , 2297dd6b , ee4d5aaa , 1262db96 , 6ebfbb1c , f119be0d"
55e4a72f,1/4/2022,7ce5fbfe,b765616c,b5e516b3
38c9eb22,1/4/2022,02386db7,ec9b51e9,"c083d0c6 , 0d45e77f"
9f5cc71e,1/4/2022,b5765023,418f1903,"4f626cd6 , 548dac38 , f9049188"
9cf6fd63,1/4/2022,3f27117d,284ab68b,"edb4f433 , 8ab17543"
40f5b8cc,1/4/2022,985eefae,d7419db8,"e67d5906 , 6c053c7e"
e888897e,1/4/2022,ac154fef,1f018fab,"0c308aad , 7c7a4c1b , d7342c80 , a4e720a9 , e9113eb2 , 8846b218 , f7fbd1fd , da090890 , e2c0efa0 , d7c43ecd , 0a020086 , 33da862c"
df905ae3,1/4/2022,b5354418,ec624f20,a184a361
a64c1eea,1/4/2022,29d52ee9,fdc3393a,"6fa8c8e5 , 8f743c17"
ea0a1e5e,4/4/2022,0f6cb0e0,6899570f,"bd4cd221 , 0eecea75 , 610eeb8e , 0b1bd6eb"
7ed08650,4/4/2022,1321768b,adbc226b,34f4ca23
65c38c71,4/4/2022,9635c1a2,a5aeb884,b331d169
d57de7bf,4/4/2022,987f747c,278290bb,dc871bb6
8ebf36d6,4/4/2022,215786d7,1a83e74f,86de34fa
7b9e513e,4/4/2022,f0487c84,2bc6af56,b84811da
17fc4bef,4/4/2022,1b10f1e6,41468156,94127395
2f81cd56,4/4/2022,3b672156,04fbeb19,"142aabe1 , c9e77ffb"
d8e4ae06,5/4/2022,b0300ca7,c59e14f3,"48f8b3a7 , de266100 , 710d1e01 , 372f59af"
620c04c9,5/4/2022,69fbc187,0ce9a106,50289966
d924c534,5/4/2022,35f50e8e,fec619d0,"c9261909 , 6e590cbd , 33864714 , ec03b3c7 , 7d2e5d24 , 336d8963 , eef138df , 654dac70 , c9777967 , 916c3019 , 5717067e , 355c650d , ca33cd03"
a0039042,5/4/2022,7e82d0bc,408e05b5,754a47d7
8d84ffef,6/4/2022,8057ef08,26b6c3b4,"f851cdef , 580b6880"
a0088ae7,6/4/2022,7b83d9e1,9afe92b1,"9db1c691 , aaf12b58"
4fc7c42d,6/4/2022,8f57fa1c,05042d83,99fc77c5
34412074,8/4/2022,783200f3,d3e3af0a,"621680db , 41963076"
c8df34ac,11/4/2022,9df4765a,95f5b4d0,b5daedba
,,,,
7550d536,11/4/2022,215786d7,1a83e74f,"2e58b8f4 , 84217b23 , 7df4dd79 , e0592834"
6a02f777,11/4/2022,9a05933d,dc4e5888,"42d5ce9e , 35aa992e"
20b213a6,11/4/2022,a247836c,6ee374ad,"e32d477c , a5ded35f , 934bda7c , 9d8fea7c , 099acfe0"
32ee05ad,11/4/2022,4e353f89,175cd3b9,0a9d04ee
297ab12a,11/4/2022,9a05933d,dc4e5888,24c0f14f
1db0a022,11/4/2022,0acfbd65,3e075a33,f126e290
1eb81e82,12/4/2022,b3ef594f,dc40b7a7,450ccb17
61efe68d,12/4/2022,18b4fd12,4461ee74,7cb7f9f9
6037f1fe,12/4/2022,4c46fa9b,99f869c0,"06bc5aa8 , efe59dfa , 7d47693d , 07aac9d6"
c015efa3,12/4/2022,931e5fd1,905ba837,de20c150
f8fb3626,12/4/2022,9a05933d,dc4e5888,"3dc8800e , 2498514e"
fc35342b,12/4/2022,0345cbe0,e5713f2b,"9884c536 , 5720f525"
3b270c88,12/4/2022,e9e2cd89,3c526c24,"056d740c , 1ad0977c , d5942c81 , 476d39c6 , 27bed0fc"
d95182c2,12/4/2022,215786d7,1a83e74f,"11d06f96 , 522f8142 , e15f9c29 , e68aec08 , 964bf602 , 459a476e , 5337fac0 , 3b6c5ab8"
c4466066,13/4/2022,435e8c0c,ee5e1054,d74a9bdc
39f15dbc,11/4/2022,cc700de6,fbdcc4d7,1eb98af0
edcb03a5,13/4/2022,b5354418,ec624f20,f37ef5ca
c64cca56,14/4/2022,ef8edceb,0af394a5,231f82fa
d4a3cd1c,14/4/2022,187508ca,f936107b,"7beede60 , 99e5c5fc"
85812241,14/4/2022,e6fa1f95,93701038,bffc2404
2aa8f2cd,18/4/2022,6a82668c,5ac88f53,3d15a885
01dad41e,18/4/2022,e1105df9,8647e1ed,f8f3f010
0e00dc61,18/4/2022,60b9901b,dec890ae,"ea7b4bf7 , 6554889f , 1b2cec4f"
09891bbb,18/4/2022,7aa60226,4805b86e,3aa82e28
0e74e3e2,18/4/2022,b961b009,beddd55c,"011460b5 , 02b922de , 92653817"
ce7d311f,18/4/2022,8dd3e084,cf2e10d5,"8f9082ee , ae69ff10 , 0ca63ffa , f9065960 , b70928ed , 68630a08 , 03f90144 , d3aa46cb , 9a6561ee"
8ff5f7f9,18/4/2022,7a576bb0,c72ec621,49c9de1c
564b0f5b,18/4/2022,5cf0c527,93bb8587,95a41d2f
578c4443,18/4/2022,f01879fd,ebc4e608,675770fb
f625624c,18/4/2022,c72d5220,ef1c6558,"9b800484 , 66ca8808 , 85e8faee , 892fb49b , 0101eb15 , 67c85e99 , 0125cf71 , bc5b0244 , eab1e63e , 5a43e724 , 9adae918 , 504229be"
ee3a4b3d,18/4/2022,0acfbd65,3e075a33,"800f6254 , d0a80d80 , 1e89dc3e , 9347bbac , 024e17f7 , 6c99bdc5"
25127211,18/4/2022,e9e2cd89,3c526c24,"e0bc3f5b , 62e44ced , 7d00cc19"
0f49bbc9,19/4/2022,2c12b622,f7c26ad3,"114a970b , 07860be7 , 4da88ced , 0a8afb1d , 8dbfef09 , c8785704 , 8cd6493c , 0e57a17c , 161e3da7"
4e50e951,19/4/2022,f719ca08,02cc1cbb,c818f309
630fe290,19/4/2022,c72d5220,ef1c6558,"aad4fd43 , 9d914a00"
2171130c,19/4/2022,0e7e757a,2d605419,7169dff6
f340ad3b,20/4/2022,e6fa1f95,93701038,d1f2aaba
dde54b94,20/4/2022,952be7b8,34cf5a48,c0b42719
b5038df5,21/4/2022,3bee8c92,a81f9e70,"497b3d2b , 62868789 , 896e265c , 1ffc6788"
ffdeb4ce,21/4/2022,caee2283,648848fd,eeac4b9f
1dc62473,21/4/2022,91fbb4d8,a979b0fd,"a184c171 , bb0d1c99 , 2db05dd0"
,,,,
ac0e3719,21/4/2022,b0300ca7,c59e14f3,f63e4715
7391d6a4,21/4/2022,b0300ca7,c59e14f3,345f8ddf
9a6720af,21/4/2022,b0300ca7,c59e14f3,"1365e1e6 , 7a7a3587 , 84a98582 , af3a9adb , ee8de4e6 , 7c3893e2 , 4bb7f4d8"
7c440244,21/4/2022,32457b7c,b6627694,"006cec64 , eae809a0 , 8563e9f7 , 824ec970 , adcd31d7"
5329be04,21/4/2022,2549b12e,7d39fd5c,e30d1ec2
534ca379,25/4/2022,17ViiCBEVy,db4527a9,"RiYAuCDTYC , EIe8fYyG0o , WL1pt1iDfz , YcGnqizg87 , W6sXamMsZS , f3j11E1DI4 , gl8oAf7zDY , 9dxq3r8sPP , 8C7N38XMgV"
794f0a1c,25/4/2022,f124c288,efc95613,facc62ff
7aac4912,25/4/2022,9fdf1883,09f0c702,cb3ae92a
3ac4146c,25/4/2022,15bdbe23,bc644bfa,d4275dca
4cc142cd,25/4/2022,969030d9,537aedf9,ad5d610d
80c87723,25/4/2022,24bfabe5,0d6f1c27,"2365f6b5 , 7cf9ebb8"
a7ec2334,25/4/2022,f01879fd,ebc4e608,ed4fcc0a
8a60d74e,25/4/2022,0acfbd65,3e075a33,"528a2c31 , c1f02ec4 , 4c588cc7 , 88c8df9c , a49dfe00 , 0842142c , 5760223a , bd5f8915 , 50b07bd3 , f60dbe7e , 299ef721 , 130f860c"
c51682ec,26/4/2022,36128f0a,7b0061b3,"1d36720c , 7cd984c9"
d7cbeedd,26/4/2022,fe2a0f5a,f12f79d5,1dd2c73a
624df0d6,26/4/2022,47a1ec59,ad71266d,"98c86bb0 , c2d5b9f2"
366354d0,26/4/2022,2f1b65c9,73dd247c,"dbb15ce0 , cd80822f , e9f9df1d , aa8cb878 , 9a8d03af , 67f8f610"
d99liWa935,15/12/2021,uFMBNy85c2,DW976ZUv42,6J766NcxA6
7172621e,27/4/2022,503f11f5,531efcbc,"c97be2a8 , 2d7fca12"
ad9f0127,27/4/2022,15bdbe23,bc644bfa,"b0f5fdd9 , 5fb9a447 , 2aac3c80 , 891956a7"
efadef16,27/4/2022,cc2f811f,4be85bdb,"e73dbdbe , 0793fdc7"
5b29e957,27/4/2022,f01879fd,ebc4e608,"99cb46fe , 47bd9d93"
70bb1338,27/4/2022,215786d7,1a83e74f,d369a00a
9f2933d6,27/4/2022,2f1b65c9,73dd247c,28806f44
93c2d11d,27/4/2022,c8d9e16e,8eb4d4b4,"e02786cb , aab61beb , 2e10234c"
e54f4c5e,27/4/2022,9a05933d,dc4e5888,b302c741
5167220c,27/4/2022,c72d5220,ef1c6558,60d9d3b9
1e1f3b54,27/4/2022,952be7b8,34cf5a48,"80c9a024 , 77827ee1 , acf6f08c"
8706bd40,27/4/2022,0acfbd65,3e075a33,"39a5d3e6 , 9d059ad8 , 93705bd9 , 35c4815f , e77811ba , da616eab"
ce432a9b,27/4/2022,1113ec86,72a6ea76,2beb8ba8
149349c8,28/4/2022,511be30e,03495ae3,"b99878c7 , 4624388b"
ef5626e5,28/4/2022,aa213252,604e3ff6,208c7aec
b7aa2ea3,28/4/2022,7a576bb0,c72ec621,"659f13cd , dd2249b0"
9ce45769,28/4/2022,72f10968,0cd40649,30479aeb
b0c6596d,29/4/2022,18dfbbdb,c0f61a76,15fd31be
5a0607e9,4/5/2022,edbc8c05,4f4b4ac9,e027b692
2f3765da,4/5/2022,9a5433d1,24245b3b,"a91e7cee , fc247cae"
4d285f6d,4/5/2022,791115fd,1e2fc106,"9fad129a , 01058a3e"
8e7b2730,5/5/2022,ad763bd7,144cf9a2,ec38bbb8
06d1d3d0,5/5/2022,e22b6c36,c4d0aed2,"413dabbe , a847940e"
091eeea8,5/5/2022,f9771ae1,61ad448f,8f14f753
9ea9fcf0,5/5/2022,bce1cc5e,42d2fbec,cab1c773
758119d2,5/5/2022,0acfbd65,3e075a33,3bbc348c
d7497024,5/5/2022,0acfbd65,3e075a33,"d6efaec7 , c44e3c70"
ecb432d6,5/5/2022,91fbb4d8,a979b0fd,af754d0b
c6832ef5,5/5/2022,25dfeaba,567eb903,72fe15c4
5b7b8a6f,6/5/2022,346bb580,3703a86d,"805f76c6 , 4353c6e9"
b9dfa4fc,6/5/2022,cc700de6,fbdcc4d7,209958b5
db430dab,9/5/2022,dd60fc09,d9b0c35e,103c3a6f
4a8873d2,9/5/2022,78737400,493e17c9,d030ff72
4b348ab0,9/5/2022,ca3eb88e,9643edb8,31384ad5
bf6b9f4d,9/5/2022,6ddd14ad,fb9b7652,435f14ee
1e80fde6,9/5/2022,834ac869,f5c8cf82,"40070a96 , db0401aa"
97fa4137,10/5/2022,c8d9e16e,8eb4d4b4,2c9cd72e
04af9de8,10/5/2022,176ac279,7745f19f,"f5cffa0a , 2ed25cde , 738624a4"
b65a9548,10/5/2022,09e7108f,3790fc48,7aa01497
ef65875c,10/5/2022,680ba42f,26f1aa3e,b8bec987
771ce069,10/5/2022,2f1b65c9,73dd247c,"850a8196 , 4d41a218 , ff8f5c70"
76bb426c,10/5/2022,15bdbe23,bc644bfa,"f6d156c7 , 7669ba01 , 5265ac42 , 55b3c6d5 , 6f4b3a6e , 23202b24 , 56496622 , d2141555 , 3649d281 , 5b77ce01"
f3a835bb,10/5/2022,952be7b8,34cf5a48,"278ff3f4 , ae25a1e7"
ce7da75c,10/5/2022,f01879fd,ebc4e608,7beafdea
b5f4d726,10/5/2022,a15556ab,1397f093,647d5c69
92c40f04,10/5/2022,1113ec86,72a6ea76,"0b959012 , 55c928d9 , d2698ffa , ec2045fe"
0de547d2,11/5/2022,2ee609d5,6ece3a77,0df1fa3d
7bac0098,11/5/2022,41946148,6d3b15a9,76a24d34
52c27815,11/5/2022,cc2f811f,4be85bdb,a0c48109
e58cbce8,11/5/2022,17ee0b61,6600c2a7,23bf366c
b0ea46e3,11/5/2022,176ac279,7745f19f,2bcb25f5
b4df76fd,11/5/2022,952be7b8,34cf5a48,f1b6900a
f3f966b2,11/5/2022,fa4fd31e,cee2edd1,8f0001dc
8e4b6bd0,11/5/2022,d39f2e65,d933605d,"a96ae0ce , b714b404 , 96a536c1 , 8c83041f , 2cf142eb , c93bc597 , 339201c1 , 151b7dbc , 72b710f1 , 71dee81c"
49e4d212,11/5/2022,8b2845d3,e9183269,"78b03d2b , f14ec3a9 , d3c66947 , 669079fa"
4ce44f8b,12/5/2022,25dfeaba,567eb903,145e81db
7b155977,12/5/2022,176ac279,7745f19f,"9b9b6d77 , f493c80a"
e1807647,12/5/2022,25dfeaba,567eb903,"118b9478 , 25b5000a , 1ca27ddd , ff4fddc7 , 970ebd39 , ba56c1d5 , 0fa59bc3 , 1000013"
be04d674,12/5/2022,8b2845d3,e9183269,"3e8ea90a , 0b5bc27e"
8f189287,12/5/2022,55c59788,c31264df,12b3fbda
9fe0c336,13/5/2022,5e9232ec,1b09857e,95fad1dd
abc28ccf,13/5/2022,3ac4cf9c,f5689808,"a5fcbcdc , 80d9574e"
2ec3c0bb,13/5/2022,25dfeaba,567eb903,"ef4376fa , e6d9b105"
a7511de6,13/5/2022,952be7b8,34cf5a48,aabfb04b
2d12ad12,13/5/2022,153582fb,96b666f1,39496c45
34909822,13/5/2022,d39f2e65,d933605d,"2c85a312 , f5893168 , a277a720 , 75c9349f , 666232f8 , d0a00e17 , 9deb1713 , acb821d7 , b00209d2 , 844f6cd5 , 90447bcb , 7c9831bf , e688ac2e , 12f2f873 , 64d60012 , 06c6b5d7 , cc0a7b5d"
9536087c,13/5/2022,afb96c82,0c482867,"0ea377c1 , 9712eadd , da542e3f , 8aa65174 , 2b75c898 , ba65def8"
92e16d6c,13/5/2022,15bdbe23,bc644bfa,"d0c52705 , 242cdbde , 7a7b6c5c , 490d491e"
2135a526,17/5/2022,afb96c82,0c482867,"cafec7ac , 0f9bf235"
544341f6,17/5/2022,25dfeaba,567eb903,"23f1fd71 , eee5db61 , 9225145b , 198d6c32 , 40f75250"
abbea47a,17/5/2022,0acfbd65,3e075a33,01a792cb
0b93559e,17/5/2022,680ba42f,26f1aa3e,402e9ca9
cb4fbc16,17/5/2022,ed0acdd6,ac8b2715,"b4b1afde , f4c89700 , 51073647 , 55fdd742"
234bcb93,17/5/2022,db57d90e,99c197c9,97f6c0fd
e3b531b4,17/5/2022,ed0acdd6,ac8b2715,"0497248c , 10853d4e , 7763d8a1 , 1b5f00a1"
0b5698fa,17/5/2022,176ac279,7745f19f,"5c07ca31 , 4eec6aaf"
5e98f7d4,17/5/2022,fd3c8698,85d21095,a01c03d8
a7df534c,17/5/2022,e8ac690e,37cbde16,ac208c9f
93248525,17/5/2022,4b391c1a,cfdfd92f,"18fcf7d6 , cf049c3d"
50fdc6e1,17/5/2022,29d52ee9,fdc3393a,1b10d002
97289bb5,17/5/2022,1b936f57,3aee9800,96d9e72d
ac4a5416,17/5/2022,fa4fd31e,cee2edd1,b0309bd9
24344324,17/5/2022,08c436bd,9d18bc50,4661ea17
312d859a,17/5/2022,8b2845d3,e9183269,e472ed0a
c49c4fcf,17/5/2022,025d1a3b,c33f9412,"fb4cd102 , b0c1491a , 1bd39d3c , c9d9fd02 , 71221052 , a8d12c8c"
6496fbfa,17/5/2022,c72d5220,ef1c6558,45d95c10
1e354f4a,17/5/2022,be1604b6,4f96853e,18da8b77
fe24510f,17/5/2022,be1604b6,4f96853e,56c0aea0
14b003f6,17/5/2022,c72d5220,ef1c6558,7de9bfc4
9adff5b7,17/5/2022,025d1a3b,c33f9412,5ff199c4
00b20e7c,17/5/2022,025d1a3b,c33f9412,"269b44af , a7914147 , 3609fae8"
630ae87d,17/5/2022,025d1a3b,c33f9412,51f04c26
2b87075d,17/5/2022,1c9f1e1e,b8980a18,c6f4000d
39ddd574,17/5/2022,2c02f582,e4133cfa,"2ae237f2 , c8cbf142 , d6647caa , 51312132"
7b500926,17/5/2022,7908bf92,ba7e769d,a430ac03
274c5e72,17/5/2022,40df4f10,b3fdc4bd,ea100f6e
e6451dd6,17/5/2022,afb96c82,0c482867,"f361ec6f , 2a14d244 , f5d0b1d9 , b623ba2f , 84091780 , e085b6c1 , eeb31caa , 92216da2 , 6af15966 , a75e39f5 , ed68fa6d , 21cbcb2c , 3881860c"
9e4a12a0,18/5/2022,064c3375,b35ad3c9,1dc4aa3a
7fa112d1,18/5/2022,fd3c8698,85d21095,"e07abf18 , 0d17f25f , 1711feeb , bb2e82d8 , efd242fa , c4aef2d7"
a4b5db16,19/5/2022,94533f2f,368ba036,"d022da7b , a7abc493 , 67ed4689 , acbf3e81"
afe96eae,19/5/2022,5470633e,dc7710b0,"1e92f307 , 1da71ef8 , 1f3e84cb , b12059ab , 7b0ce427"
accdd4fb,19/5/2022,09ef70e3,fd444a72,"0ec1b022 , 141dd88e , de9643fe , 7de95f80"
44a55abd,20/5/2022,1552944d,bb1e59e1,"bcdc9d5d , 7cbe0227"
ee9bb90d,20/5/2022,0c8d8185,f6d083d5,"adf6a07d , 0b130f26 , ec4d11d3"
ab18618d,20/5/2022,c3118017,0070df64,"b30a8371 , 477ab687 , 770ba52f , 80d1b92e"
46a312be,20/5/2022,14968816,dc10b267,"d17d22c1 , 1f0fc994 , e1e4104d , 09861fce , 48dd5564"
6b0700b7,20/5/2022,afb96c82,0c482867,"af7d6768 , fb1f4990 , 39fff7b3 , 8d9be5d4"
b3fe44d7,20/5/2022,be1604b6,4f96853e,0f741923
fe597a18,20/5/2022,2c02f582,e4133cfa,9436f962
977cb143,20/5/2022,7908bf92,ba7e769d,"fdf10ebc , be7e196c"
96bb650e,20/5/2022,176ac279,7745f19f,a3b49038
0a55271f,23/5/2022,503798fc,aea511d0,57105fcb
1eb8dee1,23/5/2022,680ba42f,26f1aa3e,69e96e49
48f63178,24/5/2022,29c72f73,4b5f192f,"97eb4eb1 , 9fc16f4b"
4c0aede9,24/5/2022,42d64626,288323da,2dddc58f
c0b5f522,24/5/2022,0acfbd65,3e075a33,f4554cff
acccde16,24/5/2022,4ac03fa4,3d00285e,9f770704
bad499f7,24/5/2022,a40421c3,1a83725e,f0875ac6
733e016f,24/5/2022,a8a19b4e,c0ab5009,aca8dadd
390c2fa1,24/5/2022,be1604b6,4f96853e,f45fb386
c427980a,24/5/2022,952be7b8,34cf5a48,85fb19d8
92facf5f,24/5/2022,4ac03fa4,3d00285e,"5281928b , 02a2ba11 , 31eb0257 , 6117f7b6 , 8958f530 , cb9e8f2b , 7b1e15c5 , 5773ef1e , b5752cd6 , d3b93973 , c4430502 , 80128f02"
c404d459,25/5/2022,5333a266,8cd27055,"9da1c771 , c1f76d79 , 01ada76a , bfbee044"
37fc748d,25/5/2022,be1604b6,4f96853e,"8b0eaa01 , b8523080"
5b9b98bd,25/5/2022,15bdbe23,bc644bfa,da7291cd
555ec365,25/5/2022,6956a258,d4213090,afa1d3fd
770f3193,25/5/2022,0c8d8185,f6d083d5,"85a13c21 , cd5ecb8e , f4280b64 , 51716168"
82cb65a6,25/5/2022,afb96c82,0c482867,a56fdaa0
a2821fc6,25/5/2022,680ba42f,26f1aa3e,fd9bf9c7
9431a9dd,25/5/2022,45552f37,3aeb73c3,"8e944f85 , 72058c04"
978b6116,25/5/2022,be1604b6,4f96853e,"d78eb3e7 , 9eb06768"
e75f6a06,25/5/2022,4ac03fa4,3d00285e,30264fd9
28fc5a53,25/5/2022,a4e227f7,cdc415d0,2163eda0
c944bbb6,25/5/2022,5333a266,8cd27055,6d986da6
d0a5ef20,25/5/2022,4ac03fa4,3d00285e,72f00e6b
,,,,
d3ca7840,26/5/2022,7acbafcd,7588Beb2,"cbc00933 , 70ec3d0e"
7db20bbe,26/5/2022,9115ea2f,8f45f281,68637b52
177a9677,26/5/2022,17ViiCBEVy,db4527a9,"51pC9b0mmW , 78p9S91r9c"
f5453022,27/5/2022,5cf0c527,93bb8587,06d64b88
b2599844,27/5/2022,3b93d4b1,8ff8894b,"e4126729 , cc981de4"
0319900f,27/5/2022,84e18ce8,a6ca0010,"95f7c55f , 0ad7b9c3 , 23051d9f"
7937487c,27/5/2022,205d89a3,2307d009,cab33c83
652c989e,27/5/2022,8b2845d3,e9183269,"d59bab6c , dd8f88ba , f35633bc , ff2e68d7"
2b907b89,27/5/2022,680ba42f,26f1aa3e,"5101085e , 0b468781"
70d91353,27/5/2022,4599d5aa,0278666a,e152de71
51d6efad,27/5/2022,6956a258,d4213090,"d564ddc4 , 39cb1884 , 1cf2d454 , 885be807 , 6251666e , 39c57b3c , eecf9d7c , 4c531c57 , ec436aba , ef1369ba"
87326361,30/5/2022,1552944d,bb1e59e1,"43121b0f , 19bf7b62"
bc917dda,30/5/2022,b6f4571b,292fc42e,94b8c312
cc875f7e,30/5/2022,15bdbe23,bc644bfa,136726cd
3850993d,30/5/2022,6956a258,d4213090,"4d538069 , e4fc750c , d4769e5d , 6d285e0e , 90cb951e , 01d436ca , 5a7050bd"
5ebb8d95,30/5/2022,57df314d,8ad69bd3,"1a7272a7 , 8a66d898 , cf73cfa5 , 35316d00"
07a64e1c,30/5/2022,4e353f89,175cd3b9,76ed193c
b2e0dc6d,30/5/2022,b5765023,418f1903,b411d590
11f4a9b0,30/5/2022,9dbe74d5,5e33fe62,"5242f520 , 0eb200e0 , 8eccadd4"
63faeff5,30/5/2022,c72d5220,ef1c6558,"08095f89 , b616588f , b73082e7 , 63c9de7a , a03af6c7"
1307c642,30/5/2022,e917eddd,4f35f86e,"f5f464dc , c595934e , 72d359d8 , 28c867f3 , 03ca15c5"
7d0eb2f6,30/5/2022,d39f2e65,d933605d,978185c6
2ea97c76,30/5/2022,fd3c8698,85d21095,2cd6ef17
fa64ccbf,30/5/2022,c3118017,0070df64,"59d75e18 , 53d308f3"
09f19d64,30/5/2022,2c02f582,e4133cfa,d11a9495
a6189645,30/5/2022,14e1330a,6912b81d,0768c588
e56dd3f3,30/5/2022,0acfbd65,3e075a33,0f0b8689
c52072c6,30/5/2022,4ac03fa4,3d00285e,"3755fdf1 , e4954356"
eddb2570,30/5/2022,afb96c82,0c482867,fdcbddec
bf0031b2,31/5/2022,973f8a76,61be16bd,"6cbaf902 , ad4210d8 , 4f8857c6"
8e2dfad9,31/5/2022,a15af0bb,10799a9d,73823599
eda84655,31/5/2022,99b8d67d,934ddf27,ac6397f9
206bbeda,31/5/2022,659b896e,d441c044,31c37a04
55f35364,31/5/2022,S34ixt0BmJ,5c51f741,ne2w4U903e
169712c2,31/5/2022,80c2868f,1d040494,167ff4d8
87c73352,31/5/2022,b5765023,418f1903,ee80fdd0
,,,,
a058499b,25/5/2022,db57d90e,99c197c9,"a58077b5 , 08118eff , d4558390 , e4d15cb4 , 63f81c8c , 3ba03b2c , ab1e4549 , 116bc373"
22da9116,3/6/2022,42d64626,288323da,09ca9186
0b51e48c,3/6/2022,57df314d,8ad69bd3,39275029
602a449a,3/6/2022,f1a1f295,375543ec,584e028f
22548a1f,3/6/2022,01ac7c23,4701790e,f1ad06b0
181b1bbf,3/6/2022,3bd75687,dbb78308,410f7282
50a078d9,3/6/2022,4ac03fa4,3d00285e,f275f384
17b6843f,7/6/2022,ff47d8b6,9734da5b,a12a956d
6526eb0c,7/6/2022,6aebf076,701e8e89,"53647fbd , 2d83aa63 , 39035f48 , 7809f0de , afe94da8 , aac17249 , 07a262ac , 7e298ddd , 9b9f3ff1 , c361f14e , 0f231f2b , cbe065bd , 38293d7f , 064060da , 58aa1bde , 3d0b33ea , 2bec79a7 , 31906636 , 0f0eb1de , dff2e23f , 8b00f5c5 , f4226972 , 4464c191 , 551de112 , 8599b07e , 8f195610 , b1318393 , ddef14bc"
2b639d57,7/6/2022,6f3f74cd,c182bcbc,"598b3180 , a5db9154"
,,,,
a48a65d9,8/6/2022,cf3c1646,34867fd0,"36139ca0 , 013a45f7"
ecc57ed5,1/6/2022,94561694,abd5241f,0c1e592d
a8914756,8/6/2022,15c6ed72,89b01a5a,f0fd65ad
ef59fee1,10/6/2022,3293dccf,bcdd7ed5,"5cf7ad95 , b6cef9d2 , b13c6ce4 , 9bf1a209"
24986733,10/6/2022,c7907f9b,40db3873,"a8c364c6 , e116f3d6 , 0f82cbac , 86750855 , 25eb4be2"
ee09670b,10/6/2022,2424d225,2698c5d4,09cb3d03
65cb76d4,10/6/2022,3293dccf,bcdd7ed5,"d7e8d237 , 607494b2 , a50b1618"
9a3280c6,10/6/2022,fce3a781,13b53c74,2611f0a7
7750a565,10/6/2022,a1de238e,9eba23c3,6de75a3b
12f09b2e,10/6/2022,8f897e99,493814b3,30620b90
e52b16c4,10/6/2022,8f897e99,493814b3,"c34f181e , 86ae314f , fed1a5dd , 415659c8"
41064385,10/6/2022,f201d1cd,e62922a6,"f3d3c02e , d44dc2a2"
057c9084,10/6/2022,6bc8a76c,d10f233b,bda4ace9
814f3ab3,10/6/2022,23ec8c46,95449e7d,2fc24ea5
36344b55,10/6/2022,6beb24ea,a2cf4534,fb9fef9d
2cbb61ed,10/6/2022,9e07ad72,2e2c3da6,f2dc0fba
dcfb8fe0,10/6/2022,4f13d4d1,54a15b9a,"d331e19c , a05cc3c4 , 10e4c585 , 7303bcfc , 2056b522 , 81a544f1 , 24ec0b5f"
c6ec7ba1,10/6/2022,8f897e99,493814b3,7483a0a2
612b6bae,10/6/2022,8f897e99,493814b3,b840644b
b7466104,10/6/2022,55e2a940,9654694c,745a0adc
8286b331,10/6/2022,8f897e99,493814b3,"ca7af34b , cb6069c4 , a2073c23"
716ac500,10/6/2022,9388ae85,b2d77259,546f03c3
34adce00,10/6/2022,50687502,9b04d62d,"6f7f7fd2 , 9dd10598"
ea27f7e5,10/6/2022,f2831d5f,4a5fb111,"69e75a72 , 84736c7e , d35fe830 , 19d2f01b , 8d2513b0 , 273bcb4c , d8c3638d , 9244d7c7"
925c61b2,13/6/2022,e37a781b,a3e5f573,"139f9d94 , 97cdb088 , ed25be0f , 3cbf6cee , 6f1f3ff7 , c8a75e95 , b07cc19b , f739e9b0 , 2b4f6234 , 72299316 , d88299d1 , 22b05638 , 78269cf4 , fd79428b"
7396466c,13/6/2022,3b4a27b4,a4836562,d155f8d3
bd30e7fa,14/6/2022,8f90f598,a17aa33d,"80526bc4 , a778ad3a"
8b31f0b4,14/6/2022,c0a81ef3,be270467,dbfd246a
f34c47b6,15/6/2022,50958958,3b8ddf8d,"a2bada9a , 9bbc633f , 00d82cd5 , 396730c9 , 1e6ec0e6"
550b857e,15/6/2022,e7d66529,422f7cf1,63429c55
c5a18ee9,16/6/2022,2e73eba0,3b30bb38,a7d84305
feb51cd4,16/6/2022,e1f22e90,54fd985c,"11de0cff , 016c1de8"
03eb9fa4,16/6/2022,8fb1e8f5,b3303f52,ba36f97f
90bb209b,16/6/2022,5db05b1e,2464e8ec,"5b27c195 , 85aa1eac , 84637686"
0badc372,16/6/2022,5db05b1e,2464e8ec,67d0b910
e6e0b73f,16/6/2022,d39f2e65,d933605d,9d53fb5d
e6348f5e,16/6/2022,8f897e99,493814b3,"0386a42c , 4128b73a , d39dc1e5"
74b73311,16/6/2022,d7769d6e,eb0c811c,"69e8531b , 0aa0908e"
e7c22fcb,16/6/2022,c929acd1,94aeb77f,edd25bc5
d8da15fd,16/6/2022,f2831d5f,4a5fb111,19c1d160
,,,,
c89a2bdc,16/6/2022,f2831d5f,4a5fb111,"813ec953 , 8e6cfb2f , 08b83320"
2af17b75,16/6/2022,e2092fe0,c7272049,a18bf2c9
fc5ef4fa,16/6/2022,1ce6f55b,0fbdb0aa,65277b14
5609257e,16/6/2022,14e1330a,6912b81d,ae961ab8
07918ac0,17/6/2022,f2831d5f,4a5fb111,"820af12f , fed2a89c"
47dd19bd,17/6/2022,2ec3e6f8,5b77f399,72d98c47
47cf5fd4,17/6/2022,9f91d769,62d31894,b12860e3
abe3506a,17/6/2022,f2831d5f,4a5fb111,"ebd31a6e , c5858e82"
,,,,
78312223,20/6/2022,9e5c1fd7,4e842c7e,363d7c8a
c71d93ab,20/6/2022,9c79e75e,b457fa8b,"6e4b2350 , f0ea7c91"
7391b06a,20/6/2022,9236750f,40ca2d87,a6c42a61
f4edb638,20/6/2022,ff7aa98d,960ccdd4,"be33efdb , 127aad09 , ab9a310e"
3f44635a,20/6/2022,9236750f,40ca2d87,f6164593
16042c99,20/6/2022,50687502,9b04d62d,"38d6e508 , a82dc14b , e21f1e9a"
b0c1305b,21/6/2022,19559516,9b3e10e1,"1b3bdf6a , 502f5d50 , 7240909b , e975c56a , 012180aa"
b515417d,21/6/2022,60058fb0,a6d14a7d,"1870523e , aef0ac36 , 2b64b464 , 813a230f , f657267c , de0ebf60 , fc40bef5 , 835420c0"
0806f956,21/6/2022,c2e99b01,5db6e9c4,2b871b67
20453c96,21/6/2022,1eea33d1,3fc2a23a,"48b6ec70 , 99bce386 , 62f6ca36"
e99a1eac,21/6/2022,ec041b71,fa25efa9,1f9ade08
e2b3b412,21/6/2022,91fbb4d8,a979b0fd,ce4ed580
e9f77ecb,21/6/2022,ff7aa98d,960ccdd4,25e574cd
d259c3d0,21/6/2022,50687502,9b04d62d,78decf6d
b6348b32,21/6/2022,eb2a5a1d,237b4574,"394d0870 , 78b86e08 , 66160cb3 , 753ac896 , f7d8ee23 , 6169902a , b985c20c"
f8ec2f10,16/6/2022,d39f2e65,d933605d,656a3c05
996737c3,22/6/2022,5c236f78,67a18e2a,"84114859 , a26161a2 , 4cf8da14 , 13addb73 , d4bf6477"
7f57ea2e,22/6/2022,71f975e7,b7d5607d,"8c753f52 , 0e90870b"
529ef918,22/6/2022,454f30ed,857d6c3b,"7e9929fe , 308cd1b5 , f2e10b3b , 6c1ad268 , 7bf4f174"
c9f3b12f,22/6/2022,64b0b065,5845451c,1c072f69
a479bf1a,22/6/2022,514e3e69,a6d88948,6f0b4978
f0ab76ec,22/6/2022,71f975e7,b7d5607d,7ec84b75
a8e4d05d,22/6/2022,5db05b1e,2464e8ec,addc6d88
8afcb271,22/6/2022,e14eb926,f25178a0,51016852
0a9776dc,22/6/2022,f4bfbabe,54099534,"18d3b7d9 , 415f73e7 , 6f956c2c , 2d42dd35"
5cea0370,23/6/2022,06222c65,9cc5f4f6,"9f935bae , baa53682 , c04a23b9 , 33a23fff , 44d618a1"
31de8137,23/6/2022,32f0d93f,5a1978af,"8212cb46 , 46c1dbe6"
fd752cd2,23/6/2022,23f99248,86994a59,"14f07f5d , 6ed43bb6"
1aaefd67,24/6/2022,b0c4fe4c,1961b19e,"5178b81f , fb27888a , 818fd1b4 , 75bb3a25"
e4c97797,24/6/2022,5c236f78,67a18e2a,"5f948475 , 4daee159 , b41657c0"
64859cb5,24/6/2022,bdc58ac2,0997d046,71af711c
e804055b,24/6/2022,62a67ea5,e290e58f,"59157d3e , 67a534c0"
7363a862,24/6/2022,2582b3dd,1a1c61bf,8de6d440
55cb7ded,24/6/2022,bfdcba5a,cf3ba0cb,"35ae301b , eee72353 , 052affba , 189b5884 , 0bcc7a74 , 47628028 , f9af5fbf , 1695790b , 76281a68"
3b106537,24/6/2022,fb029579,395178a4,"a3d24d52 , 287a6524"
f280ecaa,24/6/2022,5bee2bc5,5e21d60a,67ec0645
275a733e,24/6/2022,5c236f78,67a18e2a,"5d2b8a7a , e44a8991 , ba5352b5"
a4d82c3e,24/6/2022,71f975e7,b7d5607d,"0b840786 , 0e94b973"
318148ad,24/6/2022,454f30ed,857d6c3b,"422361c7 , 394593b5 , e1963f8b , f92da212"
44c0302b,24/6/2022,64b0b065,5845451c,"25121a05 , 7effd37d"
2de3a43d,24/6/2022,eed46a7e,b0ca8c0c,"c84eaca9 , a1bca9cc"
c39691f7,24/6/2022,466b9d50,4e74e35f,"fe59dbe5 , 36799cd0"
042da76c,27/6/2022,654e28bf,d18c5d57,8dfddc7a
ab306972,27/6/2022,46b6cc67,b70499fe,"6c6fa1c6 , ac3623bc"
4006b311,27/6/2022,f2831d5f,4a5fb111,cb1d3612
bd92c17f,27/6/2022,0ddf7e83,ee1de5d4,"89814fed , 82ebb1f4 , 788f4fbb , 0e3e7d17"
9e0c2d7c,27/6/2022,eed46a7e,b0ca8c0c,"2dc154f0 , f002195f"
686da5c5,28/6/2022,98376b09,fb401404,aa6f10e4
c00026b9,28/6/2022,e8c075ab,24c90127,d46cbca8
5bc75377,28/6/2022,466b9d50,4e74e35f,"644e6ba8 , 3efe2754 , 7c23ae09 , b9da55d6 , da60de98 , f5e8b6f8 , 51fdf0c8 , 7c06791d , 6cae5245 , 81115190 , ab9e0d54"
850d32af,28/6/2022,71f975e7,b7d5607d,"21a98d9e , d8fdef1e"
9fe2a693,28/6/2022,bc9421dd,619678f6,"3ea9a5f3 , b971ad02"
0b6c70ff,28/6/2022,466b9d50,4e74e35f,"eec62177 , d2fb416b"
30f07a24,28/6/2022,044576d2,be6c14ba,"043e76f2 , 7270e0c5 , f63923a0"
02a41ff2,28/6/2022,044576d2,be6c14ba,"c6e25a86 , de0d4673 , 2ebb0d2c"
28df933d,28/6/2022,9a962427,a03366f2,60801811
c6220d81,28/6/2022,64b0b065,5845451c,678b7556
5842cd75,28/6/2022,9a85ef9c,36b20bee,"c254f455 , 25e70d75"
e70d88e0,28/6/2022,eed46a7e,b0ca8c0c,"738fd5dc , 2b3eb43e , 1fa499a0"
b6f9c7c0,28/6/2022,7c97f19e,352617b9,"51f71526 , e471ea57"
8de500b7,28/6/2022,e14eb926,f25178a0,"07b34045 , d80715f5 , c5af5a92 , 44ec1a79 , d4ce67b2"
ab5a2727,28/6/2022,466b9d50,4e74e35f,"ee2e547c , fd005900 , ac4c4278"
6936a210,28/6/2022,75c7fea9,59b0e522,a7966c7c
c9f0be69,28/6/2022,466b9d50,4e74e35f,"e2344547 , 4dcddb28 , 467d132f , ba86a715"
ac03bc34,28/6/2022,044576d2,be6c14ba,"773bf6e5 , 9ea63563 , 633e396e"
1eb38f53,28/6/2022,466b9d50,4e74e35f,"b0ad5388 , 8de5ae04 , 659bd404 , 54d0ddf7 , fab14740"
93d5a26a,29/6/2022,b560a1d7,b5282949,1e3cfbcc
6028927a,29/6/2022,1c3c6bc3,4e739e97,"ca7b0816 , 95b47b10"
cb9a4d76,29/6/2022,B02282022100941_Dup1,1119c0bb,92ce2df7
79c5a4d7,29/6/2022,B02282022103451_Dup1,ea3654d4,39009429
13fd6fe1,30/6/2022,febb914f,2f0c2be1,"06e496b1 , efeffdd4"
c56f11f2,1/7/2022,f85203b6,71993827,2e86006c
1913bedc,1/7/2022,83da8eef,d8c20d41,f948bfa2
83383628,4/7/2022,X740nK7r07,24ccc675,eV0VKf0Y6j
a302c732,4/7/2022,eed46a7e,b0ca8c0c,"390e46fa , 6a0e14ff"
8f1c4502,4/7/2022,4c51a537,d4b3242e,776c6daa
479e81f7,4/7/2022,9388ae85,b2d77259,b95ab061
d7ae8df5,4/7/2022,93dc6f7c,93c96d41,4a18e4f1
25070655,4/7/2022,e14eb926,f25178a0,7ee37c5f
7b4f9bfa,4/7/2022,db57d90e,99c197c9,"2c5a1046 , ba6ab8dd"
b13845a2,4/7/2022,7c97f19e,352617b9,"6f2efca7 , e89b2286"
0ba8856c,4/7/2022,eed46a7e,b0ca8c0c,"9311ea76 , ba682b69 , abd0a36a"
2d9595c2,4/7/2022,b0c1f556,49221cf5,07e9c65d
5e9cd811,4/7/2022,ff8f796d,00ba38da,"484bfd87 , 9af678b1 , 1d8152d7 , c5074a92 , cab590e1 , 9aef33f1"
cdf6151c,4/7/2022,044576d2,be6c14ba,"65d4a832 , d77c7d7d , 7b776a52"
cebbada4,4/7/2022,5d29b3ba,8769fb23,"999ff908 , 23f11d1b , 5ce3e536 , d534d869"
47fae775,4/7/2022,4b4459a8,af57598f,"1a5ffdeb , 82d7f538"
f0f50267,4/7/2022,6bc8a76c,d10f233b,0c4e1069
5c62cd5e,4/7/2022,8f37a70a,73a1fda0,b3b5a29f
81dde8cf,5/7/2022,76010991,b9bf39f8,9abaa24a
c8b93cbb,5/7/2022,fc5589ff,60c298f3,"2d6a2b72 , 9b74e934"
034d9e01,5/7/2022,9dbe74d5,5e33fe62,a62b6acc
8935099e,5/7/2022,9dbe74d5,5e33fe62,c62effe1
1d2e7786,5/7/2022,153b2e75,61fdc725,a39cefdf
32e04f4b,5/7/2022,94bc9139,ae4f92cb,"4f3c957d , a5d7cd02"
eeb8a5e8,5/7/2022,7fe05fec,eabf3509,"c6ce71ce , 2c452107 , 3fd105fb"
7da77c60,5/7/2022,0c9c6b6f,9ececcf2,e7b42000
5e77445a,5/7/2022,355f8b2f,844b93ac,"bec458d3 , 31ca0ed5 , f066170f , 80752dba"
71c4d0a3,5/7/2022,8Nrx501n4z,14bb5080,"9f521c3e , dcfb153c"
c7aaab89,6/7/2022,c8c83b3e,6f3fd9f6,"cb148ec7 , c32e2fed , 6225d720 , f49c2203 , c97455f5"
872a79d0,6/7/2022,6d271036,bd9012b3,"b7896f2f , fbc39d63"
4c977c35,6/7/2022,b0c1f556,49221cf5,027382b9
ec08f80b,6/7/2022,f2831d5f,4a5fb111,1278d6f5
448dc0b3,6/7/2022,8f897e99,493814b3,"381de22e , d23fb0d9"
6917433d,7/7/2022,46ed6e06,a4d73873,cbcf1128
3ef015b6,7/7/2022,5fb517fd,dd5b817c,"42f1fa81 , c78c6e13 , ad01a0b5 , c2d73d39 , 9001dc7a"
3844f500,8/7/2022,680ba42f,26f1aa3e,160bc166
1b98dbdb,8/7/2022,b52a6b43,ed3e7fb3,d679f68a
6b7f408f,8/7/2022,5fb517fd,dd5b817c,"ec2870d3 , ebcb9031 , 12190537 , fda03c25"
b3d42e8c,8/7/2022,fe01241c,b33f93ab,96be3528
f39636af,12/7/2022,c24e5cb1,ea26a2ef,"b2adddc2 , ca1dd5d5"
acd1a9d0,12/7/2022,d39f2e65,d933605d,c9021884
9d578cd0,12/7/2022,466b9d50,4e74e35f,1888ffd7
40a1bbc3,12/7/2022,S03242022083049_Dup1,ee2d9e21,"7807d4e5 , 82f51b1c , 935018a4"
1fa9ada7,12/7/2022,454f30ed,857d6c3b,8250681c
658d1ec3,12/7/2022,c693ab65,ddad0485,62a9282d
442198fb,12/7/2022,c10cec06,d54a997f,1a22f222
3d9aedec,12/7/2022,ad950aa7,f01758cb,"581be951 , 6ef717b3 , 0a44b95a , 8090173b"
d1e57983,12/7/2022,45552f37,3aeb73c3,34d97836
303490fa,12/7/2022,27fb7552,86fb8479,0e40d8aa
,,,,
dc06ddf4,12/7/2022,f4fb0641,1e6f058f,2e37b494
297d9584,12/7/2022,5fb517fd,dd5b817c,538210be
11fcaeb7,12/7/2022,2dfdee3f,24354a0e,"bda3df38 , 2ffb957b , 7f78aca5 , e4bf4bbf , 536715bc , 3351f6e0"
bb7af7ee,12/7/2022,d95d72c1,c6728acf,"a78bdccc , 8c790594 , d6a5e1be , be05a088 , 74b7c6fa , 93d174fd , 007cb9ed , a0734d90"
1f40c6bf,12/7/2022,b3b25861,e36ac0e5,"5b4cb47b , c918cd7c , 8c0ceadd , 656883cd , 3b7fc951 , faafce25 , 9d0c0f63 , 1db601a1 , e9d2ebf6 , 06483afc , c834f211"
39e941a1,13/7/2022,cdf1cddc,c746e248,8b3eebb6
0da1c680,13/7/2022,17f0cf9d,951d4fad,"26a97d7d , 99345f0d"
9ca949fb,13/7/2022,7334fcc6,cf3cc348,6442b73b
c457c3e0,13/7/2022,5fb517fd,dd5b817c,72a40911
e9a68d9a,13/7/2022,14b5bb1b,5d85d86e,b0515fe9
81f4671b,13/7/2022,70a9da9a,6c5083da,"04730cfc , a4e049ae"
2f244f6a,13/7/2022,7e2ef844,aebd24ec,"573adfe8 , aa490348"
c382ca81,13/7/2022,1da334e0,1dcf8e1c,691a308f
5a29d8ff,13/7/2022,1a0dc757,33248820,"ec1dabd3 , 9484822c"
6a4bd0bc,13/7/2022,5fb517fd,dd5b817c,41c41919
9e16cd66,14/7/2022,514e3e69,a6d88948,b384cb37
467f6bd2,14/7/2022,1b10f1e6,41468156,6f8a1bf7
4339490b,14/7/2022,93e0737f,bfb731e9,fb5c2d68
b08d6c99,14/7/2022,c54446f0,154583b2,8523d2f2
a1fd2cf4,14/7/2022,3bd75687,dbb78308,65db58d8
97c3cb2d,14/7/2022,3ee0024e,699f9bc5,52510dcb
59305da2,14/7/2022,a328eea0,1375b299,"434f0297 , 024b7089 , 0df576f2"
da2537b5,14/7/2022,1ce6f55b,0fbdb0aa,e216e79d
d1aeafb3,15/7/2022,1d02bba1,fdd06318,"f3ad97c1 , db5d8c2b"
165dfbf2,18/7/2022,765b4efb_R,3f70747d,"5a9a73ba , d4a983b9"
1704f53c,18/7/2022,eed46a7e,b0ca8c0c,"15a49ffd , e747b635"
ee1f8bee,18/7/2022,b3b25861,e36ac0e5,2bf2df00
2a527769,18/7/2022,1396d28b,e762c886,"fd7a63b1 , 6b1c295c , 07ad1f81 , 9c458f3c , a827a0ba , 66d4cac0"
84b2accf,19/7/2022,9388ae85,b2d77259,27ee5234
e6c03e11,19/7/2022,fd3c8698,85d21095,9827a627
d77d29fe,20/7/2022,1a0dc757,33248820,98463620
a30b37f1,20/7/2022,8b79d823,d003b279,"05c6c1ba , d783fcef , d9f351f1 , 12561714"
fbd78e0b,20/7/2022,a6c14878,ef984eeb,2e245a1a
08b52387,20/7/2022,10d442ab,dcc5c718,"917c1760 , dd7dce0a , 2044a7e5 , 38c6515d , 211e202e"
5b73efe2,20/7/2022,784aa616,18e2f2d0,"848b0056 , e143e559 , 276209a0 , 9079277b , 56dc3469"
f346a4a5,20/7/2022,7abce4fb,ed5b19b2,"201d1b2a , 1b721d20"
d50d4dd3,20/7/2022,d6bd9c48,ff7d02ce,6c77de54
5388a504,20/7/2022,b3e488ff,000a975b,"17ed999e , 7d0de623"
9bb74878,20/7/2022,d5fef9f8,e32551bb,"a13fa8ac , 87a49111 , 512fbc1d"
e58dc3b9,21/7/2022,d6bd9c48,ff7d02ce,"5b665d05 , c06f858f"
9e1def93,21/7/2022,b3e488ff,000a975b,"f45ccd55 , b457bb20"
cab9715f,22/7/2022,bcd868ad,fc8296dc,"62cc1de0 , 5d9916ac"
2ed1878a,22/7/2022,c4afd54c,30d2104b,d69f676f
be08dbab,25/7/2022,eed46a7e,b0ca8c0c,809ad3b0
95dee461,25/7/2022,1eaaa6d4,65f1c0ad,6d676942
28abbf89,25/7/2022,1ac39038,07c70f06,"fca473f8 , c32a7913"
b9887973,25/7/2022,fb321961,b5c389f5,b78be79e
60bb1849,25/7/2022,d5fef9f8,e32551bb,"ef4eb832 , a13d3e4b , 961fec64 , 6cbde010"
427e05b7,25/7/2022,dcbf5c19,e52ee60f,99082e1b
7ffd43ba,25/7/2022,2004c26f,0ac2ed5a,"c965eac6 , f40713f3 , 4b9c50e0"
573f7f0a,25/7/2022,d6bd9c48,ff7d02ce,"7da1f27b , 6cc3f749"
3af41106,25/7/2022,6f709d93,6d5bc8d6,8d61b697
2723c368,25/7/2022,b3e488ff,000a975b,"61c35054 , 8e2cacf3"
1b289d69,25/7/2022,d3f1aeb7,66fc99d1,e449d7fa
917a0f73,25/7/2022,10d442ab,dcc5c718,"748a9bd4 , 4d26bae7 , b7a1cc20 , 795d93fe , f18f6a5a , 0fb86eaa , 12f344dc"
ee28ec53,25/7/2022,d0e3c816,5e402d5f,"6bf48783 , 71be06c7 , fa5583a1 , 01243aea"
107cfadd,26/7/2022,8b93a133,922729ef,410a4d5e
fca5fefd,26/7/2022,5d0743d8,d5fe625b,"7c447caf , 7f45b254"
e6959523,26/7/2022,51ef322e,dbb87fff,2170f3bc
bcd16e10,26/7/2022,d3f1aeb7,66fc99d1,"5352193a , bb33475e"
44eda607,26/7/2022,302dd027,48e6cc3d,"83d2d17d , 84fae2d5"
e055cf23,26/7/2022,d6bd9c48,ff7d02ce,"1e8356b5 , e7a523a5 , 3d2435fb , 30bb65e9 , 3089c0f5"
59fd37d2,26/7/2022,b3e488ff,000a975b,"16f2eefa , 09c9915b , 026708d0"
7d8eb081,26/7/2022,6f709d93,6d5bc8d6,"5fb8bd6b , fa3f58f2 , 77cf0e03 , ddfe7bef , 532b6a8b , bafd88fe , 9b9a0564 , 3130490a , 6879d76f , e1069dd9 , a8443a4b , 45f8ea49 , 8d145fe1 , c14e927c"
7ca22e52,26/7/2022,35853e8e,d5013c62,"76e0b90e , fbc3dc8f"
352b62ea,26/7/2022,b360f40a,9c5e2c0b,"f35d4e9b , 55b7f0c1 , 2037d77e"
7e240b69,27/7/2022,a328eea0,1375b299,"0fb0a4e1 , 49be28ea"
e5192487,27/7/2022,d95d72c1,c6728acf,bc1c541c
c709a8ec,27/7/2022,6d271036,bd9012b3,0a431245
6250f93e,27/7/2022,35853e8e,d5013c62,1f0d3f26
6c8da99f,27/7/2022,b105856f,b7ce570b,"094acb4a , 164cac80 , 9818d10f , 22f0a52e , 195d1c40"
105ce999,27/7/2022,afefc7f6,523b1743,af89c2ac
56ac72a2,28/7/2022,0b48b905,2e5fc8aa,"58fc72a1 , adb06e87 , 322980ac"
462a7bbb,28/7/2022,B02282022103451_Dup1_R,a5dab5e4,f0a62b8a
38bb2595,29/7/2022,61086c92,08f4b63a,"6186bb86 , f5566506 , 545195f7"
65df3af8,29/7/2022,b105856f,b7ce570b,e0c2a62f
7e43dca7,29/7/2022,afefc7f6,523b1743,2894fb1e
0cc5c21d,29/7/2022,ac9cc61a,acf187c6,"7ee5a51e , 34ed7214 , e7f04780"
935ca088,29/7/2022,b360f40a,9c5e2c0b,"c01f83fa , 27708259 , aa32f4e1"
36f246ab,29/7/2022,b1c578ac,06d82a41,c29e23b5
1625bbdd,29/7/2022,9e82e1b2,cf44d082,b7524a28
eb5a7cda,1/8/2022,5fb517fd,dd5b817c,00dcbec7
7d8dd4e3,1/8/2022,6f709d93,6d5bc8d6,7e54b4ef
4735cb07,1/8/2022,d6bd9c48,ff7d02ce,41de3838
ba1438ca,1/8/2022,7abce4fb,ed5b19b2,65b1f274
e9634337,1/8/2022,8ac4ba02,fa150fa5,574d038e
041c743d,1/8/2022,41a1bb02,e124c974,"1496a23a , 60a2c3bd"
,,,,
4600c819,2/8/2022,c929acd1,94aeb77f,30e6f5a2
0c4d5eef,3/8/2022,58074893,1dd4fcf9,02d25389
820fbc67,4/8/2022,7fb472c5,e94dd128,"3F1C4C17 , 81D6C83E , 92E05C7C , FD0AE9B9"
ccbd8348,5/8/2022,b4b2e9a9,f4fab746,"DE43326F , 5D5C2CD8 , BF577D5D"
1c6116c7,5/8/2022,bccddb43,aa29d111,"3CDE03D7 , 4C565C46 , A4232DCB , A32B8DB2 , 3DF9144B , 9774C402"
cbc6d1b5,5/8/2022,739a1ff3,1b4e30b8,"95244947 , ef55f264"
4f2e94d5,8/8/2022,b78273d0,ab64a8cf,"BA7D1392 , FF22DEB2 , 0EDC53FA"
ee29d40d,8/8/2022,c412d718,ca6ed658,75D37A4D
a742370b,8/8/2022,923d287d,c8b50483,3700638d
c68882cb,8/8/2022,bccddb43,aa29d111,C3DD43FD
f1ec75e9,8/8/2022,6f709d93,6d5bc8d6,1abbb602
4f144c5e,8/8/2022,18e8d79f,1949f486,cd05d07f
eab01e9e,8/8/2022,faa09aba,730b6d38,43c7413d
788313f9,8/8/2022,1b91fdb6,39a65c9d,"9b7c0474 , f6b6392d , ec37eaec , baf87c5f , e2e8fa9d , b98b3f73 , 4d00d317"
c83a9d8b,8/8/2022,cf7aa06a,e0048572,7e3e345a
37f433d4,8/8/2022,61086c92,08f4b63a,0f76c11b
ef83fe54,10/8/2022,d50d34de,6aace114,"c599861a , 6bfa577e , a3b766c4 , f702bfa3 , cc802765 , dc942158"
b89c6b70,10/8/2022,1bde44e2,bff93f90,"467F052C , 2B607CF0"
fe5ae45c,10/8/2022,a4060601,826ee994,833083f0
23da6a79,10/8/2022,1b91fdb6,39a65c9d,"6f4d3c7c , 156dbe30"
,,,,
bf15ebf1,10/8/2022,d6bd9c48,ff7d02ce,89095196
8efbde0e,10/8/2022,1dbf2fb9,885c9795,"ADA2CA7D , 082C4EB0 , 70A1E73D , FF9C1B71 , E2E94F35 , 494DD0CA , 4770756B"
c234f18b,10/8/2022,010ce85b,142ccea6,b3e40312
adc44542,11/8/2022,a429bb95,c5c33acf,"cb646c31 , 9e6b4c1e , 8907f769 , 77631618"
bcef5ee8,11/8/2022,394a555d,367816a5,AB2BDABF
133e9e4b,12/8/2022,5445fe1b,8d1d1bb6,bf9b17dc
584f5c23,15/8/2022,394a555d,367816a5,51696DC5
1ea08e46,15/8/2022,ea6b42a1,9fabbaa7,"F552FD1C , 94021FCD , 3865F034 , D35373B3 , 69E5FADC"
02576ddf,15/8/2022,bc37e12b,2e3da3bc,1f43a258
79108137,15/8/2022,044576d2,be6c14ba,c15a9540
d238631d,15/8/2022,962bf7b0,9eb0ae5b,40a17b67
da8d0835,15/8/2022,1dbf2fb9,885c9795,"053644FA , 4E6AD960 , C12C802E , B54F65FA , B63653C8 , BB0A03C5 , 73A434C1 , EF22C000"
11c3e051,16/8/2022,08425ee1,a21ac4f5,"3209D51F , C7ADBF43"
bf30b217,16/8/2022,7f5c4ef8,d4f361c9,"08C44C22 , 6E21A036"
b00be9a4,16/8/2022,2efcdac1,2ba7b65e,37b1ba10
398fd9f9,16/8/2022,a034f9b9,f0391ec7,"1009e0e7 , ec7bc798 , 2a8f5a03"
180c693a,16/8/2022,3beec23a,979f85d0,"5e2644ec , 2ed56f1e , 648680a4"
48db8d19,16/8/2022,1f6b1613,c2a14623,"5F5A6721 , B0DCF4B1 , 9F5A57BE , A9019D7D"
dbe6cde3,16/8/2022,d6bd9c48,ff7d02ce,fe1e19a7
3696ef56,16/8/2022,a4e7f7de,3b32aad5,"0E58D7E3 , D936A63B , E4A7572D , E1546B8E , 6AF8BFF5"
,,,,
cafba0e7,16/8/2022,S03242022083049_Dup1_R,e18a810d,afbeb209
5d97f8e5,16/8/2022,2dfdee3f,24354a0e,"3a254c0d , cb1a8cab"
13620d1c,17/8/2022,0c937702,e3d02126,"5B8AFD88 , ACA0B267 , B43AA2A3"
d6036f8a,17/8/2022,847fc491,a9a1e1fe,"5e8ac870 , 402c9292 , 64361D4D , AD0EB4BA"
a1946a38,17/8/2022,e38f2b3a,e8d1efc4,e302c676
7f8dbf92,17/8/2022,65dafec8,e22de89d,"4ED9153C , A56530A8"
f6491a3d,17/8/2022,10d442ab,dcc5c718,1dbdd2eb
db77d5f0,17/8/2022,1dbf2fb9,885c9795,"5D1B600C , 8F10FF6F"
,,,,
a8f1114d,18/8/2022,5eae73fd,d35f7f85,0CD1F6E0
2267cfe5,18/8/2022,6618e1f2,d09cf9fa,"77aa7967 , 8d7c9ec4 , 8b7c5c22 , 668be1c4"
e39efaa8,18/8/2022,63c6cb4e,b8c121f0,A7DA150A
e39dd390,18/8/2022,a034f9b9,f0391ec7,"887214fe , c46455b4 , 7344505b , 2c1ab4bd , c0b93eec , 1e97d608 , a01cc65a , a1e6684d , e4fda2e7 , 42e402f5 , b0587ec0 , 64ac023a , 35eea322"
ece73cba,18/8/2022,26589a06,93152b7d,"449DBED5 , 9B37F855 , 69814CC2 , 7B26A0C8"
b68361ba,18/8/2022,2057c44f,b5a38e29,f47e8650
ef332179,18/8/2022,09eb99e4,6ebe8279,"0fa43338 , 93c8679d"
f11533a4,19/8/2022,044576d2,be6c14ba,899c78b4
160af26c,19/8/2022,020de859,aef72908,e825dc75
cacef71c,19/8/2022,a797a04a,4f8d81ab,a9032d45
d651c922,19/8/2022,18be8425,a3e8c77e,"40E8C27A , B654B66D , 28683BF1 , 3DC73252 , 7600A971 , E19B35F3 , 1DA82F82 , C020E900 , AE752633 , B8D322D9 , 639926B2"
c3cc2e01,19/8/2022,03d9115f,dd6c1e59,"d1270367 , 62b32f91 , bdcf2739 , 51a6213f , 354f96ec , 2df9a7c9 , 8107d85b"
2e1bb8c2,22/8/2022,ccac6ee0,0f1b33a9,"C0108EB9 , 79502D35 , 27FB0292 , 2C0969CE"
514478a7,22/8/2022,f32c7b75,00c9875b,"FA0F4C38 , 1EE7139E"
2c547925,18/8/2022,7abce4fb,ed5b19b2,"0a5fb548 , eca9324a , 5448610d , 2b2293a7 , a39712f8"
78de835c,22/8/2022,7abce4fb,ed5b19b2,"51a7a6ec , 9502cc14"
00c9c14a,23/8/2022,d3e9f5f6_R,2ceeb900,"bdfbbdef , 17ca7b44 , 457a0d59 , 41d44db9 , d39cbd35 , 7bfa9800"
1217246f,23/8/2022,a034f9b9,f0391ec7,"c05aa435 , 4b09f076 , 13839e4d , 9fa981a1"
60c42331,24/8/2022,7ce2d1d0,c3763e04,"c36d8c6e , A75F3561 , E84091C3"
e2c98c61,24/8/2022,58f29aeb,4d349da5,11E1E3FF
9ae01915,24/8/2022,ccac6ee0,0f1b33a9,"06FB21CB , B59BE85E , 9B009059 , EDCBC37D , 9B7F1A4B , AF1CDBB4 , 675D043E , 54498158 , CF902D3F , 0BF7FE5F , C728401A , 7C43E916 , 8CCCF919 , D3A9D7D5 , F09B8D56 , 5178EC23 , 6F0F478E"
df83a09b,24/8/2022,46876347,4492f0d8,"71DD5C42 , 267E478B , 8B9EBDA6"
cefb141d,24/8/2022,21be263f,d1e0968e,"087FDCD2 , 490EAC06 , 9B1AA4D0 , D7A6AE10 , 40C543A6 , 4D6A90F3 , 7E899CAA , 89411C74 , 87970362 , BF8D869B , 90CCCF86 , F68B7B92 , D99B43CF , A6C82D51 , 00938DDC , 59622659 , 0059235A , 7E42B323 , 5AB256EF , 2DB63FA1"
4282067a,24/8/2022,26589a06,93152b7d,"14B4B172 , EAECF682 , B51EB91A , 28456117 , 214F59FB , 79497F8F"
ea9143d7,24/8/2022,09eb99e4,6ebe8279,21a38ce7
dc7b4e85,24/8/2022,aac4dbe3,8d68e3cb,"EE8F9E1F , C8D61F7B , 4A4A2D28"
a0ba2227,24/8/2022,d52f89fc,b3869dd6,5184FBED
9f763b14,24/8/2022,1f6b1613,c2a14623,"04F0D3A7 , 85237179 , B21E908B , 878F7E75 , 1507D4B0 , F9A93302 , F5D1BF3F"
534db6f2,10/8/2022,a50b6669,df2b1993,"94075F0C , 4A715A15 , C1D2E833"
de56be03,16/8/2022,a50b6669,df2b1993,E7AE4944
c38612a0,25/8/2022,36d0aebc,54224b5f,"5ea0e148 , 8a9e0a27 , 0a0fe021 , 27676f57 , 1eddb68f , 1bf3b035 , a37b7e0b"
e877f3c0,25/8/2022,c67d3877,888ae9ad,"0c61fb4a , 372a8453"
16f73078,25/8/2022,33ccbeec,b2681ee2,8DED58F1
f2b85350,25/8/2022,33ccbeec_R,6a0ed6b9,"CE1514FF , 8D5FB40A"
21b7aad1,25/8/2022,be165c9f,4c9e03ab,69B9F5CC
33fa5e8f,25/8/2022,748265ee,ca78fb7c,DC7EDA82
34c85916,25/8/2022,ccac6ee0,0f1b33a9,"5D620E42 , 5E81E5BC , 26B95313 , 35477302 , 59EF9420 , DBA98B13 , 2D271DA6 , 179B5158 , E8CC2D20 , 155CA699 , 37B0BB6A , 6167D24C , E1839EC7 , 7A25A6D4 , 2369C06B , CF842F44 , EE55A7A3 , 8F508682"
534f2324,26/8/2022,7c388397,74c8d5e8,9cccebfa
f34ff78e,26/8/2022,83afa8cb,4ce21920,A667F367
1be38f93,26/8/2022,f96878fd,16793c24,"8ABF2CF4 , 23BD6CE1 , C7CCF238"
a8816b66,26/8/2022,46876347,4492f0d8,"C04DAD3A , BEFF66A8"
828862ea,26/8/2022,ccac6ee0,0f1b33a9,"CAF028CE , 4FDED7DE , B22DB139"
0913783c,26/8/2022,4fbe2b15,50109ee5,"032fe853 , 1921540a , e118beaf , 63a8134b"
abd2865a,26/8/2022,be165c9f,4c9e03ab,"20B25803 , 5EB50676"
950917b6,27/8/2022,2c24645e,a395db8a,"9F9705AE , 3AF1C5A3 , 4B34A71F"
f66d007f,27/8/2022,c791a2b0,c7dd2679,"1AB429EC , B0B1D350 , AD473919 , 224A77F3 , E4876A92 , AEA796DC , BA64B247 , 25484024 , D30D379A , 18362DFD , 85449A80"
3a17f7ae,29/8/2022,f5e8428a_R,9619c3d4,947a5b7b
,,,,
dab139d3,29/8/2022,8f0b9807,a7b08472,802F202C
2e84d32a,29/8/2022,962bf7b0,9eb0ae5b,c0f6a00f
23a68a52,29/8/2022,d52f89fc,b3869dd6,"86063389 , 97CA0517 , 0F67E6DC , 0C1B7AE9 , ADB5F0B1"
a430fb1e,29/8/2022,65dafec8,e22de89d,"1AE1E160 , 1CA56853"
91d9415e,29/8/2022,686962d2,6bf068bd,0A34976E
35a5d6b7,29/8/2022,33ccbeec_R,6a0ed6b9,"39CF1D16 , 4D0FD8F2"
db8de55c,30/8/2022,6f709d93,6d5bc8d6,739b0315
6cd97517,30/8/2022,f869b386,37a13ccf,"9F9E1826 , B945C4A3 , 5293BCF3 , 827EE5A8"
5b75cbd5,30/8/2022,b2357004,ed6ee9df,"5588f586 , 2f6d74c6"
,,,,
106d8482,30/8/2022,09eb99e4,6ebe8279,26245441
b606f606,30/8/2022,7abce4fb,ed5b19b2,0cf3aa38
f890d26c,30/8/2022,c3926c70,97d5522c,"00A0B702 , 67752DB1 , E1337905 , 98A71E4A , 23A69FC0 , 974E6C88 , 3F745C0D"
2aabcff3,30/8/2022,3125ec10,4256bc19,d4cca4de
7c1cb4c3,30/8/2022,26589a06,93152b7d,"AA1BD207 , 8E46DEB8 , 246EF47A"
0bd3d3ea,30/8/2022,1f6b1613,c2a14623,"EF20E506 , 62D8E8AE"
919a8d8d,30/8/2022,dcbf5c19_R,28da56c9,8F32A769
d6748da2,30/8/2022,a92e2c9f,3395c1da,f90348d9
0fbed9b3,30/8/2022,1d5a56a1,585db678,D4981318
b1f59b8e,31/8/2022,ee1aa234,c89df78e,"578b5434 , 9a5c80d5"
ab9e2e91,1/9/2022,7687370b,41b043d0,EC648216
98a94226,1/9/2022,aac4dbe3,8d68e3cb,8CA42D3E
06cd100b,1/9/2022,0f110e7c,575b0169,26CA404E
402c0775,1/9/2022,S03242022083049_Dup1_R,e18a810d,39a9e6fc
071ad6e0,1/9/2022,3609df48,5437afa9,4899A463
0cafdc79,1/9/2022,21be263f,d1e0968e,"98B3C659 , 98A248AE , 35675FA0 , E66DE016 , 804D2B55"
f3f8ad26,1/9/2022,81f9370e,c940db87,"8A847632 , F718DB52"
2c2fcc93,1/9/2022,9bd7b05c,46926957,A04A423A
f982645b,1/9/2022,b5d227e8,93cd415f,CEF74480
eae27e30,1/9/2022,3d6c6031,48a8dad0,43822898
9e3db72b,1/9/2022,73069adf,40ce9fbc,15CCA45B
f53104b6,1/9/2022,36d0aebc_R,920597f3,"8CE1A0E5 , 43988CBC , 63F1AF00 , B0F15133"
17db4dc4,1/9/2022,B02282022103451_Dup1_R_R,a3c2ad34,023593CE
,,,,
32610ac3,5/9/2022,2f1c06f1,6904a86f,"6281FBA8 , 1CA2D508"
dc84dd51,5/9/2022,af6281e5,fa50d690,"A375C67A , DC0EA855 , FD2C8720"
6cab8fd8,5/9/2022,686962d2,6bf068bd,89A2EBED
1a8fc7eb,5/9/2022,a034f9b9,f0391ec7,"36727eca , a709b638 , a12613bd , e9e23c0d , 03e6286a"
d460b74d,5/9/2022,d505ade2,f9f16d2b,B6FEBC9B
34dde79b,5/9/2022,c3926c70,97d5522c,"1FF850D8 , BED6316C , E26B0779 , 5E96121D , 81BD0E20 , 548CD5EE , C78C2F21 , 7F50B251"
aa7321c7,5/9/2022,1d5a56a1,585db678,C544EE3F
c53ce82f,5/9/2022,b3e488ff,000a975b,"3ded8784 , de954e33"
3a87d13d,5/9/2022,0d481196,e08364e6,"6671EF7C , 7ED54D1C"
ce4e48cd,5/9/2022,8b7d8989,eace12ce,"C6C159A5 , D5E9ADDA , C7AFE34F"
238fede7,6/9/2022,849a8b4d,8b3bce61,"b71dfb63 , 759f94c0"
0bfe5e02,6/9/2022,8b7d8989,eace12ce,"57FE1925 , B3DE3404 , 18568CF0"
c08d9714,6/9/2022,cfddc9e2,44b58459,EB98B29D
4a503506,6/9/2022,5443a051,57bf3923,"A79EEED6 , 0C7AFE8B"
6b3cb830,30/8/2022,09eb99e4,6ebe8279,"1b50a50e , e635ed56"
447900b8,5/9/2022,fc92eb96,040250dc,7D47C02F
4970c75f,7/9/2022,fe3c7660,8be87f7e,512917CD
a31c19f6,7/9/2022,22f7cde9,d99f55b2,"861F0211 , 3F0DDBC2 , EE295D24 , 178CDE37 , 63254C2B , C6FD1C69 , 2FD9F859 , 8BBD30C4 , F008EEF9"
8ae6a195,7/9/2022,5443a051,57bf3923,"0C4B0EEC , 527B43FB"
b2abf2b9,7/9/2022,33ccbeec_R,6a0ed6b9,63B89E61
63bed71a,7/9/2022,a034f9b9,f0391ec7,"4376bf70 , e0093b3f"
1f37e440,7/9/2022,31cdd497,550a16b3,"2DC9DC29 , 3C7F9DAD"
e009e08a,7/9/2022,ed677155,a2844ebd,221BCB1E
8077a6cc,8/9/2022,3d6c6031,48a8dad0,53E1EA1F
6986da54,8/9/2022,da5bd3d3,d0451f63,0BE17A46
9e8c7431,8/9/2022,31cdd497,550a16b3,2B67374F
127c823d,8/9/2022,c5ce1b73,c2b3fa62,"60286052 , 526F3BED , 6D51676D , 5DE5C72B , 2EAB3C19"
96e7a138,8/9/2022,1b91fdb6,39a65c9d,6e35d20d
fbd8e99a,8/9/2022,d52f89fc,b3869dd6,"1AA3C00B , 9A3839DA , FCD1FCB4 , E69CC6D7"
4b1c7ba3,8/9/2022,1ee28760,5953f5ed,"75F5B9E4 , B212326B , 55D0D859"
c43a8067,8/9/2022,a4060601,826ee994,61a24e1a
ea88b82c,8/9/2022,c3926c70,97d5522c,294656BE
f39acb87,9/9/2022,fabca677,b9481d88,"4EDD70CD , 11D47FEE , 7B4FB764"
41723a8f,9/9/2022,0a356469,3d475023,"6A1649C5 , B1AF5B50 , 40782094"
90ee8fa0,9/9/2022,c72d5220,ef1c6558,a06b37dc
432e9ac4,9/9/2022,4fcda36c,2b95a5a6,"0c6bbfe6 , a61a19d1 , 05c3f146 , 6ee278f0"
2897612d,10/9/2022,63TQZ2Gv0G,4563d0ef,K8w8BJRjGk
c865f963,12/9/2022,4b20e3f8,28ddde2a,"4c7d920e , 3609de00 , ce04e823 , d67ece07 , 001066ef"
64efeb85,12/9/2022,475363a1,6cd8e10b,"1C3708D6 , 7E9F2DDB , 80DEBDA9 , 6AEEA763"
bcc278d5,12/9/2022,36d0aebc_R_R,5398e4d5,"5551722C , B0698D34 , 0381B517 , BB5BEC9E"
00325cbf,12/9/2022,70bbcbe3,e81307bc,"23889BF4 , 20B6DF31"
9a2475dc,12/9/2022,3125ec10,4256bc19,91c2787b
54e15de9,12/9/2022,7687370b,41b043d0,22CD386A
1b43c43e,12/9/2022,8d9a56e0,1aa93972,928A4ADE
ce28d2ba,13/9/2022,de83d774,e68dbe91,F6AE39D9
9e55f7e8,13/9/2022,e5bb55b7,989ccf78,"bedabf19 , 2351bd0f"
656c3b9b,13/9/2022,e33aa5a2,047ea889,"0441f575 , 158395f2"
9b7bde6e,13/9/2022,523b3d3b,ade4e646,"7701A429 , 262A34EA"
e4e703c2,13/9/2022,ed677155,a2844ebd,92E5F041
af39e460,13/9/2022,a034f9b9,f0391ec7,"bfeec027 , 834ba05b , 5ef4c608"
3ab6cd4e,13/9/2022,1ee28760,5953f5ed,"2B981936 , ED7677E2"
68d3e4ba,13/9/2022,63c6cb4e,b8c121f0,0AAE1DF1
ced59320,13/9/2022,fce3a781_R,d1eb367d,A2867657
113d9b5a,13/9/2022,11068dc7,85c71e74,D6DF1902
51e4414d,14/9/2022,e867e2d7,71b9312f,"18029319 , 4D88FAF6 , CECCA126 , 8A13456F"
9aaa9af6,14/9/2022,26589a06,93152b7d,"FF365778 , 48DC231E , 0E43EBDB"
ed1b824d,14/9/2022,c3926c70,97d5522c,"AC1174CB , 5448B40B"
f0a6f9d0,14/9/2022,d52f89fc,b3869dd6,"6A16BB9A , DB828B18 , 62AD5803 , 50C871B1"
cdc1928c,14/9/2022,52564f46,68c62a54,E7059A3E
e6bf5e1a,14/9/2022,1ee28760,5953f5ed,"933DB90C , 9BFCA107"
6b8e5483,14/9/2022,833e7ff9,cb14ade5,"44A38E59 , 5B56B965 , 73559ED7"
456ac625,14/9/2022,aea370b4,7903d864,"28C31525 , 6B4C60C6 , D5D98661 , 70B75827 , 51D6B2A2"
922e94ae,14/9/2022,d2316e6e,9ee8ee0b,"0301C600 , 4B345D67 , 52823FFA , 7D376FBB , 6BA80A2C , BE3179B0 , E3871E74"
a0f9eee7,14/9/2022,833e7ff9,cb14ade5,"8048C209 , 43EBA28D , 540B2817 , 026EAEBF , BC3DD689 , 5BCC0BAA , 27C9E5F1 , 321AC7D5"
ea49de23,14/9/2022,833e7ff9,cb14ade5,F64A5499
91792b20,15/9/2022,81f9370e,c940db87,"F1F04151 , 0055AE82 , 122A8629 , F4225600"
c70ae8f4,15/9/2022,2386b27c,354d6e12,0723F165
bc72595e,15/9/2022,0aa7f99c,d11c7f2d,D553F0AF
7714e08b,15/9/2022,21be263f,d1e0968e,5750F89B
62cd98d7,15/9/2022,0d481196,e08364e6,630CFA85
3b2da50a,15/9/2022,a034f9b9,f0391ec7,"e283ccd7 , edcbb4cb , 59866e7f , 0549da1c"
56a47bc9,15/9/2022,62356467,98534b55,69A2B700
fe397894,16/9/2022,B02282022103451_Dup1_R_R_R,003509cf,4E83A6FF
bff32ac8,16/9/2022,6dabff8e_R,91feb490,"AF1D4564 , 7985581A"
8616fcf6,16/9/2022,B02282022100941_Dup1_R,df77770a,CA84CD72
9863b89e,16/9/2022,9f618be6,08a6e8d0,E91E521D
135441a8,16/9/2022,2215ffe3,0c8ebdf8,cbbef7b3
c52fd99f,16/9/2022,e7afc0ac,083bcf8a,"d66c04a3 , 16107706"
34c46016,16/9/2022,5a7ebe9c,4dccec14,489eb550
d9ca9f0b,16/9/2022,143d7892,bffb85be,"1df14b75 , 0a4903aa , 795beea7"
eefcda61,16/9/2022,972ef4a2,7113b2f9,"4c755afe , cb66c78a"
dc1a0192,16/9/2022,d5ce1925,f97ebbd8,"c5727f48 , dfb711db , 9a36e251"
d90922a2,16/9/2022,7fcddd93,4c494a70,07642a4d
f9840afe,17/9/2022,01b1c695,568299f0,"1CCF0ED9 , 1127B719 , 0924FA41 , A343FE03 , 990693DD , CC693C20 , 32B98015 , 9DCC4B3C , 59A219EC , 5BA31526 , 9BB626F9 , BC77B355 , 53613401 , B9FB8525 , C804183F , F82EC22A , EBA1EAD4 , 207FD989 , 9BD757D5 , 7748AEE7 , 4B96343B , DED36A63 , 96901419 , D993A4F3 , FD178152 , AD839248 , A3F9AEE4 , 3BA98E1B , 3412206F , 0A2ABA0B , BD612464 , F5A0FC7D , F086455C , 1FC8E466 , 6201C438 , 93AE7DC9 , 5A11BB27 , 84AE71FC , 73812A88 , 8D17C2D7 , 02D246F6 , C2FB568F , 4D1670DA , 5A682B8E , 1814959B , 8F626767 , FB5F0D37 , B9B557A1 , D5BFC03F , 70925096 , E210A9EB , E02CF544 , 8CF52769 , 610CA5B3 , 5F6562E9 , 9E50539C , F7EE07E9 , D5B657B9 , 2F421F40 , E7D04EA5 , 20D2BB73 , D0F0D69A , B8D3F42C"
b8f35765,18/9/2022,B02282022103451_Dup1_R_R_R_R,1716100b,4AE8DCAA
32204d28,19/9/2022,119d376a,6c6cba85,2C5A73DA
00254d12,19/9/2022,3c7878e9,5eeeb8df,"29CD9BEC , 601A388D , CCD0DF03 , 0DADBB08 , E3238CF4"
0d46290d,19/9/2022,b87197e1,458081fb,"3F454172 , 42C1BFFF , 33D51EB0"
e3a0c32d,19/9/2022,da213a76,725a06e3,"7B323400 , ACF4C76C , 159DD77C , 4E8ACDD7 , 1C41E143 , 41DCDCBF , 3E4E4929 , BA361096 , 2A40F905 , DE6CB1F3 , D75B0B21 , 17977BE1 , 8F385B05 , A17DB92F , EFE7E181 , 6D7EB212 , DA8825E5 , FEAC2D9D , 8581604A , FF557CF0 , 101DBDD5 , E908D0F1 , 5D6221C1 , CBD4479C , B8172209 , 2BEB0574 , FE9206AC , 1C10870A , E02D5E98 , 97844AF0 , 1D7242B7 , E0E2B3DD , CDEB4EFD , 10C5615E"
e67dbf3f,19/9/2022,332484c4,5ebad226,"9D3F22A1 , F975B895 , 0E4A0421 , 4DE81000 , C90B5F7E , 3C4E15DE , A3C48A9B"
23f1aeff,19/9/2022,872cf9f8,b7a769be,ED73A5A1
bdaf2023,20/9/2022,833e7ff9,cb14ade5,"6333FC63 , CCBD3C8D , AC339EE1 , 5DE790FC , 11053677 , 0F892668 , 2EE3D015 , 7A4CA626 , BBF29261"
4d9ee15c,20/9/2022,9f53ed6e,74f0bc78,7D8010A1
6cb10fa4,20/9/2022,73069adf,40ce9fbc,D5A4820A
170fd251,21/9/2022,d06d8b6e,ffe50d3b,5C3EC62E
3f917a7c,21/9/2022,ba6c5114,ec264861,"5CFC4AE2 , 8DB6D115"
0818991e,22/9/2022,81f9370e,c940db87,C938EE8E
17fb94f5,22/9/2022,78f1027d,6d4522d2,DF180AA0
e203647c,22/9/2022,b4a6fdb9,3dd971f7,5698EA1B
503fd7c3,23/9/2022,c42901de,1c4cf757,"6899AD62 , 8769AE6C"
19a3c1bb,26/9/2022,1d5a56a1,585db678,"D8B4FB39 , D74882C2"
7170b436,26/9/2022,21be263f,d1e0968e,"2A385821 , BAFE7C5C , ECDBEA31 , F27A6015 , B44567CD"
8cb3f81b,26/9/2022,e89cb5e4,0bb4faf6,CA097DAB
6ddc9319,26/9/2022,3810bc6e,afa6dd9e,"441D1B7F , F8013596 , C468092E , 2997BD83 , DCC7406D , 5917EE34 , 148998F3 , 02CD2832 , 75F34224 , A1BBB42C , C9FF1EBE , CA504D15 , 9E81FF10 , DDD976CB , 758553D1 , BAAF4F39 , FEFD5784 , 05A1AE7C , 5A4CA73B , 6AA1FDE9 , 9DC4DD39 , FF2C08B5 , 2609ACF0 , 59645209 , E27CBD5E , B782424F , 880CE0C7 , 0F992792 , 01081D69 , BF68B4C5 , 0FB1AB90 , FCE983AB , 939384BF , EFC74C5A , 4C8E0422 , E278F0CE , 117CED03 , 0BFB99ED , 6036AC26 , DF1A4F91"
d4293a21,26/9/2022,27671765_R,675851f4,53195329
1af96025,26/9/2022,8e28524d,b2fadf8d,3dd855fb
f92090f2,26/9/2022,6bcdc43c,d873f793,9dee3166
3796da98,26/9/2022,2386b27c,354d6e12,"EBE24073 , EF94367C"
4957f190,26/9/2022,2a69697c,4997c25f,C6A9B0F0
1ee0e7a0,26/9/2022,6b511d9e,302660b3,7F57B2D5
bae02298,26/9/2022,73069adf,40ce9fbc,191D5D31
bcb3e2fd,26/9/2022,5bee2bc5_R,b23fb364,8CEED101
39c903d4,26/9/2022,7dbaa0e5,63730c63,"DE0E128C , DA0448CD , D704FD12 , 7055A589 , 083DDE88 , 3602DE8A , F35C0E7E , 95790EC8 , 9457941B , 728F2D9B , E9179D14 , 0AF3D4F4 , A64DF6DB , 601EA130 , C462566E"
8530482f,26/9/2022,cfddc9e2,44b58459,"CF5F4501 , ED9B3BC9"
cd07f670,26/9/2022,85689b15,375a8045,"B3BB4E0A , 8FC9F099"
94acee67,26/9/2022,62356467,98534b55,96F242D1
65986b20,26/9/2022,0aa7f99c,f192d523,9C9D3872
fb50ae4d,26/9/2022,65a134ac,627209ec,190C8BE7
a51cacf6,26/9/2022,833e7ff9,cb14ade5,"B7264B88 , 7E3E2628 , 80DBE555 , 8E1212FD , 2904C091 , BE39C050"
8402ac93,26/9/2022,a26df86c,faf14b4c,02819D27
62e14c7f,26/9/2022,b296a38b,464c588d,297B363C
9e5e5050,26/9/2022,65a134ac,627209ec,4F3F3539
28401c80,26/9/2022,e8954c8f,f6f59780,0EE68541
66eeb3e4,27/9/2022,7c09cba1,ec3d3f7d,0CB6B994
f54437ea,27/9/2022,b23582ff,d0466e09,"D7020916 , 77D4676F , 84E2A3B8"
8c233107,27/9/2022,76cbe182,100c7b3f,1424FB7C
b778caa5,28/9/2022,19M56Q80J5_R,26cecac6,7AFAA5B5
e96da047,28/9/2022,6b4fbd66,839044c0,09c2f94c
25162685,28/9/2022,49b5dd76,d4bf480d,6DB529BD
a0a7a072,28/9/2022,85e5585e,1a640e6c,"7D80FA93 , BA7CCA64"
c8e8417f,28/9/2022,833e7ff9,cb14ade5,8EED3546
0ed92aee,28/9/2022,6dabff8e,56521c56,"63BB5BA1 , AEFA0037"
0edb00fa,28/9/2022,14d02768,0b836018,B68C731A
43c5b26a,28/9/2022,e33a6c54,69f2dca7,"DF3EECA5 , E8A02798"
a5d4e450,28/9/2022,033c13c2,62d3613c,"C1EA6014 , E6112F77"
7f6637e4,28/9/2022,c768b09f,acf459fb,"9DF3BA52 , 5574BEF6 , 28364615"
7660ca16,28/9/2022,6d1f59af,1b41cb59,"79F9C00E , ECBFC89C , 40D3FB6F , FCDE9735"
958db7f7,28/9/2022,a26df86c,faf14b4c,1668CE9A
7e7d3144,29/9/2022,254983c6,2d480d9f,"A9565B42 , 703BEEFF , 3810711F , 12EF5412 , E8A8D3C8"
259b1976,29/9/2022,57ace81b,4426a0bd,"D5B9986F , D18E56C5"
34f4582b,29/9/2022,f1aa063b,de62f608,FFC8CBAE
7f907d7c,29/9/2022,7c11f377,79ac9384,"6CC9EB06 , B8ABFA16 , 9F8BCF35 , 6366BC6A , 176D0EC5 , D29F464A , F0C5A1D3 , 6B136870 , 785E9EF3 , BB287ED3"
26cf9860,29/9/2022,rGV3hNVOn6_R,61b1f4ab,055039B4
379dbd8f,29/9/2022,3609df48_R,5bf60d52,FB8DE18C
9763fd02,29/9/2022,b4a6fdb9,3dd971f7,"54EFA9DA , 5EF7FD6C , 8423B412 , 2C0AEA9D , 2773D095"
2a7c9140,29/9/2022,e8954c8f,f6f59780,BDF1BEDF
be97aaee,29/9/2022,833e7ff9,cb14ade5,8B9404A4
b42638b9,30/9/2022,S03242022083049_Dup1_R,e18a810d,c63f883f
e800893a,30/9/2022,6b511d9e,302660b3,"1EFA4D19 , 5F2A4F47 , 671F2078 , 2F3224AC , 6D8232B5 , 824A519F"
b9bc82ee,3/10/2022,e41a1618,3d14dbd4,C80DEB71
a32f4728,3/10/2022,fa89084f,f1fe621f,"36AE8964 , C465E42E , 9FAF3E8E , DB926629 , C6127B5B , AF2CE5EA , F390D210 , 1D647490 , 17E0B7BA , 9A8D1790 , 8149DCFF , 794690FE , 4F4495AF , 14FE72AD , 0EE391B6 , 21C29D2E , 5C8BAB17 , BF3D7C1D , FB7EB065 , D2427575 , 0597268A , F33D451F , A918E334 , A988AA9E , 1BF93050 , D6098E16 , EE7B850E , E4E317ED , 6BE4EEED , 05C67F46 , CD67850F , D4D64D07 , 5A3D4AD8 , BB595AD0 , C083E617 , 44960507 , FCC8C2EE , B8CD817A , E90B5276 , 27082979 , 9157CAA9"
b54f75d7,3/10/2022,0f8f7960,fe7443eb,B8637F36
1424c106,3/10/2022,961ef201,e8bbb957,"23D9F327 , 57A40280 , 735DA6AF , B31A61DF , 2D915FE6 , F5E6CF96 , F1346983"
6a92def5,3/10/2022,b4a6fdb9,3dd971f7,D5A6C0AB
847fac65,3/10/2022,c1de38d6,b619898b,"FB4C116D , F624E897"
eadc91ca,3/10/2022,d72bf854,ad14339d,1667378D
09e155cd,4/10/2022,5e7322fd,ba18bc20,"346830B3 , 4CACD5CB , 6E2133F1"
5b081bf0,4/10/2022,59b89f66,0c376e84,DE8C32B5
ee6d090c,4/10/2022,e33a6c54,69f2dca7,FDD1A0B6
66b0cd06,4/10/2022,6d1f59af,1b41cb59,"847BBE05 , A837A4F3 , 466D4FF1 , A51913C9 , C34DFEE6"
8b510f98,4/10/2022,49067cc3,a973e4e7,065C575D
4fb04c4f,4/10/2022,fd719ff6,d45df77d,F35A36AC
f19fe0af,4/10/2022,85e5585e,1a640e6c,"5BFFBE87 , 7D26CFF8 , 70D4EF5D , 21351CB3"
2c10d747,4/10/2022,c768b09f,acf459fb,"62D1C414 , 697140FD , 130FE0C0"
df672aae,4/10/2022,a26df86c,faf14b4c,"E8F23CDE , B7B59104 , F66BCF38 , E3B44ECE , 363DBF65"
2a1c7203,4/10/2022,4f85db51_R_R,4c86465c,BFD3BE20
b1869f52,4/10/2022,b296a38b,464c588d,"5C849187 , 80229569 , 1492F1A0 , 5CE6A649 , DCEF73FE , F865427F , 844EC8DC , 690C94A5 , E6BD5FC2 , 2CAB0B3D , 3A86FDC1"
ccf427d5,5/10/2022,5b34a221,12dce7ec,D812E1B1
284410f0,5/10/2022,161b1070_R,c11d90be,"1675974E , 59F63348 , CBD44012 , 6422318A , 7666E80C , 8B35E646 , 754D516C , B78481A0 , F05B0625 , 9D523331 , 94F44B71 , 1F750EF3 , B7189CCB , 9CCE834F , 8ACA4395 , 66C25AA6 , 28279B98 , 23839EEC , 16B2C290 , 60760FBD , C7567306 , 6D51D48F , F6F574B2 , 05144B3E"
37a4dfc4,5/10/2022,74e2bd60,47e005b0,1F942E32
165ecfef,5/10/2022,74e2bd60,3949f468,5A8F8022
a5a536e9,5/10/2022,74e2bd60,3949f468,65BA8715
c5912ea5,5/10/2022,1ac16370,f3bbd700,CD4C3FBA
3b1d9708,5/10/2022,15966aca,68ad94ac,C2FCA94D
b90a21d6,5/10/2022,06203bd7,45fc8f59,"7AA7036B , F88DF19F"
ed054652,5/10/2022,7c11f377,79ac9384,"BEB28748 , 8C4737DE , 8300BF42 , 2646FF25 , 747B7411 , A273CDEB , 59E8A232 , 08C62240 , 13BE3845 , 2FC4BFDB"
aa1a7a9a,6/10/2022,7c11f377,79ac9384,"34EA0FC0 , 284728C1"
b3562697,6/10/2022,15966aca,68ad94ac,892D4199
9c93ea3b,6/10/2022,a7e844a9,4d21f77e,"61E5F659 , D4BBC066 , B0B0480B"
4af717e5,6/10/2022,7dbaa0e5,63730c63,26A55307
eedc4b22,6/10/2022,ee2d209e,e0bf8003,D9090C68
d36d5819,6/10/2022,a26df86c,faf14b4c,ED13E370
931e6a04,6/10/2022,06203bd7,45fc8f59,"1C6DE0A7 , 4F11E796"
,,,,
af06b121,7/10/2022,5d845ea5,20c97187,"FC8BF8DD , ECB2014D"
c54c4c45,10/10/2022,a26df86c,faf14b4c,5224FF70
301a8a66,10/10/2022,4f85db51_R_R,4c86465c,38D3F547
bfb683d4,10/10/2022,74e2bd60,47e005b0,06AFC10B
48dea67d,10/10/2022,7185dba3,0f011661,"D69B8D9C , DB300473 , C13BBEAB"
c7b2e752,10/10/2022,78ed0f5c,0d5dd166,"C51DABF1 , A20F880A"
8c976b6b,10/10/2022,1d5a56a1,585db678,"0A80CAE6 , B664AAD6 , B2B46881 , 879C5867 , 8FDF5A7C"
77fc3601,10/10/2022,833e7ff9,cb14ade5,610C5C1F
6d50c02e,10/10/2022,7c11f377,79ac9384,"CD7D822F , 172FC5AA , 94C2945D"
56dc3daa,10/10/2022,08f455ce,afc3b08a,DC387B04
6124f4da,11/10/2022,0ad2315e,5132b2b6,60A2AF21
3f262373,11/10/2022,80951328,e3637529,2109A574
17447d7a,11/10/2022,17bc7856,9a874656,"1E435EB6 , 6BE56D46"
434bd88d,11/10/2022,72f7acfa,b99d2d0d,"431EDDDF , 27DC44AD , 58125C17"
5773cf4d,11/10/2022,06203bd7,45fc8f59,"87B98D84 , 40B722EC"
e023da13,11/10/2022,895aaac6,7afcce07,"3693bc35 , 9c214490"
e62da6e6,12/10/2022,d95d72c1,c6728acf,dc540014
16a3c93d,12/10/2022,b296a38b,464c588d,"4533BC10 , F1304CB9"
fdce71ed,12/10/2022,005407ee,b2bdd3d3,7ACB5677
35ba4a4c,12/10/2022,7c11f377,79ac9384,"B31DF912 , 71D22B4B , 13B4474D"
bd28c0c6,12/10/2022,593f818d,7b5fe43c,EEE617D4
21619bcd,13/10/2022,ceec774c,c314c7b0,39C4EAA0
c0fba712,13/10/2022,6b6bed76,ff2c2637,815B0992
bca0179d,13/10/2022,c34b05ae,092d8aab,"217F20DA , 59619742 , A9C717C5 , FB9E7403"
fe9a4b73,13/10/2022,ee2d209e,e0bf8003,26FC265F
3f74edcf,13/10/2022,593f818d,7b5fe43c,BDBD99CB
52313c27,13/10/2022,7c11f377,79ac9384,33E1C398
f4aac9bd,13/10/2022,b3b25861,e36ac0e5,f708e5b3
b97e8e69,13/10/2022,a4fae09d,9616f0de,"DD8C3B2A , CFC4926F , 1221CC66"
42f11f71,13/10/2022,593f818d,7b5fe43c,7FB4CC8E
4227cb1c,13/10/2022,8e4ec3c7,30dfc8e1,6B387743
d858c4b4,13/10/2022,38cff7a6,c6f30312,"32DC1772 , 4FB76048 , 639399FF , 3DAD9170 , BC064D8B , CA824E64 , F1E59B2B , 3859CD3B"
8a4edecd,13/10/2022,f8639056,a8a700b9,ECA5FC47
d1daa62f,13/10/2022,41946148,6d3b15a9,76a24d34
5baa5040,14/10/2022,1c0943bb,c9139fb2,"975DEFA3 , 86FB41C6"
2bfd84ad,14/10/2022,736b005c,3806ba00,E7065AE9
cd4a177d,17/10/2022,75a03446,8edf4c11,16BC4BB4
6572ec84,17/10/2022,08322b3e,26e9b09f,"6D21444E , 46289217"
11b0bff8,17/10/2022,119d376a,29f120d1,951E5CE9
c2eb53e9,17/10/2022,4e94dce5,1d39b44a,"E0BB0580 , 30048418"
fd5d79ec,17/10/2022,ee2d209e,e0bf8003,"1ADD8523 , 241C40EE , D7503BED"
1c32d01e,17/10/2022,005407ee,b2bdd3d3,5539C053
bd3b8084,17/10/2022,7c11f377,79ac9384,D6C9DD5D
304ed2f8,17/10/2022,98376b09_R,8afe3a9d,1d826ab8
0bf9a0b2,17/10/2022,85e5585e,1a640e6c,"F67EA6C9 , 4533EB23 , 5ADC6C86"
e0b8259a,17/10/2022,8e4ec3c7,30dfc8e1,5B0BDE64
f1782c14,17/10/2022,b296a38b,464c588d,5A70EEB7
95716376,18/10/2022,b3907b5b,91231a7a,"6A17193F , AA4A229F"
d4c12878,18/10/2022,593f818d,7b5fe43c,"B364162A , 3B603698 , E67F8F01 , E1684020"
10b448fa,18/10/2022,2a5c09d4,dda09267,D888621A
13b80224,18/10/2022,593f818d,7b5fe43c,"1DE4F539 , 6DF61B83"
0d4ec09b,18/10/2022,96e297e1,cbf4bfb2,610497cf
889b3d22,18/10/2022,593f818d,7b5fe43c,755E2E20
cd346989,18/10/2022,a2a2b803,66292af6,"AA130510 , B51EB378"
c8e0cb04,18/10/2022,c768b09f,acf459fb,00B8EB3E
20a01c27,18/10/2022,17bc7856,9a874656,47DAE424
6d84563f,18/10/2022,3339bda8,fdc34c72,"8ADC1DDD , E27CAD0F"
50afd93e,18/10/2022,27cf9751,9cb76e23,BDCC9E6A
b6384d7c,18/10/2022,3daa9487,98dcaaf9,07FB9F1A
65345087,18/10/2022,03d007cf,0a22ffa4,6E8D767F
3fbcfaae,18/10/2022,a39ee0c2,36b39bb5,4AB4B049
b2a8e8fa,18/10/2022,7185dba3,0f011661,"C5AA5BAF , E225E39E"
0a499816,18/10/2022,72f7acfa,b99d2d0d,AF76CACB
443870d2,18/10/2022,a4fae09d,9616f0de,"38E80CF3 , 03B98B8B"
141950ff,18/10/2022,b296a38b,464c588d,4367D295
8a46e65e,18/10/2022,26019601,5ad8ff10,75A04808
40427e4c,18/10/2022,833e7ff9,cb14ade5,9102F27D
ebf015e3,18/10/2022,0b7051b0,dd0a1f5f,6A8CE556
41baa63d,19/10/2022,5463aa81,20c4e3f9,"92F23FD4 , 7E5EAF4B"
993e5f27,19/10/2022,a1db0d92_R,25cad06e,"6D09451B , 9668C193 , E7E46F0F , 240A1903 , EECA5F22 , 40AC92B5 , 53A714BD , 44EDCDD1"
27e8c195,20/10/2022,2fbceb01,e567b91a,"5C44D94E , 902311BB"
3ba78e6c,20/10/2022,27cf9751,9cb76e23,E6AA55FA
d1935370,20/10/2022,0b7051b0,dd0a1f5f,CFF466B8
fffc3a82,20/10/2022,c768b09f,acf459fb,8FC78506
325e6b11,6/10/2022,7a7473fd,0841e2aa,"2D79C0DB , C45F7A2A , 4559040E"
e8139690,25/10/2022,1633dce5,21b324d3,"F76F400C , C3B5A3D0"
52710071,25/10/2022,951fdf33,4fe49d1b,C90EF3ED
b2683ad6,25/10/2022,52564f46,68c62a54,1CC5D81B
e7109b38,25/10/2022,15966aca,68ad94ac,0F4192EC
8e2ce6ff,25/10/2022,14d02768,0b836018,"B7B316C7 , 43DE74D5 , 67087F2B"
749ea447,25/10/2022,03d007cf,0a22ffa4,C4BC7F76
8d0f4550,25/10/2022,7abce4fb,ed5b19b2,40a69156
a882ab3b,25/10/2022,033c13c2,62d3613c,A8FC8AF6
f7876a53,25/10/2022,14d02768,0b836018,98252D34
9265b5ea,25/10/2022,d0172d85,2aa3e877,250EE5CF
041936ab,25/10/2022,8e4ec3c7,30dfc8e1,"0486D123 , 70884BE7 , 8001AA0A"
b9f9b5bf,25/10/2022,cecde70f,0275efe9,"39B7E4DF , C5E12E2A"
4ed56a3e,25/10/2022,b08a6e61,b2240b85,"36106BA3 , 9486D508 , 74274200 , 20FE43E9 , DEBE86EC , 7846EDDA , 4B03167B , BEE6BFDF , A1012E4D"
0df5f048,25/10/2022,0b7051b0,dd0a1f5f,652A6FEC
30f5994c,25/10/2022,e356533c,3ec362b8,FCD4BDA6
c76a7b05,27/10/2022,75a03446,8edf4c11,B02C4BD4
e5995f5e,27/10/2022,6dfeac7f,abcf7910,cfe471a6
28dbb7f0,28/10/2022,85e5585e,1a640e6c,"E73F2C46 , 850AB199 , FCBE5779 , 14BF5113"
563098ac,31/10/2022,ef5d2f1e,3f56a433,"20CCD4D3 , E75C1BE9"
beef0530,31/10/2022,4676b97b,b869b894,DACB1F6A
33412cfa,1/11/2022,b3abb4f8,0df0df1a,"4B747AF1 , 0AC1C4B0"
8661588a,1/11/2022,ee2d209e,e0bf8003,E4D6544E
989f1198,1/11/2022,22bb2f9b,77c35f6f,2C5E171D
938505d7,1/11/2022,52564f46,68c62a54,DDFD072A
767d24c7,1/11/2022,S03242022083049_Dup1_R,e18a810d,a0305985
09cad547,1/11/2022,6eccc728,456419ed,A02A841C
e03b1b9e,1/11/2022,3346c88e,438df072,"4029AF5C , 362B138E"
5d731916,1/11/2022,24723c14,1592c124,"77D225A4 , E5E79A7A , 60674ED0"
d4e053a2,1/11/2022,3becaa93,ccd47f07,4CDD6938
0073e6ee,1/11/2022,a4fae09d,9616f0de,"F85955CE , 249B514B"
7db27280,1/11/2022,4f85db51_R,b2f49e1d,D4739824
a1aba3bf,1/11/2022,c4277922,5aa95a8f,"861D45C7 , 2CFD0C8A"
e1b3b50f,1/11/2022,442cded4,07bab14f,D8FA32B3
ade7c392,1/11/2022,36bf073f,e01f36a3,FF335596
01f514aa,1/11/2022,196d2ddd,354bae63,"F35329BB , 0AF43EA2 , AB43068A , 45789058"
7a4f2517,1/11/2022,593f818d,7b5fe43c,F5112CEA
ed24fd64,1/11/2022,8f860613,2180d1ba,7A52690E
d5956344,1/11/2022,89da3f84,3a8f85f9,"E85633ED , C9A1A938 , 83201B7F"
7623c64e,1/11/2022,35f09a74,07a60bc5,CEB66970
1593c424,1/11/2022,c941ae1f,5440619f,5FE484D1
087b40e6,1/11/2022,472bb001,a9af973b,7E8D5270
2ff2c987,2/11/2022,5d845ea5,20c97187,5F10252A
f06c428c,2/11/2022,c7b5f1e4,bf038e52,"0161BA44 , FCEF45B0"
140d9fd8,2/11/2022,10f79ebd,2af8c396,C4925260
cba8132e,3/11/2022,4676b97b,b869b894,"D94278A8 , E9C7FEB0 , EFBFA18B , C8B7DDA1"
f6892e6b,3/11/2022,ced95c85,48aec11f,"03567C31 , 0EFE0BDC , 8D8BB511 , F32797FE , 93D74316 , A73FD760 , E3891B18 , AB8011BA , 0054A69B"
abed34c4,3/11/2022,d43826e0,ab441b83,"9B38A6C5 , 91DCDE02 , D2987FA6 , 7DB5C857"
d911068c,3/11/2022,89da3f84,3a8f85f9,"4834F8FD , DA77CECC , D65CEE87 , 9F8D778C , 3931313E"
5826b19a,3/11/2022,394a555d_R,9329bd8b,F8031832
516a7a75,3/11/2022,8f860613,2180d1ba,FD670EA3
5719362e,3/11/2022,951fdf33,4fe49d1b,2D9539E6
0973f904,3/11/2022,d43826e0,ab441b83,14047AAA
f9e7a742,3/11/2022,c529ab68,02fedbc5,"38ED52FA , A9574286 , 1F85850E , FAAF8AC0 , AEF1D445"
4a54ee2b,3/11/2022,ced95c85,48aec11f,"74CD0CC2 , ED3A6659"
f2d35904,3/11/2022,a2a2b803,66292af6,05ADE24D
8accd829,4/11/2022,24f58c35,1214c057,D05F8BD8
0ed3553f,4/11/2022,10f79ebd,2af8c396,D2714DA7
a67868f1,7/11/2022,1375ae31,2179088c,5553D24C
f09b6eee,8/11/2022,feed547a,da82403a,"9DB68A05 , 45ED0584"
ee74817a,8/11/2022,378dca20,560b9e8f,"8592A770 , D2519556 , 46A0196C , 9B46C327"
14ed9508,8/11/2022,5fb955af,c96fa3f4,"F6B6339A , A4E42305 , EA07C188"
c79d2272,8/11/2022,81ac6272,bdc328ad,6D7082A4
d5712cfe,8/11/2022,34a54a0c,48884387,"A7E5E57D , 26BC9658"
eab0ca5a,8/11/2022,c6316bc7,11c3c8bc,"F7758845 , A9B4A225"
5af776e9,9/11/2022,e280b00b,c0c20135,"FE817650 , 73541323 , F0A102A5 , 34044154 , 3D743B75 , A0B93309"
ca5942ac,9/11/2022,89da3f84,3a8f85f9,756A2451
9e9b5a35,9/11/2022,462a295c,eddddb3d,"C458F29B , F53EAEDF , 1945A338 , D65CF9B2 , 38EF59F9 , 8941BA9E , 9A61800A"
684bfb27,9/11/2022,f98ab532,4bbd2254,"4A0111BE , FCB9032C , 212DF9C7 , D61EC52C , 3174E94D , A381D952 , 1CFEED3B"
ec8995f6,9/11/2022,bc37e12b,2e3da3bc,5340748d
4158c059,9/11/2022,4f85db51,6cbbd89d,130C452A
245c2bb4,10/11/2022,ac795f97,619dc141,CCA9E605
c2b05dba,10/11/2022,93b73b01,a28c19bf,"887BE029 , FBF11962 , 3B435B9E"
5d14383c,10/11/2022,b1d1151e,1b550e38,"EBC73532 , 5FA9E7F8 , 2BA7B23E , EC1C567A , 4FE0DCC9"
4844f3c2,10/11/2022,f98ab532,4bbd2254,"07472BE9 , 486A10D9"
f4a4bb34,10/11/2022,c941ae1f,5440619f,B8334F3E
2a22b64a,10/11/2022,7386acc3_R,fa67344c,"D952DE94 , 1B9BC183"
280a3df5,10/11/2022,c4277922,5aa95a8f,"8F5B608B , 64BCFE31"
5483aa1d,10/11/2022,c47f9131,0dd934e1,"EA73AFC6 , 52BE1F32 , 60708C01"
7cc2928f,10/11/2022,85e5585e,1a640e6c,39FA229A
f4631ffa,10/11/2022,c6316bc7,11c3c8bc,59CC9647
4d96d6de,10/11/2022,472bb001,a9af973b,"9A789BFC , 0C60FF01 , A9D5B3F5"
3da0d74c,10/11/2022,c4277922,5aa95a8f,8CEF15AE
9310698b,10/11/2022,5315bb18,2d666892,"B2A2A831 , 4EEA047D"
e9859b7f,11/11/2022,8dd0ba39,d9e93570,"5DE69135 , 0A71280B"
ea58896a,11/11/2022,b6e68580,dafd74e8,D56F3A4D
fdad816d,11/11/2022,e706bba6,7b115c36,"9C22991F , 5EB10846"
04bcfa2e,11/11/2022,e280b00b,c0c20135,54574C9E
bbdf0a95,11/11/2022,664eb307,38e5872d,"639DF1C2 , A0A636DF"
733c2a54,11/11/2022,3618b557,2de5c506,8645CEB2
4fbe1239,11/11/2022,4eec7fd4,5073c9ff,"900924B6 , 252CC860 , 90C2D132 , CC0FEFAC , 14C13026 , 5FBE2DC6 , 98370DAA , 3AC420E5 , 0D35E2C4"
d614aa2d,11/11/2022,472bb001,a9af973b,E3BD6D11
ad636f54,11/11/2022,f98ab532,4bbd2254,1863B779
e485db14,11/11/2022,946a77b3,81248578,"D39261EA , 6D005F7C"
4a63d65e,11/11/2022,c47f9131,0dd934e1,"44ACC8ED , 3F2B7817"
8515e23a,14/11/2022,e010d048,43009b41,"75D5FF38 , A2A2D5D9 , 447739B5 , 87CDE542"
7273dc7e,14/11/2022,378dca20,560b9e8f,"8592A770 , D2519556 , 46A0196C , 9B46C327"
bed23aa7,14/11/2022,8616616b,bcbf019f,09F429CA
b054151d,14/11/2022,14d02768,0b836018,"ED49F482 , 90F9C188 , 9E6F4192"
3cbd0474,14/11/2022,3aa4615c,c1bdafc3,7A4EE793
be9c7321,14/11/2022,3aa4615c_R,bb3db0cb,0EF74CE1
275cd3e2,14/11/2022,c4277922,5aa95a8f,C3F3CB1F
ab420a0c,14/11/2022,10dd0cc5,1161489d,A4D53CB5
db854bbc,14/11/2022,3618b557,2de5c506,1D19877C
52e063df,14/11/2022,472bb001,a9af973b,74C459A2
ef69f01f,14/11/2022,4eec7fd4,5073c9ff,"AE69F8B8 , 14CDDC3F , 058183AC , AE88BC1E"
436046c1,14/11/2022,33aafa08,87fa934c,"462C6C61 , A339C4BD"
ce57dabd,14/11/2022,3f3093df,89284b69,"0527F64D , 910A1B00"
e246f869,15/11/2022,d82ac879,cbf7bd8f,5F8AB7B4
7a83bf60,15/11/2022,f7a95a5b,d3af81eb,5DEB415A
031de80b,15/11/2022,a0c2ee17,9e795db2,2A27FD09
6c3ee6cf,15/11/2022,35f09a74,07a60bc5,E5C71D2E
336b6104,15/11/2022,8e4ec3c7,30dfc8e1,"9CFF864A , 2C6FE7FA"
2175b880,15/11/2022,870a6341,1b063b99,5536CDBF
fcbe74bd,15/11/2022,9c38235a,4e6ff401,CD43B8F1
c0ff9b6e,15/11/2022,172ce724,b80b74ec,"AF5F4EBA , 2DD963C4"
3f37dfd5,15/11/2022,24723c14_R,1b6ec88f,4EA547D8
0529d657,15/11/2022,7386acc3_R,fa67344c,4984655E
3ed298f7,15/11/2022,c6316bc7,9a6ef5d7,615CD8BF
c57b968c,16/11/2022,4eec7fd4,5073c9ff,DE773B47
f62ebbb8,16/11/2022,abdb29d9,52394ea5,4A363CF6
765f2e51,16/11/2022,9a5bf4ab,26d0f949,1f6c8110
b8d1a2af,16/11/2022,iK5txb7xj7,l8MS6fTa85,E2S72BQ98S
61a88a70,16/11/2022,d6bd9c48,ff7d02ce,6bc84c40
289cc00c,16/11/2022,4eec7fd4,5073c9ff,B51829DD
3a476d59,16/11/2022,1dbf2fb9,885c9795,471EE1AC
59f38d55,16/11/2022,472bb001,a9af973b,63F181A9
7b83ee28,16/11/2022,a2a2b803,66292af6,"78EE81C1 , 57683ED3 , 84205162"
6ee3241b,16/11/2022,eab7217a,84bc0b1b,"A3ADECE0 , 7AC27342 , 7B0A6FB7"
f626f741,16/11/2022,244b69b0,0da7f5ea,DDA22FDA
6ec140fa,16/11/2022,70a9da9a_R,c2bb4092,"26104314 , B3A7A5A8"
1716b369,17/11/2022,f1de0d60,dd431231,DDE622E2
e3b4b034,17/11/2022,044576d2,be6c14ba,995195bc
24bec92d,21/11/2022,9401115d,c7a56b8c,434D491A
4a43f9dc,21/11/2022,56f05c06,37bb712a,"98CD09B4 , EF8C26B8 , 457B9408 , F146EEB4"
023605d9,21/11/2022,dcbf5c19_R_R,6803d982,97874FA0
8618a0f8,21/11/2022,913de352,9007204e,"2A15C529 , F74B08DF"
f8e163b5,21/11/2022,3b13134b,4a9fbb2f,D0B46ED2
a521bb87,21/11/2022,10dd0cc5,1161489d,"844DC0F7 , 316C000D , 336D468A , BE3635B9 , AA6A3D00 , 812A6CC7 , 17F21C85 , 267B429E , F75D79A9 , E189163E , 000B4874 , F56A0C09 , EEB1CE01 , 293C83B8 , 411A4C72 , A4C5D95E , 73F30932 , 57E9F58C , 241CD00F , AD9C9D03 , AA211BB5"
2110c250,21/11/2022,3b13134b,4a9fbb2f,"F38BCAFF , 6116EBA5 , 30878766 , 7D8331E1 , 0B5B9C22"
f2802f8a,21/11/2022,21df2146,4155b643,"AF7F9CBD , 615F6B1D"
c489966d,21/11/2022,33aafa08,87fa934c,"BE8B6455 , 948A922A"
da976f6a,21/11/2022,834f8040,d9e862bc,09F98E83
8a0bffe2,21/11/2022,b3e488ff,000a975b,567fff92
6bfa5cb9,21/11/2022,aa554b2d,c65dd737,"640BA6C6 , 03938B16 , 50D6A012"
db950a93,21/11/2022,bc93c4fe,60663153,"E2F185FE , DC11C36F"
672553d6,21/11/2022,7386acc3_R,fa67344c,C6D7BF82
777ff756,21/11/2022,28c80fdc,b74d753f,42D3003C
523d84a6,21/11/2022,fcb2ce59,3e29f5d5,"F0BC834F , A6A17F38"
19ebd830,21/11/2022,34f58d4f,c31b3055,"E4B83FA1 , 51578E5C , EC564BDD , C27CBB72 , 58A0BFC3 , 2714C6E2 , 6876484B , 094B0CCC , 859726ED"
cdcdd480,21/11/2022,c59e168b,bb5783db,0D5AAB4E
b44638b0,21/11/2022,10dd0cc5,1161489d,"3B86E311 , 69E0B498"
c4fad125,21/11/2022,e0aa69be,65ffe824,"B16D3CB6 , B396D68E , 47EC11E5 , FF550D25 , 5B315C43"
c520fc1a,22/11/2022,1a90fd2a,7e4b1de0,28A25194
e94b445b,22/11/2022,e71aacdc,32ea2e03,"A220267E , 5AADEF0C , 390D23C5 , ABECC1AB , 4249D7F1 , 18D08697 , 74C5466F , 106F58EA , 49875C2F , 89359A72"
6bc81112,22/11/2022,da33140d,f8e1151a,"6B7DA742 , 2A163A26 , 8663B769 , 44E48B9B , 4D134946 , 8CEB0554"
c5fb0bbb,22/11/2022,d6603e4e,f4300426,85AD3F25
c9420089,22/11/2022,56f05c06,37bb712a,"3627902A , 0704DF29"
bc9c10ea,22/11/2022,d82ac879,cbf7bd8f,83B8B81D
14c51694,22/11/2022,18f48924,a56ebcd1,FFF1333F
54e1d491,22/11/2022,c029b6e1_R,b3fa6fa0,8D94323C
46bee7c7,22/11/2022,3b13134b,4a9fbb2f,496E9F90
5f64b459,22/11/2022,34f58d4f,c31b3055,75F59035
4e763af7,22/11/2022,9895047e,0d7caa97,"FE48979F , F5298BE3"
653a4f9c,22/11/2022,4eec7fd4,5073c9ff,E1C2B57D
bd6f1c7d,22/11/2022,56f05c06,37bb712a,"56F88758 , 22AB7525 , 7EE6CF1B , A21A4700 , 565BF1E0 , 3FC04055 , 6925CA08"
a141593e,22/11/2022,10dd0cc5,1161489d,"D8E3CD05 , BDE2AF0F , 11D1DD43 , 59DCD16C"
f3d1eb98,23/11/2022,3afb2839,f11b0a4a,F1260BB0
5c4bccc3,23/11/2022,4e905d49,e4fe5a69,A3DEA597
d8bb5f60,23/11/2022,834f8040,d9e862bc,44FF5C5F
7901fd77,23/11/2022,3b13134b,4a9fbb2f,63D414B9
b8803b94,23/11/2022,12cb5184,bb298bfc,"5799E7BF , 4EB4ED41 , 0F0EACE3 , 4C38B360 , 49BC0890 , E6F3DF49 , A87EAADA , 6CFADFB9"
f3d34950,24/11/2022,1a7b3430,a3a97dd1,681768DD
46775501,24/11/2022,85443cae,ead8aacd,"480C3B38 , 9485EFF9"
5782368e,24/11/2022,72f7acfa,b99d2d0d,679047B5
122c4c58,24/11/2022,9895047e,0d7caa97,422FFAAE
90ae6d60,24/11/2022,5560f41d,77cd55cd,E108618B
af24128f,24/11/2022,834f8040,d9e862bc,EE9E88A6
a78b2b0d,24/11/2022,84787dc5,aed01052,2EDD5704
d4da275a,24/11/2022,10dd0cc5,1161489d,"4EB3D661 , D4FAF498 , 6E90D204"
8c73dcb4,24/11/2022,56f05c06,37bb712a,63E399B6
174c583b,24/11/2022,1b6eed4d,d2a4444e,7AA81583
79dff34d,24/11/2022,34f58d4f,c31b3055,EDE53370
a1e80ec3,24/11/2022,c9025ded,9f0e3693,"361324DA , 4103889D , D5DB903F"
10078903,24/11/2022,4eec7fd4,5073c9ff,60E167EF
959b905e,24/11/2022,10dd0cc5,1161489d,9EE65655
5d9e95b1,28/11/2022,334a9da0,36289a9d,"93BC914E , 4545BC8D"
e316bdd4,28/11/2022,05470ac4,73e28dd6,"513C6F15 , A0154767 , 4ADD99F1 , C44A58B2"
24a1b63d,28/11/2022,10970d22,24e7fbcd,"44C9B6E6 , 4D7DEDDD"
46218cb3,28/11/2022,a2db42fe,f55e0ac3,CE0F85F6
a0b0a404,28/11/2022,34f58d4f,c31b3055,"A352F946 , CE64C865"
d23212e1,28/11/2022,6db6ff78,a7176c32,"74A07287 , BB5DE9E9"
,,,,
26a0d44b,28/11/2022,c768b09f,acf459fb,"4D518237 , 3F39076B"
47f7e8fe,29/11/2022,17bfb9fe,379866c7,"A9D8C5F8 , 2CAB0E5E , 16527ECF , 3B428D89 , 1ED345E2 , C97C597E , CD1A46C9 , A1BB1059 , 80CF6C11 , 290A3539 , 84E26F5D , D831D84F , 2ECC0934"
86a145a2,30/11/2022,03d007cf,0a22ffa4,102BE189
199d6789,30/11/2022,27e2e542,1969c473,21EE6556
20fabe4c,30/11/2022,405d6091,a6a272cc,6B920056
83c6bffc,30/11/2022,a376e5da,4ac9a227,CBA8EB04
bbd7cbfd,30/11/2022,5a803968,2ca924a3,"96CD801E , 788C1E9C"
87d41a9a,30/11/2022,fa47faad,36fa2c64,"7D1BD908 , D93FC37B"
71cb4c1e,30/11/2022,8fb1e8f5_R,8a1c9843,7B30163A
828d6aab,30/11/2022,ec041b71_R,e443aa07,8260984D
d6a4f5e9,30/11/2022,4eec7fd4,5073c9ff,"B23EBFD9 , E4AD1E09 , 909F9B88 , 1BEFBB30"
e6b5c68b,30/11/2022,2dfc8325,a7232277,2B6D42C3
e9aad478,30/11/2022,376bc099,c36d7eab,403B4A5D
504489f3,30/11/2022,6db6ff78,a7176c32,B6FA72AB
e808b550,1/12/2022,c9025ded,9f0e3693,550AD454
31d0bc9e,1/12/2022,35ceb9fd,54b51826,0A207241
beced3d1,1/12/2022,9e8b529c,f2782336,BC92BFBA
28294a2a,1/12/2022,9d6363a5,3ea8edaf,ACB89820
1d293a41,1/12/2022,a1c9a4d7,2a6f4f63,2B17A7AD
adc54db3,1/12/2022,35ceb9fd,54b51826,"49A2713E , 32D8A8BF , 64DCF248 , 574C8134 , 34685280 , F9FFC927 , 4497B073 , EC80B337"
9e8195c7,1/12/2022,bdec49b1,697c2d9b,"6725167D , 516C40DE"
c5bdfaf1,1/12/2022,9895047e,0d7caa97,3F5A4D91
47f7c6f1,1/12/2022,442cded4_R,87a387b5,A05259D2
0777c31d,1/12/2022,d6bd9c48,ff7d02ce,0795389c
7af4877b,1/12/2022,6db6ff78,a7176c32,"5EC507F7 , 409609BF"
1b49d6e3,1/12/2022,c56f5ee4,52d80796,B077E10C
3012bdfe,1/12/2022,771a74c2,1dac2f8b,AB4AAD11
ed60e913,1/12/2022,f0ac869d,72ff08cd,F4339802
bf5f3d0f,1/12/2022,1e42e2ab,e292b8f8,"6862708E , BE1A1882 , 2B4DB8E7 , 0C68E500"
4a428156,1/12/2022,c2b959c9,7d31362a,"6340BDE7 , A99E1FA1"
f1dfd7f6,1/12/2022,9df80131,48e8f172,ccfb0d16
e1652583,2/12/2022,92d56259,16e9e86b,0de64283
1ce8e33d,2/12/2022,c036ae81,83364169,DA18676F
349c1641,2/12/2022,b33a5d7a,fbcb21ef,"A179BB1D , 84104DC2 , 91C45638 , E9AC6BEF , 25C7E8C8 , 82106474 , 7984F1E8 , B86432F6 , F29A14F6"
bcdd7c87,2/12/2022,10dd0cc5,1161489d,B36CC61A
ea5647d5,2/12/2022,c4277922_R,b8ce334c,923DBDFF
13d3dd86,5/12/2022,abe7a867,c897c336,36E175DC
659b5bac,5/12/2022,c6bced30,9cea9807,737FF8DB
9462082c,5/12/2022,196d2ddd,354bae63,DC253148
cda29de4,6/12/2022,98c41dca,10686cec,"A53E1229 , 46F07F1F , C15A8A81"
76075fde,6/12/2022,bec20bf0,cf94bdfd,"0BE17270 , AFD12D0E , E48104EA , AC038F17 , BFA8E0A2"
506b1056,6/12/2022,ecc0ac2d,9e349ea3,F6DA4883
54450a65,6/12/2022,64627ac3,8c28555c,"B97E0EAE , BA995F55"
e5484020,6/12/2022,b33a5d7a,fbcb21ef,"B674758E , 92815D19 , 06636DC5"
4c07f2af,6/12/2022,52564f46_R,1b34706b,"AF85FAA1 , 03744A12"
63dc0a97,6/12/2022,c7c5b094,c5658d50,"07201B05 , 482D9E76"
5677d8f9,6/12/2022,19543572,3efd6817,F278ADDB
31eb2969,6/12/2022,2cc15c38,ca363e53,"44CF3EA5 , E17BE6DF , BA80B664 , 9E44772C , 2D119EA4 , 3FE4B1FC"
52c1a0e7,6/12/2022,7386acc3_R,fa67344c,D741F4CD
766b6c41,6/12/2022,6f5b9182,152ab685,7CEEEF39
a5dfcd98,6/12/2022,70c5557f,f4045751,"025212FD , EB1516EB , 38FA761B"
c7244d37,7/12/2022,02b1c056,d72db876,AFF944CB
135b23a3,7/12/2022,fd636572,01b9a895,8C5A2564
c0e7cc11,7/12/2022,c142ee27,182b77de,686780ED
cb25e843,7/12/2022,6db6ff78,a7176c32,FBF8BEC3
4f865ccb,7/12/2022,21820f20,2d403fac,"CDC4D750 , DB2B455B , D0620077 , 8DCD4E0F"
03e76bb8,7/12/2022,18f48924,a56ebcd1,DFDC2563
50e98be0,7/12/2022,ba030b73,413903b1,39A7AAE0
aaed4efd,7/12/2022,28c80fdc,b74d753f,ED94FE90
be28562c,7/12/2022,300eb44c,39b7a4c0,B942650B
e5fe47ef,7/12/2022,28c80fdc,b74d753f,C941F3EA
e956330e,8/12/2022,81424277,1d13f2de,"2B99873F , A3307203 , 43976421"
366dc979,8/12/2022,8d047d89,c08ec034,"D12DF707 , 9F9E7E3A , 13244387 , 00A8FDFF , C3FDFF5E"
a79802c5,8/12/2022,e36f6a51,9718081a,"14FF071B , 7357A521 , 25EB7046"
e9819047,8/12/2022,24e8d1ef,aeafedf9,"63923CB7 , F9708542"
75547145,8/12/2022,dfda95c3,aa99b448,"081491BB , AABCB55E"
d8fe4946,8/12/2022,52564f46_R,1b34706b,"EA6C4D9A , 1906F31B"
24139659,8/12/2022,9d6363a5,3ea8edaf,"B6C5EAC9 , 562FBB6D , A8B83E2C"
11491a22,8/12/2022,176ac279,7745f19f,1e58763f
5a587079,8/12/2022,02b1c056,d72db876,E4131D15
ddae6ba6,9/12/2022,0aa7f99c,d11c7f2d,BCF2A58D
376cd528,9/12/2022,fa4b6ecb,d982e4a0,"9C4EF9CD , 844EF121"
12a319f1,9/12/2022,1309e8f1,d468f4cf,"0F10761C , 7BFD66CF"
2f0fb88b,9/12/2022,35ceb9fd,54b51826,"3BAD1087 , 259CAC9E"
6fa052e4,9/12/2022,8f84ee7f,484c8ea2,"EB203D7E , 0842E43C"
a16b0700,9/12/2022,a043add7,4aa0788b,"9FCCFEA6 , B6AE2753 , AD9BA5C8 , 7334519F , E40CAE9D , 60AA4A8C , 8A77B4ED , 4AC36DF3 , 1B0CD534 , C6DA0A07 , F6826D78"
bb3ad546,12/12/2022,938f1851,dad306c6,153CEFE9
f4f46267,12/12/2022,47d60a0c,27a58ceb,"7BE67EFB , E86F87BF , 54D2466D , CDB839DB , 94D2B6AF , 95065991 , ADEF51BC , 3FE93233 , 875E6D89"
64a66ab9,12/12/2022,9602eb06,e90d1137,"E0B9C9B8 , 456FA73D , 5DF52E5C , 0BFBC77F , 89A92206 , 269818D3 , DB509BF5 , ABC49012 , D21BBC8A"
9670f259,12/12/2022,10d9f497,1d4f29b8,7F17FBC7
c067f8d3,12/12/2022,b08a6e61,b2240b85,"36106BA3 , 9486D508 , 74274200 , 20FE43E9 , DEBE86EC , 7846EDDA , 4B03167B , BEE6BFDF , A1012E4D , 27A8F6D8 , 88FFF50D , 93C62B7E , 48C36DD3 , 1E5A8A99 , 3608096C , 2E4164CE , D4AC6BE0"
00145f28,12/12/2022,c6bced30,9cea9807,8BC9E17F
40cb6909,12/12/2022,02b1c056,d72db876,"AAF12952 , 26686616"
c01773fe,12/12/2022,55bae8f1,da86e1af,"4C901024 , 18B8D93F , 0C71796D , 5E97D3C4"
78510cbf,12/12/2022,3a8950cc,6e2af81d,"193E2C7F , D0E425EE , E2FD517D , 7FC3E75C"
ef3ab140,12/12/2022,3a8950cc,6e2af81d,10D83FC6
a412ded8,12/12/2022,1db6682b,2c664ca5,A4D1777C
07c80449,12/12/2022,49e7f9a0,c8d9c6fd,AA80A1D9
63a27deb,12/12/2022,47d60a0c,27a58ceb,F8545FF5
a3553fee,12/12/2022,4ee7391a,d7372520,"6BD20373 , 58C32FE8 , 4C112D33"
f8d624ba,12/12/2022,bc2f4c18,78eb1d96,"EFE5D6C5 , A1A41C99 , 114E53B3"
7246293a,12/12/2022,4bab8049,e4ca6a6c,"A0C9EDE3 , 7CAC4477 , A74D96A6"
2df94b64,12/12/2022,f79df5b0,ffd37b89,"D4A4673E , B60DAD95"
c4f7fdc5,13/12/2022,6db6ff78,a7176c32,"A8FD25F3 , 59544286 , DBDEE630"
4afd5e6b,13/12/2022,49e7f9a0_R,95c166d2,2DD24A2B
8a72b917,13/12/2022,f39acc17,0ef7d62e,90AFAA6F
2968aa8f,13/12/2022,ffb091ad,f95e6799,C0BC0C78
fab0d44f,13/12/2022,3d786c26,046fef0f,"5E1D0E11 , A4178805 , DE11AB03"
8833f140,13/12/2022,e8f20ca9,eafb69cb,"E8D10D3E , BDF7AAFB"
2f73ba6a,13/12/2022,6c375225,8cd8f2b6,"A473D46D , 8E8C5309"
0bf2fd77,13/12/2022,c4277922_R,b8ce334c,26A59585
08ef97f2,14/12/2022,ac91fd80,9ffd7d1b,E82A86AD
a7b14bf7,14/12/2022,119d376a,99c80fa4,D84ADABB
efddaa1a,14/12/2022,119d376a,99c80fa4,D2E61600
91039c83,14/12/2022,119d376a,99c80fa4,63B1030C
18b6cf7d,14/12/2022,18dfbbdb,ab4ad6f4,"3c7f7d9f , 97993991"
f5a2e2e4,14/12/2022,70efdaac,9e06a520,60D979DA
42e283ba,14/12/2022,c529ab68,02fedbc5,C8708F4D
601e74b4,14/12/2022,0aa7f99c,d11c7f2d,BCF2A58D
02b9783a,14/12/2022,e5207418,78dbee6b,"202CBF5A , D2D32288 , 98EB56BA , 5AE2C153 , F4742B27 , FAD315DD , 52448D4D , 012811DA , 5E066ADE , A9AC8614 , 4CBE619F , 2F4EB2E2 , E9192C07 , 5C9656B6"
2b739daa,15/12/2022,919579f2,626905a3,86EACF3D
2ded96b9,15/12/2022,35f09a74,07a60bc5,C4A16A86
b0287419,15/12/2022,a2ca7a20,4f36a1d0,"C763D430 , 6FDA7C3F"
771767f6,15/12/2022,b981ac96,de362f20,3A753656
0097743c,15/12/2022,938f1851,dad306c6,69D268C1
fe4d93dd,15/12/2022,8bc3f96f,3ab1194b,477E1DF9
24cbf1a7,15/12/2022,75f5eb9d,256611ed,329C0222
e1984762,16/12/2022,3d786c26,046fef0f,32D948EB
55bcea05,16/12/2022,3dbe76b9,6753308d,137CF441
1375beb6,16/12/2022,9d6363a5,3ea8edaf,88C82DA7
ea30c728,16/12/2022,4957ebc0,94d0efc7,77CE07FE
8290b30e,16/12/2022,3d786c26,046fef0f,"5CA14AF4 , B1544804 , B9DFBE21 , E33CD11A , AD0A9EE8 , 7928069E"
cf160a2e,16/12/2022,2e342cc2,606ea693,64056184
afaffde4,16/12/2022,6c375225,8cd8f2b6,"F0CE2D85 , 0C453556"
1c7491b7,16/12/2022,4957ebc0,94d0efc7,BF8F4969
ed69a2f2,16/12/2022,15966aca,68ad94ac,38477460
405db452,16/12/2022,80951328,e3637529,B2FC6334
d731beb5,16/12/2022,74e2bd60,3949f468,EA8CCB49
44602ed1,16/12/2022,6db6ff78,a7176c32,962A81A8
894b0a58,19/12/2022,6bcd01be,1baeab9f,55F96617
24f76237,19/12/2022,c9a37481,1a154660,03E38E45
7b59ab01,19/12/2022,a8fbaf61,df12ea34,"0506929B , D5723FD0 , 36D6F7B6 , F95F5DA4 , 7C1708FC , D295A11D"
a23074f9,19/12/2022,ea83f2e4_R,18606f55,"123623CD , 061A83AD , 2EF70AFE , 02947C3A , 7CF0ECD1 , C46F4705 , 8B6A1838"
43091221,19/12/2022,35f09a74,07a60bc5,48AA87B9
a15b6b27,19/12/2022,14d02768,0b836018,"8DA50248 , 59225124"
17294f7b,19/12/2022,e2a77d12,07641bde,"F72F388D , E8A1CD04"
c2c0e12b,19/12/2022,351f5077_R,9bea9261,16148f6f
f86383af,19/12/2022,fd636572,01b9a895,"C8B13DA0 , 9F6C1FE7"
03fb0173,19/12/2022,6db6ff78,a7176c32,788DE3CB
164fd6bc,20/12/2022,ee1cc3f7,989a5ec7,ee3f47ba
393ea66a,20/12/2022,8a46974e,5e22d686,"ef47a8ab , 4358d197"
1d910b66,20/12/2022,37586bc5,aeb28368,"97458FFD , BBA13EF8"
a7c3c36b,20/12/2022,be9cab7f,4098cecf,CC4C2022
3a756bbb,20/12/2022,4957ebc0,94d0efc7,20A14EC5
6186506b,20/12/2022,fc0501b6,128d1c61,"4b6bfdb8 , 735ACC4F"
b003a927,20/12/2022,e2a77d12,07641bde,"81866574 , 7BBEB31F"
ea5d06da,20/12/2022,540a694c,c3da72d2,"CA4E96B9 , FBFC5750 , 009AC888"
5eaffe9e,20/12/2022,ee4978b5,c5276712,"E14AFB25 , A72BD93F"
d5b9a7e6,21/12/2022,48334f33,75f341f3,"BBE170BF , 6F7F4655"
7b0aab5b,21/12/2022,3e0c26a1,5858d135,"655B0B1B , EC3B8F75"
8122e2e5,21/12/2022,486dd416,e06ceb78,4C00C345
24798ed3,21/12/2022,b771c178,d728c3c6,"AF50BBDA , 7511A292"
b2f30926,21/12/2022,e8f20ca9,eafb69cb,2AC21948
bb0b0b4d,21/12/2022,3d786c26,046fef0f,2CE2218B
e97a1285,21/12/2022,c142ee27,182b77de,2D420F52
4d6347ba,21/12/2022,c516a7e7,975bb446,C5959C13
9c4ac0ff,21/12/2022,cf3df854,948789d6,"7AA0E327 , FC0D55E1 , A13C5D42 , 8F10EB32 , ABF6E547"
1198b147,21/12/2022,db703049,9ebb6f41,"D8B35C78 , 766876AB"
3be177b7,22/12/2022,7f67d9bf,d14a2366,"3CD0DE45 , D477E888"
64ce9535,22/12/2022,61c64486,a1a877d9,AD57D5F2
7b342d08,22/12/2022,a4e7f7de,3b32aad5,"7A36178B , ED0B3BDF"
035a73c1,22/12/2022,be0bceb1,5629f911,"BB1AA7F0 , 3B16445B , A94F4B6A , B243A50C"
676381fc,22/12/2022,40116397,78ebbc1d,B45405A7
824906d6,22/12/2022,0051e27d,7dbe81c8,"04CE2271 , 47FF2B3F , F5EBABDB , 807D06A2"
6c674078,22/12/2022,90e725de,d6eb64b9,E82BE230
cccce9c0,22/12/2022,d17613a6,5428b564,FE9F940A
d2d94ef8,22/12/2022,59c9d342,a682d883,"1DC6992F , 7C10AC36 , B935F62A"
6ea7613b,23/12/2022,e8b5e93a,bfbe55c1,69C2082D
3dd00818,27/12/2022,76760ca3,0543eea7,17F2AA8E
e9928328,27/12/2022,f9ac7e76,fba7d22d,"B4D3CFE3 , BCFE1193 , ABD6E8C7"
6ddcf673,27/12/2022,9df80131,48e8f172,"a182dff7 , 157a8511 , 4e9e1e01"
814936be,27/12/2022,eeea7dd2,e9cb1787,C919D267
a8ef593b,27/12/2022,18f48924,a56ebcd1,"385059B2 , F913B60D"
b6278bcf,27/12/2022,c142ee27,182b77de,FB055D3C
d7c66029,27/12/2022,c7b1e7a7,bccd7c22,B7CC2469
0b12387e,27/12/2022,d511bf70,e1959ac0,5BEC7040
2096ab83,27/12/2022,d7d17ea4,7de4c096,"93CD2B88 , 907C8D49 , 5EE280CF , 7BAC9882"
f69fada2,27/12/2022,3a11cb0a,d424104f,"A1A5B046 , 6565B0F6"
1b089b91,27/12/2022,8f84ee7f,484c8ea2,D2BEDDF6
7b2784c8,27/12/2022,fd636572,01b9a895,77BAAC11
81dda833,27/12/2022,47d60a0c,27a58ceb,"58F832FC , B5B66572 , D404814D , EE90BE9C , 564D7EBD , 3EF5ABD8 , C8D45B85"
c7205141,27/12/2022,e8b5e93a,bfbe55c1,57F41B90
7056e80b,27/12/2022,d6aea5d7,f9e43b36,66F8FF78
096ac2a1,27/12/2022,6d2c7232,b6ae27a0,D651E5BF
23043f71,28/12/2022,21a42852,f9786852,"D6FCE441 , B0006477"
a1d149bd,28/12/2022,cf3df854,948789d6,"9EB466CB , 8C65BFD5 , CE2BEF75"
1f725b86,28/12/2022,bdd80165,b3132c71,"26665004 , 9BE2CC34 , A8CAB83A"
c36080c5,28/12/2022,3dbe76b9,6753308d,62E0F605
b089cea0,28/12/2022,cf3df854,948789d6,"8A0380AD , 73DDE2D7 , A1BE7ED6 , C6F376CB , A8B53F08 , EE21ED8C , E4FC193C"
e7f34c99,28/12/2022,5dd7960c,eea92fe3,"1E407B9F , B3B64F9F"
c5ef20ea,28/12/2022,d7d17ea4,7de4c096,371134EB
b9263eb6,28/12/2022,6af03758,274eec36,44FF6E6E
3f148af0,28/12/2022,84ce5401,cdf45659,4C52162F
98074ca8,28/12/2022,5dd7960c,eea92fe3,F0BB9D38
f83895f3,28/12/2022,d511bf70,e1959ac0,"5AE100ED , 24159979"
8b9809f0,28/12/2022,c516a7e7,975bb446,43E9E5C2
5646bab3,28/12/2022,d35a1350,b64eb94e,18D29DDD
feafdb40,28/12/2022,eda2096d,9c593760,"DFA5508D , 9E889CFB , 51A3FE9A"
ab5ab779,28/12/2022,e4f5197b,2a540459,"C043CF36 , 51BCFB3E , 9B452743 , B16FF5FB , FE142083 , 4DC8F94E , 078B2A69"
c2423a9d,28/12/2022,7bff0120,e0d4cc53,"2C54D993 , FB01F0E2"
4c0cf674,28/12/2022,6a7a1d4e,9c3fcda4,"984A9D9B , 4BDBC30B , DA7A47CB , 6522EFCC , 963D43A9 , E22BBD88"
e12e8bd2,28/12/2022,cf3df854,948789d6,"7DEB8731 , 64C0C0A4 , 674B8CC4 , 2498172E , 40148B61 , E1E71F1C , 37BF3778 , DA80A464 , AEA3A539 , 7AEF1647 , AD49DC6A , CF365A01 , 170DC715 , B3338F5E , BB869B73"
bb121b72,28/12/2022,cf3df854,948789d6,"30A00592 , E3949CFD , 7D69F3DB , BC2B3F51 , 96AA8540 , D27E10E1 , 3946DBC6 , CBB94EF2 , 4DD88068"
04900d7a,28/12/2022,528cfe2b,6f4ee1ad,"EC6AC8C9 , 102C733C , 8DB74EDA , D86C1BA2"
99b645d0,28/12/2022,870b977f,8163f542,"58DE439C , 810973C9"
7d3602ff,29/12/2022,75f5eb9d,256611ed,606ABB69
923d4cf8,29/12/2022,cf3df854,948789d6,"3AC13C43 , F2F190D9 , 80FB6536"
3ec7f10e,29/12/2022,528cfe2b,6f4ee1ad,"89754975 , 8157BBB3 , 7C16C044 , 8BFC4043 , 36913F82 , E32B58A6 , ACFE5683"
4404cc35,29/12/2022,b771c178,d728c3c6,"A154BADF , 1AF75E94"
b10dc088,29/12/2022,e9855803,40f44f16,"B2F92C39 , 8B72865C"
c4f8cae4,29/12/2022,cf3df854,948789d6,"A7052F65 , D26C8ED1 , 2DD42415 , F2B31A48 , 3FFD488C , 376E3E16 , 17DC2137 , 2D012557 , 3C230787"
121eb158,30/12/2022,5c07dfc8,9d4545ff,"db63e76c , 0d3d58f3 , 2450b1a4"
4162b854,30/12/2022,3b4505e6,c9fe1ae0,"FFB2737F , 61CC01C4 , 87F0390A , 80CF55A8"
9ef5f140,30/12/2022,8a61fcfa,e98ae26f,BEE567C0
9af54504,3/1/2023,9ba023c7,b8d1251d,"FDA8443B , 07DC7CCD , 0FFDA411"
4d0e4b68,3/1/2023,db703049,9ebb6f41,"E17D1485 , 250894C7"
c167c130,3/1/2023,0bbe9bed,ab013919,"F7580241 , 92576EB2"
efd70e39,3/1/2023,870b977f,8163f542,"EE882D10 , 60D5DF51 , 85C72E63 , A8C6B698 , C1299BD7 , EBB6F628 , F32EF677"
c37c518d,3/1/2023,4d2aa08d,ac67735b,ECA04B9F
7a18005f,3/1/2023,17025917,924f4246,"45CC7EE4 , 12CB3C02 , B1E19784"
c2d89d24,3/1/2023,bd95c249,cf85b2e1,"11369A91 , BEBB8756 , FDB66318 , E6098B7E"
6f85f1c2,3/1/2023,bd95c249,cf85b2e1,45A19761
ccc5344d,3/1/2023,6cf4e8db,cdc37c69,A8A36CC8
d3b1db57,3/1/2023,b75ca633,ff7e25ff,"F47A7BCE , 5853480F"
c4cbd75f,3/1/2023,8f84ee7f,484c8ea2,"74BD64F8 , 326B1C11"
a4aced1b,3/1/2023,528cfe2b,6f4ee1ad,6B87E6A0
8c7788f5,4/1/2023,ba25bbee,6dd8652b,EF30C980
88652c51,4/1/2023,c029b6e1,8731fa06,E52279B8
25fc9515,4/1/2023,71943206_R,dbb918c6,"8237486C , 74353A84 , 1E1036CC , D3F9EB4C"
ad1ffe2a,4/1/2023,9a50e160,e92bb1b0,7C3F11E2
91809ceb,4/1/2023,13eb39b8,3b8f3ec1,"1F0190B1 , 11AA0B92 , AF147D6B"
68acceea,4/1/2023,d1445217,f0be758e,"A334AFD5 , 09FDBF9B , 10D28E8C"
91da75ff,4/1/2023,cf3df854,948789d6,"78AD664A , 3F4921A0 , 8534DF79 , F09AE883 , E29F305E , A71AA29D , 198D92F3 , DBC0081D , 5F797EB9 , 9D70BF43 , 751AB6D6 , CC30B154 , B92A0D64 , 3343D40D , 15FE8C11 , 622D6964 , 595543F2"
a2c8180e,4/1/2023,8958a990,924b54c6,77B8B1BA
a3a7e750,4/1/2023,2e342cc2,606ea693,5079946B
480636ea,5/1/2023,d06879ca,64e30cba,"6205A867 , 54F2EE15 , BA9A0050"
31cfac44,5/1/2023,63271faf,73772a87,0BC4FE41
94b7bc97,5/1/2023,3a11cb0a,d424104f,"405CB2B7 , 99B8B27E , B82E9753 , 83D67EE5 , 21A2D95A , 2624CD6E , E4FBFD62 , 70585C53 , 1DBDCA2F , 2E2117D7 , 57083034"
7c09ada3,5/1/2023,9a50e160,e92bb1b0,"0146DA99 , 4BB453E1 , 8551257D , D2D4B347"
fd530108,5/1/2023,4b783c23,6dad02a4,D4DD4FED
30112349,5/1/2023,528cfe2b,6f4ee1ad,"7C979E5D , D2A5C033"
33de4bb3,5/1/2023,3a9f45fc,72863aa3,D9C8AA9C
c9a5f413,6/1/2023,e5dd4c83,7762664e,"61238EEE , 6AC152CA , 780CAB88 , 970C4BB4 , 02E4B2E6 , 0F3A0417 , 9F59B389 , 27B7A6E8 , 0112680C , 160128BA , 8777A04C , 6F86038C , AF666558"
0f18da85,6/1/2023,52564f46_R,1b34706b,"6875835E , C701FB37"
05984b0c,6/1/2023,6a7a1d4e,9c3fcda4,8836D68F
655eb025,6/1/2023,13eb39b8,3b8f3ec1,"A2D99EAF , 40846C15 , 9537D4BF , EE68FBB3"
e3297732,6/1/2023,6138c694_R,a2e9ba93,6F811546
be3a3a7a,6/1/2023,9a50e160,e92bb1b0,20A90234
b82f994b,6/1/2023,2389e95b,6092bde6,E13691D0
29bb79f3,6/1/2023,e1d858c4,f5fd850e,"FEE4B13C , D193F740"
7248f2b0,6/1/2023,1be1f0b5,b63e7adc,"C26982F5 , 7C2A6077"
e2cc1d7f,6/1/2023,b75ca633,ff7e25ff,"52558185 , BC44C9B9 , 7EBE5306 , 124BEAED , D83C69C6 , DB406BE2 , 42BE9027"
513fe16b,6/1/2023,a20ec99d,b512c8be,"8173DBC1 , 586A8D59 , 90351A36 , F470B48E , 2402D44F , D578716C , E79B307F , AA80A775 , FCF03682 , E39219D9 , A30E6B4A , AC194B65 , A00EF44E"
e6901de9,9/1/2023,e0aa69be_R,f218b1a4,"25D7BA9A , C6DA019E"
16c1699e,9/1/2023,38feff78,3949e2e8,8EBC02AB
cbf21b17,9/1/2023,e8b5e93a,bfbe55c1,5CCDFCA1
44c620e3,9/1/2023,9995de64,e65b8715,"28CF4F93 , D24B761C , C8E27E72"
30f71820,9/1/2023,b75ca633,ff7e25ff,C951102A
93cf4a3c,9/1/2023,3b0aa0e6,53edbf1d,"9FC06114 , FD319A5E , 0C27DC5E , 45ECBF97 , 9F686C64 , 81879466 , D3018BE5 , 7B00FEC6"
95af09fe,9/1/2023,ceea4dbd,f93adbc8,"D78773EC , 6B02D726 , 103CA622 , 6A467779 , 96D511C0"
55a89fcb,9/1/2023,3b0aa0e6,53edbf1d,9E78116F
98c858a7,9/1/2023,bd95c249,cf85b2e1,DA3E4A81
1cc3dc0e,9/1/2023,c5155f56,937afc10,"850D031B , 72D91255 , A516C964 , 0DB1869C , 2971808B , 5908837C , 870F336A , 50F3D0A9 , 448C370F , 8CFE2529 , FD9C7DC7 , B39152F5 , 686B95EA , 28EEB579 , E2CAE83E , 40E22B96 , A9C31D42 , 67F81C84 , D2A0D9B7 , ADADB118"
c1323add,10/1/2023,77d111c6_R,745f9d9e,"C2FCC6C7 , 726FB442 , 08DB25BF , 1CE3B062 , A08CDDC4 , 6C5CDFA5 , 3B5D524E , 17C06C10 , C128843C , 10DD8051"
30a8bc55,10/1/2023,65f9c530,ef9ed9d4,"C12BCF0E , 3C7D1A2A , 8D8D036F , 69F2B08C , 83B6E534 , 52B41512 , A121B6D5 , 6770ACC6 , 84DE1EDA , D6EAF65D , BACB1AB5 , 4E28D292 , 6D3D6B63 , 8DDEC235"
5d81fb5e,10/1/2023,7e898d66,6f70cb62,"F99C408C , C3563F4D"
b0c551d4,10/1/2023,f5f596ab,b70188e3,"62F7B989 , 2D31BF31 , 63DB88C1"
21010bad,12/1/2023,d3c03dc5_R,de7e2c70,"BB44949B , 78467CBA"
d5587553,12/1/2023,13eb39b8,3b8f3ec1,"6A4CDC8C , E8D43BDE"
d81102c0,12/1/2023,0955705a,b28b1b91,40E72B0B
f0042c37,12/1/2023,c1ffa12c,6d9ee8e9,"DBD17755 , FCB76CF9"
066788a4,12/1/2023,8Nrx501n4z,5484ed56,"B273021B , 074059F8"
3e1befc7,13/1/2023,a3096f83,8300de08,1B5B341F
df0c4cba,13/1/2023,40c911f2_R,89a50fc3,"6509865E , 9238B4CB"
404c8f29,13/1/2023,ec27fbc4,d99ec5b5,6D726CA6
f0feceb5,13/1/2023,71943206,9981bd5f,9B7470CB
1c803c00,13/1/2023,528cfe2b,6f4ee1ad,"FACBB7A2 , 22868BE9"
16ad08d1,13/1/2023,3b0aa0e6,53edbf1d,"A3819E89 , 91F49AC7"
82664c92,13/1/2023,c5155f56,937afc10,"1886C2A2 , AEF87295 , B96B3899 , D49B9FE9"
d7b320d6,13/1/2023,a3d0e687,68d949a2,"A8571A0C , 7823451F , 7927532A , DAF35666"
2ebb0440,13/1/2023,810d4638,ace73fd2,CA96BE4C
3fcd9646,16/1/2023,47d60a0c,27a58ceb,19B16FBA
ce2ff519,16/1/2023,4d1a6789,82e33fc3,"13B0A1DF , 98CE017A"
311654d8,16/1/2023,223394c4,4f3e41d3,"B1B5554C , 3B124027 , 6DB5CEEE , 567F89F2 , 124C7021 , 3D6D33A8 , CCD1133F , EF885D4A"
7588761a,16/1/2023,417baf54,45dc626b,"4D98A775 , 58F9B64E"
144715b0,16/1/2023,71943206_R,dbb918c6,92A9E235
b5445d93,16/1/2023,0bbe9bed,ab013919,F0A34430
5dc303f5,16/1/2023,478beef3,51eaf692,7196ED3B
8334a572,17/1/2023,f330997a_R,1b0de0ab,BF1A01F9
5a97adc5,17/1/2023,dcbc2b80,d2966dcb,"30BD288F , C50F6650"
a8b3068e,17/1/2023,b1eea1eb,6ff4dd17,"4867A6A9 , 79099B19"
a9c77118,17/1/2023,5b747560,2d6a6562,"24BF7B1F , 7B9B0EC3 , B9D757EB , BDD983D5"
8dbff854,17/1/2023,478beef3,51eaf692,"CD401961 , AF639DEA , EB541974"
a8d96c25,17/1/2023,d28de71b,e914b9d1,0CE978AB
06743f01,17/1/2023,bfc8c5f2,d7c8cac5,"503C027E , 4E39D38E"
c9b50254,18/1/2023,42ce14a4,1789ced1,"5A531476 , D43E89F7"
89b56954,18/1/2023,e5bd51e8,1bc2a5ff,"6968F25A , AE7630C1"
e7d2f588,18/1/2023,fe9ab1d4,8263f9df,"519519A8 , ED7F8E8A"
a47c8818,18/1/2023,02f52ba2,7a63cbe6,91DF89B2
bb26ead6,18/1/2023,bcad34ab,584e5feb,"90D54273 , 8A2786E8 , 6E6A3A59 , 6B7D63B4"
74ec0229,18/1/2023,c10aebd1,0501f5b6,3FD1621D
c5b68a57,20/1/2023,d1b4c2e3,bf696f4b,"CED94744 , 6BB78B67"
bd04da9d,20/1/2023,4dbc6768,e2d7d91d,99B18132
f7e2e625,20/1/2023,4dbc6768,df973635,"D2383EC9 , 308CD168"
296157d6,30/1/2023,81f15e0d,04a951d6,"74EF4582 , 16F15562"
1a02f81f,30/1/2023,92eeeece,491bcc03,"46997FBF , 6F754504"
bcfceaba,30/1/2023,4fd1ed24,f24fa68e,700DB354
dbbf1bce,30/1/2023,9bb52200,8b499e57,7397642D
9c69f047,30/1/2023,bd8fa0ac_R,e2f65a78,"B12BFF3D , 78C4CE35"
fb22a695,30/1/2023,bd8fa0ac,20dc505e,8A145B31
e4fdd9af,30/1/2023,6beb5928,0c27386c,E88715D9
cf90c845,30/1/2023,32d1a129,a3b72f02,"172D5B58 , 60161674"
7b8f07fd,30/1/2023,c871149f,6fbc63f1,4A0B3D02
552f5e35,30/1/2023,3d786c26_R,b1c847b7,"EA464AB4 , 6F105154 , DDECE051"
2cc79f34,30/1/2023,b1eea1eb,6ff4dd17,"455EF6B3 , 7CE7ABC4 , C82A7A9E"
fb4313a8,30/1/2023,71943206,9981bd5f,7516054C
8f7ba2f0,30/1/2023,6c9c1eb2,30a243d9,"70217DFF , 9AB0A81F , 3CF1C08F"
67362d90,30/1/2023,a462c915,2ffd099b,"9D4DD798 , 987B8E78 , 46ECAFF0"
e59f79e1,30/1/2023,d83855ed,87323989,"3C033F63 , 05EA109B"
b7fc5d87,30/1/2023,a3d0e687,68d949a2,DC568E7F
42ab512c,31/1/2023,f0c525b9,e42c69ce,"B574F3D1 , BEF85B47"
3f8d928e,31/1/2023,80994271,35d53a8f,"1D30C88C , 84038C0B"
5a566fda,31/1/2023,5fc78951,b03479e6,78BCB213
ee62d214,31/1/2023,d8838e5c,30d63e66,"20569819 , 068459fe , 1603b5d2 , 4e7f9bea"
d85fd47c,31/1/2023,a3d0e687,68d949a2,9FBD6430
8f083905,31/1/2023,de4a82eb,7636ab29,762630D0
a3bd099c,31/1/2023,e223c4a8_R,028e461a,"5282EF74 , B4C5A5D4"
0b00f110,31/1/2023,a3d0e687,68d949a2,"12328C6B , FAC0989A"
53384b9e,31/1/2023,f7189e6c,d7ca1d81,"9A9E7CC6 , 40A3DE68 , 0757AA30"
946e1d73,31/1/2023,52564f46_R_R,0f830c27,0A994687
2585ac94,31/1/2023,e223c4a8_R,028e461a,"07189A2E , 96BAFFB6 , BA75F7BA , EE135665 , 444A2E5F , 8FAD39B5 , 7A3385B8 , DDC6853E , 394F6B18"
c195b3d8,31/1/2023,a3d0e687,68d949a2,"798C0A40 , 78DD9CDE , 5C3F4BC2 , BA4A9D3D , 1CA47103 , 6631F0EC , 17199204 , A1A674CB , F482CE7A , 21FCE5C8"
613b46c9,31/1/2023,de4a82eb,7636ab29,"541C2B84 , 7C48F3EE , 70D77ACC"
577424c3,1/2/2023,f7189e6c,d7ca1d81,"EC5104C2 , 0C5E66A9 , CE813861 , AFB6B071 , 3AED25E3 , FF35CB83 , D691B612 , 23AEBCA4"
9c3577ee,1/2/2023,8121eea6,e3e03f54,"D34DAE0E , 6058C598 , 6BEAD7CA , FD03A775"
57f72c2d,1/2/2023,f1af6bc5,54500fc5,8C235F26
ab14180f,1/2/2023,d9e5e245,0f5d5835,"78096C2A , D46B7687 , D7DE4088 , 42E2510E , EFBB874E , D5BBE59E , 4608339E"
22ef7d4c,1/2/2023,9d6363a5,3ea8edaf,356D02B5
10ae97fd,1/2/2023,d3c03dc5,3fbcb907,"A552DA12 , 6AF869D0"
808691a2,1/2/2023,81aa8d8a,37824845,B9ECBD4F
4070d000,1/2/2023,dcbc2b80,d2966dcb,E02BF619
4b58464c,1/2/2023,87c2df16,cc0edcd8,76745F7E
351562d5,1/2/2023,3a9f45fc_R,3e27929d,4B1707B3
c58c328f,1/2/2023,fae09fe9_R,e364d24c,FD2B0322
12ba9073,1/2/2023,db454efc_R,0f497e09,"E552BA36 , 2E03448C , 66D9FAF7 , B1F566A8 , DE02B05C , 227014D6 , 6D0BC4DC"
e73c407d,1/2/2023,5b747560,2d6a6562,"21653F9C , CD27C27A , C017F60C , 50319C9D , 61F5A0BB , A5836219 , 1F207E9F , 46838F8D , 9099D485 , C77F252E , 0544A4F4 , A29EC248 , 2EB3D563 , 3C91BEB2"
047d49b2,1/2/2023,223394c4,b02cd4b7,E8A97488
b7b132ba,1/2/2023,223394c4,4f3e41d3,"5D18F813 , 3C2D0CD3"
ead1b72d,1/2/2023,431b6d41,ac09d3d9,"67DB31F1 , 7C3BA016 , 547B3C0E , 25424C8B , A6AEAD4B , 54118C89 , 73D6C8E4 , 816C718E"
594b561d,1/2/2023,47ed287a,9e1f7067,"AD491190 , 773498AF"
ea8378cd,1/2/2023,11f9d482,b8243375,"6FB5B30D , C64B6FE6"
414201a2,1/2/2023,0a6f5c83,8a6d8320,"B2D4B864 , 383C6B5B , BAAE66F9 , B77AA9AB"
88984973,1/2/2023,8dbc4e56,73af689d,"481D7FE9 , 57F2D8A5"
b0409420,2/2/2023,4fad88d0,7fa832e7,"76CD8AE8 , 43388841 , 3727B71F , 42F19B1D"
f78d6d93,2/2/2023,06cd664b,58ab11f8,8A5997F0
2d3fe22f,2/2/2023,64e0beee,4479f26c,AC76AE6B
654ecdf0,2/2/2023,64e0beee,ccb51c84,651BA529
0c6664a4,2/2/2023,572a618b,506a9e45,"C03D028D , E2349D1A"
d274c4d3,3/2/2023,654a0d6d,7f7c8abe,"4A463A2A , 569BD27E , 40CF6608 , C1E5AB72 , 8D71AAD2 , B364937E , C79038A6"
d7912203,3/2/2023,a462c915,2ffd099b,20C564BA
b2629ce0,3/2/2023,618f757c,713e0c37,"21DD9DC1 , D2DD5113 , 324986C8 , B82BB73F , 4DFCF454 , 1124D4F5 , A9AC30BC"
59dde015,3/2/2023,2781a71f,bc57a376,8A3E385D
2b7f7950,6/2/2023,772f3ff9,f9fb5e23,74D38BF7
74708191,6/2/2023,b76a6ecf,8de26ded,"4E38F790 , D2BC6797"
9cc30a61,6/2/2023,3b5a7b6d,72913f2b,"2150AB47 , 38A3B3CA , 3F23FF10 , A1CA5B07 , AE7EEFA1 , 51264DDC"
e8ade880,7/2/2023,e223c4a8_R,028e461a,605ACDE8
fe6e0c06,7/2/2023,dd7c4130,474ccff7,"C9316322 , 3AA4365D"
8b7b738b,7/2/2023,7edd435c,d4cd5573,"47B5BF14 , 1A031547"
40fa7f7d,7/2/2023,e9bc63c0,7d5a6f37,E6256162
a0c87ddd,7/2/2023,bd8fa0ac,20dc505e,"E2F3E08B , 18C8EF2E"
046e87cb,7/2/2023,71943206,9981bd5f,7C077A6B
f5d6ca7c,7/2/2023,f7189e6c,d7ca1d81,4B0DA219
a2e500d0,7/2/2023,445b286b,4f4fd88d,"1AEA121B , 4A92F851"
94b5e9fa,7/2/2023,eaed0201,7d870738,"2797D85F , 188F08EE"
06c0287b,7/2/2023,93ed436a,25c55da5,"55758B7B , 15262B96 , 333C42AA"
f90d24f9,8/2/2023,e9372765,93c12844,"1CF2E0AE , 6EBB21F1 , 66F2004B"
9c548b76,8/2/2023,29261280,456620b6,"62B8BC8A , 018A6355 , 7F0E23FC"
4c6047fb,8/2/2023,8ceebacb,802373ee,E45FCB76
3c7bc3ae,8/2/2023,82ff49e1,bac69e97,C00C1251
8d95b409,8/2/2023,550cc445,4562b64c,58C9CBCA
8620fcd5,9/2/2023,98da60f6,8d94b994,"2CC8BE79 , 1A42403D , 3C0A206E , 93D17DAC"
26933d4e,9/2/2023,e223c4a8_R,028e461a,5E2DBA0A
2d7a4717,9/2/2023,b63c6260,48ee9dc2,"FA44CCB7 , CBBDBD52"
7bf984df,9/2/2023,82621f23,3ed0373d,"77806A2E , 542DB843"
045c529d,9/2/2023,94849430,372b83b7,"C012980D , E06BF546"
00bbb6ef,9/2/2023,be3b0286,b081c8a6,1088F27B
64a1b244,9/2/2023,ea4b911b,e6b2300d,2364E72E
11ec271e,9/2/2023,71f43b83,d8fc4d03,"13748CB7 , AC18CABE"
b2a343d1,9/2/2023,fb49d603,18a03d18,14961103
a009f624,9/2/2023,fb49d603,18a03d18,9783BE37
21fbb9ee,9/2/2023,82ff49e1,bac69e97,C78A1F3D
d493c2c1,9/2/2023,f959841c,6e9e6c05,"361C4F40 , 5BD629F1 , E1275E3F , DE9908E5 , E4D141A3"
2a1f748c,10/2/2023,bfd3242d,9378c6d3,"B6E7656C , B1EE6D43"
cb4cc42e,10/2/2023,2aa3c78c,b1d57a39,71560AEC
777f8308,10/2/2023,41a11175,d8fedda2,70F81A46
dab032e1,10/2/2023,1764d4f5,2ae3659d,B2B2F7CF
48a958a2,10/2/2023,f959841c,6e9e6c05,30AF134A
199663a9,10/2/2023,bd4b9e03,75ab20f4,"10C7D88F , 65BC2F4F"
e8efb1cd,10/2/2023,e0dcd96a,1ed60d9a,0B445145
603b158a,10/2/2023,2f8ef413,bb81c9cd,"800CDF48 , EAD583A4 , 105096AC"
0c99fc15,13/2/2023,a9e6b1d5,816b1e7c,"4299D72E , 283B10DA"
4b6c6c5f,13/2/2023,ce7d5a96,f2df4eda,"DFB94318 , E39026EB"
44ead6e0,13/2/2023,21b7637f,a59e226e,"86A6BF30 , C98A8DFE , 3A7FA018 , 1D298B3E , 640561A7"
7e8b1d85,13/2/2023,21df2146_R,3386c568,"D4AEB0A7 , B27F6EBD"
1d5de93e,13/2/2023,dcbf5c19_R_R_R,9f6d9743,33283B55
95843486,13/2/2023,478beef3,51eaf692,"23EBA80C , A051FDD9"
f8742e44,13/2/2023,be3b0286,b081c8a6,"ABDF1061 , 7A99807C"
bc24da5b,13/2/2023,41f3d24b,a92624a6,"7641FFA4 , DCA68919"
ea1b72a9,13/2/2023,82621f23,3ed0373d,"664A75B3 , 339D7EC6 , 2D58FFD4 , EDCF48BA"
3a4034b2,13/2/2023,618f757c,713e0c37,AB885DDA
3635bef5,13/2/2023,e1d858c4,f5fd850e,74A84E6E
4b00928d,13/2/2023,ec26e266,755e7eed,"E21CC81E , C31BFF45"
c0c56b93,13/2/2023,b553ae75,4f8669af,D559A5CE
b897e6d3,13/2/2023,fb49d603,18a03d18,EE05DDA6
7b2e3861,14/2/2023,00ee5a8f,169664ea,A8CA398F
517ea13d,14/2/2023,82ff49e1,bac69e97,EB34D3DE
3b95e3c2,14/2/2023,5b747560,2d6a6562,855B0D67
5e39b6cc,14/2/2023,183e7b93,7b4e9aaa,"3FE25A31 , 594E766F"
d723bfa7,14/2/2023,f959841c,6e9e6c05,"EFCA9413 , D98335CB , 4BCE86BA , 108F5F60"
1ba72943,14/2/2023,94849430,372b83b7,"96253DE3 , 8C7F4505 , 0BD9FEA0 , 7A29CB97 , 4540C01A , ACFCBD99"
96fc4ee8,14/2/2023,42641baf,9f4da13a,6C13F06E
372910df,14/2/2023,42641baf_R,0855a599,874A0D01
0c42290a,14/2/2023,569f3dbd_R,1280e76a,"E23E29D8 , 5A776A1C , 96567459 , E52DB33E , 4F57A60F , D05AE816 , 3E538C32 , 8B975454 , E3B83FAC , 535C2B06 , 1B43216C , C2511DB5 , EF374003 , E460A229 , 5A314CEA"
7e966f16,14/2/2023,dc1a74a1,2d54369a,"BE19C04A , 206F8CE1 , 9B83E818 , B605FAD0"
545e21eb,15/2/2023,4fc5a15a,d80bc36e,"83D3B6D9 , E7483324"
ee667f1d,15/2/2023,ec26e266,755e7eed,"34DEF7A5 , 9463CD50"
7411b193,15/2/2023,f7189e6c,d7ca1d81,"C81B7F90 , 016467FF , 52823B16 , E9E43A68 , 0B59EC5E , C70CFA99 , 9D5C39DA , 27CD882E , 3487F262 , 27C72199 , F0491003 , 361E82A8 , 584F0341 , F6898CE4 , B54F3367 , 1FCA5CBB"
0a5fde00,15/2/2023,02675b67,52ba3a80,9E5E1B6B
c547fdff,15/2/2023,431b6d41,ac09d3d9,"9C9BA11C , AC662BFF"
7aed2366,15/2/2023,578ce830,21095d89,"6E0073CD , E4BEE603"
62a097f3,16/2/2023,00ee5a8f,169664ea,A8CA398F
384ee2ba,16/2/2023,dea93fe1,4c510a41,"A70400A5 , 6E87636D"
51bd53b5,16/2/2023,35c66b4b_R,371a2308,"E57DC602 , FE42CC27"
11b95a08,16/2/2023,13dd206f,b221934b,"42ED9E11 , C3625586 , F0B1DE4C , 326AF906"
b021420f,16/2/2023,daeb2c15,bd214b70,"CA207E73 , 579F703F , 8A81E8B8"
b0048f61,16/2/2023,64e0beee_R,8090077c,99FEE4F3
4e4a631a,16/2/2023,64e0beee,3823a3f3,8C8DBF46
ec252023,16/2/2023,64e0beee,7712b01a,2076550D
78352efc,16/2/2023,64e0beee,a892f695,5ECA4D2A
2c434171,16/2/2023,b35a3855,d94b578e,"35CB2551 , 5D6D6373"
75a9a6e4,16/2/2023,1d52a159,ec8650b3,449501D8
d76737fe,16/2/2023,41f3d24b,a92624a6,BD19DD1E
bcaf385f,16/2/2023,f959841c,6e9e6c05,F3E9D450
1a1ccd0f,16/2/2023,efe7aea0,6ce9bf3e,"6F737A90 , 1AD3588A"
634d0d0e,16/2/2023,b35a3855,d94b578e,"C056CB27 , 876FF749"
6f252962,16/2/2023,1ba0d936,316009bb,"6197003A , 488E677D , AD0D3BED"
2c310cca,16/2/2023,562a2cc0,47a6b63a,"B716BDFE , 5D0425CB , 9D4C89FB , 22FCF133 , 4524AE9B , 1B8458BD , A5CD8B7C"
9574a75d,16/2/2023,074fbebd,6fc0215d,"DF6090C9 , CD34D34A , E0FA444A"
f19e466c,16/2/2023,5c8fa69d,a5bdaaee,"D174FD0D , 693C8C70"
d5382f8e,17/2/2023,29c05707,42b48ff4,F18B96A7
b7dfe05a,17/2/2023,c1c6e484,1f4a38c0,"219BE2A3 , D8D7AE8F"
ee9a9abd,17/2/2023,74420eea,2d2776ad,"4F11D6CF , 9B44C4C7 , C44A7DAC , 58312BFC"
77d63c92,17/2/2023,b35a3855,d94b578e,"FAA41035 , 0E344B2D , CC6DD5D2"
d11ed1ce,17/2/2023,5b747560,2d6a6562,B8537D12
b35adc0f,17/2/2023,bd8fa0ac,20dc505e,889D3B08
f17b7f6f,17/2/2023,6c9e6c6a,bc81e937,60049CAB
ea76e936,20/2/2023,d1445217_R,a3ed607a,6FB71874
daf77940,20/2/2023,3a9f45fc_R_R,0f0055f2,724CCC9B
c96bde0e,20/2/2023,dde136fc,bde0f9a8,CDF64FED
25fa10ab,20/2/2023,8c882615,e67f8769,"F80126FE , D302EC6C , 5F61D8CA"
dd6662e9,20/2/2023,8035ce7b,6bce11a1,"56F70C22 , 9663C99E , B8DD9BB4 , 99B63EF9"
5dc34d77,20/2/2023,b35a3855,d94b578e,93F7A610
42fe0035,20/2/2023,223394c4,4f3e41d3,"D721B2E0 , 9011E0D1"
6693fc2b,20/2/2023,183e7b93,7b4e9aaa,"F90290FA , A27641A0 , D280F7C3"
e8ce62a8,21/2/2023,295b7ba1_R,d4b0206f,"5A7AB20F , 07F50553"
06711cda,21/2/2023,b9cc99ae,90bc3b4b,"727D63CB , CE266FBC"
fd9fffa2,21/2/2023,3b723e67,261f2c0b,ABE72093
9a32c070,21/2/2023,f7189e6c,9c18850f,4A85FB8C
1ac2659d,21/2/2023,f7189e6c,d7ca1d81,"BBF266DE , 76D2214E , F4489743 , 5BCC7D2F , 841DBF28 , 5A703610 , DC994DAA , 3E0BB1E4 , F10C3263 , 8FDE6A90 , BC39C23F , A5A01D98 , 8E916CF2 , 4B89BA57"
7f5b7dcf,21/2/2023,b8745942,6acf911a,"2D7201E8 , 45C4491E , 3757E1DA , 9DBEBF54"
daec832f,21/2/2023,86a0e98c,a81e2839,5086A72A
2bcfe4cf,21/2/2023,de136281,2d5f0a00,B450D06E
1663bc7f,21/2/2023,eef6ad6d,4582ad78,BDB0AA88
7f22b448,21/2/2023,703e7df2,1fb6e6ed,8041EF37
2f250cf5,21/2/2023,9b4ddabd,de82c0cb,487AB073
4256ba92,22/2/2023,ac75fb0e,4cf55418,"FB5C1F9D , B0D97D51 , 5BD74A2A"
626dbf1d,22/2/2023,b2b31d01,ea7bd457,C7382100
8ea9d210,22/2/2023,d094d755,16da0c8f,"AF744057 , B53FCBCA , EC51F2AE , BDEA06FA , 2B746041 , E2D9E621 , F68319A5 , 1BA05276"
d6763951,22/2/2023,bec16d19,1936a301,1C4B0101
7f7e13f4,23/2/2023,86a2e6eb,372d9184,"D6DF3881 , 3AE56802"
d6f3f1e1,23/2/2023,ed1d135f,8acc6de6,"0F2F1998 , 8538ED8A"
1d47e8b4,23/2/2023,c732d3c1,e1948ed3,"632D47E8 , A37DD85B , EA56D6A8 , BB3B28E7"
dbd2377f,23/2/2023,b8745942,6acf911a,F2499662
db0e7d41,23/2/2023,e1b95f37,9bb27ef8,"4878ADD5 , F0425D91 , 87A1DCF9"
bd35fed2,23/2/2023,58dda8ff,f4f90e23,D6737309
8f8547d6,23/2/2023,6d241899,52d05bc4,8F47E9E4
7393a9f0,23/2/2023,5990c55c,8e9f87b0,5B4879E1
3928c761,23/2/2023,722c87eb,745ce38c,"4383A399 , 3FAFA4E1 , AF0E37FB , 4FA81D40 , E71ABA4D , B4F597ED"
cd981e6a,23/2/2023,d53ca953,f680c004,"6858825F , B7D3A691 , 8CC32F4D , F83C4AEA , 7B97DAEE , F2218B23 , 6B7168F5 , F9BF3DA6"
1c2cccb9,23/2/2023,d3132d67,f7b362bc,"2A7EC065 , 66D11874 , 8E8C7892 , 138A7330 , 01D79222 , DCD9158A , 0FEBA819 , AAC072EF , 8B77FD1D , FF7761F2"
a4761ff4,23/2/2023,c029b6e1,8731fa06,"E52279B8 , A300C09F"
dd7b2ebb,23/2/2023,d5ce1925_R,86744f6d,"4298EC6C , 57E3EF85 , 981D9F22"
de6d6428,24/2/2023,5990c55c,8e9f87b0,"8F4BC292 , EA001713 , 34F70634"
c5c597d4,24/2/2023,c732d3c1,e1948ed3,2BE2D27E
ef87e367,24/2/2023,a7b0691a,50fc901e,"E40EE20B , A55073CC , A664FBD9 , 7F6F9EC6 , 1923BB6F , 806FD192 , 8F4910C1 , 908813C4 , F8007BD1 , 557E011D , A7721309 , D8272CDB , A72BFDE1 , 1B687F87"
2f2eb80f,24/2/2023,92dcd16e,664c6c96,"C19B3530 , EF1DFD5C"
5bf2b63b,24/2/2023,a6643869,8969fa03,9E3C8D1D
a78375db,24/2/2023,478beef3,51eaf692,E1FF9F0C
315ba8d2,24/2/2023,bf86b31b,92bbfe35,5BFB282A
1fcf4e08,24/2/2023,03b12f5a,cb4df2f8,"A2A4A871 , C41ADBB0 , A43E332A , DA54EC22 , 0E8BFA3F , 7173A088 , 589B0654 , 6A8B57EB , 88754D3E , 3B5BF574"
82c94b6b,24/2/2023,a6643869,8969fa03,2E773F8A
5a1efd0e,24/2/2023,21df2146_R,3386c568,DE71CA72
9f3b5205,24/2/2023,c732d3c1,e1948ed3,"E34BBA49 , B9A334D2 , E2DA273D , 518C1310 , 022E8AAC , 3AAA4715 , 34AEE517"
72c4e3ef,24/2/2023,86a0e98c,a81e2839,"F26B07C2 , 557C054E"
38609f15,24/2/2023,1145a39b,2b33db63,"17BFD80E , A0D47375"
4e9f3cca,24/2/2023,42641baf_R,0855a599,"CA461C55 , 7C25B7EE"
df828beb,24/2/2023,42641baf,9f4da13a,"B129F54C , 3784C1E1 , 64843AA0 , A0E23DB9"
741b79af,24/2/2023,58dda8ff,f4f90e23,8D49EE37
25972766,24/2/2023,c732d3c1,e1948ed3,7D24E3BA
04299f35,27/2/2023,bd877f8d,844aae6d,"3fa95c7c , 21db58bd , d71ebb3a , 876fba5a , 94f7bdef , 02bd40b6 , 90bb15b5 , 50e63bbe"
efa87311,27/2/2023,6effb3b0,6ff06ffb,"7794E30F , 169B2336 , EB523EDE , 7CA668CC , 31999B06 , 273BB927 , E1763734 , 8105BE11 , 24B4F993 , D4D6C23A , 81269FC8 , 40C3CE4B , 25C61587 , E9FD3521 , A7A37FAC , 623F5FA3 , 9F599804 , 7CA1EC4B , D3382303 , 3B71DE5A , D33C5AFF , 050174F6 , 1AD29D27 , 3874DB19 , 289C75E9 , 97D2EF05 , CC25A2A2 , B20CDA28 , CDBBBADF , 6B337343 , 71D378F2 , EF7CAAA1 , 10CE0EBF , C9D680A0"
ae6c769e,27/2/2023,4a00322a,0bfdc46e,5AE5A5D1
73222178,27/2/2023,c732d3c1,e1948ed3,7BCEADFE
74a3b547,27/2/2023,1145a39b,2b33db63,"39DD96D5 , 6603E05D , 662122BD"
253403c7,27/2/2023,835cbd10,2bba941a,"3CDDEBA8 , 48EE53D6 , AFC0BF1A , A4F0B391 , A5D596DC , 1684F9FD , 510D0C1F , 2265FDEA , B9551599"
ea4d448e,27/2/2023,db741bfd,6d4836c0,125463B4
3fdf0c1f,27/2/2023,f959841c,6e9e6c05,"C74E7324 , 9CA942A8"
bcc3b307,27/2/2023,7cd33926,05ace76d,"4C142045 , 568DDF0A , 6C57E5C6 , E5F7642E , E8CB5210 , 7F806FAA"
0db2728c,27/2/2023,5990c55c,8e9f87b0,A7C72CDC
e9d6a5d4,28/2/2023,1b2ad899_R,502373cc,"1C50EB3A , 3155805E"
3202fb2e,28/2/2023,8c574652,08be7404,CAF2C7D5
ad4958fc,28/2/2023,1145a39b,2b33db63,45B34B18
8d1a24c7,28/2/2023,ac0eb2f3,4c463f18,06BAED42
a2bec5af,28/2/2023,dd0d3b32,2c797793,111157CF
b2ba3268,28/2/2023,7fa7da7a,867bb54e,"0E0073AE , 0BB0A82D"
446ccb6e,1/3/2023,9b6dadf4,c885f624,"2E88652F , 6946D4F4 , 9EEAC30D"
1665ed4c,2/3/2023,f63dd79e,3f0c15fe,7041FA91
48efeec9,2/3/2023,485ef92a,e378cf80,2F2FAB1D
01e8b478,2/3/2023,35c66b4b,,DD9CAC68
1ad69502,3/3/2023,04b0b0d0,9d6859aa,"CAF91014 , BF9EFEBA"
9bb37681,3/3/2023,db5614c9,c2edd094,"45DBD14F , B97887F0 , 91C06C12 , E9502E9B"
6e48400e,3/3/2023,d094d755,16da0c8f,F5220F36
96f962be,6/3/2023,35131479,e869e62c,"480F391F , AFB22868 , 4E32522A , 45730815"
f493b93b,6/3/2023,ac9b982e,2a596417,D0EA4472
a914a5be,6/3/2023,fbcaf47b,86a21fdd,032F8281
7fc09f21,6/3/2023,cdcc1d38,a5b141bb,4F3B75DD
a807db53,6/3/2023,a0ec5ba0,345091b2,"5CC1E156 , AA118D73"
6277f502,6/3/2023,71aa7662,ad5a4316,"E8DB0238 , 119930FD , 92BFB34F"
c6c1f172,6/3/2023,afe6e2b1,f1c74c1e,9AC3BE56
0addb0a1,6/3/2023,e223c4a8_R,028e461a,699B5EA4
2edf582d,6/3/2023,b8745942,6acf911a,B6D8A5A6
5b22e38d,6/3/2023,52564f46_R_R,0f830c27,"F0C3DC8D , 8B6A8B0A , 19ABD7EF , A5D9FB8B"
ee9efe3b,6/3/2023,a3d0e687,68d949a2,1465C8C5
0a7b3ab6,6/3/2023,d8e62113,d1aac79d,978D20AC
d7f2dad3,6/3/2023,067fbcb9,792aeea1,3C90180E
855c872b,7/3/2023,077b8cc6,2b4a99b2,"DBD35B04 , CFDD63EC , 30C84FE6 , FBCD9D7F , 7845A484 , 0FD69FEE , 7A8E8BCF , 18630360 , 881FB9A0 , 0277FC72 , 77F9A265 , E99B43A3 , 1A626673 , 2D618CA5"
3c187ad8,7/3/2023,98f1e789,7dd186c4,"D1DE971C , 951141B2"
d2cca51b,7/3/2023,2cdc652b,d1e564d2,"AFD08CDF , 372C08FB"
9e3ae38f,7/3/2023,7fa7da7a,867bb54e,D4D20D35
d21d3a36,7/3/2023,50aea368,c52c2915,"3A326E18 , B3AE9B5D , 90F25D93"
1ac91dd5,7/3/2023,94849430,372b83b7,A3EEE599
cb1b8cf0,7/3/2023,75ce070c,30363209,"330D0F5C , 79872BCA"
f4e1b2e7,7/3/2023,b3684bb7,55f2022c,"1A3D0F5F , 1ADDFC74 , AA88E0D0 , B6606A27 , 5067F1EB , C406B86C , 0878A77D , B4D0FC41"
6484c207,7/3/2023,dd0d3b32,2c797793,"242CB5B0 , 479B7F74 , 29FD18C3"
f3878fa8,7/3/2023,a0c5016b,b5cc6d42,F4129B0D
a10c465c,8/3/2023,417baf54,45dc626b,C5382D0B
a954a65e,8/3/2023,d7f7c6c6,34e3b242,682D8BF5
ca3aeba6,8/3/2023,074fbebd,6fc0215d,5CF2B4C2
5ea50c9a,8/3/2023,94849430,372b83b7,DA738E61
d527496c,8/3/2023,ac0eb2f3,4c463f18,844A4785
f8a7f395,8/3/2023,c5155f56,937afc10,3DF2C332
ff992940,8/3/2023,b3684bb7,55f2022c,"EB066A52 , C100657C , 949F976D"
ae2aa017,8/3/2023,a135450f,95bc4a36,F97CD86D
8a920c4d,8/3/2023,85e7a379,5d96648c,"B51F5212 , BB625F0B , 117755B1 , F92EDC57"
09c200a3,8/3/2023,5b93a7f9_R,79c93eec,"B19A17EE , F4042149 , F6CFCC46 , DDF6A171 , 645A1318 , 4603A967 , 9A1AE60B , F1AC1C80 , DB5FFCDC , FEEFA0AC , 0434EEAC , 8BEAC924 , E1A42ABA , 1F3461D6 , 96F7CD41 , DA7DC8DE , 4CA72F02 , 03371F6C , 35B1ED03 , 1C68C159"
d5087e5d,8/3/2023,3d227399,4f05433c,"bffb05ef , c5945bdd , 7f3a53e1 , b903177f"
,,,,
530b221b,8/3/2023,a9e09a82,1c9d02f4,ED5994BE
97fb6b3f,8/3/2023,703e7df2,1fb6e6ed,"0456CBDE , 2FF36540 , 7D77BC0F , 8FAB32D0"
994bb731,9/3/2023,c25244b0,eaf15f93,"E98B9119 , 8E16F511 , 63034313"
c696fcac,9/3/2023,99bf871d,443be15e,"B01E95DC , 265C91CF"
6d2c4ec1,9/3/2023,b2858d09,3f9abe26,CD924529
b963208f,9/3/2023,e4e38759,8299b3aa,4C413D42
d4cf69c5,9/3/2023,bd10040c,dee11f5b,DC7F2997
753f111b,9/3/2023,f804b6f2,c9e3f840,"849269F1 , 02579CB7 , 9D3DF5A1 , 0B661708"
259378f0,9/3/2023,a9e09a82,1c9d02f4,2922D8A7
78767f93,9/3/2023,e5f41478,f7bb5e98,"0205FF7D , 7628A1EB , 0DA53088"
c7109913,9/3/2023,a7f73f8b,b7f20a0b,"4696E3BD , 42FA6381 , 44488731 , 5197CCDF"
7bfa74cd,9/3/2023,ac75fb0e,4cf55418,"ADA0FF1A , C0E572E3 , 00B6D441"
3ed2ec96,8/3/2023,6f9f80c4,2e7f0178,3A805D73
64b7bd92,10/3/2023,24438c37,2b645729,"BF5A1441 , 78E7CE11"
febc60b7,10/3/2023,7ad7ba3e,7f844962,"D27BD97E , B399AFEC , 406B4A54 , 16429E9B , 38AAC07B"
6f0dc30a,10/3/2023,7ec574f6,b0e73661,"7F8DBE26 , 4DF64FA3 , CB50F526 , 74060835 , 48B0D0F5"
6245a86a,10/3/2023,35981987_R,5144ed0f,"965D79C2 , 19CF57C1"
656819dd,10/3/2023,8c574652,08be7404,"0188C266 , 15F52CAA"
15e20c1b,10/3/2023,44656d5f,9c51ee92,8EA046D6
d7076957,10/3/2023,8a24c671,dcac975b,022A2035
e298040a,10/3/2023,e5f41478,f7bb5e98,C7E2DF90
a36110a7,10/3/2023,a9e09a82,1c9d02f4,"4E405D30 , 6DCF6922 , 9C6BA413"
568586a3,10/3/2023,e5f41478,f7bb5e98,"0B9EF0D1 , 80044F40"
e627b47e,10/3/2023,75f908d4,3f4d7c89,E63A9870
7e19bb66,10/3/2023,b7a74af6,b6d27e51,"7C350888 , B5170A85 , 38198846 , EAF82277 , C16BA8F4 , 41EFA808 , 2B7303B4 , E9E90108"
50336137,10/3/2023,a9e09a82,1c9d02f4,E02455DF
cb076a4a,10/3/2023,b7a74af6,b6d27e51,"52D084BA , 1F5D699C , 70E931DA , 82396E7E , 572751DA , 2567830B"
5a0d8751,10/3/2023,633e4d6c,773a9da9,"0F35D85A , 5E67DC99 , 01A04859 , 011094A0 , 4DDA4E80 , 6C320C68"
a228f9ea,10/3/2023,9125eb1d_R,ec10b5be,FEBD1457
7ffbf00d,10/3/2023,6f9f80c4,2e7f0178,EECC80DD
a3b0e967,10/3/2023,c732d3c1,e1948ed3,1575AEC4
02a99b09,13/3/2023,16500ce5,f924fbec,"7B78FE5D , 33A988EB , CCBE9051"
57e2ef41,13/3/2023,523099ce,fd10b6ac,"AF510202 , 8CEF79B7 , 19B2EA34 , CCEBAA4D , ECB250ED , 34DAB31E , 2DB2C923"
cf75a145,13/3/2023,12e2ac26,5adcc346,"EAE63F7B , D112D7BC , 605960D1"
ddd9ce04,13/3/2023,5b93a7f9_R,79c93eec,"9F36C89A , 77B2D839 , 43FAB4E3 , 4F26600C , 5155F246"
984a5cf9,13/3/2023,b7a74af6,b6d27e51,"B94F4EBD , 10852CF4"
55ca5795,14/3/2023,c29b83c4,c23e71ff,"10BCACB9 , A2B07B6A"
49e25ae9,14/3/2023,ac75fb0e,4cf55418,"3F887A56 , 9D7F78D8 , 6A05F41D"
7b8e9eed,14/3/2023,efe1290c,baf5a5e7,68B06FDA
696cccf4,14/3/2023,ff88de74,e6ef5de3,"C203ACCB , BC3CD603"
f0c0c02f,14/3/2023,7cd33926,05ace76d,"23749114 , A07D058C , B28A5FDA"
115a8c6a,15/3/2023,a6643869,8969fa03,"884ED049 , 1538FA99"
98e51d8e,15/3/2023,69f5b3e4,4844eed7,8011DE85
0bbc1cad,15/3/2023,afc15efb,c11a39a4,F5A5BEF9
0a899656,15/3/2023,d6bd9c48,ff7d02ce,ee359555
61e6dcf1,15/3/2023,e78fd514,aa364511,"F7DA3E59 , 19BED10B"
b5b5edff,15/3/2023,85e7a379,5d96648c,"5451D01A , AF166296 , 642A80A2"
dec714b6,15/3/2023,380ef779_R,14600981,"0844A574 , 92A7F076"
1072c811,15/3/2023,9125eb1d,87dce301,"CF3284C8 , 9E32F2F6"
586e873d,15/3/2023,b7a74af6,b6d27e51,"F40A8CF6 , 4A4550FB , 99FA4102 , 13CCB1A8 , 73949AEB , 32C11974 , 1AF948FA , 013C266D"
74a7f9e3,15/3/2023,3431fd68_R,e3c33d38,86C5AEA5
b45bc3bd,15/3/2023,43733171,0f3165c9,"36750CD7 , CF556F54 , 00FB1B94"
426d8b3d,15/3/2023,6a70c942,7f605292,E5BD1CAC
4f3eaf5a,15/3/2023,12e2ac26,5adcc346,"EAE63F7B , D112D7BC , 605960D1"
e4db7294,15/3/2023,88022c50,ef43195b,D06E3BC1
d922849c,16/3/2023,9b3382b6,ac2f0bc5,"B658F978 , 46956FBD"
71078c3d,16/3/2023,80230228,fa84b61b,"157FE92B , 84AB6E48"
6656e61d,16/3/2023,8b479281,2fbaa219,"F3208A3F , 318DEDEB"
67ce6686,16/3/2023,20161b11,e52c9d39,3C848C18
4eab3ab0,16/3/2023,571f1547,49a024d7,F04AA9A7
e6f1e3a3,16/3/2023,98031d34,b60668da,"32648F5D , 6633298C"
d8872063,16/3/2023,a61d759d,78afe5ff,"F1A60F26 , 2B08B64A"
2674d1b6,16/3/2023,a9954f17,0c492e0a,"CC541E34 , 48F8405D"
a9eab4d4,16/3/2023,d094d755,16da0c8f,394B603C
6e4a28e5,16/3/2023,c89ced0d,efd88e8a,"D7EA631A , CB171C94 , FADDC761 , 4FA41052 , FD8F14BF , E2DD93A7 , E6E7B5D9 , 760F80FA , DBF7E2AB"
82272c62,17/3/2023,4e79a3df,671b9b62,"80342CF9 , 05DA1C8A , 7BF1F8F0 , C1ABAE52 , 8C95774A , 6973ABF2 , 0F65CA7F , 26D18BAE , 1CDE0E21 , 57133B4C , EAF8B599 , 85C3CCE2 , 0A6EDD06 , 754ABF8A , 0594E30E , 7FD86A39 , B2013A31 , F2E505D8 , 094EBDEE , BC825E4B"
c478b74d,17/3/2023,c59924d1,ff5b3b1d,"CCB68518 , 36DADC84 , BB573AF8 , D05B3E3F , 579DE7DF , 7E0B8B71 , 6AF6DB6C , D3673AA5 , 0B024B1C , AE3983A3 , A8CBB1CE , D9580BCE , 12C7EFEF , A99826D2 , D62F3757 , 9026BE6A , 822FA2D3 , 63EEBBC5 , 3ED80DDE , 478F5D07 , 2F52DCB8 , 5B22A742 , 5C216FB0 , 8CD3BE60 , 655E8F97 , C44B0034 , 7374F4DF , 24125FB9 , 4D2F0E1C , 16530336 , 916BC547 , 621122CD , 69183167 , D01DA36B"
f64f85b9,17/3/2023,988d053e,27dbabe3,"F36123B0 , 0C586481 , 398AE96C , E7F80668 , 87D47E95 , 12B0794D , 703CCD34"
109b8441,17/3/2023,35ceb9fd,54b51826,6E92799D
19e32ca1,17/3/2023,1101f2ba,91177532,906CCE9D
1392d52c,17/3/2023,c543c72b,6fd22876,"79EF6908 , 32D7D8DD , 1E41975D , 18EB8881 , E23F6A87 , 7FABF487"
4329e3da,17/3/2023,486dd416,e06ceb78,"604CB01B , 4C00C345"
239d8bde,17/3/2023,b7a74af6,b6d27e51,"445BA3A2 , 26DADBEE"
786a7d6e,17/3/2023,96b3700b,3c6d967e,"9B8B81B3 , BBA167C9 , 6C299798 , DAB9CDAD"
8b7e3eb6,17/3/2023,c6bd5684,097dfd56,72DF91F9
268eae39,17/3/2023,13725ff0,223d3ae5,"107F91A6 , 4D1533CA , 30DA34E7 , 8AC2BCD9 , 05A65AF4 , 8FFB73AD , 4B51FFA2 , 423DC7CC , 7E830C7A"
c1860ed5,20/3/2023,9e76f626,ae8db2a3,"B17045AA , 28F5FF9F"
d4ae9785,20/3/2023,d094d755,16da0c8f,69E3E2F3
ad165415,20/3/2023,ca6706f0_R,c3fd9053,"783449C6 , D7DE3578 , 53649873"
489d4622,20/3/2023,afbbf050,56b7881f,57431726
a71ac9f9,20/3/2023,05ae00e1,e118952f,CE09F2B9
827165ce,20/3/2023,6ebc969f_R,a7975bb8,20B79EF0
894cf1a3,20/3/2023,1cf195f0,82b8b121,DF76F32F
29ba608d,20/3/2023,0ca13c76,37394271,"B8B909D2 , FDA26097 , CFA4DCEB , 5064C35F , 3823F1ED"
ae935e70,21/3/2023,a02f2b5b,60f20c1a,"3580EF94 , DBF6CAD4"
a2237979,21/3/2023,22b7a651,d3092e89,"8E2C55F1 , 5FCDF356"
891d45a5,21/3/2023,aa8c56d9,d997d8ba,"3B354854 , C67553E0 , A3F326D3"
44264092,21/3/2023,bc65a0db,c9ee958b,5449224F
36252ad0,21/3/2023,380ef779_R,14600981,"F7CBBFF8 , E3B97EEF"
1963d2b9,22/3/2023,bca18e0c,3f92384e,65E319B9
e247f899,23/3/2023,58d7e40a,6c9c908a,"8073A93F , FD8FCDF7 , 8D12A4E7"
b5d34526,23/3/2023,3431fd68_R,e3c33d38,"109188ED , 31A26633 , 2A7CD094"
f6077f11,23/3/2023,0ce4ef31,4c839ec0,59F515F0
fe11343c,23/3/2023,2c26a90e,eb227c5a,E48757FE
a094c7e8,24/3/2023,a043add7,4aa0788b,2009B2C3
d0d3e1d1,26/3/2023,10dde08e,cf3da6b7,"D2EA2D68 , 67F81BF7 , DD77F14C"
55b0235d,27/3/2023,094841d7,c6466ed5,"7C912B44 , 891403C4"
a6dd91cc,27/3/2023,fcb4a73c,2d52c89d,"AB733939 , 5A87992B"
dd4991fc,27/3/2023,0c0aaa9f,1c069cd6,"1B7B2782 , 721E0B7B , 64E94B0A , 5DD5F19A , 2C2A2756 , 91338F6A , AEEDC20D , 8E84A006"
deead81b,27/3/2023,5a8f8093,df0b2295,60450858
4e6a7694,27/3/2023,063606af,16ba4a77,"D978982E , 62C05C45 , 556E3E73 , F130DDB8 , 71D9C9B5 , 9B6B999C , F7CAE581 , 801CFE6B"
644b42d9,27/3/2023,32c1cb5c,1bfe7073,"5B9D4EE0 , 6DE0A05F , 6941E93E , F110D065 , A7659F35"
ed68b0f9,27/3/2023,7fef4752,7bdefc0d,"5197A256 , 72CCF65C"
5b333d4b,28/3/2023,a135450f,95bc4a36,"E80DBCBB , AAD9CA06"
f5fd8541,28/3/2023,3c82991d,c7632d3b,"8A28517E , 01972D59 , 563C2F44 , 685EAB20 , 55EE6534"
6287152d,28/3/2023,baa063d0,fd52ceee,"44F613C0 , E9803F16 , 501665C1 , F69F6159 , 4B7C6AD7"
94b1b173,28/3/2023,063606af,16ba4a77,E5AE7773
f3615d98,28/3/2023,95cbafe4,84607a5c,"C1F8CA1D , 9ED216E5"
c5c56b68,28/3/2023,6ebc969f_R,a7975bb8,1303DFD8
ab754ec6,28/3/2023,6ebc969f,30b984b3,0880349E
4895fc8d,28/3/2023,1cf195f0,82b8b121,"C686BEDF , 90F79FEA , 20F4F5BC , FEA72135 , 582642B0"
497f4dc0,29/3/2023,edb8339f,7d1d5be3,"99524C05 , A037320C"
611c395b,29/3/2023,f3a6bf5a,7dcb0ca5,"47DFA966 , 70C0F3F8"
7622cac5,29/3/2023,16a2abb2,b3f35043,"1242424D , F0E25AEC"
a1ef9f83,29/3/2023,7797d2f6,7a4fe1d8,"18496912 , B7FF9E67 , B43A0A68 , EC155754 , 960F7543"
71739d78,29/3/2023,6dadaa7c,2cd9c582,"420B1C7C , 86EECCBF , 862DCFF2 , 7F796260 , D4B4B525 , 9DFD4A94"
a06ba567,30/3/2023,94c4f767,85f1490d,"133CD45F , 0ED02A14 , 4A27F340 , 9298CD41"
