opportunity_id,sales_agent,product,account,deal_stage,engage_date,close_date,close_value,industry,won,amount,days_to_deadline,employee_win_rate,industry_encoded,is_repeat_customer,priority_encoded
1C1I7A6R,Moses Frase,GTX Plus Basic,Cancity,Won,2016-10-20,2017-03-01,1054.0,Public Sector,1,1054.0,132,0.6615384615384615,3,1,1
Z063OYW0,Darcel Schlecht,GTXPro,Isdom,Won,2016-10-25,2017-03-11,4514.0,Retail,1,4514.0,137,0.6311030741410488,4,1,1
EC4QE1BX,Darcel Schlecht,MG Special,Cancity,Won,2016-10-25,2017-03-07,50.0,Public Sector,1,50.0,133,0.6311030741410488,3,1,0
MV1LWRNH,Moses Frase,GTX Basic,Codehow,Won,2016-10-25,2017-03-09,588.0,Telecom,1,588.0,135,0.6615384615384615,6,1,2
PE84CX4O,Zane Levy,GTX Basic,Hatfan,Won,2016-10-25,2017-03-02,517.0,Public Sector,1,517.0,128,0.6168582375478927,3,1,1
ZNBS69V1,Anna Snelling,MG Special,Ron-tech,Won,2016-10-29,2017-03-01,49.0,Manufacturing,1,49.0,123,0.6190476190476191,2,1,1
9ME3374G,Vicki Laflamme,MG Special,J-Texon,Won,2016-10-30,2017-03-02,57.0,Telecom,1,57.0,123,0.6368876080691642,6,1,1
7GN8Q4LL,Markita Hansen,GTX Basic,Cheers,Won,2016-11-01,2017-03-07,601.0,Telecom,1,601.0,126,0.5726872246696035,6,1,1
OLK9LKZB,Niesha Huffines,GTX Plus Basic,Zumgoity,Won,2016-11-01,2017-03-03,1026.0,Public Sector,1,1026.0,122,0.6,3,1,1
NL3JZH1Z,Anna Snelling,MG Special,Bioholding,Won,2016-11-04,2017-03-10,53.0,Banking,1,53.0,126,0.6190476190476191,0,1,1
KWVA7VR1,Gladys Colclough,GTXPro,Genco Pura Olive Oil Company,Lost,2016-11-04,2017-03-18,0.0,Manufacturing,0,0.0,134,0.5818965517241379,2,1,2
S8DX3XOU,James Ascencio,GTX Plus Pro,Sunnamplex,Won,2016-11-04,2017-03-10,5169.0,Public Sector,1,5169.0,126,0.6553398058252428,3,1,2
ENB2XD8G,Maureen Marcano,GTX Plus Pro,Sonron,Won,2016-11-04,2017-03-06,4631.0,Manufacturing,1,4631.0,122,0.6995305164319249,2,1,1
09YE9QOV,Hayden Neloms,MG Advanced,Finjob,Won,2016-11-05,2017-03-11,3393.0,Manufacturing,1,3393.0,126,0.7039473684210527,2,1,2
3F5MZNEH,Rosalina Dieter,MG Special,Sonron,Lost,2016-11-05,2017-03-03,0.0,Manufacturing,0,0.0,118,0.6545454545454545,2,1,0
M6WEJXC0,Rosalina Dieter,MG Advanced,Scotfind,Won,2016-11-05,2017-03-06,3284.0,Telecom,1,3284.0,121,0.6545454545454545,6,1,1
6PTR7VBR,Versie Hillebrand,MG Special,Treequote,Won,2016-11-06,2017-03-05,61.0,Retail,1,61.0,119,0.6666666666666666,4,1,0
902REDPA,Daniell Hammack,GTXPro,Xx-zobam,Lost,2016-11-07,2017-03-09,0.0,Manufacturing,0,0.0,122,0.6096256684491979,2,1,0
5J9CMGDV,Elease Gluck,MG Special,Rantouch,Won,2016-11-07,2017-03-08,46.0,Energy,1,46.0,121,0.6349206349206349,1,1,1
JJXRR8R6,James Ascencio,GTX Plus Pro,Fasehatice,Lost,2016-11-07,2017-03-17,0.0,Telecom,0,0.0,130,0.6553398058252428,6,1,2
WF4HA5NW,Moses Frase,MG Special,Ron-tech,Won,2016-11-07,2017-03-18,50.0,Manufacturing,1,50.0,131,0.6615384615384615,2,1,0
C5K2JP1H,Violet Mclelland,GTX Plus Basic,Vehement Capital Partners,Won,2016-11-07,2017-03-11,1014.0,Banking,1,1014.0,124,0.6321243523316062,0,1,1
ADRB8OMB,Darcel Schlecht,GTX Basic,Warephase,Won,2016-11-08,2017-03-26,561.0,Retail,1,561.0,138,0.6311030741410488,4,1,0
SBCR987L,Kami Bicknell,GTX Basic,Zoomit,Won,2016-11-10,2017-03-23,590.0,Energy,1,590.0,133,0.6397058823529411,1,1,0
JSD4APT2,Versie Hillebrand,MG Special,Bioholding,Won,2016-11-10,2017-03-12,61.0,Banking,1,61.0,122,0.6666666666666666,0,1,0
AO9Z2D17,Violet Mclelland,GTX Plus Pro,Xx-zobam,Lost,2016-11-10,2017-03-11,0.0,Manufacturing,0,0.0,121,0.6321243523316062,2,1,0
5M58DTJK,Elease Gluck,MG Special,Cheers,Won,2016-11-11,2017-03-05,58.0,Telecom,1,58.0,114,0.6349206349206349,6,1,2
KNY1OSAB,Maureen Marcano,GTXPro,Labdrill,Won,2016-11-11,2017-03-14,4899.0,Energy,1,4899.0,123,0.6995305164319249,1,1,0
EAZDUUM9,Rosie Papadopoulos,MG Advanced,Zotware,Lost,2016-11-11,2017-03-01,0.0,Banking,0,0.0,110,0.6446280991735537,0,1,0
2STUSOFE,Versie Hillebrand,MG Special,dambase,Won,2016-11-11,2017-03-03,67.0,Retail,1,67.0,112,0.6666666666666666,4,1,0
JYKM0B00,James Ascencio,GTXPro,Xx-holding,Won,2016-11-12,2017-03-06,4338.0,Telecom,1,4338.0,114,0.6553398058252428,6,1,2
KU28360J,Kary Hendrixson,GTX Basic,Fasehatice,Won,2016-11-12,2017-03-19,578.0,Telecom,1,578.0,127,0.6238805970149254,6,1,0
N4SD17JR,Reed Clapper,GTX Basic,Acme Corporation,Won,2016-11-12,2017-03-01,556.0,Shipping,1,556.0,109,0.6540084388185654,5,1,0
E67P9Y3Q,Rosalina Dieter,GTX Basic,Green-Plus,Won,2016-11-12,2017-03-03,635.0,Retail,1,635.0,111,0.6545454545454545,4,1,2
AT3MMVIS,Wilburn Farren,MG Advanced,The New York Inquirer,Won,2016-11-12,2017-03-07,3045.0,Banking,1,3045.0,115,0.6962025316455697,0,1,2
REJ11LRY,Garret Kinder,GTX Plus Basic,Mathtouch,Won,2016-11-13,2017-03-14,1233.0,Energy,1,1233.0,121,0.6097560975609756,1,1,2
ERV0CAZ7,Versie Hillebrand,MG Special,Zumgoity,Won,2016-11-13,2017-03-09,60.0,Public Sector,1,60.0,116,0.6666666666666666,3,1,0
8SOQADK7,Anna Snelling,MG Special,Gogozoom,Lost,2016-11-14,2017-03-30,0.0,Telecom,0,0.0,136,0.6190476190476191,6,1,2
TCHFT25B,Darcel Schlecht,GTX Basic,Stanredtax,Lost,2016-11-14,2017-03-08,0.0,Retail,0,0.0,114,0.6311030741410488,4,1,2
CZVN09WN,Darcel Schlecht,GTX Plus Basic,Konmatfix,Won,2016-11-14,2017-03-20,1170.0,Shipping,1,1170.0,126,0.6311030741410488,5,1,0
30UQWUKB,Marty Freudenburg,GTX Plus Basic,Genco Pura Olive Oil Company,Won,2016-11-15,2017-03-20,1162.0,Manufacturing,1,1162.0,125,0.6288659793814433,2,1,2
97UN20YY,Darcel Schlecht,MG Advanced,Conecom,Won,2016-11-16,2017-03-14,3725.0,Shipping,1,3725.0,118,0.6311030741410488,5,1,0
JXLERZ9O,Kary Hendrixson,GTX Basic,Golddex,Won,2016-11-16,2017-03-31,559.0,Manufacturing,1,559.0,135,0.6238805970149254,2,1,1
6ROE69W5,Rosalina Dieter,GTX Basic,Plexzap,Lost,2016-11-16,2017-03-11,0.0,Manufacturing,0,0.0,115,0.6545454545454545,2,1,2
0DFXFKT7,Darcel Schlecht,GTX Plus Basic,Rundofase,Lost,2016-11-17,2017-03-21,0.0,Public Sector,0,0.0,124,0.6311030741410488,3,1,1
XKMZVSN4,James Ascencio,GTX Plus Pro,Sonron,Won,2016-11-17,2017-03-05,4667.0,Manufacturing,1,4667.0,108,0.6553398058252428,2,1,0
IU8V0BZK,Marty Freudenburg,GTX Plus Basic,Finhigh,Won,2016-11-17,2017-03-17,903.0,Banking,1,903.0,120,0.6288659793814433,0,1,2
XY42936P,Maureen Marcano,GTX Plus Basic,Finjob,Won,2016-11-17,2017-03-13,1180.0,Manufacturing,1,1180.0,116,0.6995305164319249,2,1,0
XRN54MBM,Niesha Huffines,GTX Basic,Ron-tech,Won,2016-11-17,2017-03-05,487.0,Manufacturing,1,487.0,108,0.6,2,1,1
2V848WZD,Lajuana Vencill,MG Advanced,Stanredtax,Won,2016-11-18,2017-03-04,3180.0,Retail,1,3180.0,106,0.5497835497835498,4,1,0
ONYNTUCG,Darcel Schlecht,GTXPro,Funholding,Lost,2016-11-19,2017-03-17,0.0,Retail,0,0.0,118,0.6311030741410488,4,1,2
HIOHX80Y,Darcel Schlecht,MG Advanced,Gogozoom,Won,2016-11-19,2017-03-18,3563.0,Telecom,1,3563.0,119,0.6311030741410488,6,1,2
LPKT07PV,Boris Faz,GTXPro,Opentech,Won,2016-11-20,2017-03-23,4704.0,Retail,1,4704.0,123,0.6601307189542484,4,1,1
WPB2SLIG,Donn Cantrell,GTX Plus Pro,Silis,Won,2016-11-20,2017-03-14,5585.0,Public Sector,1,5585.0,114,0.5745454545454546,3,1,0
XUSUEAV7,Elease Gluck,GTK 500,Zoomit,Won,2016-11-20,2017-03-09,25897.0,Energy,1,25897.0,109,0.6349206349206349,1,1,2
3TYPII47,Kami Bicknell,GTX Plus Basic,Goodsilron,Won,2016-11-20,2017-03-03,1207.0,Energy,1,1207.0,103,0.6397058823529411,1,1,1
7WAX8Z8O,Lajuana Vencill,MG Advanced,Cancity,Lost,2016-11-20,2017-03-08,0.0,Public Sector,0,0.0,108,0.5497835497835498,3,1,2
MYDUMR3R,Lajuana Vencill,GTX Basic,Rangreen,Won,2016-11-20,2017-03-04,559.0,Energy,1,559.0,104,0.5497835497835498,1,1,2
37JFKD4I,Niesha Huffines,GTX Plus Basic,dambase,Won,2016-11-20,2017-03-09,1033.0,Retail,1,1033.0,109,0.6,4,1,0
25YKPHX8,Donn Cantrell,GTX Basic,Kan-code,Won,2016-11-21,2017-03-21,462.0,Public Sector,1,462.0,120,0.5745454545454546,3,1,2
BXXMA7F3,Hayden Neloms,MG Advanced,Nam-zim,Lost,2016-11-21,2017-03-01,0.0,Energy,0,0.0,100,0.7039473684210527,1,1,0
GIUUTBXM,Kary Hendrixson,GTXPro,Y-corporation,Won,2016-11-21,2017-03-14,5539.0,Manufacturing,1,5539.0,113,0.6238805970149254,2,1,2
MFX2LR1Q,Lajuana Vencill,MG Advanced,Ron-tech,Won,2016-11-21,2017-03-15,3573.0,Manufacturing,1,3573.0,114,0.5497835497835498,2,1,1
DUHE9FLY,Marty Freudenburg,GTXPro,Conecom,Won,2016-11-21,2017-03-01,4926.0,Shipping,1,4926.0,100,0.6288659793814433,5,1,2
96BSG7R1,Zane Levy,GTX Plus Basic,Sunnamplex,Lost,2016-11-21,2017-03-17,0.0,Public Sector,0,0.0,116,0.6168582375478927,3,1,0
7FQMSWIX,Corliss Cosme,MG Special,Bioplex,Won,2016-11-22,2017-03-04,62.0,Retail,1,62.0,102,0.6550218340611353,4,1,0
C20AVXN7,Darcel Schlecht,GTXPro,Gogozoom,Won,2016-11-22,2017-03-14,4359.0,Telecom,1,4359.0,112,0.6311030741410488,6,1,1
GS1QVWCR,Kami Bicknell,GTX Basic,Plusstrip,Won,2016-11-22,2017-03-31,566.0,Public Sector,1,566.0,129,0.6397058823529411,3,1,2
ZWH8FXY3,Marty Freudenburg,GTX Basic,Toughzap,Won,2016-11-22,2017-03-03,508.0,Retail,1,508.0,101,0.6288659793814433,4,1,2
2U94Y3Q9,Rosie Papadopoulos,MG Advanced,Vehement Capital Partners,Lost,2016-11-22,2017-03-20,0.0,Banking,0,0.0,118,0.6446280991735537,0,1,1
AAR79NOO,Versie Hillebrand,MG Special,Codehow,Won,2016-11-22,2017-03-11,51.0,Telecom,1,51.0,109,0.6666666666666666,6,1,2
B6B0PNR2,Vicki Laflamme,GTXPro,Dalttechnology,Won,2016-11-22,2017-03-05,4899.0,Shipping,1,4899.0,103,0.6368876080691642,5,1,2
LXZA2OSZ,Corliss Cosme,GTX Plus Pro,Ontomedia,Won,2016-11-23,2017-03-03,5790.0,Manufacturing,1,5790.0,100,0.6550218340611353,2,1,0
N0ONCYVZ,Donn Cantrell,MG Special,Kinnamplus,Lost,2016-11-23,2017-03-30,0.0,Telecom,0,0.0,127,0.5745454545454546,6,1,2
513DPFX5,Gladys Colclough,GTXPro,Codehow,Won,2016-11-23,2017-03-03,4438.0,Telecom,1,4438.0,100,0.5818965517241379,6,1,2
RU023K5W,Gladys Colclough,MG Advanced,Finhigh,Won,2016-11-23,2017-03-17,2972.0,Banking,1,2972.0,114,0.5818965517241379,0,1,1
BZCBQ514,Markita Hansen,GTX Basic,Y-corporation,Won,2016-11-23,2017-03-01,523.0,Manufacturing,1,523.0,98,0.5726872246696035,2,1,1
HEE6P0QH,Anna Snelling,MG Advanced,Statholdings,Won,2016-11-24,2017-03-25,3647.0,Manufacturing,1,3647.0,121,0.6190476190476191,2,1,0
L8CHRJ2B,Cassey Cress,MG Advanced,Umbrella Corporation,Won,2016-11-24,2017-03-01,4200.0,Public Sector,1,4200.0,97,0.6245210727969349,3,1,2
V2X2KMUR,Kami Bicknell,GTX Plus Basic,Faxquote,Won,2016-11-24,2017-03-28,1059.0,Telecom,1,1059.0,124,0.6397058823529411,6,1,2
AJIPJP75,Marty Freudenburg,GTX Plus Basic,Codehow,Lost,2016-11-24,2017-03-05,0.0,Telecom,0,0.0,101,0.6288659793814433,6,1,2
NYVA2G6U,Versie Hillebrand,MG Special,Dontechi,Won,2016-11-24,2017-03-02,57.0,Shipping,1,57.0,98,0.6666666666666666,5,1,0
FF45BXTL,Vicki Laflamme,MG Advanced,Konex,Won,2016-11-24,2017-03-27,3671.0,Public Sector,1,3671.0,123,0.6368876080691642,3,1,0
TTA9LYBS,Anna Snelling,MG Special,Treequote,Won,2016-11-25,2017-03-01,58.0,Retail,1,58.0,96,0.6190476190476191,4,1,1
PAGZQH8L,Cecily Lampkin,MG Advanced,Treequote,Won,2016-11-25,2017-03-06,3956.0,Retail,1,3956.0,101,0.66875,4,1,0
J7YF6DS7,Corliss Cosme,GTX Plus Pro,Betasoloin,Won,2016-11-25,2017-03-01,5964.0,Banking,1,5964.0,96,0.6550218340611353,0,1,2
S5IXY4Z9,Corliss Cosme,GTXPro,Betasoloin,Won,2016-11-25,2017-03-06,4570.0,Banking,1,4570.0,101,0.6550218340611353,0,1,2
JQBJMETQ,Darcel Schlecht,MG Special,Domzoom,Won,2016-11-25,2017-03-27,49.0,Retail,1,49.0,122,0.6311030741410488,4,1,0
0LVWSWEW,Violet Mclelland,MG Special,Donquadtech,Won,2016-11-25,2017-03-06,65.0,Shipping,1,65.0,101,0.6321243523316062,5,1,2
K53BC1T9,Anna Snelling,MG Special,Domzoom,Lost,2016-11-26,2017-03-27,0.0,Retail,0,0.0,121,0.6190476190476191,4,1,2
D40N5I9Y,Darcel Schlecht,GTXPro,Finhigh,Won,2016-11-26,2017-03-08,4739.0,Banking,1,4739.0,102,0.6311030741410488,0,1,0
051QTX8Z,Niesha Huffines,GTX Plus Basic,Globex Corporation,Won,2016-11-26,2017-03-21,1080.0,Retail,1,1080.0,115,0.6,4,1,0
5D2XH04S,Reed Clapper,MG Special,Plussunin,Won,2016-11-26,2017-03-12,57.0,Energy,1,57.0,106,0.6540084388185654,1,1,2
V9E582SK,Garret Kinder,GTX Basic,Konex,Won,2016-11-27,2017-03-16,469.0,Public Sector,1,469.0,109,0.6097560975609756,3,1,2
UK0LEZRJ,Kary Hendrixson,GTX Basic,Condax,Won,2016-11-27,2017-03-03,532.0,Banking,1,532.0,96,0.6238805970149254,0,1,2
IT10CFQH,Rosalina Dieter,GTX Basic,Konex,Won,2016-11-27,2017-03-26,538.0,Public Sector,1,538.0,119,0.6545454545454545,3,1,1
8VKD2CCH,Rosie Papadopoulos,GTXPro,Massive Dynamic,Won,2016-11-27,2017-03-21,4829.0,Banking,1,4829.0,114,0.6446280991735537,0,1,1
2XQAKBXH,Zane Levy,GTX Plus Pro,Doncon,Won,2016-11-27,2017-03-11,5370.0,Shipping,1,5370.0,104,0.6168582375478927,5,1,1
7G7YLGJO,Zane Levy,GTX Plus Pro,Hatfan,Won,2016-11-27,2017-03-21,6499.0,Public Sector,1,6499.0,114,0.6168582375478927,3,1,0
GCA97W27,Darcel Schlecht,GTX Plus Basic,Genco Pura Olive Oil Company,Won,2016-11-28,2017-03-06,1161.0,Manufacturing,1,1161.0,98,0.6311030741410488,2,1,1
K8FUZHOG,Kary Hendrixson,GTX Basic,Scotfind,Won,2016-11-28,2017-03-26,576.0,Telecom,1,576.0,118,0.6238805970149254,6,1,0
5WJZMULK,Maureen Marcano,GTX Plus Basic,Hatfan,Won,2016-11-28,2017-03-19,979.0,Public Sector,1,979.0,111,0.6995305164319249,3,1,0
ZPYD4T9W,Versie Hillebrand,MG Special,Stanredtax,Won,2016-11-28,2017-03-07,43.0,Retail,1,43.0,99,0.6666666666666666,4,1,1
KE9ZEDS8,Gladys Colclough,MG Special,Scottech,Won,2016-11-29,2017-03-07,57.0,Banking,1,57.0,98,0.5818965517241379,0,1,1
7KK0HQ4C,Lajuana Vencill,MG Special,Ron-tech,Lost,2016-11-29,2017-03-28,0.0,Manufacturing,0,0.0,119,0.5497835497835498,2,1,1
FP7014Z0,Lajuana Vencill,GTX Plus Basic,Funholding,Won,2016-11-29,2017-03-12,948.0,Retail,1,948.0,103,0.5497835497835498,4,1,2
N4HFHDMW,Wilburn Farren,MG Advanced,Plussunin,Won,2016-11-29,2017-03-10,3012.0,Energy,1,3012.0,101,0.6962025316455697,1,1,1
2HFLKREC,Cassey Cress,MG Advanced,Zotware,Won,2016-11-30,2017-03-15,3665.0,Banking,1,3665.0,105,0.6245210727969349,0,1,2
7JVTTVCO,Violet Mclelland,GTX Basic,Gekko & Co,Won,2016-11-30,2017-03-24,564.0,Telecom,1,564.0,114,0.6321243523316062,6,1,0
3X13866U,Anna Snelling,GTX Plus Basic,dambase,Lost,2016-12-01,2017-03-06,0.0,Retail,0,0.0,95,0.6190476190476191,4,1,2
7LE19SYE,Cassey Cress,MG Advanced,Initech,Won,2016-12-01,2017-03-22,3463.0,Banking,1,3463.0,111,0.6245210727969349,0,1,1
J5V2M7Y1,Corliss Cosme,GTX Basic,Gekko & Co,Won,2016-12-01,2017-03-26,513.0,Telecom,1,513.0,115,0.6550218340611353,6,1,0
41MURAI5,Corliss Cosme,GTX Basic,Konex,Won,2016-12-01,2017-03-28,590.0,Public Sector,1,590.0,117,0.6550218340611353,3,1,0
QHI8WRIA,Darcel Schlecht,GTXPro,Dontechi,Won,2016-12-01,2017-03-30,4511.0,Shipping,1,4511.0,119,0.6311030741410488,5,1,0
AJXAXV4W,Lajuana Vencill,MG Advanced,Finhigh,Lost,2016-12-01,2017-03-02,0.0,Banking,0,0.0,91,0.5497835497835498,0,1,2
VPDXX5PJ,Niesha Huffines,GTX Basic,Cancity,Won,2016-12-01,2017-03-26,546.0,Public Sector,1,546.0,115,0.6,3,1,1
PZB9NUK8,Vicki Laflamme,MG Special,Y-corporation,Won,2016-12-01,2017-03-05,46.0,Manufacturing,1,46.0,94,0.6368876080691642,2,1,0
A0ANOYPF,Darcel Schlecht,GTXPro,Ron-tech,Won,2016-12-02,2017-03-09,4891.0,Manufacturing,1,4891.0,97,0.6311030741410488,2,1,0
0P4AAPYX,Hayden Neloms,GTX Plus Basic,Golddex,Won,2016-12-02,2017-03-03,1040.0,Manufacturing,1,1040.0,91,0.7039473684210527,2,1,0
O6T5WC3W,Hayden Neloms,GTX Plus Basic,Sonron,Won,2016-12-02,2017-03-04,1108.0,Manufacturing,1,1108.0,92,0.7039473684210527,2,1,2
0NO04P6C,Hayden Neloms,MG Special,Nam-zim,Won,2016-12-02,2017-03-04,59.0,Energy,1,59.0,92,0.7039473684210527,1,1,2
22OFSXBT,Jonathan Berthelot,GTXPro,Statholdings,Won,2016-12-02,2017-03-30,5406.0,Manufacturing,1,5406.0,118,0.6477272727272727,2,1,1
MRXZTMM6,Kary Hendrixson,GTX Basic,Cheers,Won,2016-12-02,2017-03-20,515.0,Telecom,1,515.0,108,0.6238805970149254,6,1,2
LGI8QEC2,Moses Frase,GTX Basic,Treequote,Won,2016-12-02,2017-03-06,583.0,Retail,1,583.0,94,0.6615384615384615,4,1,0
6KZ0NCFX,Versie Hillebrand,MG Special,Funholding,Won,2016-12-02,2017-03-14,54.0,Retail,1,54.0,102,0.6666666666666666,4,1,1
3SF8O9S6,Vicki Laflamme,MG Special,Plusstrip,Won,2016-12-02,2017-03-27,60.0,Public Sector,1,60.0,115,0.6368876080691642,3,1,0
XK668R7C,Darcel Schlecht,GTX Basic,Dontechi,Lost,2016-12-03,2017-03-12,0.0,Shipping,0,0.0,99,0.6311030741410488,5,1,0
TZCAQWL3,Darcel Schlecht,GTXPro,Funholding,Lost,2016-12-03,2017-03-19,0.0,Retail,0,0.0,106,0.6311030741410488,4,1,2
BADC6A9H,Darcel Schlecht,GTX Basic,Globex Corporation,Won,2016-12-03,2017-03-23,516.0,Retail,1,516.0,110,0.6311030741410488,4,1,1
B8E0UUZR,Darcel Schlecht,GTXPro,Rangreen,Won,2016-12-03,2017-03-22,4829.0,Energy,1,4829.0,109,0.6311030741410488,1,1,2
I043RXJV,Moses Frase,GTX Plus Basic,Dontechi,Lost,2016-12-03,2017-03-17,0.0,Shipping,0,0.0,104,0.6615384615384615,5,1,2
MWWB44CC,Reed Clapper,GTX Plus Basic,Donquadtech,Won,2016-12-03,2017-03-02,950.0,Shipping,1,950.0,89,0.6540084388185654,5,1,1
HBTINPDG,Vicki Laflamme,GTX Plus Basic,Xx-holding,Lost,2016-12-03,2017-03-09,0.0,Telecom,0,0.0,96,0.6368876080691642,6,1,0
DZ3KHZSX,Corliss Cosme,GTX Basic,Initech,Won,2016-12-04,2017-03-20,513.0,Banking,1,513.0,106,0.6550218340611353,0,1,0
3W1K7X5F,Darcel Schlecht,GTXPro,Condax,Lost,2016-12-04,2017-03-09,0.0,Banking,0,0.0,95,0.6311030741410488,0,1,1
45A57X68,Darcel Schlecht,GTX Plus Pro,Ron-tech,Won,2016-12-04,2017-03-12,5522.0,Manufacturing,1,5522.0,98,0.6311030741410488,2,1,0
9SLYC4TR,Gladys Colclough,MG Special,Cancity,Won,2016-12-04,2017-03-09,56.0,Public Sector,1,56.0,95,0.5818965517241379,3,1,1
JLWKWQYC,James Ascencio,GTXPro,Doncon,Won,2016-12-04,2017-03-08,5673.0,Shipping,1,5673.0,94,0.6553398058252428,5,1,1
7QC6FOKW,Kami Bicknell,GTX Basic,Xx-holding,Won,2016-12-04,2017-03-10,598.0,Telecom,1,598.0,96,0.6397058823529411,6,1,2
XA184CMW,Marty Freudenburg,GTX Plus Pro,Rangreen,Won,2016-12-04,2017-03-16,5787.0,Energy,1,5787.0,102,0.6288659793814433,1,1,1
S0N7BYU3,Maureen Marcano,GTX Plus Basic,Singletechno,Won,2016-12-04,2017-03-08,1070.0,Retail,1,1070.0,94,0.6995305164319249,4,1,2
6WOMHAJM,Boris Faz,MG Advanced,Donquadtech,Won,2016-12-05,2017-03-14,3677.0,Shipping,1,3677.0,99,0.6601307189542484,5,1,0
G1QGATKV,Cassey Cress,GTX Plus Pro,Ontomedia,Won,2016-12-05,2017-03-30,5425.0,Manufacturing,1,5425.0,115,0.6245210727969349,2,1,0
6XFVQI32,Donn Cantrell,MG Advanced,Yearin,Won,2016-12-05,2017-03-23,3415.0,Retail,1,3415.0,108,0.5745454545454546,4,1,0
OGD4MDJ9,Maureen Marcano,GTX Plus Basic,Lexiqvolax,Won,2016-12-05,2017-03-21,891.0,Public Sector,1,891.0,106,0.6995305164319249,3,1,0
4NGBUZWJ,Lajuana Vencill,GTX Basic,Codehow,Won,2016-12-06,2017-03-12,609.0,Telecom,1,609.0,96,0.5497835497835498,6,1,2
EFG5DGV5,Markita Hansen,MG Special,Plusstrip,Won,2016-12-06,2017-03-16,54.0,Public Sector,1,54.0,100,0.5726872246696035,3,1,0
82MM4H33,Zane Levy,GTX Plus Basic,Labdrill,Won,2016-12-06,2017-03-09,1049.0,Energy,1,1049.0,93,0.6168582375478927,1,1,1
14PM641K,Cassey Cress,GTX Plus Basic,Gekko & Co,Won,2016-12-07,2017-03-07,1152.0,Telecom,1,1152.0,90,0.6245210727969349,6,1,1
DSBGHOPN,Daniell Hammack,MG Special,Plussunin,Lost,2016-12-07,2017-03-20,0.0,Energy,0,0.0,103,0.6096256684491979,1,1,1
1YSOZLHF,Daniell Hammack,GTXPro,Umbrella Corporation,Won,2016-12-07,2017-03-28,4799.0,Public Sector,1,4799.0,111,0.6096256684491979,3,1,2
E8RP9FRW,Gladys Colclough,MG Special,dambase,Won,2016-12-07,2017-03-12,51.0,Retail,1,51.0,95,0.5818965517241379,4,1,0
787IRG9Q,Hayden Neloms,MG Advanced,J-Texon,Won,2016-12-07,2017-03-03,3426.0,Telecom,1,3426.0,86,0.7039473684210527,6,1,0
0TUS4NAC,Jonathan Berthelot,MG Special,Rangreen,Won,2016-12-07,2017-03-11,51.0,Energy,1,51.0,94,0.6477272727272727,1,1,0
FAJTQMUM,Kami Bicknell,GTX Basic,Finjob,Won,2016-12-07,2017-03-20,564.0,Manufacturing,1,564.0,103,0.6397058823529411,2,1,2
TWF0J0DF,Cecily Lampkin,GTX Plus Pro,Isdom,Won,2016-12-08,2017-03-01,5882.0,Retail,1,5882.0,83,0.66875,4,1,1
UQ14O415,Donn Cantrell,GTXPro,Plussunin,Won,2016-12-08,2017-03-20,5059.0,Energy,1,5059.0,102,0.5745454545454546,1,1,1
BOJSLNDG,Kami Bicknell,MG Advanced,Singletechno,Won,2016-12-08,2017-03-11,3388.0,Retail,1,3388.0,93,0.6397058823529411,4,1,0
DASMR0EK,Markita Hansen,GTX Plus Pro,Zoomit,Won,2016-12-08,2017-03-10,5410.0,Energy,1,5410.0,92,0.5726872246696035,1,1,1
A76M0OOH,Reed Clapper,GTX Plus Basic,Zathunicon,Won,2016-12-08,2017-03-28,978.0,Retail,1,978.0,110,0.6540084388185654,4,1,1
E1VKE2PH,Vicki Laflamme,MG Special,Scotfind,Won,2016-12-08,2017-03-26,54.0,Telecom,1,54.0,108,0.6368876080691642,6,1,2
SKY95DVG,Anna Snelling,MG Special,Betatech,Lost,2016-12-09,2017-03-22,0.0,Public Sector,0,0.0,103,0.6190476190476191,3,1,2
V5OK4V5I,Cassey Cress,GTX Basic,Bubba Gump,Won,2016-12-09,2017-03-14,549.0,Retail,1,549.0,95,0.6245210727969349,4,1,2
GJ4L5HHN,Corliss Cosme,GTX Plus Basic,Mathtouch,Won,2016-12-09,2017-03-14,1034.0,Energy,1,1034.0,95,0.6550218340611353,1,1,2
9R8JWY3J,Donn Cantrell,GTXPro,Vehement Capital Partners,Won,2016-12-09,2017-03-03,4998.0,Banking,1,4998.0,84,0.5745454545454546,0,1,0
0EOFVU05,Donn Cantrell,MG Advanced,Ontomedia,Won,2016-12-09,2017-03-28,3421.0,Manufacturing,1,3421.0,109,0.5745454545454546,2,1,2
HNHOPL7M,Kary Hendrixson,GTX Plus Pro,Doncon,Won,2016-12-09,2017-03-04,5425.0,Shipping,1,5425.0,85,0.6238805970149254,5,1,1
Y0NYI17R,Vicki Laflamme,MG Special,Dalttechnology,Won,2016-12-09,2017-03-15,55.0,Shipping,1,55.0,96,0.6368876080691642,5,1,0
R4F4RGAL,Violet Mclelland,MG Advanced,Silis,Won,2016-12-09,2017-03-14,3558.0,Public Sector,1,3558.0,95,0.6321243523316062,3,1,1
0ZHLQFGU,Kami Bicknell,GTXPro,Blackzim,Won,2016-12-10,2017-03-22,4839.0,Telecom,1,4839.0,102,0.6397058823529411,6,1,1
40DPY158,Markita Hansen,MG Special,Hottechi,Won,2016-12-10,2017-03-25,47.0,Public Sector,1,47.0,105,0.5726872246696035,3,1,1
DP9E525R,Maureen Marcano,GTX Plus Basic,Fasehatice,Won,2016-12-10,2017-03-24,1007.0,Telecom,1,1007.0,104,0.6995305164319249,6,1,2
DBDUMQQK,Niesha Huffines,MG Special,Inity,Won,2016-12-10,2017-03-24,48.0,Manufacturing,1,48.0,104,0.6,2,1,2
CNBN12RL,Versie Hillebrand,MG Special,Treequote,Won,2016-12-10,2017-03-07,49.0,Retail,1,49.0,87,0.6666666666666666,4,1,0
OXL0YWEE,Violet Mclelland,GTX Basic,Mathtouch,Won,2016-12-10,2017-03-18,504.0,Energy,1,504.0,98,0.6321243523316062,1,1,0
5CSSZJF4,Jonathan Berthelot,GTX Basic,Finhigh,Won,2016-12-11,2017-03-21,543.0,Banking,1,543.0,100,0.6477272727272727,0,1,2
0XG8TOJF,Kary Hendrixson,GTX Plus Pro,Fasehatice,Lost,2016-12-11,2017-03-18,0.0,Telecom,0,0.0,97,0.6238805970149254,6,1,1
IIS0O91J,Kary Hendrixson,GTXPro,Fasehatice,Won,2016-12-11,2017-03-28,5149.0,Telecom,1,5149.0,107,0.6238805970149254,6,1,0
2LP5SUR5,Lajuana Vencill,GTX Basic,Treequote,Lost,2016-12-11,2017-03-09,0.0,Retail,0,0.0,88,0.5497835497835498,4,1,2
PYZZ3IS6,Markita Hansen,GTX Plus Basic,Blackzim,Won,2016-12-11,2017-03-11,1043.0,Telecom,1,1043.0,90,0.5726872246696035,6,1,2
5I4K5TQE,Cassey Cress,GTX Plus Pro,Sumace,Lost,2016-12-12,2017-03-09,0.0,Energy,0,0.0,87,0.6245210727969349,1,1,2
RV3LPOYP,James Ascencio,GTX Basic,Condax,Won,2016-12-12,2017-03-29,437.0,Banking,1,437.0,107,0.6553398058252428,0,1,1
1HVNTEPV,Rosie Papadopoulos,GTXPro,Kinnamplus,Won,2016-12-12,2017-03-11,4465.0,Telecom,1,4465.0,89,0.6446280991735537,6,1,2
LC85AQ1I,Vicki Laflamme,GTX Basic,Konex,Won,2016-12-12,2017-03-18,443.0,Public Sector,1,443.0,96,0.6368876080691642,3,1,2
TBV972NP,Violet Mclelland,MG Special,Sumace,Lost,2016-12-12,2017-03-23,0.0,Energy,0,0.0,101,0.6321243523316062,1,1,2
EJMX0EIJ,Darcel Schlecht,GTX Plus Pro,Betatech,Won,2016-12-13,2017-03-20,4278.0,Public Sector,1,4278.0,97,0.6311030741410488,3,1,2
VR9NYBOV,Garret Kinder,MG Special,Kinnamplus,Won,2016-12-13,2017-03-06,41.0,Telecom,1,41.0,83,0.6097560975609756,6,1,0
3U25FK08,Jonathan Berthelot,GTX Basic,Isdom,Won,2016-12-13,2017-03-28,519.0,Retail,1,519.0,105,0.6477272727272727,4,1,0
CRLK4Z1P,Maureen Marcano,GTX Basic,Kan-code,Won,2016-12-13,2017-03-04,524.0,Public Sector,1,524.0,81,0.6995305164319249,3,1,2
OGENAT0L,Zane Levy,GTX Basic,Singletechno,Won,2016-12-13,2017-03-27,552.0,Retail,1,552.0,104,0.6168582375478927,4,1,1
F57JWIDF,Gladys Colclough,GTX Plus Basic,Konmatfix,Won,2016-12-14,2017-03-02,970.0,Shipping,1,970.0,78,0.5818965517241379,5,1,0
LF8JZ3Q5,Kary Hendrixson,GTX Plus Basic,Hatfan,Won,2016-12-14,2017-03-13,1046.0,Public Sector,1,1046.0,89,0.6238805970149254,3,1,2
MRGBSMQ5,Kary Hendrixson,GTX Plus Basic,Sunnamplex,Won,2016-12-14,2017-03-14,988.0,Public Sector,1,988.0,90,0.6238805970149254,3,1,0
CBAV8ZJL,Lajuana Vencill,GTX Basic,Codehow,Won,2016-12-14,2017-03-22,547.0,Telecom,1,547.0,98,0.5497835497835498,6,1,0
NN4DWBVN,Maureen Marcano,GTXPro,Singletechno,Lost,2016-12-14,2017-03-04,0.0,Retail,0,0.0,80,0.6995305164319249,4,1,1
6JXHEZYK,Versie Hillebrand,MG Special,Isdom,Won,2016-12-14,2017-03-31,54.0,Retail,1,54.0,107,0.6666666666666666,4,1,2
WDHNR2EI,Violet Mclelland,MG Special,Silis,Won,2016-12-14,2017-03-20,57.0,Public Sector,1,57.0,96,0.6321243523316062,3,1,2
4K750D6F,Violet Mclelland,MG Special,Yearin,Won,2016-12-14,2017-03-18,55.0,Retail,1,55.0,94,0.6321243523316062,4,1,1
94GI0ZJ7,Anna Snelling,GTX Plus Pro,Stanredtax,Won,2016-12-15,2017-03-15,5765.0,Retail,1,5765.0,90,0.6190476190476191,4,1,1
TODG6DEK,Daniell Hammack,GTX Basic,Bioplex,Won,2016-12-15,2017-03-16,639.0,Retail,1,639.0,91,0.6096256684491979,4,1,2
G0ECB8FS,Kary Hendrixson,GTXPro,Labdrill,Won,2016-12-15,2017-03-15,5100.0,Energy,1,5100.0,90,0.6238805970149254,1,1,2
96MZYUY0,Vicki Laflamme,GTXPro,Fasehatice,Won,2016-12-15,2017-03-07,4906.0,Telecom,1,4906.0,82,0.6368876080691642,6,1,1
JZOKHHWN,Donn Cantrell,GTX Plus Basic,Opentech,Won,2016-12-16,2017-03-07,1037.0,Retail,1,1037.0,81,0.5745454545454546,4,1,0
EH6I67I0,James Ascencio,GTX Basic,Plexzap,Won,2016-12-16,2017-03-15,537.0,Manufacturing,1,537.0,89,0.6553398058252428,2,1,0
JUUXF02Z,Kary Hendrixson,GTXPro,Hatfan,Won,2016-12-16,2017-03-09,4694.0,Public Sector,1,4694.0,83,0.6238805970149254,3,1,1
OT87JDWO,Lajuana Vencill,GTX Basic,Konmatfix,Won,2016-12-16,2017-03-24,560.0,Shipping,1,560.0,98,0.5497835497835498,5,1,0
YHKT6YJ7,Moses Frase,GTX Basic,dambase,Won,2016-12-16,2017-03-13,589.0,Retail,1,589.0,87,0.6615384615384615,4,1,1
H78I3TAY,Reed Clapper,GTX Basic,Mathtouch,Won,2016-12-16,2017-03-14,493.0,Energy,1,493.0,88,0.6540084388185654,1,1,0
1ROC43JK,Versie Hillebrand,MG Special,Betatech,Won,2016-12-16,2017-03-08,50.0,Public Sector,1,50.0,82,0.6666666666666666,3,1,0
LPZLQL48,Vicki Laflamme,GTX Basic,Y-corporation,Won,2016-12-16,2017-03-28,492.0,Manufacturing,1,492.0,102,0.6368876080691642,2,1,2
3KR50X38,Corliss Cosme,GTX Plus Basic,Konex,Won,2016-12-17,2017-03-13,1255.0,Public Sector,1,1255.0,86,0.6550218340611353,3,1,2
Q3WLHRE9,Darcel Schlecht,GTX Basic,Statholdings,Won,2016-12-17,2017-03-04,463.0,Manufacturing,1,463.0,77,0.6311030741410488,2,1,0
IX7UEOAP,Donn Cantrell,GTX Plus Basic,Initech,Lost,2016-12-17,2017-03-27,0.0,Banking,0,0.0,100,0.5745454545454546,0,1,0
NQU62K1H,Donn Cantrell,GTX Basic,Zencorporation,Won,2016-12-17,2017-03-12,605.0,Shipping,1,605.0,85,0.5745454545454546,5,1,2
NAQKOU0T,Hayden Neloms,GTX Plus Basic,Fasehatice,Won,2016-12-17,2017-03-20,1315.0,Telecom,1,1315.0,93,0.7039473684210527,6,1,2
I3V3GUAI,Lajuana Vencill,GTX Basic,Zumgoity,Won,2016-12-17,2017-03-02,559.0,Public Sector,1,559.0,75,0.5497835497835498,3,1,2
PN4VJDXY,Moses Frase,GTX Basic,Rundofase,Won,2016-12-17,2017-03-28,557.0,Public Sector,1,557.0,101,0.6615384615384615,3,1,1
K9D4DQ3R,Rosie Papadopoulos,MG Special,Vehement Capital Partners,Won,2016-12-17,2017-03-02,48.0,Banking,1,48.0,75,0.6446280991735537,0,1,0
9X6V79KE,Versie Hillebrand,GTX Plus Pro,Isdom,Won,2016-12-17,2017-03-25,6282.0,Retail,1,6282.0,98,0.6666666666666666,4,1,2
W1KLFNE4,Anna Snelling,MG Advanced,Isdom,Won,2016-12-18,2017-03-02,3246.0,Retail,1,3246.0,74,0.6190476190476191,4,1,0
GD2OCW12,Darcel Schlecht,GTX Basic,Finhigh,Won,2016-12-18,2017-03-14,514.0,Banking,1,514.0,86,0.6311030741410488,0,1,1
6XO4RYXK,Donn Cantrell,GTX Plus Basic,Silis,Won,2016-12-18,2017-03-15,1132.0,Public Sector,1,1132.0,87,0.5745454545454546,3,1,1
18Y7GRPW,Garret Kinder,GTX Plus Pro,Silis,Won,2016-12-18,2017-03-21,5918.0,Public Sector,1,5918.0,93,0.6097560975609756,3,1,2
127ZPLXQ,Kary Hendrixson,GTXPro,Hottechi,Lost,2016-12-18,2017-03-18,0.0,Public Sector,0,0.0,90,0.6238805970149254,3,1,1
U07C2HEG,Maureen Marcano,MG Special,Kan-code,Lost,2016-12-18,2017-03-14,0.0,Public Sector,0,0.0,86,0.6995305164319249,3,1,0
RNTOJ78L,Rosalina Dieter,MG Special,Hatfan,Lost,2016-12-18,2017-03-13,0.0,Public Sector,0,0.0,85,0.6545454545454545,3,1,2
NLB4D5BQ,Versie Hillebrand,MG Advanced,Gogozoom,Won,2016-12-18,2017-03-24,2955.0,Telecom,1,2955.0,96,0.6666666666666666,6,1,0
FCFDJIEZ,Vicki Laflamme,GTXPro,Fasehatice,Won,2016-12-18,2017-03-21,3742.0,Telecom,1,3742.0,93,0.6368876080691642,6,1,0
YZGDW4G1,Violet Mclelland,MG Special,Initech,Won,2016-12-18,2017-03-14,64.0,Banking,1,64.0,86,0.6321243523316062,0,1,1
G8AO5FA2,Wilburn Farren,MG Advanced,Initech,Lost,2016-12-18,2017-03-27,0.0,Banking,0,0.0,99,0.6962025316455697,0,1,1
LXXW3TRW,Elease Gluck,GTX Plus Basic,Scotfind,Won,2016-12-19,2017-03-18,1164.0,Telecom,1,1164.0,89,0.6349206349206349,6,1,1
8KJ3H262,Elease Gluck,MG Special,Singletechno,Won,2016-12-19,2017-03-07,65.0,Retail,1,65.0,78,0.6349206349206349,4,1,1
88POGNEL,Gladys Colclough,GTX Plus Basic,Cancity,Lost,2016-12-19,2017-03-07,0.0,Public Sector,0,0.0,78,0.5818965517241379,3,1,1
UYP3NNU6,Kami Bicknell,GTX Basic,Groovestreet,Won,2016-12-19,2017-03-16,441.0,Retail,1,441.0,87,0.6397058823529411,4,1,2
S1V8684Y,Marty Freudenburg,GTX Plus Basic,Finhigh,Lost,2016-12-19,2017-03-12,0.0,Banking,0,0.0,83,0.6288659793814433,0,1,0
MOPWEMB5,Vicki Laflamme,GTXPro,Hatfan,Won,2016-12-19,2017-03-16,4907.0,Public Sector,1,4907.0,87,0.6368876080691642,3,1,0
L62MDI48,Anna Snelling,MG Advanced,Isdom,Lost,2016-12-20,2017-03-01,0.0,Retail,0,0.0,71,0.6190476190476191,4,1,0
3EL8D4WO,Darcel Schlecht,MG Advanced,Codehow,Won,2016-12-20,2017-03-25,3269.0,Telecom,1,3269.0,95,0.6311030741410488,6,1,0
VOAN1NXG,Donn Cantrell,GTX Basic,Kinnamplus,Won,2016-12-20,2017-03-12,579.0,Telecom,1,579.0,82,0.5745454545454546,6,1,1
ALW92XQL,Gladys Colclough,GTX Basic,Isdom,Lost,2016-12-20,2017-03-25,0.0,Retail,0,0.0,95,0.5818965517241379,4,1,0
TJ6ZA1M3,Kary Hendrixson,GTX Basic,Dalttechnology,Lost,2016-12-20,2017-03-07,0.0,Shipping,0,0.0,77,0.6238805970149254,5,1,2
FKAFO8O9,Kary Hendrixson,MG Special,Xx-holding,Won,2016-12-20,2017-03-31,51.0,Telecom,1,51.0,101,0.6238805970149254,6,1,2
1XBC7M9F,Markita Hansen,MG Special,Faxquote,Won,2016-12-20,2017-03-08,64.0,Telecom,1,64.0,78,0.5726872246696035,6,1,0
8IXBS90G,Rosie Papadopoulos,MG Special,Donware,Won,2016-12-20,2017-03-08,60.0,Banking,1,60.0,78,0.6446280991735537,0,1,0
2X45BEOS,Cassey Cress,GTX Plus Basic,Ganjaflex,Won,2016-12-21,2017-03-27,1186.0,Retail,1,1186.0,96,0.6245210727969349,4,1,2
EQ8X0QTL,Corliss Cosme,MG Advanced,Yearin,Won,2016-12-21,2017-03-09,3577.0,Retail,1,3577.0,78,0.6550218340611353,4,1,2
5QD53WHF,Daniell Hammack,GTX Plus Basic,Donquadtech,Won,2016-12-21,2017-03-07,1020.0,Shipping,1,1020.0,76,0.6096256684491979,5,1,1
79EABK3X,Hayden Neloms,MG Special,Zoomit,Won,2016-12-21,2017-03-23,53.0,Energy,1,53.0,92,0.7039473684210527,1,1,2
2DKO9X1T,Jonathan Berthelot,GTX Basic,Rundofase,Lost,2016-12-21,2017-03-10,0.0,Public Sector,0,0.0,79,0.6477272727272727,3,1,1
IBDEQVBN,Kary Hendrixson,GTX Basic,Faxquote,Lost,2016-12-21,2017-03-28,0.0,Telecom,0,0.0,97,0.6238805970149254,6,1,1
QZ3VV4C1,Kary Hendrixson,GTXPro,Sunnamplex,Won,2016-12-21,2017-03-08,4719.0,Public Sector,1,4719.0,77,0.6238805970149254,3,1,1
62AK8UWX,Moses Frase,GTX Basic,Codehow,Won,2016-12-21,2017-03-22,546.0,Telecom,1,546.0,91,0.6615384615384615,6,1,1
5QM4ORNT,Niesha Huffines,GTX Plus Basic,Domzoom,Won,2016-12-21,2017-03-21,1212.0,Retail,1,1212.0,90,0.6,4,1,1
S91N9YBL,Vicki Laflamme,GTX Basic,Sunnamplex,Lost,2016-12-21,2017-03-08,0.0,Public Sector,0,0.0,77,0.6368876080691642,3,1,0
44H0FJMH,Anna Snelling,GTX Plus Pro,Bioholding,Lost,2016-12-22,2017-03-27,0.0,Banking,0,0.0,95,0.6190476190476191,0,1,2
N5AZLQZR,Gladys Colclough,GTX Plus Pro,Dontechi,Won,2016-12-22,2017-03-14,5533.0,Shipping,1,5533.0,82,0.5818965517241379,5,1,1
4T295XQL,Kami Bicknell,MG Advanced,Finjob,Won,2016-12-22,2017-03-01,3295.0,Manufacturing,1,3295.0,69,0.6397058823529411,2,1,2
YFS5KLJJ,Rosalina Dieter,MG Special,Finjob,Won,2016-12-22,2017-03-31,45.0,Manufacturing,1,45.0,99,0.6545454545454545,2,1,2
S8GLKDB9,Violet Mclelland,MG Special,Bioplex,Won,2016-12-22,2017-03-04,56.0,Retail,1,56.0,72,0.6321243523316062,4,1,1
01QKN578,Darcel Schlecht,GTXPro,Funholding,Won,2016-12-23,2017-03-20,4247.0,Retail,1,4247.0,87,0.6311030741410488,4,1,0
M0JKP0HT,Gladys Colclough,MG Advanced,Isdom,Won,2016-12-23,2017-03-13,3440.0,Retail,1,3440.0,80,0.5818965517241379,4,1,1
ZC3KKSUK,James Ascencio,GTXPro,Plexzap,Won,2016-12-23,2017-03-02,5040.0,Manufacturing,1,5040.0,69,0.6553398058252428,2,1,0
3X8VLQ5G,Jonathan Berthelot,GTX Basic,Cancity,Won,2016-12-23,2017-03-12,469.0,Public Sector,1,469.0,79,0.6477272727272727,3,1,2
EZLXL6GL,Moses Frase,MG Special,Isdom,Won,2016-12-23,2017-03-07,58.0,Retail,1,58.0,74,0.6615384615384615,4,1,0
R8PEL8V8,Cecily Lampkin,MG Advanced,Isdom,Won,2016-12-24,2017-03-16,2955.0,Retail,1,2955.0,82,0.66875,4,1,0
L1R32S8H,Corliss Cosme,GTX Plus Pro,Condax,Won,2016-12-24,2017-03-26,5228.0,Banking,1,5228.0,92,0.6550218340611353,0,1,0
J7N8J8NM,Darcel Schlecht,MG Advanced,Toughzap,Won,2016-12-24,2017-03-14,3358.0,Retail,1,3358.0,80,0.6311030741410488,4,1,2
TO7PGVP1,Elease Gluck,GTX Plus Pro,Green-Plus,Lost,2016-12-24,2017-03-29,0.0,Retail,0,0.0,95,0.6349206349206349,4,1,2
A051G1B4,Jonathan Berthelot,GTX Basic,Codehow,Won,2016-12-24,2017-03-31,517.0,Telecom,1,517.0,97,0.6477272727272727,6,1,0
NMDMM5YJ,Moses Frase,GTX Basic,Dontechi,Won,2016-12-24,2017-03-03,615.0,Shipping,1,615.0,69,0.6615384615384615,5,1,0
LWPJEV3U,Niesha Huffines,GTX Basic,Domzoom,Lost,2016-12-24,2017-03-10,0.0,Retail,0,0.0,76,0.6,4,1,1
I93ZFHEM,Versie Hillebrand,MG Special,Condax,Won,2016-12-24,2017-03-08,62.0,Banking,1,62.0,74,0.6666666666666666,0,1,0
B2VJCVBB,Darcel Schlecht,GTX Plus Pro,Isdom,Won,2016-12-25,2017-03-13,4711.0,Retail,1,4711.0,78,0.6311030741410488,4,1,1
F90O03ZH,Donn Cantrell,GTXPro,Kinnamplus,Lost,2016-12-25,2017-03-23,0.0,Telecom,0,0.0,88,0.5745454545454546,6,1,0
PC78RLUX,Garret Kinder,GTX Basic,Yearin,Won,2016-12-25,2017-03-30,510.0,Retail,1,510.0,95,0.6097560975609756,4,1,1
X6GL64T5,Gladys Colclough,GTXPro,Warephase,Won,2016-12-25,2017-03-25,4891.0,Retail,1,4891.0,90,0.5818965517241379,4,1,2
OWM3BPGW,Hayden Neloms,GTX Plus Basic,Green-Plus,Won,2016-12-25,2017-03-17,926.0,Retail,1,926.0,82,0.7039473684210527,4,1,0
RP5PS9A5,Lajuana Vencill,MG Special,Betatech,Won,2016-12-25,2017-03-10,56.0,Public Sector,1,56.0,75,0.5497835497835498,3,1,0
F2PW7WP2,Violet Mclelland,MG Special,Ontomedia,Won,2016-12-25,2017-03-05,47.0,Manufacturing,1,47.0,70,0.6321243523316062,2,1,0
GK8YD2XW,Darcel Schlecht,GTX Basic,Rangreen,Lost,2016-12-26,2017-03-23,0.0,Energy,0,0.0,87,0.6311030741410488,1,1,0
U4LRR9E9,James Ascencio,GTX Plus Pro,Nam-zim,Won,2016-12-26,2017-03-10,6490.0,Energy,1,6490.0,74,0.6553398058252428,1,1,1
9N55D1AH,Niesha Huffines,MG Advanced,Treequote,Won,2016-12-26,2017-03-02,3841.0,Retail,1,3841.0,66,0.6,4,1,0
WI4PODA2,Kary Hendrixson,GTX Plus Pro,Faxquote,Won,2016-12-27,2017-03-15,5256.0,Telecom,1,5256.0,78,0.6238805970149254,6,1,2
VF1V41RI,Markita Hansen,MG Special,Kan-code,Lost,2016-12-27,2017-03-28,0.0,Public Sector,0,0.0,91,0.5726872246696035,3,1,2
1B4L7TNG,Markita Hansen,MG Advanced,Sonron,Lost,2016-12-27,2017-03-25,0.0,Manufacturing,0,0.0,88,0.5726872246696035,2,1,0
MZAN11FT,Anna Snelling,GTX Basic,Conecom,Won,2016-12-28,2017-03-01,625.0,Shipping,1,625.0,63,0.6190476190476191,5,1,2
0IO00FNS,Darcel Schlecht,GTXPro,Warephase,Lost,2016-12-28,2017-03-16,0.0,Retail,0,0.0,78,0.6311030741410488,4,1,0
8S6TNXYB,Darcel Schlecht,GTXPro,Conecom,Won,2016-12-28,2017-03-22,3952.0,Shipping,1,3952.0,84,0.6311030741410488,5,1,0
MOLGOSGE,Kary Hendrixson,GTX Plus Pro,Konex,Won,2016-12-28,2017-03-13,5515.0,Public Sector,1,5515.0,75,0.6238805970149254,3,1,2
FA1VHZSV,Reed Clapper,MG Special,Vehement Capital Partners,Won,2016-12-28,2017-03-16,57.0,Banking,1,57.0,78,0.6540084388185654,0,1,0
PXQEX039,Versie Hillebrand,MG Special,Konmatfix,Won,2016-12-28,2017-03-28,51.0,Shipping,1,51.0,90,0.6666666666666666,5,1,2
RX56S6G3,Vicki Laflamme,MG Advanced,Fasehatice,Won,2016-12-28,2017-03-13,3803.0,Telecom,1,3803.0,75,0.6368876080691642,6,1,1
G4F8W039,Anna Snelling,GTX Plus Pro,Rundofase,Won,2016-12-29,2017-03-27,5459.0,Public Sector,1,5459.0,88,0.6190476190476191,3,1,0
4T31MWVO,Anna Snelling,MG Advanced,Stanredtax,Won,2016-12-29,2017-03-23,4148.0,Retail,1,4148.0,84,0.6190476190476191,4,1,1
83XN082U,Corliss Cosme,GTX Plus Pro,Ganjaflex,Won,2016-12-29,2017-03-23,5002.0,Retail,1,5002.0,84,0.6550218340611353,4,1,2
J21W3WIW,Corliss Cosme,MG Advanced,Gekko & Co,Won,2016-12-29,2017-03-03,3351.0,Telecom,1,3351.0,64,0.6550218340611353,6,1,1
52UPJFYI,Gladys Colclough,GTX Basic,Domzoom,Won,2016-12-29,2017-03-19,571.0,Retail,1,571.0,80,0.5818965517241379,4,1,1
QOL51JIB,James Ascencio,GTX Basic,Goodsilron,Won,2016-12-29,2017-03-10,601.0,Energy,1,601.0,71,0.6553398058252428,1,1,2
93AGN8A6,Markita Hansen,GTX Basic,Zoomit,Won,2016-12-29,2017-03-13,576.0,Energy,1,576.0,74,0.5726872246696035,1,1,1
J7UNJFJL,Marty Freudenburg,MG Special,Funholding,Won,2016-12-29,2017-03-03,52.0,Retail,1,52.0,64,0.6288659793814433,4,1,1
A4H5ESTU,Maureen Marcano,GTX Plus Basic,Fasehatice,Won,2016-12-29,2017-03-13,1185.0,Telecom,1,1185.0,74,0.6995305164319249,6,1,2
8EZ04VQB,Reed Clapper,GTX Plus Basic,Gekko & Co,Lost,2016-12-29,2017-03-28,0.0,Telecom,0,0.0,89,0.6540084388185654,6,1,1
4501T63I,Rosalina Dieter,MG Special,Plexzap,Won,2016-12-29,2017-03-14,56.0,Manufacturing,1,56.0,75,0.6545454545454545,2,1,2
FPNGEJRC,Violet Mclelland,MG Special,Opentech,Won,2016-12-29,2017-03-29,54.0,Retail,1,54.0,90,0.6321243523316062,4,1,1
S33WRL0Y,Zane Levy,GTXPro,Xx-holding,Won,2016-12-29,2017-03-13,4818.0,Telecom,1,4818.0,74,0.6168582375478927,6,1,2
Q7IRUJK7,Anna Snelling,GTX Plus Pro,Codehow,Won,2017-01-01,2017-03-01,5087.0,Telecom,1,5087.0,59,0.6190476190476191,6,1,2
DTZPYISJ,Daniell Hammack,GTX Plus Basic,Opentech,Won,2017-01-01,2017-03-19,1116.0,Retail,1,1116.0,77,0.6096256684491979,4,1,1
Y9HWSG8Z,Darcel Schlecht,GTX Basic,Gogozoom,Won,2017-01-01,2017-03-20,510.0,Telecom,1,510.0,78,0.6311030741410488,6,1,1
JOQCXC9Z,Jonathan Berthelot,GTX Basic,Streethex,Won,2017-01-01,2017-03-16,565.0,Banking,1,565.0,74,0.6477272727272727,0,1,1
AP7PCLAZ,Kami Bicknell,GTX Basic,Finjob,Won,2017-01-01,2017-03-26,633.0,Manufacturing,1,633.0,84,0.6397058823529411,2,1,0
BIE471SO,Reed Clapper,MG Advanced,Xx-zobam,Won,2017-01-01,2017-03-29,3962.0,Manufacturing,1,3962.0,87,0.6540084388185654,2,1,0
UA8AWDG4,Vicki Laflamme,MG Advanced,Y-corporation,Won,2017-01-01,2017-03-22,3672.0,Manufacturing,1,3672.0,80,0.6368876080691642,2,1,0
FZDRB789,Zane Levy,GTXPro,Goodsilron,Won,2017-01-01,2017-03-18,4586.0,Energy,1,4586.0,76,0.6168582375478927,1,1,2
PC1NUL8Q,Anna Snelling,MG Special,Hottechi,Won,2017-01-02,2017-03-02,60.0,Public Sector,1,60.0,59,0.6190476190476191,3,1,1
F1X5ZJ7V,Jonathan Berthelot,GTX Basic,Dontechi,Won,2017-01-02,2017-05-04,572.0,Shipping,1,572.0,122,0.6477272727272727,5,1,2
IF7MJ88P,Kary Hendrixson,GTX Basic,Goodsilron,Won,2017-01-02,2017-03-01,550.0,Energy,1,550.0,58,0.6238805970149254,1,1,0
06B7XWPC,Kary Hendrixson,GTXPro,Sonron,Won,2017-01-02,2017-03-17,4125.0,Manufacturing,1,4125.0,74,0.6238805970149254,2,1,1
12MQ3WM8,Marty Freudenburg,MG Advanced,Zumgoity,Won,2017-01-02,2017-03-10,3647.0,Public Sector,1,3647.0,67,0.6288659793814433,3,1,2
91M6FY8S,Moses Frase,GTX Basic,Dontechi,Won,2017-01-02,2017-03-21,573.0,Shipping,1,573.0,78,0.6615384615384615,5,1,1
0LNZRNEU,Violet Mclelland,GTX Basic,Zencorporation,Won,2017-01-02,2017-03-29,542.0,Shipping,1,542.0,86,0.6321243523316062,5,1,2
NKOKUS7D,Cassey Cress,MG Advanced,Donware,Won,2017-01-03,2017-03-12,3479.0,Banking,1,3479.0,68,0.6245210727969349,0,1,1
NF6GCTMV,Daniell Hammack,MG Advanced,Ganjaflex,Lost,2017-01-03,2017-03-22,0.0,Retail,0,0.0,78,0.6096256684491979,4,1,0
I4UCA7CU,Darcel Schlecht,GTX Plus Basic,Stanredtax,Won,2017-01-03,2017-03-21,1012.0,Retail,1,1012.0,77,0.6311030741410488,4,1,0
1LI7ETNZ,James Ascencio,GTX Plus Basic,Doncon,Won,2017-01-03,2017-03-06,990.0,Shipping,1,990.0,62,0.6553398058252428,5,1,1
N36DEZBR,James Ascencio,GTXPro,Sunnamplex,Won,2017-01-03,2017-03-18,4374.0,Public Sector,1,4374.0,74,0.6553398058252428,3,1,2
77ZECYVJ,Kary Hendrixson,GTX Basic,Finjob,Lost,2017-01-03,2017-03-17,0.0,Manufacturing,0,0.0,73,0.6238805970149254,2,1,0
IRB461Y7,Kary Hendrixson,GTX Plus Basic,Xx-holding,Won,2017-01-03,2017-03-30,1054.0,Telecom,1,1054.0,86,0.6238805970149254,6,1,0
NM2Q3CGW,Vicki Laflamme,MG Special,Scotfind,Won,2017-01-03,2017-03-15,55.0,Telecom,1,55.0,71,0.6368876080691642,6,1,0
OEEUEIPJ,Violet Mclelland,MG Special,Ganjaflex,Lost,2017-01-03,2017-03-05,0.0,Retail,0,0.0,61,0.6321243523316062,4,1,1
5E14LG51,Boris Faz,GTX Plus Basic,Iselectrics,Won,2017-01-04,2017-03-25,1073.0,Energy,1,1073.0,80,0.6601307189542484,1,1,1
TIAGZQ54,Cecily Lampkin,MG Advanced,Genco Pura Olive Oil Company,Lost,2017-01-04,2017-03-20,0.0,Manufacturing,0,0.0,75,0.66875,2,1,2
CRX91A45,Kary Hendrixson,GTX Basic,Faxquote,Won,2017-01-04,2017-03-16,586.0,Telecom,1,586.0,71,0.6238805970149254,6,1,2
ZOQ8RC86,Marty Freudenburg,GTXPro,Treequote,Won,2017-01-04,2017-05-05,4667.0,Retail,1,4667.0,121,0.6288659793814433,4,1,2
SV4SOO2K,Vicki Laflamme,GTX Plus Basic,Hottechi,Won,2017-01-04,2017-03-28,880.0,Public Sector,1,880.0,83,0.6368876080691642,3,1,1
ITHR5WLF,Vicki Laflamme,MG Advanced,Plexzap,Won,2017-01-04,2017-03-12,3676.0,Manufacturing,1,3676.0,67,0.6368876080691642,2,1,1
279625VN,Anna Snelling,MG Advanced,Funholding,Lost,2017-01-05,2017-03-25,0.0,Retail,0,0.0,79,0.6190476190476191,4,1,2
RK52YU8S,Darcel Schlecht,GTXPro,Treequote,Lost,2017-01-05,2017-03-09,0.0,Retail,0,0.0,63,0.6311030741410488,4,1,2
E8EY51IC,Garret Kinder,GTX Plus Basic,Opentech,Lost,2017-01-05,2017-03-26,0.0,Retail,0,0.0,80,0.6097560975609756,4,1,1
HG07LMHI,Jonathan Berthelot,GTXPro,Treequote,Won,2017-01-05,2017-03-19,4716.0,Retail,1,4716.0,73,0.6477272727272727,4,1,2
85XNDIK1,Kary Hendrixson,GTX Basic,Blackzim,Lost,2017-01-05,2017-03-30,0.0,Telecom,0,0.0,84,0.6238805970149254,6,1,0
2U54WYQ1,Vicki Laflamme,GTXPro,Goodsilron,Won,2017-01-05,2017-03-23,4211.0,Energy,1,4211.0,77,0.6368876080691642,1,1,1
VCA1WAB0,Anna Snelling,MG Advanced,Funholding,Lost,2017-01-06,2017-03-21,0.0,Retail,0,0.0,74,0.6190476190476191,4,1,2
MXNVX2AM,Darcel Schlecht,GTXPro,Codehow,Lost,2017-01-06,2017-03-18,0.0,Telecom,0,0.0,71,0.6311030741410488,6,1,1
1G866GH4,Darcel Schlecht,MG Special,Toughzap,Won,2017-01-06,2017-03-17,56.0,Retail,1,56.0,70,0.6311030741410488,4,1,0
WDG0B1IR,Gladys Colclough,MG Special,Rundofase,Lost,2017-01-06,2017-03-23,0.0,Public Sector,0,0.0,76,0.5818965517241379,3,1,1
Q5CABPMO,Gladys Colclough,MG Special,Funholding,Won,2017-01-06,2017-03-23,44.0,Retail,1,44.0,76,0.5818965517241379,4,1,1
HHBA93J5,Kary Hendrixson,GTX Basic,Konex,Won,2017-01-06,2017-03-27,532.0,Public Sector,1,532.0,80,0.6238805970149254,3,1,1
R0W6A9BG,Lajuana Vencill,GTX Basic,Treequote,Lost,2017-01-06,2017-05-10,0.0,Retail,0,0.0,124,0.5497835497835498,4,1,1
P5EGQ0HI,Lajuana Vencill,GTX Basic,Zumgoity,Lost,2017-01-06,2017-03-20,0.0,Public Sector,0,0.0,73,0.5497835497835498,3,1,0
L1EJIE5L,Reed Clapper,GTXPro,Kinnamplus,Lost,2017-01-06,2017-03-17,0.0,Telecom,0,0.0,70,0.6540084388185654,6,1,1
S3XI6YB3,Versie Hillebrand,GTX Basic,Domzoom,Lost,2017-01-06,2017-03-24,0.0,Retail,0,0.0,77,0.6666666666666666,4,1,1
BBC3JB3H,Anna Snelling,GTX Basic,Isdom,Won,2017-01-07,2017-03-08,622.0,Retail,1,622.0,60,0.6190476190476191,4,1,2
7XVLKX8G,Cecily Lampkin,GTX Plus Pro,Cancity,Lost,2017-01-07,2017-03-05,0.0,Public Sector,0,0.0,57,0.66875,3,1,1
OX4P78HP,Corliss Cosme,GTX Plus Basic,Xx-zobam,Won,2017-01-07,2017-03-16,1257.0,Manufacturing,1,1257.0,68,0.6550218340611353,2,1,2
72LNJRY9,Maureen Marcano,GTX Plus Basic,Lexiqvolax,Won,2017-01-07,2017-03-25,1135.0,Public Sector,1,1135.0,77,0.6995305164319249,3,1,0
8C2WG2FB,Zane Levy,MG Advanced,Hottechi,Lost,2017-01-07,2017-03-28,0.0,Public Sector,0,0.0,80,0.6168582375478927,3,1,0
L0345WKB,Zane Levy,GTXPro,Newex,Won,2017-01-07,2017-03-14,4313.0,Energy,1,4313.0,66,0.6168582375478927,1,1,0
S24L8LVR,Anna Snelling,GTX Plus Pro,dambase,Won,2017-01-08,2017-03-18,5210.0,Retail,1,5210.0,69,0.6190476190476191,4,1,0
JXWXEJXE,Lajuana Vencill,MG Special,Ron-tech,Won,2017-01-08,2017-03-27,47.0,Manufacturing,1,47.0,78,0.5497835497835498,2,1,2
W2JCRPLX,Markita Hansen,MG Advanced,Konex,Won,2017-01-08,2017-03-22,3220.0,Public Sector,1,3220.0,73,0.5726872246696035,3,1,1
1M2I2NXQ,Rosie Papadopoulos,MG Special,Donware,Won,2017-01-08,2017-03-26,47.0,Banking,1,47.0,77,0.6446280991735537,0,1,0
54EGR0AD,Violet Mclelland,MG Special,Yearin,Won,2017-01-08,2017-03-25,63.0,Retail,1,63.0,76,0.6321243523316062,4,1,1
VT5Y73GX,Anna Snelling,MG Special,Betatech,Won,2017-01-09,2017-03-15,56.0,Public Sector,1,56.0,65,0.6190476190476191,3,1,2
8O9V7UOZ,Anna Snelling,MG Special,Rundofase,Won,2017-01-09,2017-03-01,65.0,Public Sector,1,65.0,51,0.6190476190476191,3,1,2
GIIC5H9X,Boris Faz,GTX Plus Pro,Donquadtech,Won,2017-01-09,2017-03-19,5743.0,Shipping,1,5743.0,69,0.6601307189542484,5,1,2
9WMU7YHD,Cassey Cress,MG Special,Mathtouch,Won,2017-01-09,2017-03-03,53.0,Energy,1,53.0,53,0.6245210727969349,1,1,0
8BQMFR86,Corliss Cosme,GTX Plus Pro,Betasoloin,Won,2017-01-09,2017-03-30,4974.0,Banking,1,4974.0,80,0.6550218340611353,0,1,1
DDCC6ZPK,Donn Cantrell,MG Advanced,Ontomedia,Won,2017-01-09,2017-03-25,3892.0,Manufacturing,1,3892.0,75,0.5745454545454546,2,1,1
YMGWLEHY,Garret Kinder,GTXPro,Betasoloin,Won,2017-01-09,2017-03-21,3822.0,Banking,1,3822.0,71,0.6097560975609756,0,1,1
FKS9MVF6,Jonathan Berthelot,GTX Basic,Inity,Won,2017-01-09,2017-03-02,504.0,Manufacturing,1,504.0,52,0.6477272727272727,2,1,2
HF8ABDF6,Rosalina Dieter,MG Advanced,Xx-holding,Won,2017-01-09,2017-03-29,3145.0,Telecom,1,3145.0,79,0.6545454545454545,6,1,0
SIRC44NM,Vicki Laflamme,GTX Basic,Finjob,Won,2017-01-09,2017-03-27,564.0,Manufacturing,1,564.0,77,0.6368876080691642,2,1,2
7S6SHJJG,Zane Levy,GTX Plus Basic,Fasehatice,Won,2017-01-09,2017-03-14,1117.0,Telecom,1,1117.0,64,0.6168582375478927,6,1,2
ZE84UHHB,Anna Snelling,MG Special,Inity,Won,2017-01-10,2017-03-26,59.0,Manufacturing,1,59.0,75,0.6190476190476191,2,1,1
2R3ZA84D,Darcel Schlecht,MG Special,Finhigh,Won,2017-01-10,2017-03-28,52.0,Banking,1,52.0,77,0.6311030741410488,0,1,2
LTTYTAXA,Donn Cantrell,GTXPro,Kan-code,Won,2017-01-10,2017-03-24,4694.0,Public Sector,1,4694.0,73,0.5745454545454546,3,1,1
ZWFPD71J,Kami Bicknell,GTXPro,Plusstrip,Won,2017-01-10,2017-03-06,5620.0,Public Sector,1,5620.0,55,0.6397058823529411,3,1,0
T5C527Z9,Kary Hendrixson,GTX Plus Basic,Singletechno,Won,2017-01-10,2017-03-08,1095.0,Retail,1,1095.0,57,0.6238805970149254,4,1,1
XC4LTIEO,Lajuana Vencill,GTX Basic,Conecom,Lost,2017-01-10,2017-05-02,0.0,Shipping,0,0.0,112,0.5497835497835498,5,1,0
AEBF9M5T,Lajuana Vencill,GTX Basic,Ron-tech,Won,2017-01-10,2017-03-30,489.0,Manufacturing,1,489.0,79,0.5497835497835498,2,1,1
EV46ES18,Markita Hansen,GTX Plus Pro,Golddex,Won,2017-01-10,2017-03-16,5908.0,Manufacturing,1,5908.0,65,0.5726872246696035,2,1,2
ID3IJHUS,Markita Hansen,MG Advanced,Xx-holding,Won,2017-01-10,2017-03-11,3820.0,Telecom,1,3820.0,60,0.5726872246696035,6,1,2
YBJ72HKE,Maureen Marcano,GTX Plus Basic,Hottechi,Lost,2017-01-10,2017-03-12,0.0,Public Sector,0,0.0,61,0.6995305164319249,3,1,0
5DEO8EDS,Vicki Laflamme,GTX Basic,Rantouch,Won,2017-01-10,2017-03-20,581.0,Energy,1,581.0,69,0.6368876080691642,1,1,0
WPXAMXD2,Darcel Schlecht,GTX Plus Pro,Funholding,Lost,2017-01-11,2017-03-10,0.0,Retail,0,0.0,58,0.6311030741410488,4,1,0
A4BBDK82,Jonathan Berthelot,GTX Basic,Gogozoom,Won,2017-01-11,2017-03-28,585.0,Telecom,1,585.0,76,0.6477272727272727,6,1,1
4XCJP60W,Kami Bicknell,GTX Basic,Nam-zim,Won,2017-01-11,2017-05-06,572.0,Energy,1,572.0,115,0.6397058823529411,1,1,1
CDKX2A19,Lajuana Vencill,MG Advanced,Zumgoity,Won,2017-01-11,2017-03-12,3669.0,Public Sector,1,3669.0,60,0.5497835497835498,3,1,0
344I60EI,Markita Hansen,GTX Plus Basic,Golddex,Won,2017-01-11,2017-03-16,1091.0,Manufacturing,1,1091.0,64,0.5726872246696035,2,1,2
YI30GSB5,Marty Freudenburg,GTX Plus Basic,Rangreen,Lost,2017-01-11,2017-03-31,0.0,Energy,0,0.0,79,0.6288659793814433,1,1,1
0IYQX303,Reed Clapper,GTXPro,Donquadtech,Won,2017-01-11,2017-03-17,4905.0,Shipping,1,4905.0,65,0.6540084388185654,5,1,1
6IMUQYMN,Corliss Cosme,GTX Basic,Vehement Capital Partners,Won,2017-01-12,2017-03-10,540.0,Banking,1,540.0,57,0.6550218340611353,0,1,1
N9GAZ6B6,Gladys Colclough,MG Special,Zumgoity,Won,2017-01-12,2017-03-20,49.0,Public Sector,1,49.0,67,0.5818965517241379,3,1,0
8O3IYWSM,Jonathan Berthelot,GTX Basic,Globex Corporation,Won,2017-01-12,2017-05-17,513.0,Retail,1,513.0,125,0.6477272727272727,4,1,0
R3OR0J5C,Lajuana Vencill,MG Special,Gogozoom,Won,2017-01-12,2017-03-30,54.0,Telecom,1,54.0,77,0.5497835497835498,6,1,0
RXV4UXRE,Violet Mclelland,MG Special,Yearin,Won,2017-01-12,2017-03-23,56.0,Retail,1,56.0,70,0.6321243523316062,4,1,0
5AKGNKX1,Anna Snelling,MG Special,Konmatfix,Won,2017-01-13,2017-03-16,58.0,Shipping,1,58.0,62,0.6190476190476191,5,1,0
KNLMLTJH,Anna Snelling,MG Special,Treequote,Won,2017-01-13,2017-03-27,58.0,Retail,1,58.0,73,0.6190476190476191,4,1,2
G9GH5KV5,Kami Bicknell,GTXPro,Nam-zim,Won,2017-01-13,2017-03-21,4453.0,Energy,1,4453.0,67,0.6397058823529411,1,1,2
H06UZJH8,Kary Hendrixson,MG Special,Plusstrip,Lost,2017-01-13,2017-05-08,0.0,Public Sector,0,0.0,115,0.6238805970149254,3,1,0
K1RXVUG9,Kary Hendrixson,GTX Basic,Nam-zim,Won,2017-01-13,2017-03-14,619.0,Energy,1,619.0,60,0.6238805970149254,1,1,1
1QT3STIA,Maureen Marcano,GTX Plus Pro,Xx-holding,Won,2017-01-13,2017-05-14,5163.0,Telecom,1,5163.0,121,0.6995305164319249,6,1,0
070M5M6X,Maureen Marcano,GTXPro,Green-Plus,Won,2017-01-13,2017-03-25,4071.0,Retail,1,4071.0,71,0.6995305164319249,4,1,2
DFTR2O9K,Reed Clapper,MG Special,Donquadtech,Won,2017-01-13,2017-05-08,56.0,Shipping,1,56.0,115,0.6540084388185654,5,1,2
S9MECO24,Violet Mclelland,MG Advanced,Sumace,Lost,2017-01-13,2017-03-31,0.0,Energy,0,0.0,77,0.6321243523316062,1,1,1
EJSFO67U,Donn Cantrell,GTXPro,Zotware,Won,2017-01-14,2017-03-29,4375.0,Banking,1,4375.0,74,0.5745454545454546,0,1,2
SKTD4GGU,Kami Bicknell,GTX Basic,Golddex,Won,2017-01-14,2017-03-28,610.0,Manufacturing,1,610.0,73,0.6397058823529411,2,1,0
SNAPG5KC,Vicki Laflamme,MG Advanced,Hatfan,Lost,2017-01-14,2017-05-05,0.0,Public Sector,0,0.0,111,0.6368876080691642,3,1,1
561707V4,Vicki Laflamme,GTXPro,Xx-holding,Won,2017-01-14,2017-03-17,4554.0,Telecom,1,4554.0,62,0.6368876080691642,6,1,0
J28ZRO9G,Wilburn Farren,MG Advanced,Konex,Won,2017-01-14,2017-05-18,2880.0,Public Sector,1,2880.0,124,0.6962025316455697,3,1,0
KZ8Q0AFX,Corliss Cosme,GTX Plus Basic,Initech,Lost,2017-01-15,2017-05-02,0.0,Banking,0,0.0,107,0.6550218340611353,0,1,1
AOOFHH6F,Markita Hansen,MG Special,Scotfind,Won,2017-01-15,2017-05-18,60.0,Telecom,1,60.0,123,0.5726872246696035,6,1,0
5U9Y1P87,Maureen Marcano,GTX Basic,Condax,Won,2017-01-15,2017-03-21,688.0,Banking,1,688.0,65,0.6995305164319249,0,1,2
J0Y91LUA,Maureen Marcano,GTX Plus Pro,Goodsilron,Won,2017-01-15,2017-03-22,6142.0,Energy,1,6142.0,66,0.6995305164319249,1,1,0
YBRZQFEO,Maureen Marcano,GTXPro,Green-Plus,Won,2017-01-15,2017-03-31,4939.0,Retail,1,4939.0,75,0.6995305164319249,4,1,1
PHR8KB1Y,Niesha Huffines,GTX Plus Pro,Warephase,Won,2017-01-15,2017-05-15,6270.0,Retail,1,6270.0,120,0.6,4,1,1
TBZMXKH4,Wilburn Farren,MG Advanced,Acme Corporation,Won,2017-01-15,2017-03-29,3833.0,Shipping,1,3833.0,73,0.6962025316455697,5,1,1
WNXZ1FGS,Daniell Hammack,GTX Plus Basic,Bubba Gump,Lost,2017-01-16,2017-03-28,0.0,Retail,0,0.0,71,0.6096256684491979,4,1,0
6389JY2H,Moses Frase,MG Special,Hottechi,Won,2017-01-16,2017-06-02,57.0,Public Sector,1,57.0,137,0.6615384615384615,3,1,1
SZ81H1PM,Versie Hillebrand,MG Special,Cancity,Won,2017-01-16,2017-03-17,47.0,Public Sector,1,47.0,60,0.6666666666666666,3,1,1
M842E8JB,Violet Mclelland,MG Special,Donware,Lost,2017-01-16,2017-03-13,0.0,Banking,0,0.0,56,0.6321243523316062,0,1,0
JRJ7DBW5,Daniell Hammack,MG Advanced,Plussunin,Lost,2017-01-17,2017-03-19,0.0,Energy,0,0.0,61,0.6096256684491979,1,1,2
N9C0OCYY,Gladys Colclough,MG Special,Inity,Won,2017-01-17,2017-05-04,57.0,Manufacturing,1,57.0,107,0.5818965517241379,2,1,0
R7XZAIWS,Jonathan Berthelot,MG Advanced,Genco Pura Olive Oil Company,Won,2017-01-17,2017-03-14,3257.0,Manufacturing,1,3257.0,56,0.6477272727272727,2,1,1
FFO5WOHT,Kami Bicknell,GTX Basic,Sunnamplex,Won,2017-01-17,2017-05-08,511.0,Public Sector,1,511.0,111,0.6397058823529411,3,1,1
XHHJ48MJ,Kami Bicknell,GTX Basic,Y-corporation,Won,2017-01-17,2017-03-14,607.0,Manufacturing,1,607.0,56,0.6397058823529411,2,1,0
YAR5GGA4,Markita Hansen,GTX Plus Pro,Cheers,Won,2017-01-17,2017-03-29,5120.0,Telecom,1,5120.0,71,0.5726872246696035,6,1,2
NOVPMLOV,Niesha Huffines,GTX Plus Basic,Hottechi,Won,2017-01-17,2017-03-23,1343.0,Public Sector,1,1343.0,65,0.6,3,1,1
UPHN2I1Q,Niesha Huffines,MG Special,Rundofase,Won,2017-01-17,2017-05-14,55.0,Public Sector,1,55.0,117,0.6,3,1,1
NN9R2Y4W,Vicki Laflamme,MG Special,Faxquote,Won,2017-01-17,2017-03-30,49.0,Telecom,1,49.0,72,0.6368876080691642,6,1,1
977FJ9QQ,Boris Faz,GTX Basic,The New York Inquirer,Lost,2017-01-18,2017-03-29,0.0,Banking,0,0.0,70,0.6601307189542484,0,1,0
A6Y1V5Z0,Garret Kinder,GTXPro,Zotware,Won,2017-01-18,2017-06-04,4426.0,Banking,1,4426.0,137,0.6097560975609756,0,1,1
NU8LWEWU,James Ascencio,GTX Plus Pro,Groovestreet,Won,2017-01-18,2017-05-03,5264.0,Retail,1,5264.0,105,0.6553398058252428,4,1,2
PFHS80CR,Jonathan Berthelot,GTXPro,Conecom,Lost,2017-01-18,2017-05-20,0.0,Shipping,0,0.0,122,0.6477272727272727,5,1,1
904203D6,Moses Frase,MG Special,Dontechi,Won,2017-01-18,2017-03-29,59.0,Shipping,1,59.0,70,0.6615384615384615,5,1,1
Z0TSV030,Garret Kinder,GTX Basic,Opentech,Won,2017-01-19,2017-03-30,617.0,Retail,1,617.0,70,0.6097560975609756,4,1,2
8C4QM1X6,Gladys Colclough,GTX Basic,Codehow,Won,2017-01-19,2017-06-04,565.0,Telecom,1,565.0,136,0.5818965517241379,6,1,1
NOPI41RP,James Ascencio,GTX Basic,Sonron,Won,2017-01-19,2017-03-01,511.0,Manufacturing,1,511.0,41,0.6553398058252428,2,1,0
2536CW3V,Kami Bicknell,GTX Plus Basic,Rantouch,Lost,2017-01-19,2017-05-08,0.0,Energy,0,0.0,109,0.6397058823529411,1,1,0
AC5YXLIR,Kary Hendrixson,MG Special,Faxquote,Won,2017-01-19,2017-03-30,60.0,Telecom,1,60.0,70,0.6238805970149254,6,1,0
HSGJKH6U,Kary Hendrixson,MG Advanced,Plexzap,Won,2017-01-19,2017-03-29,3407.0,Manufacturing,1,3407.0,69,0.6238805970149254,2,1,2
4TZF9N1D,Kary Hendrixson,MG Advanced,Xx-holding,Won,2017-01-19,2017-03-28,3273.0,Telecom,1,3273.0,68,0.6238805970149254,6,1,1
HNKZ2IC6,Markita Hansen,GTX Plus Basic,Y-corporation,Lost,2017-01-19,2017-03-26,0.0,Manufacturing,0,0.0,66,0.5726872246696035,2,1,0
BB6TCH8B,Markita Hansen,MG Special,Sunnamplex,Lost,2017-01-19,2017-05-05,0.0,Public Sector,0,0.0,106,0.5726872246696035,3,1,2
IMTPZV7J,Moses Frase,MG Advanced,Gogozoom,Won,2017-01-19,2017-05-01,3363.0,Telecom,1,3363.0,102,0.6615384615384615,6,1,1
6NXY7144,Vicki Laflamme,GTX Basic,Xx-holding,Won,2017-01-19,2017-03-31,365.0,Telecom,1,365.0,71,0.6368876080691642,6,1,2
KBKHKULU,Zane Levy,GTX Plus Pro,Lexiqvolax,Won,2017-01-19,2017-03-18,4869.0,Public Sector,1,4869.0,58,0.6168582375478927,3,1,0
INMJIFTF,Corliss Cosme,GTX Basic,Ontomedia,Won,2017-01-20,2017-06-06,599.0,Manufacturing,1,599.0,137,0.6550218340611353,2,1,0
FUVQ5UKB,Daniell Hammack,MG Advanced,Konex,Won,2017-01-20,2017-05-20,3194.0,Public Sector,1,3194.0,120,0.6096256684491979,3,1,0
O462ARMZ,Garret Kinder,GTX Plus Pro,Condax,Won,2017-01-20,2017-06-05,5429.0,Banking,1,5429.0,136,0.6097560975609756,0,1,2
6DCKCXDC,Jonathan Berthelot,GTXPro,Hottechi,Won,2017-01-20,2017-05-05,5008.0,Public Sector,1,5008.0,105,0.6477272727272727,3,1,2
QVF0JRM5,Jonathan Berthelot,MG Advanced,Domzoom,Won,2017-01-20,2017-03-28,3459.0,Retail,1,3459.0,67,0.6477272727272727,4,1,0
7QGG2LO3,Kary Hendrixson,GTXPro,Xx-holding,Lost,2017-01-20,2017-05-25,0.0,Telecom,0,0.0,125,0.6238805970149254,6,1,2
Y6HNPIIT,Kary Hendrixson,GTXPro,Hottechi,Won,2017-01-20,2017-03-07,4559.0,Public Sector,1,4559.0,46,0.6238805970149254,3,1,0
IBKRO1AN,Kary Hendrixson,GTXPro,Labdrill,Won,2017-01-20,2017-03-28,4221.0,Energy,1,4221.0,67,0.6238805970149254,1,1,0
3TDWLPMV,Lajuana Vencill,MG Advanced,Warephase,Lost,2017-01-20,2017-03-11,0.0,Retail,0,0.0,50,0.5497835497835498,4,1,1
JN1ZFD18,Lajuana Vencill,MG Special,Domzoom,Won,2017-01-20,2017-03-06,56.0,Retail,1,56.0,45,0.5497835497835498,4,1,2
ZE7ILYKB,Markita Hansen,GTXPro,Nam-zim,Won,2017-01-20,2017-05-03,5508.0,Energy,1,5508.0,103,0.5726872246696035,1,1,0
SRFVQ0HG,Moses Frase,GTX Plus Basic,Codehow,Lost,2017-01-20,2017-03-24,0.0,Telecom,0,0.0,63,0.6615384615384615,6,1,0
D7H1EGS9,Zane Levy,GTX Basic,Lexiqvolax,Lost,2017-01-20,2017-03-20,0.0,Public Sector,0,0.0,59,0.6168582375478927,3,1,2
1DDW2GQW,Anna Snelling,MG Advanced,Cancity,Lost,2017-01-21,2017-03-09,0.0,Public Sector,0,0.0,47,0.6190476190476191,3,1,1
WPGTHV8V,Darcel Schlecht,GTX Basic,Ron-tech,Won,2017-01-21,2017-03-19,657.0,Manufacturing,1,657.0,57,0.6311030741410488,2,1,1
6GNJMYMO,Kami Bicknell,GTXPro,J-Texon,Lost,2017-01-21,2017-05-05,0.0,Telecom,0,0.0,104,0.6397058823529411,6,1,0
GWAT8UWK,Lajuana Vencill,GTX Basic,Scottech,Won,2017-01-21,2017-03-25,638.0,Banking,1,638.0,63,0.5497835497835498,0,1,2
IZD69C5Q,Marty Freudenburg,MG Special,Betatech,Won,2017-01-21,2017-06-06,41.0,Public Sector,1,41.0,136,0.6288659793814433,3,1,1
QFU565JJ,Rosie Papadopoulos,GTX Plus Pro,Initech,Won,2017-01-21,2017-05-07,5582.0,Banking,1,5582.0,106,0.6446280991735537,0,1,2
Z5BCBTAO,Versie Hillebrand,MG Special,Konmatfix,Won,2017-01-21,2017-05-20,60.0,Shipping,1,60.0,119,0.6666666666666666,5,1,2
2KKRRM1G,Zane Levy,GTX Plus Basic,Y-corporation,Won,2017-01-21,2017-05-03,1036.0,Manufacturing,1,1036.0,102,0.6168582375478927,2,1,0
RLUGVSNV,Darcel Schlecht,GTX Plus Basic,Funholding,Won,2017-01-22,2017-05-12,943.0,Retail,1,943.0,110,0.6311030741410488,4,1,1
ZKSJ1DOK,Elease Gluck,GTX Basic,Kan-code,Won,2017-01-22,2017-06-07,581.0,Public Sector,1,581.0,136,0.6349206349206349,3,1,0
K8RQWTP4,Jonathan Berthelot,MG Special,Codehow,Lost,2017-01-22,2017-05-15,0.0,Telecom,0,0.0,113,0.6477272727272727,6,1,1
RSZC6BMW,Moses Frase,GTX Basic,Toughzap,Won,2017-01-22,2017-05-07,538.0,Retail,1,538.0,105,0.6615384615384615,4,1,1
O7YNBRX0,Reed Clapper,GTX Plus Basic,Donquadtech,Won,2017-01-22,2017-03-28,1100.0,Shipping,1,1100.0,65,0.6540084388185654,5,1,1
AAYV8GV4,Anna Snelling,MG Advanced,Inity,Lost,2017-01-23,2017-05-05,0.0,Manufacturing,0,0.0,102,0.6190476190476191,2,1,1
EDEBWIOX,Cecily Lampkin,MG Advanced,Finhigh,Lost,2017-01-23,2017-05-28,0.0,Banking,0,0.0,125,0.66875,0,1,1
VAH6Y3F6,Jonathan Berthelot,GTX Plus Basic,Hottechi,Won,2017-01-23,2017-05-17,1039.0,Public Sector,1,1039.0,114,0.6477272727272727,3,1,2
4U431MNA,Lajuana Vencill,MG Special,dambase,Lost,2017-01-23,2017-05-11,0.0,Retail,0,0.0,108,0.5497835497835498,4,1,0
5HKAT5GS,Reed Clapper,GTX Plus Basic,Umbrella Corporation,Won,2017-01-23,2017-05-10,1076.0,Public Sector,1,1076.0,107,0.6540084388185654,3,1,2
F5VDTC4M,Rosalina Dieter,MG Special,Konex,Lost,2017-01-23,2017-05-06,0.0,Public Sector,0,0.0,103,0.6545454545454545,3,1,1
UO4KXDBC,Rosalina Dieter,MG Special,Rantouch,Lost,2017-01-23,2017-05-23,0.0,Energy,0,0.0,120,0.6545454545454545,1,1,0
TBIW957T,Versie Hillebrand,MG Special,Rundofase,Won,2017-01-23,2017-03-16,53.0,Public Sector,1,53.0,52,0.6666666666666666,3,1,1
MSEIIH95,Versie Hillebrand,MG Advanced,Statholdings,Won,2017-01-23,2017-03-23,3046.0,Manufacturing,1,3046.0,59,0.6666666666666666,2,1,0
V4324HG4,Violet Mclelland,MG Special,Acme Corporation,Lost,2017-01-23,2017-05-06,0.0,Shipping,0,0.0,103,0.6321243523316062,5,1,2
N852D2Z8,Zane Levy,GTX Basic,Scotfind,Lost,2017-01-23,2017-03-30,0.0,Telecom,0,0.0,66,0.6168582375478927,6,1,0
CF1CSNPX,Daniell Hammack,GTXPro,Kan-code,Won,2017-01-24,2017-03-31,5140.0,Public Sector,1,5140.0,66,0.6096256684491979,3,1,0
NOXNFJ2L,Darcel Schlecht,GTX Plus Basic,Warephase,Won,2017-01-24,2017-05-17,1067.0,Retail,1,1067.0,113,0.6311030741410488,4,1,0
3LJAJVHR,Cassey Cress,GTXPro,Opentech,Lost,2017-01-25,2017-05-29,0.0,Retail,0,0.0,124,0.6245210727969349,4,1,0
NN6CSUWT,Daniell Hammack,GTX Plus Basic,Zathunicon,Won,2017-01-25,2017-03-21,1065.0,Retail,1,1065.0,55,0.6096256684491979,4,1,0
X69POZIN,Kary Hendrixson,GTX Basic,Lexiqvolax,Won,2017-01-25,2017-05-06,481.0,Public Sector,1,481.0,101,0.6238805970149254,3,1,1
4FAEDB16,Markita Hansen,GTX Basic,J-Texon,Lost,2017-01-25,2017-05-22,0.0,Telecom,0,0.0,117,0.5726872246696035,6,1,0
CPGCT81C,Maureen Marcano,GTX Basic,Dalttechnology,Won,2017-01-25,2017-03-06,499.0,Shipping,1,499.0,40,0.6995305164319249,5,1,0
TK9T01QM,Reed Clapper,GTXPro,Acme Corporation,Lost,2017-01-25,2017-05-07,0.0,Shipping,0,0.0,102,0.6540084388185654,5,1,2
P13DDOTM,Rosie Papadopoulos,MG Special,Bioplex,Won,2017-01-25,2017-03-08,59.0,Retail,1,59.0,42,0.6446280991735537,4,1,0
1PN7TVPX,Vicki Laflamme,MG Special,Hottechi,Lost,2017-01-25,2017-05-01,0.0,Public Sector,0,0.0,96,0.6368876080691642,3,1,2
9ZKORPL2,Violet Mclelland,MG Special,Initech,Won,2017-01-25,2017-05-09,45.0,Banking,1,45.0,104,0.6321243523316062,0,1,1
1ZCOKNNI,Zane Levy,GTXPro,Sonron,Won,2017-01-25,2017-05-14,5743.0,Manufacturing,1,5743.0,109,0.6168582375478927,2,1,0
BVYMJ6TD,Cassey Cress,GTX Plus Pro,Vehement Capital Partners,Won,2017-01-26,2017-05-13,6117.0,Banking,1,6117.0,107,0.6245210727969349,0,1,2
W5ADQ9SH,Darcel Schlecht,GTXPro,Domzoom,Lost,2017-01-26,2017-05-26,0.0,Retail,0,0.0,120,0.6311030741410488,4,1,2
VXX8GJGY,Donn Cantrell,GTX Plus Basic,The New York Inquirer,Won,2017-01-26,2017-03-19,1158.0,Banking,1,1158.0,52,0.5745454545454546,0,1,1
ES9L0DXE,Garret Kinder,MG Special,Kinnamplus,Won,2017-01-26,2017-05-22,59.0,Telecom,1,59.0,116,0.6097560975609756,6,1,0
AANB25RH,Kami Bicknell,GTX Plus Basic,Dalttechnology,Lost,2017-01-26,2017-05-24,0.0,Shipping,0,0.0,118,0.6397058823529411,5,1,0
36PTGLTW,Maureen Marcano,MG Advanced,Xx-holding,Won,2017-01-26,2017-03-24,3106.0,Telecom,1,3106.0,57,0.6995305164319249,6,1,2
6WTNSL1T,Rosalina Dieter,MG Advanced,Newex,Won,2017-01-26,2017-03-19,2982.0,Energy,1,2982.0,52,0.6545454545454545,1,1,0
PV1DISEC,Zane Levy,GTX Plus Pro,Hottechi,Won,2017-01-26,2017-03-16,6101.0,Public Sector,1,6101.0,49,0.6168582375478927,3,1,2
S6BG03TB,Anna Snelling,GTX Plus Pro,Treequote,Won,2017-01-27,2017-05-08,5883.0,Retail,1,5883.0,101,0.6190476190476191,4,1,0
2YOW2BI0,Corliss Cosme,GTX Plus Pro,Xx-zobam,Won,2017-01-27,2017-05-22,5051.0,Manufacturing,1,5051.0,115,0.6550218340611353,2,1,2
IQ9KYZCG,Darcel Schlecht,GTX Plus Basic,Statholdings,Won,2017-01-27,2017-05-11,1155.0,Manufacturing,1,1155.0,104,0.6311030741410488,2,1,0
AWDOKG69,Garret Kinder,GTX Basic,Bluth Company,Lost,2017-01-27,2017-05-10,0.0,Energy,0,0.0,103,0.6097560975609756,1,1,1
C4AFMVFM,James Ascencio,GTX Plus Pro,Cheers,Won,2017-01-27,2017-03-06,5616.0,Telecom,1,5616.0,38,0.6553398058252428,6,1,0
WK6ERCGR,James Ascencio,GTX Plus Pro,Golddex,Won,2017-01-27,2017-06-06,5116.0,Manufacturing,1,5116.0,130,0.6553398058252428,2,1,0
64DJ954O,Kary Hendrixson,GTX Plus Basic,Condax,Won,2017-01-27,2017-03-30,1136.0,Banking,1,1136.0,62,0.6238805970149254,0,1,1
84V18DBW,Anna Snelling,GTX Plus Basic,Finhigh,Won,2017-01-28,2017-06-01,1216.0,Banking,1,1216.0,124,0.6190476190476191,0,1,0
WFY0S4WW,Anna Snelling,GTX Plus Basic,Hottechi,Won,2017-01-28,2017-05-02,1089.0,Public Sector,1,1089.0,94,0.6190476190476191,3,1,1
HA1KXAIS,Cassey Cress,MG Advanced,Condax,Won,2017-01-28,2017-06-04,3908.0,Banking,1,3908.0,127,0.6245210727969349,0,1,0
EAYD98X2,Darcel Schlecht,GTXPro,Dontechi,Lost,2017-01-28,2017-05-27,0.0,Shipping,0,0.0,119,0.6311030741410488,5,1,2
YR4W59KS,Darcel Schlecht,GTXPro,Finhigh,Lost,2017-01-28,2017-05-18,0.0,Banking,0,0.0,110,0.6311030741410488,0,1,2
SNFW1FD7,Darcel Schlecht,MG Advanced,Streethex,Won,2017-01-28,2017-05-07,3369.0,Banking,1,3369.0,99,0.6311030741410488,0,1,0
2EOF1QCY,James Ascencio,GTX Plus Pro,J-Texon,Won,2017-01-28,2017-05-20,5259.0,Telecom,1,5259.0,112,0.6553398058252428,6,1,0
O5O4ZAAC,Maureen Marcano,GTX Plus Basic,Y-corporation,Lost,2017-01-28,2017-05-08,0.0,Manufacturing,0,0.0,100,0.6995305164319249,2,1,0
YBAKNQ8Z,Reed Clapper,MG Advanced,Bubba Gump,Lost,2017-01-28,2017-03-30,0.0,Retail,0,0.0,61,0.6540084388185654,4,1,2
QY6HCHDH,Anna Snelling,MG Special,Condax,Won,2017-01-29,2017-05-25,52.0,Banking,1,52.0,116,0.6190476190476191,0,1,0
CZ3XOD03,Boris Faz,GTX Plus Pro,Acme Corporation,Won,2017-01-29,2017-05-11,5772.0,Shipping,1,5772.0,102,0.6601307189542484,5,1,2
LQ44KCMI,Cassey Cress,GTXPro,Umbrella Corporation,Lost,2017-01-29,2017-03-13,0.0,Public Sector,0,0.0,43,0.6245210727969349,3,1,1
WVJBVA61,Cecily Lampkin,MG Advanced,Domzoom,Won,2017-01-29,2017-03-21,3496.0,Retail,1,3496.0,51,0.66875,4,1,2
MV9AO6WU,Elease Gluck,MG Advanced,Finjob,Won,2017-01-29,2017-03-12,3602.0,Manufacturing,1,3602.0,42,0.6349206349206349,2,1,2
VS2G74XQ,Garret Kinder,MG Special,Yearin,Won,2017-01-29,2017-03-09,57.0,Retail,1,57.0,39,0.6097560975609756,4,1,1
Q37IWCG1,Gladys Colclough,MG Special,Funholding,Won,2017-01-29,2017-05-11,51.0,Retail,1,51.0,102,0.5818965517241379,4,1,2
CUR03RXO,Hayden Neloms,MG Advanced,Sonron,Won,2017-01-29,2017-06-14,3689.0,Manufacturing,1,3689.0,136,0.7039473684210527,2,1,0
81APSLDP,James Ascencio,GTX Plus Basic,Xx-holding,Won,2017-01-29,2017-05-03,1170.0,Telecom,1,1170.0,94,0.6553398058252428,6,1,0
RBXWRHBJ,Jonathan Berthelot,GTX Basic,Rundofase,Lost,2017-01-29,2017-03-06,0.0,Public Sector,0,0.0,36,0.6477272727272727,3,1,2
G2GU9DYX,Jonathan Berthelot,GTXPro,Rangreen,Won,2017-01-29,2017-05-06,4736.0,Energy,1,4736.0,97,0.6477272727272727,1,1,0
05DTWSVC,Niesha Huffines,MG Special,Genco Pura Olive Oil Company,Lost,2017-01-29,2017-05-05,0.0,Manufacturing,0,0.0,96,0.6,2,1,2
2YQHHWJ3,Versie Hillebrand,MG Special,Zumgoity,Lost,2017-01-29,2017-05-22,0.0,Public Sector,0,0.0,113,0.6666666666666666,3,1,0
ZW58VIDI,Vicki Laflamme,MG Special,Hatfan,Won,2017-01-29,2017-05-25,64.0,Public Sector,1,64.0,116,0.6368876080691642,3,1,0
Q7IIF1IP,Vicki Laflamme,MG Special,J-Texon,Won,2017-01-29,2017-06-05,55.0,Telecom,1,55.0,127,0.6368876080691642,6,1,2
AALARPLH,Vicki Laflamme,MG Advanced,Goodsilron,Won,2017-01-29,2017-03-13,2970.0,Energy,1,2970.0,43,0.6368876080691642,1,1,0
5FFY13G5,Cecily Lampkin,MG Special,Scottech,Lost,2017-01-30,2017-05-19,0.0,Banking,0,0.0,109,0.66875,0,1,2
01X8H9SO,Corliss Cosme,GTXPro,Bubba Gump,Won,2017-01-30,2017-05-13,5035.0,Retail,1,5035.0,103,0.6550218340611353,4,1,0
VLADQZ43,Darcel Schlecht,GTXPro,Domzoom,Lost,2017-01-30,2017-05-31,0.0,Retail,0,0.0,121,0.6311030741410488,4,1,0
N9VYMV3W,Darcel Schlecht,GTXPro,Funholding,Won,2017-01-30,2017-03-10,4774.0,Retail,1,4774.0,39,0.6311030741410488,4,1,1
2FTB6A7I,James Ascencio,GTX Plus Pro,Kan-code,Won,2017-01-30,2017-05-16,5390.0,Public Sector,1,5390.0,106,0.6553398058252428,3,1,1
7V9A9TXZ,Marty Freudenburg,GTX Plus Basic,Codehow,Won,2017-01-30,2017-06-06,1190.0,Telecom,1,1190.0,127,0.6288659793814433,6,1,2
HWDRCUYU,Moses Frase,GTX Plus Pro,Betatech,Won,2017-01-30,2017-05-14,5755.0,Public Sector,1,5755.0,104,0.6615384615384615,3,1,1
GFV4W89I,Rosalina Dieter,GTXPro,Scotfind,Won,2017-01-30,2017-06-13,4933.0,Telecom,1,4933.0,134,0.6545454545454545,6,1,2
7A4AC5BC,Versie Hillebrand,MG Advanced,Ron-tech,Won,2017-01-30,2017-06-04,3642.0,Manufacturing,1,3642.0,125,0.6666666666666666,2,1,1
3B6HWK65,Vicki Laflamme,MG Special,Blackzim,Lost,2017-01-30,2017-05-07,0.0,Telecom,0,0.0,97,0.6368876080691642,6,1,0
A3BK99P6,Cassey Cress,MG Advanced,Kan-code,Won,2017-01-31,2017-03-17,2923.0,Public Sector,1,2923.0,45,0.6245210727969349,3,1,2
NY21X16G,Darcel Schlecht,GTXPro,Zumgoity,Won,2017-01-31,2017-03-10,5035.0,Public Sector,1,5035.0,38,0.6311030741410488,3,1,2
O5BC64NW,Maureen Marcano,GTXPro,Zoomit,Lost,2017-01-31,2017-05-26,0.0,Energy,0,0.0,115,0.6995305164319249,1,1,0
4DW2FDX4,Versie Hillebrand,MG Special,dambase,Won,2017-01-31,2017-05-20,54.0,Retail,1,54.0,109,0.6666666666666666,4,1,2
A66X4Q2J,Versie Hillebrand,MG Special,Konmatfix,Won,2017-01-31,2017-05-01,54.0,Shipping,1,54.0,90,0.6666666666666666,5,1,2
IT9YW5RP,Wilburn Farren,GTX Basic,Initech,Won,2017-01-31,2017-05-26,592.0,Banking,1,592.0,115,0.6962025316455697,0,1,1
7IZ2GMYK,Darcel Schlecht,GTX Basic,Toughzap,Won,2017-02-01,2017-05-16,640.0,Retail,1,640.0,104,0.6311030741410488,4,1,2
TTY0X4TG,Darcel Schlecht,GTXPro,Dontechi,Won,2017-02-01,2017-05-05,5127.0,Shipping,1,5127.0,93,0.6311030741410488,5,1,0
L8D22SSW,Darcel Schlecht,MG Advanced,Betatech,Won,2017-02-01,2017-06-17,3822.0,Public Sector,1,3822.0,136,0.6311030741410488,3,1,1
ZDDZ64A2,Gladys Colclough,MG Advanced,Dontechi,Lost,2017-02-01,2017-06-17,0.0,Shipping,0,0.0,136,0.5818965517241379,5,1,1
RDJFZGM9,Kami Bicknell,MG Special,Blackzim,Lost,2017-02-01,2017-06-13,0.0,Telecom,0,0.0,132,0.6397058823529411,6,1,0
4563ENEB,Lajuana Vencill,GTX Basic,Gogozoom,Won,2017-02-01,2017-05-02,574.0,Telecom,1,574.0,90,0.5497835497835498,6,1,0
4WP0VJAS,Lajuana Vencill,MG Advanced,Codehow,Won,2017-02-01,2017-06-18,2525.0,Telecom,1,2525.0,137,0.5497835497835498,6,1,1
60UOBOEM,Rosalina Dieter,GTK 500,Groovestreet,Won,2017-02-01,2017-06-07,30288.0,Retail,1,30288.0,126,0.6545454545454545,4,1,2
AJZB6F22,Vicki Laflamme,GTX Plus Pro,Goodsilron,Lost,2017-02-01,2017-05-18,0.0,Energy,0,0.0,106,0.6368876080691642,1,1,1
W4K39GNG,Zane Levy,GTX Basic,Scotfind,Lost,2017-02-01,2017-03-29,0.0,Telecom,0,0.0,56,0.6168582375478927,6,1,0
IXOHJYRM,Elease Gluck,GTK 500,Cheers,Lost,2017-02-02,2017-05-09,0.0,Telecom,0,0.0,96,0.6349206349206349,6,1,1
RMNHSNW9,Elease Gluck,MG Special,Kan-code,Lost,2017-02-02,2017-05-01,0.0,Public Sector,0,0.0,88,0.6349206349206349,3,1,0
QPFNQYMV,Gladys Colclough,MG Advanced,Inity,Won,2017-02-02,2017-05-14,3581.0,Manufacturing,1,3581.0,101,0.5818965517241379,2,1,1
D77SFTS4,Jonathan Berthelot,GTX Plus Basic,Warephase,Lost,2017-02-02,2017-03-12,0.0,Retail,0,0.0,38,0.6477272727272727,4,1,2
WRBWZRFD,Niesha Huffines,GTXPro,Conecom,Lost,2017-02-02,2017-05-05,0.0,Shipping,0,0.0,92,0.6,5,1,1
031BBF1I,Versie Hillebrand,MG Special,Finhigh,Won,2017-02-02,2017-03-30,54.0,Banking,1,54.0,56,0.6666666666666666,0,1,1
O11S2R63,Boris Faz,GTX Plus Basic,Konex,Won,2017-02-03,2017-06-03,1121.0,Public Sector,1,1121.0,120,0.6601307189542484,3,1,0
G13DD850,Cassey Cress,GTX Basic,Silis,Won,2017-02-03,2017-06-04,477.0,Public Sector,1,477.0,121,0.6245210727969349,3,1,0
WZU2OHYU,Corliss Cosme,GTX Basic,Condax,Won,2017-02-03,2017-05-05,515.0,Banking,1,515.0,91,0.6550218340611353,0,1,0
HVODWXRO,Daniell Hammack,MG Special,Ganjaflex,Lost,2017-02-03,2017-05-01,0.0,Retail,0,0.0,87,0.6096256684491979,4,1,1
N3JIVUNY,Donn Cantrell,MG Advanced,Umbrella Corporation,Lost,2017-02-03,2017-05-11,0.0,Public Sector,0,0.0,97,0.5745454545454546,3,1,2
RGCH6CUF,Hayden Neloms,GTX Plus Basic,Goodsilron,Won,2017-02-03,2017-06-20,975.0,Energy,1,975.0,137,0.7039473684210527,1,1,0
JX7WZ9UP,Hayden Neloms,MG Advanced,Sunnamplex,Won,2017-02-03,2017-05-01,3376.0,Public Sector,1,3376.0,87,0.7039473684210527,3,1,0
FDCEBWRI,James Ascencio,GTX Basic,Fasehatice,Won,2017-02-03,2017-03-12,458.0,Telecom,1,458.0,37,0.6553398058252428,6,1,1
ZL6TJDPG,Jonathan Berthelot,GTX Basic,Globex Corporation,Lost,2017-02-03,2017-05-16,0.0,Retail,0,0.0,102,0.6477272727272727,4,1,0
DWBSHB8M,Kami Bicknell,GTX Basic,Golddex,Lost,2017-02-03,2017-05-23,0.0,Manufacturing,0,0.0,109,0.6397058823529411,2,1,2
0AJ6LTZ0,Kami Bicknell,GTX Basic,Golddex,Won,2017-02-03,2017-03-14,622.0,Manufacturing,1,622.0,39,0.6397058823529411,2,1,2
SVMB8M7E,Kami Bicknell,GTX Basic,Lexiqvolax,Won,2017-02-03,2017-06-09,441.0,Public Sector,1,441.0,126,0.6397058823529411,3,1,0
6AWEAWCM,Kary Hendrixson,GTXPro,Konex,Lost,2017-02-03,2017-05-15,0.0,Public Sector,0,0.0,101,0.6238805970149254,3,1,0
4Q4NBPD6,Marty Freudenburg,GTX Basic,Ron-tech,Won,2017-02-03,2017-05-21,538.0,Manufacturing,1,538.0,107,0.6288659793814433,2,1,1
K8VSDOP8,Maureen Marcano,GTX Plus Pro,Goodsilron,Won,2017-02-03,2017-03-29,4667.0,Energy,1,4667.0,54,0.6995305164319249,1,1,2
YNP9PI1X,Niesha Huffines,GTX Plus Basic,Codehow,Won,2017-02-03,2017-06-15,1018.0,Telecom,1,1018.0,132,0.6,6,1,2
3XVY4LEU,Reed Clapper,GTXPro,Bluth Company,Won,2017-02-03,2017-05-09,4671.0,Energy,1,4671.0,95,0.6540084388185654,1,1,0
8K1OGB0R,Violet Mclelland,GTXPro,Bubba Gump,Won,2017-02-03,2017-05-16,4634.0,Retail,1,4634.0,102,0.6321243523316062,4,1,1
RTKUPEX7,Zane Levy,GTX Plus Basic,J-Texon,Lost,2017-02-03,2017-06-10,0.0,Telecom,0,0.0,127,0.6168582375478927,6,1,2
QQDO45YR,Cecily Lampkin,MG Advanced,Warephase,Won,2017-02-04,2017-05-09,3470.0,Retail,1,3470.0,94,0.66875,4,1,2
HT25XIAV,Daniell Hammack,GTX Plus Basic,Silis,Lost,2017-02-04,2017-05-18,0.0,Public Sector,0,0.0,103,0.6096256684491979,3,1,1
88KUDE6J,Donn Cantrell,GTX Plus Pro,Acme Corporation,Won,2017-02-04,2017-05-30,5366.0,Shipping,1,5366.0,115,0.5745454545454546,5,1,1
AOOD3MWW,Gladys Colclough,GTX Plus Basic,Rundofase,Lost,2017-02-04,2017-05-26,0.0,Public Sector,0,0.0,111,0.5818965517241379,3,1,2
RZ2PUH86,Kary Hendrixson,GTX Basic,Groovestreet,Won,2017-02-04,2017-05-17,582.0,Retail,1,582.0,102,0.6238805970149254,4,1,2
GLVSDQQT,Kary Hendrixson,GTX Basic,Sunnamplex,Won,2017-02-04,2017-05-02,583.0,Public Sector,1,583.0,87,0.6238805970149254,3,1,1
107BPCAS,Niesha Huffines,GTX Basic,dambase,Lost,2017-02-04,2017-05-16,0.0,Retail,0,0.0,101,0.6,4,1,2
OCLEO3CD,Vicki Laflamme,GTX Plus Pro,Fasehatice,Won,2017-02-04,2017-05-19,6079.0,Telecom,1,6079.0,104,0.6368876080691642,6,1,0
FTVCNH87,Zane Levy,GTX Plus Basic,Fasehatice,Lost,2017-02-04,2017-05-07,0.0,Telecom,0,0.0,92,0.6168582375478927,6,1,0
GQCRMEIL,Zane Levy,GTX Plus Basic,Konex,Won,2017-02-04,2017-06-02,1068.0,Public Sector,1,1068.0,118,0.6168582375478927,3,1,1
UK2JIE61,Anna Snelling,MG Special,Cancity,Won,2017-02-05,2017-05-04,55.0,Public Sector,1,55.0,88,0.6190476190476191,3,1,1
AEDL7EC6,Cassey Cress,MG Advanced,Yearin,Lost,2017-02-05,2017-05-02,0.0,Retail,0,0.0,86,0.6245210727969349,4,1,1
OV5X3O5I,Cassey Cress,GTX Basic,Betasoloin,Won,2017-02-05,2017-03-27,493.0,Banking,1,493.0,50,0.6245210727969349,0,1,0
MMWX1A4H,Darcel Schlecht,GTX Plus Basic,Ron-tech,Lost,2017-02-05,2017-06-20,0.0,Manufacturing,0,0.0,135,0.6311030741410488,2,1,2
LSVMMUJ0,Darcel Schlecht,GTXPro,Condax,Won,2017-02-05,2017-03-25,5559.0,Banking,1,5559.0,48,0.6311030741410488,0,1,0
97KFQSX1,Elease Gluck,MG Advanced,Scotfind,Won,2017-02-05,2017-05-09,3351.0,Telecom,1,3351.0,93,0.6349206349206349,6,1,2
08APB75Q,Lajuana Vencill,GTX Basic,Isdom,Won,2017-02-05,2017-05-13,501.0,Retail,1,501.0,97,0.5497835497835498,4,1,0
6RL97BR9,Moses Frase,MG Special,Inity,Lost,2017-02-05,2017-05-08,0.0,Manufacturing,0,0.0,92,0.6615384615384615,2,1,2
TPVFA5B8,Reed Clapper,GTX Basic,Mathtouch,Won,2017-02-05,2017-05-07,532.0,Energy,1,532.0,91,0.6540084388185654,1,1,0
FHLOUD3V,Vicki Laflamme,MG Special,Sonron,Lost,2017-02-05,2017-05-24,0.0,Manufacturing,0,0.0,108,0.6368876080691642,2,1,1
4E01ALB0,Vicki Laflamme,MG Advanced,Green-Plus,Won,2017-02-05,2017-05-04,3103.0,Retail,1,3103.0,88,0.6368876080691642,4,1,0
K4HVGBVH,Corliss Cosme,GTX Plus Pro,Gekko & Co,Won,2017-02-06,2017-05-22,5505.0,Telecom,1,5505.0,105,0.6550218340611353,6,1,2
XDLQ71X4,Kami Bicknell,GTX Plus Basic,Y-corporation,Lost,2017-02-06,2017-05-22,0.0,Manufacturing,0,0.0,105,0.6397058823529411,2,1,0
L33YUX9V,Moses Frase,GTX Plus Basic,Rangreen,Won,2017-02-06,2017-05-15,1068.0,Energy,1,1068.0,98,0.6615384615384615,1,1,0
QT7LRWTN,Vicki Laflamme,MG Advanced,Cheers,Won,2017-02-06,2017-05-04,3357.0,Telecom,1,3357.0,87,0.6368876080691642,6,1,0
Q1JKHY7H,Violet Mclelland,MG Special,Mathtouch,Lost,2017-02-06,2017-05-06,0.0,Energy,0,0.0,89,0.6321243523316062,1,1,1
BY0O646G,Zane Levy,GTX Basic,Sonron,Lost,2017-02-06,2017-05-27,0.0,Manufacturing,0,0.0,110,0.6168582375478927,2,1,0
5831YZMT,Zane Levy,GTX Basic,Finjob,Won,2017-02-06,2017-06-23,532.0,Manufacturing,1,532.0,137,0.6168582375478927,2,1,1
AZUBCO7L,Daniell Hammack,MG Advanced,Condax,Lost,2017-02-07,2017-05-06,0.0,Banking,0,0.0,88,0.6096256684491979,0,1,1
FOWAY95L,Darcel Schlecht,GTX Plus Pro,Funholding,Won,2017-02-07,2017-05-05,5786.0,Retail,1,5786.0,87,0.6311030741410488,4,1,0
KGZL60NI,Hayden Neloms,GTX Plus Basic,Sonron,Lost,2017-02-07,2017-05-11,0.0,Manufacturing,0,0.0,93,0.7039473684210527,2,1,0
SRZMNS79,Jonathan Berthelot,GTX Plus Basic,Streethex,Won,2017-02-07,2017-05-19,1131.0,Banking,1,1131.0,101,0.6477272727272727,0,1,0
0XMB83YO,Kami Bicknell,GTX Plus Pro,Scotfind,Won,2017-02-07,2017-05-15,5401.0,Telecom,1,5401.0,97,0.6397058823529411,6,1,2
4TEO0LE1,Marty Freudenburg,GTX Plus Basic,Konmatfix,Won,2017-02-07,2017-03-28,1062.0,Shipping,1,1062.0,49,0.6288659793814433,5,1,0
5P82H5AA,Reed Clapper,MG Advanced,Zotware,Won,2017-02-07,2017-03-23,3695.0,Banking,1,3695.0,44,0.6540084388185654,0,1,1
BN8UTT8O,Rosie Papadopoulos,MG Special,Condax,Lost,2017-02-07,2017-06-04,0.0,Banking,0,0.0,117,0.6446280991735537,0,1,0
V751HK8R,Versie Hillebrand,MG Special,Finhigh,Won,2017-02-07,2017-06-03,60.0,Banking,1,60.0,116,0.6666666666666666,0,1,2
H4TBCR80,Vicki Laflamme,GTXPro,Groovestreet,Lost,2017-02-07,2017-05-28,0.0,Retail,0,0.0,110,0.6368876080691642,4,1,0
QWL218JV,Vicki Laflamme,MG Advanced,Singletechno,Won,2017-02-07,2017-06-13,2919.0,Retail,1,2919.0,126,0.6368876080691642,4,1,2
12M4HB7G,Cassey Cress,GTX Basic,Plussunin,Won,2017-02-08,2017-05-01,623.0,Energy,1,623.0,82,0.6245210727969349,1,1,2
1XVTUE5J,Corliss Cosme,MG Special,Umbrella Corporation,Lost,2017-02-08,2017-03-31,0.0,Public Sector,0,0.0,51,0.6550218340611353,3,1,0
3VKO28KR,Darcel Schlecht,MG Advanced,Scottech,Lost,2017-02-08,2017-05-04,0.0,Banking,0,0.0,85,0.6311030741410488,0,1,1
5IES0B4B,James Ascencio,MG Special,Scotfind,Won,2017-02-08,2017-05-04,49.0,Telecom,1,49.0,85,0.6553398058252428,6,1,2
HUFYU0AT,Jonathan Berthelot,GTX Basic,Stanredtax,Lost,2017-02-08,2017-05-24,0.0,Retail,0,0.0,105,0.6477272727272727,4,1,0
GMI6XZ4O,Jonathan Berthelot,GTX Basic,Codehow,Won,2017-02-08,2017-05-04,612.0,Telecom,1,612.0,85,0.6477272727272727,6,1,0
YOQCQ4UO,Kami Bicknell,GTX Basic,Hottechi,Won,2017-02-08,2017-03-18,534.0,Public Sector,1,534.0,38,0.6397058823529411,3,1,1
KOZTDBJ5,Kami Bicknell,GTX Plus Basic,Condax,Won,2017-02-08,2017-06-07,1103.0,Banking,1,1103.0,119,0.6397058823529411,0,1,2
8NMPO9K3,Lajuana Vencill,GTX Basic,Conecom,Won,2017-02-08,2017-05-10,582.0,Shipping,1,582.0,91,0.5497835497835498,5,1,2
PU7GV4MK,Marty Freudenburg,MG Advanced,Condax,Lost,2017-02-08,2017-05-13,0.0,Banking,0,0.0,94,0.6288659793814433,0,1,0
RCQDGE4W,Marty Freudenburg,GTX Plus Pro,Cancity,Won,2017-02-08,2017-05-04,6292.0,Public Sector,1,6292.0,85,0.6288659793814433,3,1,0
ZT832XIR,Niesha Huffines,MG Special,Funholding,Lost,2017-02-08,2017-06-25,0.0,Retail,0,0.0,137,0.6,4,1,1
I995O4XJ,Rosalina Dieter,MG Special,Groovestreet,Won,2017-02-08,2017-05-24,63.0,Retail,1,63.0,105,0.6545454545454545,4,1,1
EOXZGSX9,Versie Hillebrand,MG Advanced,Globex Corporation,Won,2017-02-08,2017-05-13,3522.0,Retail,1,3522.0,94,0.6666666666666666,4,1,2
PW5OGY78,Vicki Laflamme,MG Special,Konex,Lost,2017-02-08,2017-05-29,0.0,Public Sector,0,0.0,110,0.6368876080691642,3,1,2
NJCSG7MX,Vicki Laflamme,GTX Basic,Plexzap,Won,2017-02-08,2017-05-04,532.0,Manufacturing,1,532.0,85,0.6368876080691642,2,1,0
ZYRF768H,Violet Mclelland,MG Special,Iselectrics,Lost,2017-02-08,2017-05-04,0.0,Energy,0,0.0,85,0.6321243523316062,1,1,2
5Q8BQ64R,Wilburn Farren,MG Advanced,Kinnamplus,Won,2017-02-08,2017-05-22,3645.0,Telecom,1,3645.0,103,0.6962025316455697,6,1,1
ZNNBFAKF,Zane Levy,GTXPro,Y-corporation,Lost,2017-02-08,2017-05-10,0.0,Manufacturing,0,0.0,91,0.6168582375478927,2,1,1
L47EPGVT,Anna Snelling,GTX Plus Pro,Gogozoom,Won,2017-02-09,2017-03-01,4760.0,Telecom,1,4760.0,20,0.6190476190476191,6,1,0
9GENDMWA,Corliss Cosme,GTX Basic,Betasoloin,Won,2017-02-09,2017-05-25,603.0,Banking,1,603.0,105,0.6550218340611353,0,1,1
DHACLHPS,Daniell Hammack,GTX Basic,Bioplex,Lost,2017-02-09,2017-05-22,0.0,Retail,0,0.0,102,0.6096256684491979,4,1,1
GKLE0CDI,Daniell Hammack,MG Advanced,Yearin,Won,2017-02-09,2017-03-02,3249.0,Retail,1,3249.0,21,0.6096256684491979,4,1,1
E9DJS1D8,Darcel Schlecht,GTXPro,Dontechi,Lost,2017-02-09,2017-03-17,0.0,Shipping,0,0.0,36,0.6311030741410488,5,1,1
22ZJM20V,Darcel Schlecht,GTXPro,Statholdings,Lost,2017-02-09,2017-05-18,0.0,Manufacturing,0,0.0,98,0.6311030741410488,2,1,0
C47Z92AG,Darcel Schlecht,GTXPro,Zumgoity,Lost,2017-02-09,2017-05-09,0.0,Public Sector,0,0.0,89,0.6311030741410488,3,1,0
XT9YNOV2,Donn Cantrell,GTX Plus Pro,Acme Corporation,Won,2017-02-09,2017-06-11,5724.0,Shipping,1,5724.0,122,0.5745454545454546,5,1,2
TMZQX7F8,Hayden Neloms,GTX Plus Basic,Groovestreet,Lost,2017-02-09,2017-05-02,0.0,Retail,0,0.0,82,0.7039473684210527,4,1,1
5JHSTFEZ,Hayden Neloms,GTX Plus Basic,Plexzap,Lost,2017-02-09,2017-05-11,0.0,Manufacturing,0,0.0,91,0.7039473684210527,2,1,2
BAOSO1I2,Kary Hendrixson,GTX Basic,Faxquote,Won,2017-02-09,2017-05-02,516.0,Telecom,1,516.0,82,0.6238805970149254,6,1,0
IZDF2RTL,Marty Freudenburg,GTX Plus Basic,Rangreen,Won,2017-02-09,2017-05-27,1050.0,Energy,1,1050.0,107,0.6288659793814433,1,1,0
F61DLVRS,Maureen Marcano,GTX Plus Pro,Plexzap,Won,2017-02-09,2017-05-23,4519.0,Manufacturing,1,4519.0,103,0.6995305164319249,2,1,0
80F0J70G,Niesha Huffines,GTX Basic,Funholding,Lost,2017-02-09,2017-05-25,0.0,Retail,0,0.0,105,0.6,4,1,0
S9W53L4L,Niesha Huffines,GTX Basic,Dontechi,Won,2017-02-09,2017-06-05,672.0,Shipping,1,672.0,116,0.6,5,1,0
12OQKSVK,Reed Clapper,GTX Plus Basic,Mathtouch,Won,2017-02-09,2017-03-20,896.0,Energy,1,896.0,39,0.6540084388185654,1,1,0
VC94R5H8,Vicki Laflamme,GTX Basic,Konex,Won,2017-02-09,2017-03-23,587.0,Public Sector,1,587.0,42,0.6368876080691642,3,1,0
XTKIX6I4,Vicki Laflamme,MG Advanced,Sonron,Won,2017-02-09,2017-06-13,3426.0,Manufacturing,1,3426.0,124,0.6368876080691642,2,1,1
MSE1UXKU,Cassey Cress,GTXPro,Ontomedia,Won,2017-02-10,2017-03-20,5021.0,Manufacturing,1,5021.0,38,0.6245210727969349,2,1,2
HM334UL2,Darcel Schlecht,GTX Plus Basic,Rangreen,Won,2017-02-10,2017-03-30,1126.0,Energy,1,1126.0,48,0.6311030741410488,1,1,0
L4124UJG,Donn Cantrell,GTXPro,Umbrella Corporation,Won,2017-02-10,2017-05-15,5473.0,Public Sector,1,5473.0,94,0.5745454545454546,3,1,1
DR2QE1RW,Elease Gluck,MG Special,Sunnamplex,Lost,2017-02-10,2017-05-30,0.0,Public Sector,0,0.0,109,0.6349206349206349,3,1,1
FD8YL177,Elease Gluck,MG Special,Rantouch,Won,2017-02-10,2017-05-09,51.0,Energy,1,51.0,88,0.6349206349206349,1,1,2
UU21EYFN,Kami Bicknell,GTX Basic,Sonron,Won,2017-02-10,2017-03-06,563.0,Manufacturing,1,563.0,24,0.6397058823529411,2,1,0
OBDRD0AD,Lajuana Vencill,GTX Basic,Isdom,Lost,2017-02-10,2017-05-26,0.0,Retail,0,0.0,105,0.5497835497835498,4,1,2
NSGEM06J,Reed Clapper,GTX Basic,Opentech,Lost,2017-02-10,2017-05-14,0.0,Retail,0,0.0,93,0.6540084388185654,4,1,0
QSQ42Q6M,Reed Clapper,MG Advanced,Kan-code,Won,2017-02-10,2017-06-15,2928.0,Public Sector,1,2928.0,125,0.6540084388185654,3,1,1
PCBA3KAV,Reed Clapper,MG Advanced,Zathunicon,Won,2017-02-10,2017-06-05,3618.0,Retail,1,3618.0,115,0.6540084388185654,4,1,1
ZBBMGEV4,Darcel Schlecht,GTX Plus Basic,Inity,Won,2017-02-11,2017-05-16,1189.0,Manufacturing,1,1189.0,94,0.6311030741410488,2,1,1
TYSORYA9,Donn Cantrell,GTX Basic,Donquadtech,Lost,2017-02-11,2017-05-07,0.0,Shipping,0,0.0,85,0.5745454545454546,5,1,1
ULVXOPG3,Elease Gluck,MG Special,Hatfan,Won,2017-02-11,2017-05-22,60.0,Public Sector,1,60.0,100,0.6349206349206349,3,1,2
G0R305KO,Jonathan Berthelot,GTX Plus Basic,Statholdings,Lost,2017-02-11,2017-05-11,0.0,Manufacturing,0,0.0,89,0.6477272727272727,2,1,0
ZDZGCWX7,Kami Bicknell,GTX Basic,Cheers,Won,2017-02-11,2017-06-22,545.0,Telecom,1,545.0,131,0.6397058823529411,6,1,0
PQJZ5Z3R,Kami Bicknell,MG Advanced,Labdrill,Won,2017-02-11,2017-05-12,3035.0,Energy,1,3035.0,90,0.6397058823529411,1,1,2
7KXTF2Q6,Kary Hendrixson,GTX Basic,Konex,Won,2017-02-11,2017-06-23,584.0,Public Sector,1,584.0,132,0.6238805970149254,3,1,0
WZVE1NTM,Markita Hansen,MG Special,Scotfind,Lost,2017-02-11,2017-05-15,0.0,Telecom,0,0.0,93,0.5726872246696035,6,1,1
M6UEZLOQ,Maureen Marcano,GTX Plus Basic,Cheers,Won,2017-02-11,2017-06-23,1069.0,Telecom,1,1069.0,132,0.6995305164319249,6,1,0
D6T5MM04,Maureen Marcano,GTX Plus Basic,Xx-holding,Won,2017-02-11,2017-06-22,1035.0,Telecom,1,1035.0,131,0.6995305164319249,6,1,1
9GCJGVY7,Rosie Papadopoulos,GTXPro,Ganjaflex,Lost,2017-02-11,2017-03-02,0.0,Retail,0,0.0,19,0.6446280991735537,4,1,2
5QBQMEY5,Vicki Laflamme,GTXPro,Scotfind,Won,2017-02-11,2017-03-24,4510.0,Telecom,1,4510.0,41,0.6368876080691642,6,1,0
9JKVM4BK,Violet Mclelland,GTX Plus Basic,Vehement Capital Partners,Lost,2017-02-11,2017-06-05,0.0,Banking,0,0.0,114,0.6321243523316062,0,1,2
14PBBHSE,Violet Mclelland,MG Special,Zotware,Won,2017-02-11,2017-05-08,49.0,Banking,1,49.0,86,0.6321243523316062,0,1,0
P1KS5YFX,Anna Snelling,MG Special,Rundofase,Won,2017-02-12,2017-06-07,59.0,Public Sector,1,59.0,115,0.6190476190476191,3,1,1
7R4VL3Q8,Cassey Cress,GTXPro,Kan-code,Won,2017-02-12,2017-03-04,4705.0,Public Sector,1,4705.0,20,0.6245210727969349,3,1,2
3MNZF5ZK,Cecily Lampkin,GTX Plus Pro,Zumgoity,Won,2017-02-12,2017-06-03,5148.0,Public Sector,1,5148.0,111,0.66875,3,1,0
52SANIGE,Corliss Cosme,GTXPro,Ganjaflex,Won,2017-02-12,2017-05-08,4833.0,Retail,1,4833.0,85,0.6550218340611353,4,1,1
73SY9EU8,Daniell Hammack,GTXPro,Mathtouch,Won,2017-02-12,2017-05-31,4664.0,Energy,1,4664.0,108,0.6096256684491979,1,1,2
HVM656P3,Donn Cantrell,GTX Basic,Plussunin,Won,2017-02-12,2017-05-12,475.0,Energy,1,475.0,89,0.5745454545454546,1,1,2
U2SW8DT1,Hayden Neloms,MG Advanced,Labdrill,Won,2017-02-12,2017-06-13,3807.0,Energy,1,3807.0,121,0.7039473684210527,1,1,0
XMH4CH4Q,Jonathan Berthelot,GTX Basic,Stanredtax,Won,2017-02-12,2017-05-21,518.0,Retail,1,518.0,98,0.6477272727272727,4,1,0
UNLIS3RY,Kami Bicknell,GTX Plus Basic,Dalttechnology,Won,2017-02-12,2017-05-09,1050.0,Shipping,1,1050.0,86,0.6397058823529411,5,1,0
GVFQXZLL,Maureen Marcano,GTXPro,Y-corporation,Won,2017-02-12,2017-05-24,4596.0,Manufacturing,1,4596.0,101,0.6995305164319249,2,1,1
NRYC7T45,Zane Levy,GTX Basic,Y-corporation,Won,2017-02-12,2017-05-05,618.0,Manufacturing,1,618.0,82,0.6168582375478927,2,1,0
ZVR3I3F0,Zane Levy,MG Advanced,Singletechno,Won,2017-02-12,2017-05-02,3460.0,Retail,1,3460.0,79,0.6168582375478927,4,1,2
2TKQ8B78,Daniell Hammack,GTX Plus Pro,Ontomedia,Won,2017-02-13,2017-05-21,5751.0,Manufacturing,1,5751.0,97,0.6096256684491979,2,1,2
OZ5O64KJ,Darcel Schlecht,GTX Plus Pro,Konmatfix,Won,2017-02-13,2017-05-28,5639.0,Shipping,1,5639.0,104,0.6311030741410488,5,1,0
WXCW16QT,Donn Cantrell,GTX Plus Pro,Bioplex,Lost,2017-02-13,2017-06-02,0.0,Retail,0,0.0,109,0.5745454545454546,4,1,0
UCXCUP1U,Garret Kinder,GTX Plus Pro,Zencorporation,Won,2017-02-13,2017-05-18,4766.0,Shipping,1,4766.0,94,0.6097560975609756,5,1,2
9ERRIZKG,Kami Bicknell,GTX Plus Basic,Scotfind,Lost,2017-02-13,2017-05-09,0.0,Telecom,0,0.0,85,0.6397058823529411,6,1,1
CKLYIFLY,Kary Hendrixson,GTX Basic,Singletechno,Won,2017-02-13,2017-05-11,589.0,Retail,1,589.0,87,0.6238805970149254,4,1,0
6VDLCBYU,Marty Freudenburg,GTX Plus Pro,Finhigh,Lost,2017-02-13,2017-05-31,0.0,Banking,0,0.0,107,0.6288659793814433,0,1,0
XYBPUC2H,Moses Frase,GTX Basic,Hottechi,Lost,2017-02-13,2017-05-16,0.0,Public Sector,0,0.0,92,0.6615384615384615,3,1,2
I3MC9XZC,Violet Mclelland,GTX Basic,Massive Dynamic,Won,2017-02-13,2017-05-18,533.0,Banking,1,533.0,94,0.6321243523316062,0,1,0
L5T2HKKO,Anna Snelling,GTX Basic,Conecom,Lost,2017-02-14,2017-05-05,0.0,Shipping,0,0.0,80,0.6190476190476191,5,1,1
6CEEGQ8I,Anna Snelling,MG Special,Domzoom,Won,2017-02-14,2017-05-30,63.0,Retail,1,63.0,105,0.6190476190476191,4,1,2
P2LY9NFN,Cassey Cress,GTXPro,Bioplex,Won,2017-02-14,2017-05-08,4942.0,Retail,1,4942.0,83,0.6245210727969349,4,1,0
94GCWI08,Darcel Schlecht,GTXPro,dambase,Won,2017-02-14,2017-06-12,4650.0,Retail,1,4650.0,118,0.6311030741410488,4,1,2
GUMQTC3J,Darcel Schlecht,GTXPro,Konmatfix,Won,2017-02-14,2017-06-16,4829.0,Shipping,1,4829.0,122,0.6311030741410488,5,1,0
U64RT0UF,Donn Cantrell,GTX Plus Basic,Betasoloin,Won,2017-02-14,2017-05-29,987.0,Banking,1,987.0,104,0.5745454545454546,0,1,0
RWGSCFHR,Donn Cantrell,GTX Plus Pro,Gekko & Co,Won,2017-02-14,2017-03-02,4246.0,Telecom,1,4246.0,16,0.5745454545454546,6,1,0
GEBVQH17,Donn Cantrell,GTX Plus Pro,Iselectrics,Won,2017-02-14,2017-05-06,5702.0,Energy,1,5702.0,81,0.5745454545454546,1,1,1
3OVJXUSB,Donn Cantrell,MG Advanced,Silis,Won,2017-02-14,2017-06-14,2981.0,Public Sector,1,2981.0,120,0.5745454545454546,3,1,1
KQPY8LLI,Gladys Colclough,MG Advanced,Hottechi,Lost,2017-02-14,2017-05-13,0.0,Public Sector,0,0.0,88,0.5818965517241379,3,1,2
DC7COE9W,Hayden Neloms,MG Advanced,Konex,Won,2017-02-14,2017-05-01,2873.0,Public Sector,1,2873.0,76,0.7039473684210527,3,1,0
3LED0EK3,Jonathan Berthelot,MG Advanced,Treequote,Lost,2017-02-14,2017-05-11,0.0,Retail,0,0.0,86,0.6477272727272727,4,1,0
G4MKT3AE,Rosie Papadopoulos,MG Special,The New York Inquirer,Lost,2017-02-14,2017-05-07,0.0,Banking,0,0.0,82,0.6446280991735537,0,1,1
GQ125FX0,Versie Hillebrand,GTX Basic,Gogozoom,Won,2017-02-14,2017-06-03,528.0,Telecom,1,528.0,109,0.6666666666666666,6,1,0
JO52QXJ0,Versie Hillebrand,GTX Plus Basic,Scottech,Won,2017-02-14,2017-06-18,1199.0,Banking,1,1199.0,124,0.6666666666666666,0,1,1
PQ2VF873,Zane Levy,GTXPro,Zoomit,Lost,2017-02-14,2017-03-01,0.0,Energy,0,0.0,15,0.6168582375478927,1,1,0
N6H58J55,Anna Snelling,GTX Basic,Streethex,Lost,2017-02-15,2017-05-13,0.0,Banking,0,0.0,87,0.6190476190476191,0,1,2
WR6Q2X53,Darcel Schlecht,GTX Plus Pro,Streethex,Lost,2017-02-15,2017-05-08,0.0,Banking,0,0.0,82,0.6311030741410488,0,1,0
8O1WNJBA,Garret Kinder,GTX Basic,Bluth Company,Lost,2017-02-15,2017-03-23,0.0,Energy,0,0.0,36,0.6097560975609756,1,1,0
X1LAD57Y,Garret Kinder,GTX Plus Pro,Ontomedia,Lost,2017-02-15,2017-03-04,0.0,Manufacturing,0,0.0,17,0.6097560975609756,2,1,1
E2NXQUWO,Garret Kinder,MG Advanced,Ganjaflex,Won,2017-02-15,2017-03-06,3507.0,Retail,1,3507.0,19,0.6097560975609756,4,1,0
MEZLJGRB,James Ascencio,GTX Basic,Fasehatice,Lost,2017-02-15,2017-05-20,0.0,Telecom,0,0.0,94,0.6553398058252428,6,1,0
M1QKPX6R,James Ascencio,GTXPro,Green-Plus,Won,2017-02-15,2017-05-21,4542.0,Retail,1,4542.0,95,0.6553398058252428,4,1,1
X6LO8WPD,Jonathan Berthelot,GTX Basic,Globex Corporation,Won,2017-02-15,2017-05-28,505.0,Retail,1,505.0,102,0.6477272727272727,4,1,2
S8WV5MUC,Kary Hendrixson,GTX Plus Basic,Cheers,Lost,2017-02-15,2017-05-07,0.0,Telecom,0,0.0,81,0.6238805970149254,6,1,2
R7JI95HZ,Markita Hansen,GTXPro,Sonron,Lost,2017-02-15,2017-05-31,0.0,Manufacturing,0,0.0,105,0.5726872246696035,2,1,1
CVKLHZEO,Moses Frase,GTX Basic,Genco Pura Olive Oil Company,Won,2017-02-15,2017-05-13,455.0,Manufacturing,1,455.0,87,0.6615384615384615,2,1,1
8KJZJFJ1,Reed Clapper,GTX Basic,Initech,Won,2017-02-15,2017-03-03,537.0,Banking,1,537.0,16,0.6540084388185654,0,1,1
W560QFJL,Reed Clapper,GTX Plus Basic,Opentech,Won,2017-02-15,2017-03-04,1090.0,Retail,1,1090.0,17,0.6540084388185654,4,1,1
TA3PW6ZQ,Versie Hillebrand,MG Advanced,Stanredtax,Lost,2017-02-15,2017-05-24,0.0,Retail,0,0.0,98,0.6666666666666666,4,1,1
2DVE0XCM,Versie Hillebrand,MG Special,Genco Pura Olive Oil Company,Won,2017-02-15,2017-03-17,60.0,Manufacturing,1,60.0,30,0.6666666666666666,2,1,2
L3UMWAX7,Vicki Laflamme,GTX Plus Basic,Faxquote,Lost,2017-02-15,2017-05-17,0.0,Telecom,0,0.0,91,0.6368876080691642,6,1,2
VOTOT8MK,Cassey Cress,GTX Plus Pro,Plussunin,Won,2017-02-16,2017-06-15,6509.0,Energy,1,6509.0,119,0.6245210727969349,1,1,1
Y3ULGUD8,Cecily Lampkin,GTX Plus Basic,Ron-tech,Won,2017-02-16,2017-05-18,1079.0,Manufacturing,1,1079.0,91,0.66875,2,1,0
7350YGG4,Corliss Cosme,GTX Plus Basic,Silis,Won,2017-02-16,2017-05-29,1111.0,Public Sector,1,1111.0,102,0.6550218340611353,3,1,1
2J16RN99,Donn Cantrell,GTXPro,Mathtouch,Lost,2017-02-16,2017-05-21,0.0,Energy,0,0.0,94,0.5745454545454546,1,1,0
BRQRF65L,Donn Cantrell,GTX Basic,Donquadtech,Won,2017-02-16,2017-03-02,462.0,Shipping,1,462.0,14,0.5745454545454546,5,1,1
LB6XW39X,Donn Cantrell,GTX Basic,Xx-zobam,Won,2017-02-16,2017-03-04,555.0,Manufacturing,1,555.0,16,0.5745454545454546,2,1,1
WS9CXY7E,Gladys Colclough,GTX Plus Pro,Conecom,Won,2017-02-16,2017-03-01,6719.0,Shipping,1,6719.0,13,0.5818965517241379,5,1,2
CK0MDHHM,Hayden Neloms,MG Advanced,Faxquote,Won,2017-02-16,2017-06-02,3281.0,Telecom,1,3281.0,106,0.7039473684210527,6,1,0
RNUH1SI8,James Ascencio,MG Advanced,Kan-code,Won,2017-02-16,2017-05-07,3398.0,Public Sector,1,3398.0,80,0.6553398058252428,3,1,0
D54HETSI,Kary Hendrixson,GTXPro,Hottechi,Lost,2017-02-16,2017-05-14,0.0,Public Sector,0,0.0,87,0.6238805970149254,3,1,2
JOQQZ5RH,Marty Freudenburg,GTX Basic,Domzoom,Won,2017-02-16,2017-03-01,608.0,Retail,1,608.0,13,0.6288659793814433,4,1,2
90V75MDV,Niesha Huffines,GTXPro,Globex Corporation,Lost,2017-02-16,2017-05-17,0.0,Retail,0,0.0,90,0.6,4,1,2
LIIBOUUQ,Reed Clapper,GTX Plus Basic,Donquadtech,Won,2017-02-16,2017-05-30,1187.0,Shipping,1,1187.0,103,0.6540084388185654,5,1,2
UDYSM42B,Violet Mclelland,GTX Plus Pro,Initech,Won,2017-02-16,2017-06-22,5855.0,Banking,1,5855.0,126,0.6321243523316062,0,1,0
F835LA4P,Darcel Schlecht,GTXPro,Cancity,Won,2017-02-17,2017-05-10,5068.0,Public Sector,1,5068.0,82,0.6311030741410488,3,1,0
75Q82XU7,Donn Cantrell,GTX Plus Basic,Gekko & Co,Lost,2017-02-17,2017-06-13,0.0,Telecom,0,0.0,116,0.5745454545454546,6,1,1
2U6QQHCC,James Ascencio,GTX Plus Pro,J-Texon,Won,2017-02-17,2017-06-19,4066.0,Telecom,1,4066.0,122,0.6553398058252428,6,1,1
MMKMJ0WC,Jonathan Berthelot,GTXPro,Isdom,Won,2017-02-17,2017-06-07,4494.0,Retail,1,4494.0,110,0.6477272727272727,4,1,2
CZIXINO2,Kami Bicknell,GTX Basic,Finjob,Lost,2017-02-17,2017-05-04,0.0,Manufacturing,0,0.0,76,0.6397058823529411,2,1,2
HV7Y6184,Kami Bicknell,GTXPro,Nam-zim,Lost,2017-02-17,2017-05-28,0.0,Energy,0,0.0,100,0.6397058823529411,1,1,2
KIHC1QJQ,Kami Bicknell,GTX Basic,Plexzap,Won,2017-02-17,2017-05-09,540.0,Manufacturing,1,540.0,81,0.6397058823529411,2,1,1
VBWQO6BM,Niesha Huffines,MG Advanced,Conecom,Lost,2017-02-17,2017-05-14,0.0,Shipping,0,0.0,86,0.6,5,1,1
LTZCN1RA,Versie Hillebrand,MG Special,Domzoom,Won,2017-02-17,2017-05-19,54.0,Retail,1,54.0,91,0.6666666666666666,4,1,1
YO32O3T9,Zane Levy,GTXPro,Lexiqvolax,Lost,2017-02-17,2017-05-28,0.0,Public Sector,0,0.0,100,0.6168582375478927,3,1,1
8638OV6W,Corliss Cosme,MG Special,Zathunicon,Lost,2017-02-18,2017-05-26,0.0,Retail,0,0.0,97,0.6550218340611353,4,1,1
TTJXSO57,Darcel Schlecht,GTXPro,Hottechi,Lost,2017-02-18,2017-05-20,0.0,Public Sector,0,0.0,91,0.6311030741410488,3,1,1
K4VP5HK4,Donn Cantrell,MG Advanced,Betasoloin,Won,2017-02-18,2017-05-08,3602.0,Banking,1,3602.0,79,0.5745454545454546,0,1,1
10R46CSK,Lajuana Vencill,MG Advanced,Betatech,Won,2017-02-18,2017-05-07,2904.0,Public Sector,1,2904.0,78,0.5497835497835498,3,1,2
VBA34LWX,Markita Hansen,GTX Basic,Sonron,Won,2017-02-18,2017-05-31,571.0,Manufacturing,1,571.0,102,0.5726872246696035,2,1,2
DLJN7WG0,Marty Freudenburg,MG Special,Genco Pura Olive Oil Company,Lost,2017-02-18,2017-05-30,0.0,Manufacturing,0,0.0,101,0.6288659793814433,2,1,2
FJCCTOPN,Reed Clapper,GTX Basic,Zathunicon,Won,2017-02-18,2017-06-18,492.0,Retail,1,492.0,120,0.6540084388185654,4,1,2
LR6USOHL,Reed Clapper,GTXPro,Zathunicon,Won,2017-02-18,2017-05-27,4545.0,Retail,1,4545.0,98,0.6540084388185654,4,1,1
5VAV2TUY,Versie Hillebrand,GTX Plus Pro,Cancity,Won,2017-02-18,2017-03-25,5614.0,Public Sector,1,5614.0,35,0.6666666666666666,3,1,0
HTD2ME9C,Anna Snelling,GTX Plus Pro,Betatech,Won,2017-02-19,2017-06-12,5370.0,Public Sector,1,5370.0,113,0.6190476190476191,3,1,1
GHUCMUPL,Boris Faz,GTX Basic,Zencorporation,Won,2017-02-19,2017-05-02,550.0,Shipping,1,550.0,72,0.6601307189542484,5,1,0
1LKY3B4X,Cassey Cress,GTX Plus Basic,Yearin,Won,2017-02-19,2017-03-02,1011.0,Retail,1,1011.0,11,0.6245210727969349,4,1,2
7Y5E0RDL,Corliss Cosme,MG Special,Sumace,Won,2017-02-19,2017-06-18,56.0,Energy,1,56.0,119,0.6550218340611353,1,1,1
BEQIZZ7W,Darcel Schlecht,GTX Plus Basic,Codehow,Won,2017-02-19,2017-03-04,1217.0,Telecom,1,1217.0,13,0.6311030741410488,6,1,2
44F8ZE41,Donn Cantrell,GTX Basic,Bubba Gump,Lost,2017-02-19,2017-05-19,0.0,Retail,0,0.0,89,0.5745454545454546,4,1,1
YJIH415V,Donn Cantrell,MG Advanced,Kan-code,Won,2017-02-19,2017-05-10,3222.0,Public Sector,1,3222.0,80,0.5745454545454546,3,1,2
K3DQJ796,Garret Kinder,GTX Basic,Bioplex,Lost,2017-02-19,2017-05-14,0.0,Retail,0,0.0,84,0.6097560975609756,4,1,0
6QF3D2RI,Garret Kinder,GTX Basic,Massive Dynamic,Lost,2017-02-19,2017-05-05,0.0,Banking,0,0.0,75,0.6097560975609756,0,1,0
G9565UWZ,Garret Kinder,MG Advanced,Opentech,Won,2017-02-19,2017-03-01,3348.0,Retail,1,3348.0,10,0.6097560975609756,4,1,0
RFKIN7FG,Jonathan Berthelot,GTX Basic,Conecom,Lost,2017-02-19,2017-05-25,0.0,Shipping,0,0.0,95,0.6477272727272727,5,1,1
2BWZLXZ8,Kami Bicknell,GTXPro,Newex,Won,2017-02-19,2017-03-05,4216.0,Energy,1,4216.0,14,0.6397058823529411,1,1,0
2QHRL8CW,Moses Frase,GTX Basic,Stanredtax,Won,2017-02-19,2017-05-28,404.0,Retail,1,404.0,98,0.6615384615384615,4,1,1
RFYAI0WA,Rosie Papadopoulos,GTX Plus Pro,Initech,Lost,2017-02-19,2017-06-08,0.0,Banking,0,0.0,109,0.6446280991735537,0,1,0
WH0DJCGL,Rosie Papadopoulos,MG Special,Zathunicon,Lost,2017-02-19,2017-06-14,0.0,Retail,0,0.0,115,0.6446280991735537,4,1,0
LCW83256,Rosie Papadopoulos,GTXPro,Sumace,Won,2017-02-19,2017-03-04,5260.0,Energy,1,5260.0,13,0.6446280991735537,1,1,1
IHFM8QXN,Vicki Laflamme,GTX Plus Basic,Kan-code,Lost,2017-02-19,2017-03-07,0.0,Public Sector,0,0.0,16,0.6368876080691642,3,1,1
QCY951QA,Violet Mclelland,MG Special,Donquadtech,Won,2017-02-19,2017-05-06,51.0,Shipping,1,51.0,76,0.6321243523316062,5,1,0
09BVA55J,Zane Levy,GTX Basic,Scotfind,Won,2017-02-19,2017-06-25,598.0,Telecom,1,598.0,126,0.6168582375478927,6,1,1
2R9HXKXT,Boris Faz,GTX Plus Basic,Konex,Lost,2017-02-20,2017-05-25,0.0,Public Sector,0,0.0,94,0.6601307189542484,3,1,0
JLK8KCNN,Boris Faz,MG Special,Zathunicon,Won,2017-02-20,2017-05-24,42.0,Retail,1,42.0,93,0.6601307189542484,4,1,1
SZQUBIMH,Cassey Cress,GTXPro,Vehement Capital Partners,Won,2017-02-20,2017-06-07,4689.0,Banking,1,4689.0,107,0.6245210727969349,0,1,2
8ZYVKQ27,Cecily Lampkin,GTX Plus Pro,Statholdings,Won,2017-02-20,2017-06-26,5154.0,Manufacturing,1,5154.0,126,0.66875,2,1,2
25A51PWG,Darcel Schlecht,GTXPro,Gogozoom,Lost,2017-02-20,2017-05-16,0.0,Telecom,0,0.0,85,0.6311030741410488,6,1,2
4B4XCPHT,Donn Cantrell,GTXPro,Zencorporation,Won,2017-02-20,2017-05-05,5010.0,Shipping,1,5010.0,74,0.5745454545454546,5,1,2
5JFOA4XC,Gladys Colclough,MG Advanced,Finhigh,Won,2017-02-20,2017-06-14,3215.0,Banking,1,3215.0,114,0.5818965517241379,0,1,2
N5FOEJZ9,Kami Bicknell,GTX Basic,Nam-zim,Lost,2017-02-20,2017-06-03,0.0,Energy,0,0.0,103,0.6397058823529411,1,1,0
QTNPGKJ7,Kary Hendrixson,GTXPro,Hatfan,Won,2017-02-20,2017-06-26,3169.0,Public Sector,1,3169.0,126,0.6238805970149254,3,1,2
EBRWSMI0,Markita Hansen,GTX Plus Basic,Scotfind,Lost,2017-02-20,2017-06-27,0.0,Telecom,0,0.0,127,0.5726872246696035,6,1,2
4PKHDQOQ,Marty Freudenburg,GTX Plus Pro,Funholding,Won,2017-02-20,2017-06-03,5015.0,Retail,1,5015.0,103,0.6288659793814433,4,1,2
3Y9SB2QK,Maureen Marcano,GTX Basic,Dalttechnology,Won,2017-02-20,2017-03-01,571.0,Shipping,1,571.0,9,0.6995305164319249,5,1,2
5MZ0O77T,Reed Clapper,GTXPro,Bubba Gump,Won,2017-02-20,2017-05-16,4839.0,Retail,1,4839.0,85,0.6540084388185654,4,1,1
2EILEDKF,Reed Clapper,MG Advanced,Massive Dynamic,Won,2017-02-20,2017-03-05,3315.0,Banking,1,3315.0,13,0.6540084388185654,0,1,0
J4NX9TK5,Versie Hillebrand,MG Special,Warephase,Won,2017-02-20,2017-05-24,60.0,Retail,1,60.0,93,0.6666666666666666,4,1,2
5ITSLO0E,Anna Snelling,GTX Plus Basic,Treequote,Won,2017-02-21,2017-03-04,999.0,Retail,1,999.0,11,0.6190476190476191,4,1,2
QGW0TI1U,Darcel Schlecht,GTX Basic,Statholdings,Lost,2017-02-21,2017-06-11,0.0,Manufacturing,0,0.0,110,0.6311030741410488,2,1,2
WJC5J533,Lajuana Vencill,GTX Plus Pro,Finhigh,Won,2017-02-21,2017-06-04,5401.0,Banking,1,5401.0,103,0.5497835497835498,0,1,0
XGLMCTLG,Moses Frase,GTX Basic,Rundofase,Won,2017-02-21,2017-06-18,551.0,Public Sector,1,551.0,117,0.6615384615384615,3,1,1
X6RLT30X,Reed Clapper,GTX Plus Pro,Mathtouch,Lost,2017-02-21,2017-05-23,0.0,Energy,0,0.0,91,0.6540084388185654,1,1,0
IVT0S1N1,Vicki Laflamme,GTX Basic,Faxquote,Won,2017-02-21,2017-03-20,600.0,Telecom,1,600.0,27,0.6368876080691642,6,1,1
JEPGSQC9,Violet Mclelland,GTX Plus Pro,Bioplex,Lost,2017-02-21,2017-05-05,0.0,Retail,0,0.0,73,0.6321243523316062,4,1,2
EEDHCEVZ,Boris Faz,MG Special,The New York Inquirer,Lost,2017-02-22,2017-05-22,0.0,Banking,0,0.0,89,0.6601307189542484,0,1,2
NHDTSMX2,Cassey Cress,GTXPro,Sumace,Won,2017-02-22,2017-03-02,4711.0,Energy,1,4711.0,8,0.6245210727969349,1,1,0
E36CR33F,Corliss Cosme,MG Advanced,Vehement Capital Partners,Lost,2017-02-22,2017-06-08,0.0,Banking,0,0.0,106,0.6550218340611353,0,1,0
PNL17RE9,Corliss Cosme,GTXPro,Zencorporation,Won,2017-02-22,2017-06-28,5133.0,Shipping,1,5133.0,126,0.6550218340611353,5,1,1
VMEVOJVL,Daniell Hammack,GTX Plus Pro,Sumace,Lost,2017-02-22,2017-05-17,0.0,Energy,0,0.0,84,0.6096256684491979,1,1,1
5EKN0BFN,Daniell Hammack,GTX Plus Pro,Zathunicon,Won,2017-02-22,2017-05-15,4848.0,Retail,1,4848.0,82,0.6096256684491979,4,1,0
R4LH95QS,Daniell Hammack,GTXPro,Mathtouch,Won,2017-02-22,2017-03-03,4475.0,Energy,1,4475.0,9,0.6096256684491979,1,1,1
52CROFH2,Darcel Schlecht,GTX Basic,Betatech,Lost,2017-02-22,2017-03-05,0.0,Public Sector,0,0.0,11,0.6311030741410488,3,1,0
REDGEUCP,Darcel Schlecht,GTXPro,Genco Pura Olive Oil Company,Won,2017-02-22,2017-03-10,3763.0,Manufacturing,1,3763.0,16,0.6311030741410488,2,1,1
6KT5HAR6,Darcel Schlecht,GTXPro,Ron-tech,Won,2017-02-22,2017-03-05,5006.0,Manufacturing,1,5006.0,11,0.6311030741410488,2,1,0
48AJ0X9E,Gladys Colclough,GTXPro,Toughzap,Won,2017-02-22,2017-06-15,4498.0,Retail,1,4498.0,113,0.5818965517241379,4,1,0
RA1UBXY9,Gladys Colclough,GTXPro,Warephase,Won,2017-02-22,2017-03-24,4375.0,Retail,1,4375.0,30,0.5818965517241379,4,1,0
WGI2GSKJ,Hayden Neloms,GTX Plus Basic,J-Texon,Lost,2017-02-22,2017-05-27,0.0,Telecom,0,0.0,94,0.7039473684210527,6,1,1
W4BNO6UL,Hayden Neloms,MG Advanced,Fasehatice,Won,2017-02-22,2017-06-04,3763.0,Telecom,1,3763.0,102,0.7039473684210527,6,1,1
S50A0C2S,Kami Bicknell,GTXPro,J-Texon,Lost,2017-02-22,2017-03-14,0.0,Telecom,0,0.0,20,0.6397058823529411,6,1,1
3H80RIHV,Kami Bicknell,GTX Plus Pro,Sonron,Won,2017-02-22,2017-05-10,5491.0,Manufacturing,1,5491.0,77,0.6397058823529411,2,1,0
KATNS4R4,Lajuana Vencill,GTX Basic,Bioholding,Lost,2017-02-22,2017-05-22,0.0,Banking,0,0.0,89,0.5497835497835498,0,1,1
L5U7OT6O,Markita Hansen,GTX Plus Pro,Y-corporation,Won,2017-02-22,2017-06-17,5503.0,Manufacturing,1,5503.0,115,0.5726872246696035,2,1,1
QKVUGRN9,Moses Frase,GTX Plus Basic,Rangreen,Lost,2017-02-22,2017-05-30,0.0,Energy,0,0.0,97,0.6615384615384615,1,1,0
FNY6F0KF,Moses Frase,MG Special,Statholdings,Won,2017-02-22,2017-05-15,58.0,Manufacturing,1,58.0,82,0.6615384615384615,2,1,2
1W23LEWK,Niesha Huffines,GTX Plus Basic,Genco Pura Olive Oil Company,Won,2017-02-22,2017-05-27,1051.0,Manufacturing,1,1051.0,94,0.6,2,1,0
JHJEQ1U3,Niesha Huffines,GTX Plus Pro,Conecom,Won,2017-02-22,2017-03-07,5604.0,Shipping,1,5604.0,13,0.6,5,1,1
CPJAA632,Reed Clapper,MG Advanced,Xx-zobam,Won,2017-02-22,2017-05-15,3273.0,Manufacturing,1,3273.0,82,0.6540084388185654,2,1,0
GVC0RLQE,Vicki Laflamme,GTX Plus Basic,Scotfind,Lost,2017-02-22,2017-05-11,0.0,Telecom,0,0.0,78,0.6368876080691642,6,1,2
9OLYBVNE,Zane Levy,GTX Plus Basic,Scotfind,Won,2017-02-22,2017-06-02,1220.0,Telecom,1,1220.0,100,0.6168582375478927,6,1,0
R8N49PHN,Zane Levy,GTX Plus Pro,Singletechno,Won,2017-02-22,2017-03-02,5497.0,Retail,1,5497.0,8,0.6168582375478927,4,1,1
P5EVJUKQ,Anna Snelling,GTX Plus Basic,Conecom,Won,2017-02-23,2017-06-10,1056.0,Shipping,1,1056.0,107,0.6190476190476191,5,1,2
XF4648CO,Boris Faz,GTX Basic,Kan-code,Lost,2017-02-23,2017-06-16,0.0,Public Sector,0,0.0,113,0.6601307189542484,3,1,1
24UTFDPK,Cassey Cress,GTX Basic,Massive Dynamic,Won,2017-02-23,2017-03-12,572.0,Banking,1,572.0,17,0.6245210727969349,0,1,2
ERYLM04D,Cecily Lampkin,MG Advanced,Funholding,Won,2017-02-23,2017-05-23,3668.0,Retail,1,3668.0,89,0.66875,4,1,2
IQ9W1X36,Corliss Cosme,MG Special,Kinnamplus,Won,2017-02-23,2017-03-02,50.0,Telecom,1,50.0,7,0.6550218340611353,6,1,0
GSR9PIF0,Daniell Hammack,MG Advanced,Silis,Won,2017-02-23,2017-05-22,3509.0,Public Sector,1,3509.0,88,0.6096256684491979,3,1,0
8477482V,Darcel Schlecht,GTXPro,Gogozoom,Won,2017-02-23,2017-06-28,5643.0,Telecom,1,5643.0,125,0.6311030741410488,6,1,1
VFZOL6CB,Elease Gluck,MG Special,Dalttechnology,Won,2017-02-23,2017-03-10,47.0,Shipping,1,47.0,15,0.6349206349206349,5,1,0
75ZOJ3O7,Hayden Neloms,MG Advanced,Finjob,Won,2017-02-23,2017-03-08,3312.0,Manufacturing,1,3312.0,13,0.7039473684210527,2,1,0
1QQR82TP,James Ascencio,GTX Plus Pro,Goodsilron,Lost,2017-02-23,2017-06-23,0.0,Energy,0,0.0,120,0.6553398058252428,1,1,2
DR6MQSWL,Kami Bicknell,GTX Basic,Labdrill,Won,2017-02-23,2017-03-11,480.0,Energy,1,480.0,16,0.6397058823529411,1,1,0
KAV5TU8X,Kami Bicknell,MG Advanced,Nam-zim,Won,2017-02-23,2017-05-06,3208.0,Energy,1,3208.0,72,0.6397058823529411,1,1,2
UQ86UOWY,Kary Hendrixson,GTX Basic,Y-corporation,Lost,2017-02-23,2017-05-04,0.0,Manufacturing,0,0.0,70,0.6238805970149254,2,1,2
A82DG6R5,Kary Hendrixson,GTX Plus Pro,Kan-code,Won,2017-02-23,2017-05-04,5782.0,Public Sector,1,5782.0,70,0.6238805970149254,3,1,2
37FKT2ZP,Lajuana Vencill,GTX Plus Pro,Rangreen,Won,2017-02-23,2017-05-23,5827.0,Energy,1,5827.0,89,0.5497835497835498,1,1,1
MVXB9PS5,Maureen Marcano,GTX Basic,Newex,Lost,2017-02-23,2017-06-17,0.0,Energy,0,0.0,114,0.6995305164319249,1,1,1
M2TZSYTN,Moses Frase,GTX Basic,Bioholding,Won,2017-02-23,2017-06-16,516.0,Banking,1,516.0,113,0.6615384615384615,0,1,1
KGJL5GHX,Moses Frase,GTX Plus Basic,Condax,Won,2017-02-23,2017-06-06,956.0,Banking,1,956.0,103,0.6615384615384615,0,1,2
IF7DSONM,Moses Frase,MG Special,Stanredtax,Won,2017-02-23,2017-03-15,52.0,Retail,1,52.0,20,0.6615384615384615,4,1,1
RR4FWSVB,Moses Frase,MG Advanced,Toughzap,Won,2017-02-23,2017-05-11,3025.0,Retail,1,3025.0,77,0.6615384615384615,4,1,1
C5IWM5VJ,Reed Clapper,GTXPro,The New York Inquirer,Won,2017-02-23,2017-06-10,5618.0,Banking,1,5618.0,107,0.6540084388185654,0,1,0
9WZ3I1TF,Rosie Papadopoulos,GTXPro,Umbrella Corporation,Won,2017-02-23,2017-05-09,4867.0,Public Sector,1,4867.0,75,0.6446280991735537,3,1,1
IO4GTLAB,Zane Levy,GTX Plus Basic,Kan-code,Won,2017-02-23,2017-03-14,929.0,Public Sector,1,929.0,19,0.6168582375478927,3,1,1
06T2UPDG,Cecily Lampkin,MG Special,dambase,Lost,2017-02-24,2017-06-05,0.0,Retail,0,0.0,101,0.66875,4,1,2
9L6ADU5C,Corliss Cosme,MG Advanced,Xx-zobam,Lost,2017-02-24,2017-05-11,0.0,Manufacturing,0,0.0,76,0.6550218340611353,2,1,2
U185INDA,Darcel Schlecht,GTXPro,Toughzap,Won,2017-02-24,2017-05-05,5010.0,Retail,1,5010.0,70,0.6311030741410488,4,1,2
2AGLONC4,Donn Cantrell,GTXPro,Bluth Company,Won,2017-02-24,2017-05-15,5621.0,Energy,1,5621.0,80,0.5745454545454546,1,1,2
TBDUMBLA,Donn Cantrell,MG Advanced,Iselectrics,Won,2017-02-24,2017-05-02,3233.0,Energy,1,3233.0,67,0.5745454545454546,1,1,2
0AXGVKN8,Garret Kinder,MG Special,Acme Corporation,Won,2017-02-24,2017-05-28,55.0,Shipping,1,55.0,93,0.6097560975609756,5,1,2
TAPNNL1W,Garret Kinder,MG Advanced,Bioplex,Won,2017-02-24,2017-03-07,3278.0,Retail,1,3278.0,11,0.6097560975609756,4,1,1
R9ZAKBFE,Gladys Colclough,GTX Plus Basic,Domzoom,Won,2017-02-24,2017-03-10,1155.0,Retail,1,1155.0,14,0.5818965517241379,4,1,2
Y40ADYX7,Hayden Neloms,MG Advanced,Goodsilron,Won,2017-02-24,2017-03-11,3550.0,Energy,1,3550.0,15,0.7039473684210527,1,1,2
R7GVZT8J,Jonathan Berthelot,MG Advanced,Stanredtax,Lost,2017-02-24,2017-05-10,0.0,Retail,0,0.0,75,0.6477272727272727,4,1,0
RSEDY99J,Jonathan Berthelot,GTX Plus Basic,Hottechi,Won,2017-02-24,2017-06-16,1055.0,Public Sector,1,1055.0,112,0.6477272727272727,3,1,1
D5NZQIWU,Markita Hansen,GTX Plus Basic,Sonron,Lost,2017-02-24,2017-06-20,0.0,Manufacturing,0,0.0,116,0.5726872246696035,2,1,1
Z0BGG6IJ,Markita Hansen,GTX Basic,Y-corporation,Won,2017-02-24,2017-05-05,595.0,Manufacturing,1,595.0,70,0.5726872246696035,2,1,1
ZCA1IRGD,Moses Frase,MG Advanced,Warephase,Won,2017-02-24,2017-05-06,3063.0,Retail,1,3063.0,71,0.6615384615384615,4,1,2
NPB8ZLEO,Vicki Laflamme,MG Advanced,Konex,Lost,2017-02-24,2017-05-13,0.0,Public Sector,0,0.0,78,0.6368876080691642,3,1,2
HJIO57TA,Violet Mclelland,MG Advanced,Massive Dynamic,Won,2017-02-24,2017-06-06,3246.0,Banking,1,3246.0,102,0.6321243523316062,0,1,2
U6N053E1,Anna Snelling,GTX Basic,Scottech,Won,2017-02-25,2017-03-02,423.0,Banking,1,423.0,5,0.6190476190476191,0,1,0
MTKCJVFO,Cassey Cress,GTX Basic,Initech,Won,2017-02-25,2017-06-18,542.0,Banking,1,542.0,113,0.6245210727969349,0,1,2
KIP060D0,Cassey Cress,GTXPro,Ontomedia,Won,2017-02-25,2017-03-08,5040.0,Manufacturing,1,5040.0,11,0.6245210727969349,2,1,0
YOISPUC6,Corliss Cosme,GTX Plus Basic,Kan-code,Lost,2017-02-25,2017-05-21,0.0,Public Sector,0,0.0,85,0.6550218340611353,3,1,1
2MHTTXX0,Darcel Schlecht,GTX Plus Pro,Rangreen,Lost,2017-02-25,2017-06-17,0.0,Energy,0,0.0,112,0.6311030741410488,1,1,2
QU4FNKZL,Darcel Schlecht,GTXPro,Statholdings,Won,2017-02-25,2017-05-09,5423.0,Manufacturing,1,5423.0,73,0.6311030741410488,2,1,0
GZUKDP7F,Darcel Schlecht,MG Advanced,Cancity,Won,2017-02-25,2017-06-13,3295.0,Public Sector,1,3295.0,108,0.6311030741410488,3,1,0
S519S1EK,Donn Cantrell,GTX Basic,Plussunin,Won,2017-02-25,2017-06-02,568.0,Energy,1,568.0,97,0.5745454545454546,1,1,2
AL554AUI,Donn Cantrell,GTX Basic,Xx-zobam,Won,2017-02-25,2017-05-26,640.0,Manufacturing,1,640.0,90,0.5745454545454546,2,1,1
MCWDHOBT,Elease Gluck,GTXPro,Plusstrip,Won,2017-02-25,2017-05-19,4612.0,Public Sector,1,4612.0,83,0.6349206349206349,3,1,1
GDZV8N5W,Gladys Colclough,GTXPro,Domzoom,Lost,2017-02-25,2017-05-26,0.0,Retail,0,0.0,90,0.5818965517241379,4,1,1
F4FLJ0WW,James Ascencio,GTX Plus Basic,Goodsilron,Lost,2017-02-25,2017-05-26,0.0,Energy,0,0.0,90,0.6553398058252428,1,1,0
P3VM7655,Jonathan Berthelot,MG Advanced,Dontechi,Won,2017-02-25,2017-05-06,3281.0,Shipping,1,3281.0,70,0.6477272727272727,5,1,0
5QU60VGE,Kami Bicknell,GTX Basic,Finjob,Lost,2017-02-25,2017-03-12,0.0,Manufacturing,0,0.0,15,0.6397058823529411,2,1,0
3CLBPMYZ,Kami Bicknell,GTX Plus Basic,Labdrill,Lost,2017-02-25,2017-03-08,0.0,Energy,0,0.0,11,0.6397058823529411,1,1,0
G17JEA75,Kami Bicknell,MG Special,Rantouch,Won,2017-02-25,2017-03-11,59.0,Energy,1,59.0,14,0.6397058823529411,1,1,1
BGU0JJ9X,Marty Freudenburg,GTX Plus Basic,Scottech,Won,2017-02-25,2017-06-30,1081.0,Banking,1,1081.0,125,0.6288659793814433,0,1,2
U02OIJGK,Marty Freudenburg,GTX Plus Basic,Zumgoity,Won,2017-02-25,2017-05-09,962.0,Public Sector,1,962.0,73,0.6288659793814433,3,1,0
3N7ZXGMF,Niesha Huffines,GTX Plus Basic,Codehow,Won,2017-02-25,2017-03-06,1123.0,Telecom,1,1123.0,9,0.6,6,1,0
0QHI3KG5,Reed Clapper,MG Advanced,Xx-zobam,Won,2017-02-25,2017-06-10,3075.0,Manufacturing,1,3075.0,105,0.6540084388185654,2,1,1
0WWDVOM3,Rosalina Dieter,MG Special,Condax,Won,2017-02-25,2017-05-09,50.0,Banking,1,50.0,73,0.6545454545454545,0,1,2
QPPUCKFM,Rosalina Dieter,MG Special,Dalttechnology,Won,2017-02-25,2017-03-06,47.0,Shipping,1,47.0,9,0.6545454545454545,5,1,2
VGE4M1C9,Versie Hillebrand,MG Special,Globex Corporation,Lost,2017-02-25,2017-03-08,0.0,Retail,0,0.0,11,0.6666666666666666,4,1,1
56XQOTXV,Versie Hillebrand,GTX Plus Pro,Betatech,Won,2017-02-25,2017-05-17,4494.0,Public Sector,1,4494.0,81,0.6666666666666666,3,1,1
1JC9DMNJ,Vicki Laflamme,MG Special,Hottechi,Lost,2017-02-25,2017-05-06,0.0,Public Sector,0,0.0,70,0.6368876080691642,3,1,2
AK2LRFXF,Vicki Laflamme,MG Special,Singletechno,Won,2017-02-25,2017-03-11,61.0,Retail,1,61.0,14,0.6368876080691642,4,1,0
UCK7JRXG,Vicki Laflamme,MG Advanced,Goodsilron,Won,2017-02-25,2017-05-13,3418.0,Energy,1,3418.0,77,0.6368876080691642,1,1,2
WM30CUBE,Wilburn Farren,MG Advanced,Konex,Won,2017-02-25,2017-06-02,3336.0,Public Sector,1,3336.0,97,0.6962025316455697,3,1,1
8DWOWB6Y,Anna Snelling,GTX Basic,Betatech,Lost,2017-02-26,2017-03-16,0.0,Public Sector,0,0.0,18,0.6190476190476191,3,1,0
BGNB966A,Boris Faz,GTX Plus Pro,Mathtouch,Won,2017-02-26,2017-03-13,4766.0,Energy,1,4766.0,15,0.6601307189542484,1,1,0
4Q4CLZCH,Corliss Cosme,MG Advanced,Plussunin,Lost,2017-02-26,2017-06-10,0.0,Energy,0,0.0,104,0.6550218340611353,1,1,1
YQ24IWRQ,Daniell Hammack,GTX Basic,Ganjaflex,Won,2017-02-26,2017-05-27,592.0,Retail,1,592.0,90,0.6096256684491979,4,1,1
Z30RS0CL,Donn Cantrell,GTX Basic,Iselectrics,Lost,2017-02-26,2017-06-01,0.0,Energy,0,0.0,95,0.5745454545454546,1,1,1
FRB34F3W,Elease Gluck,MG Special,Green-Plus,Lost,2017-02-26,2017-05-24,0.0,Retail,0,0.0,87,0.6349206349206349,4,1,2
CGEHFK9N,Gladys Colclough,GTXPro,Treequote,Lost,2017-02-26,2017-05-29,0.0,Retail,0,0.0,92,0.5818965517241379,4,1,2
4A189ZAB,Gladys Colclough,GTXPro,Dontechi,Won,2017-02-26,2017-06-08,5142.0,Shipping,1,5142.0,102,0.5818965517241379,5,1,0
0HELH2Q0,James Ascencio,GTX Plus Basic,Cheers,Lost,2017-02-26,2017-05-29,0.0,Telecom,0,0.0,92,0.6553398058252428,6,1,1
HG5P21RO,Lajuana Vencill,MG Advanced,Gogozoom,Lost,2017-02-26,2017-05-08,0.0,Telecom,0,0.0,71,0.5497835497835498,6,1,0
MGP9HCUL,Markita Hansen,GTX Plus Basic,Plexzap,Lost,2017-02-26,2017-06-16,0.0,Manufacturing,0,0.0,110,0.5726872246696035,2,1,0
XX84TIMO,Maureen Marcano,GTX Plus Basic,Faxquote,Lost,2017-02-26,2017-06-26,0.0,Telecom,0,0.0,120,0.6995305164319249,6,1,0
2JFS8EGS,Maureen Marcano,MG Special,Nam-zim,Lost,2017-02-26,2017-05-03,0.0,Energy,0,0.0,66,0.6995305164319249,1,1,0
GBMHNLRO,Moses Frase,GTX Basic,Dontechi,Won,2017-02-26,2017-03-15,660.0,Shipping,1,660.0,17,0.6615384615384615,5,1,1
NAVG0P26,Moses Frase,GTX Basic,Rundofase,Won,2017-02-26,2017-05-26,443.0,Public Sector,1,443.0,89,0.6615384615384615,3,1,0
DK955UBP,Niesha Huffines,MG Special,Codehow,Lost,2017-02-26,2017-05-20,0.0,Telecom,0,0.0,83,0.6,6,1,1
0OOZE4GN,Rosie Papadopoulos,GTX Plus Pro,Zotware,Lost,2017-02-26,2017-03-03,0.0,Banking,0,0.0,5,0.6446280991735537,0,1,1
3P0T15VX,Rosie Papadopoulos,MG Special,The New York Inquirer,Lost,2017-02-26,2017-05-18,0.0,Banking,0,0.0,81,0.6446280991735537,0,1,2
GK0A4IQW,Versie Hillebrand,MG Special,Domzoom,Won,2017-02-26,2017-06-18,61.0,Retail,1,61.0,112,0.6666666666666666,4,1,1
UXJSIAVS,Zane Levy,GTX Plus Pro,Y-corporation,Won,2017-02-26,2017-03-14,4846.0,Manufacturing,1,4846.0,16,0.6168582375478927,2,1,2
KR4K652E,Anna Snelling,GTX Basic,dambase,Won,2017-02-27,2017-06-04,574.0,Retail,1,574.0,97,0.6190476190476191,4,1,1
J2SR2H1Y,Cassey Cress,GTX Basic,Ganjaflex,Lost,2017-02-27,2017-06-18,0.0,Retail,0,0.0,111,0.6245210727969349,4,1,1
4U5VTUJL,Cassey Cress,GTXPro,Sumace,Lost,2017-02-27,2017-05-22,0.0,Energy,0,0.0,84,0.6245210727969349,1,1,1
VTT447YT,Cecily Lampkin,GTX Basic,Conecom,Won,2017-02-27,2017-05-03,497.0,Shipping,1,497.0,65,0.66875,5,1,2
8JJY9B08,Corliss Cosme,GTX Basic,Xx-zobam,Lost,2017-02-27,2017-05-04,0.0,Manufacturing,0,0.0,66,0.6550218340611353,2,1,2
STTAXKIU,Corliss Cosme,GTX Plus Pro,Konex,Won,2017-02-27,2017-05-30,5159.0,Public Sector,1,5159.0,92,0.6550218340611353,3,1,0
PX4OW5SC,Darcel Schlecht,MG Special,Codehow,Lost,2017-02-27,2017-05-02,0.0,Telecom,0,0.0,64,0.6311030741410488,6,1,2
87MEZS8G,Darcel Schlecht,GTXPro,Conecom,Won,2017-02-27,2017-05-13,4311.0,Shipping,1,4311.0,75,0.6311030741410488,5,1,2
SLIWHUIM,Donn Cantrell,GTX Basic,Ganjaflex,Won,2017-02-27,2017-05-22,609.0,Retail,1,609.0,84,0.5745454545454546,4,1,2
XBVFZ1IR,Gladys Colclough,GTX Plus Basic,Cancity,Won,2017-02-27,2017-06-24,1008.0,Public Sector,1,1008.0,117,0.5818965517241379,3,1,2
7B3J333S,Gladys Colclough,GTXPro,Zumgoity,Won,2017-02-27,2017-06-22,4458.0,Public Sector,1,4458.0,115,0.5818965517241379,3,1,0
3N9I1WH7,Hayden Neloms,MG Advanced,Plexzap,Won,2017-02-27,2017-05-26,2964.0,Manufacturing,1,2964.0,88,0.7039473684210527,2,1,2
TMW4J6NA,James Ascencio,GTX Plus Pro,Lexiqvolax,Lost,2017-02-27,2017-06-04,0.0,Public Sector,0,0.0,97,0.6553398058252428,3,1,1
ZI1MPYF3,James Ascencio,MG Advanced,Dalttechnology,Won,2017-02-27,2017-06-05,3813.0,Shipping,1,3813.0,98,0.6553398058252428,5,1,1
L6KOBEBZ,Jonathan Berthelot,GTX Basic,Rundofase,Won,2017-02-27,2017-05-27,528.0,Public Sector,1,528.0,89,0.6477272727272727,3,1,2
Z2S4KUPO,Kary Hendrixson,GTX Plus Basic,Rantouch,Won,2017-02-27,2017-03-10,1173.0,Energy,1,1173.0,11,0.6238805970149254,1,1,2
GIW1PN4L,Kary Hendrixson,GTXPro,Kan-code,Won,2017-02-27,2017-06-19,3893.0,Public Sector,1,3893.0,112,0.6238805970149254,3,1,1
E57F5Z2K,Kary Hendrixson,GTXPro,Sonron,Won,2017-02-27,2017-03-15,4678.0,Manufacturing,1,4678.0,16,0.6238805970149254,2,1,1
38KKSE72,Lajuana Vencill,GTX Basic,Bioholding,Won,2017-02-27,2017-06-01,530.0,Banking,1,530.0,94,0.5497835497835498,0,1,0
0GJ586J0,Markita Hansen,MG Special,Sunnamplex,Lost,2017-02-27,2017-03-14,0.0,Public Sector,0,0.0,15,0.5726872246696035,3,1,1
4V0S4BA3,Markita Hansen,GTK 500,Goodsilron,Won,2017-02-27,2017-06-27,29617.0,Energy,1,29617.0,120,0.5726872246696035,1,1,1
1LTD5TKV,Marty Freudenburg,GTX Plus Basic,Isdom,Won,2017-02-27,2017-05-09,1028.0,Retail,1,1028.0,71,0.6288659793814433,4,1,2
VBM56CIF,Marty Freudenburg,MG Advanced,Domzoom,Won,2017-02-27,2017-06-28,2863.0,Retail,1,2863.0,121,0.6288659793814433,4,1,1
PDH2NPE1,Moses Frase,MG Advanced,Codehow,Won,2017-02-27,2017-06-28,4109.0,Telecom,1,4109.0,121,0.6615384615384615,6,1,0
OV60VIBB,Niesha Huffines,GTX Basic,Betatech,Lost,2017-02-27,2017-05-08,0.0,Public Sector,0,0.0,70,0.6,3,1,1
2OAIXF3A,Reed Clapper,GTX Plus Basic,Kan-code,Won,2017-02-27,2017-03-13,1106.0,Public Sector,1,1106.0,14,0.6540084388185654,3,1,2
FBSEA94D,Rosie Papadopoulos,MG Special,Bubba Gump,Won,2017-02-27,2017-06-30,53.0,Retail,1,53.0,123,0.6446280991735537,4,1,2
EOB01PRO,Versie Hillebrand,MG Special,Globex Corporation,Won,2017-02-27,2017-05-14,47.0,Retail,1,47.0,76,0.6666666666666666,4,1,1
5QC9H4C2,Violet Mclelland,MG Advanced,Kan-code,Won,2017-02-27,2017-05-23,3749.0,Public Sector,1,3749.0,85,0.6321243523316062,3,1,2
3HGQ3BOY,Violet Mclelland,MG Advanced,Ontomedia,Won,2017-02-27,2017-05-27,4204.0,Manufacturing,1,4204.0,89,0.6321243523316062,2,1,0
CO6ZPH1W,Cassey Cress,MG Advanced,Umbrella Corporation,Won,2017-02-28,2017-06-15,3986.0,Public Sector,1,3986.0,107,0.6245210727969349,3,1,0
M3WTE943,Daniell Hammack,GTXPro,Donquadtech,Won,2017-02-28,2017-06-05,5105.0,Shipping,1,5105.0,97,0.6096256684491979,5,1,1
X914SMX7,Darcel Schlecht,GTX Basic,Genco Pura Olive Oil Company,Won,2017-02-28,2017-06-22,516.0,Manufacturing,1,516.0,114,0.6311030741410488,2,1,1
1MCE2AOV,Darcel Schlecht,GTXPro,Rundofase,Won,2017-02-28,2017-06-02,4407.0,Public Sector,1,4407.0,94,0.6311030741410488,3,1,1
8061HKKB,Donn Cantrell,MG Advanced,Zathunicon,Won,2017-02-28,2017-06-19,3087.0,Retail,1,3087.0,111,0.5745454545454546,4,1,2
T1HIH384,Gladys Colclough,GTX Plus Pro,Inity,Won,2017-02-28,2017-05-15,5331.0,Manufacturing,1,5331.0,76,0.5818965517241379,2,1,0
FM2NX2GB,Hayden Neloms,MG Advanced,Condax,Won,2017-02-28,2017-05-05,4069.0,Banking,1,4069.0,66,0.7039473684210527,0,1,0
SJ45HNHM,James Ascencio,GTX Basic,Hatfan,Won,2017-02-28,2017-06-29,463.0,Public Sector,1,463.0,121,0.6553398058252428,3,1,2
NYGZJYCJ,James Ascencio,GTX Plus Pro,Faxquote,Won,2017-02-28,2017-05-26,5625.0,Telecom,1,5625.0,87,0.6553398058252428,6,1,0
6MMFIIGE,Lajuana Vencill,GTX Basic,Rundofase,Won,2017-02-28,2017-06-15,524.0,Public Sector,1,524.0,107,0.5497835497835498,3,1,1
IJ817GQJ,Markita Hansen,GTX Basic,Cheers,Lost,2017-02-28,2017-05-12,0.0,Telecom,0,0.0,73,0.5726872246696035,6,1,1
PCRRS6JP,Moses Frase,MG Special,Genco Pura Olive Oil Company,Lost,2017-02-28,2017-05-28,0.0,Manufacturing,0,0.0,89,0.6615384615384615,2,1,1
NKL5SWX3,Reed Clapper,GTX Plus Basic,Zencorporation,Won,2017-02-28,2017-06-01,1161.0,Shipping,1,1161.0,93,0.6540084388185654,5,1,0
WVG1CIHX,Reed Clapper,GTX Plus Pro,Mathtouch,Won,2017-02-28,2017-06-03,6046.0,Energy,1,6046.0,95,0.6540084388185654,1,1,1
7GRNFO6D,Versie Hillebrand,MG Special,Dontechi,Won,2017-02-28,2017-05-18,49.0,Shipping,1,49.0,79,0.6666666666666666,5,1,2
G0QKNVIJ,Anna Snelling,MG Special,Conecom,Won,2017-03-01,2017-05-28,51.0,Shipping,1,51.0,88,0.6190476190476191,5,1,2
6HRIX06M,Anna Snelling,MG Advanced,Hottechi,Won,2017-03-01,2017-06-26,3415.0,Public Sector,1,3415.0,117,0.6190476190476191,3,1,0
AM5YTMH3,Boris Faz,GTX Plus Basic,Kan-code,Won,2017-03-01,2017-03-10,1053.0,Public Sector,1,1053.0,9,0.6601307189542484,3,1,2
2L5ZWLI7,Cassey Cress,GTX Plus Basic,Betasoloin,Lost,2017-03-01,2017-05-25,0.0,Banking,0,0.0,85,0.6245210727969349,0,1,2
6B6Q8C5S,Cassey Cress,GTXPro,Donquadtech,Won,2017-03-01,2017-03-15,5068.0,Shipping,1,5068.0,14,0.6245210727969349,5,1,0
DF4KYH5H,Cassey Cress,GTXPro,Massive Dynamic,Won,2017-03-01,2017-06-30,4256.0,Banking,1,4256.0,121,0.6245210727969349,0,1,1
JTDV6H65,Darcel Schlecht,MG Advanced,Treequote,Lost,2017-03-01,2017-05-08,0.0,Retail,0,0.0,68,0.6311030741410488,4,1,1
O8JF46GT,Darcel Schlecht,GTX Basic,Genco Pura Olive Oil Company,Won,2017-03-01,2017-03-12,657.0,Manufacturing,1,657.0,11,0.6311030741410488,2,1,1
RK5Y67V6,Darcel Schlecht,MG Special,Stanredtax,Won,2017-03-01,2017-03-08,60.0,Retail,1,60.0,7,0.6311030741410488,4,1,0
COWOZH43,Donn Cantrell,GTX Basic,Opentech,Lost,2017-03-01,2017-05-29,0.0,Retail,0,0.0,89,0.5745454545454546,4,1,2
DGIYD342,Elease Gluck,GTX Plus Pro,Hottechi,Lost,2017-03-01,2017-05-10,0.0,Public Sector,0,0.0,70,0.6349206349206349,3,1,1
JSSGVBVS,Garret Kinder,GTX Basic,Silis,Lost,2017-03-01,2017-05-05,0.0,Public Sector,0,0.0,65,0.6097560975609756,3,1,1
V28NVD6A,Garret Kinder,GTX Basic,Plussunin,Won,2017-03-01,2017-05-01,629.0,Energy,1,629.0,61,0.6097560975609756,1,1,0
I1IAVDQM,Gladys Colclough,MG Advanced,Hottechi,Lost,2017-03-01,2017-05-23,0.0,Public Sector,0,0.0,83,0.5818965517241379,3,1,1
4MC584U5,Gladys Colclough,MG Advanced,Treequote,Won,2017-03-01,2017-06-02,4082.0,Retail,1,4082.0,93,0.5818965517241379,4,1,0
MCYLHUCZ,Lajuana Vencill,GTX Plus Basic,Rundofase,Won,2017-03-01,2017-05-31,1044.0,Public Sector,1,1044.0,91,0.5497835497835498,3,1,2
5E4DTWHV,Marty Freudenburg,MG Advanced,Inity,Lost,2017-03-01,2017-06-11,0.0,Manufacturing,0,0.0,102,0.6288659793814433,2,1,0
1VUBYV53,Maureen Marcano,GTX Plus Basic,Rantouch,Won,2017-03-01,2017-03-21,1025.0,Energy,1,1025.0,20,0.6995305164319249,1,1,0
W03CXYET,Moses Frase,GTX Basic,Streethex,Won,2017-03-01,2017-06-17,465.0,Banking,1,465.0,108,0.6615384615384615,0,1,0
LZVFFQLN,Moses Frase,MG Special,Konmatfix,Won,2017-03-01,2017-06-14,50.0,Shipping,1,50.0,105,0.6615384615384615,5,1,0
MFV0C5RN,Reed Clapper,GTX Plus Pro,Vehement Capital Partners,Won,2017-03-01,2017-03-09,5548.0,Banking,1,5548.0,8,0.6540084388185654,0,1,2
A1WZEK7U,Reed Clapper,MG Advanced,Kan-code,Won,2017-03-01,2017-06-03,3558.0,Public Sector,1,3558.0,94,0.6540084388185654,3,1,2
516FJUNB,Rosalina Dieter,MG Advanced,Singletechno,Won,2017-03-01,2017-03-07,3959.0,Retail,1,3959.0,6,0.6545454545454545,4,1,1
PE8DK02A,Versie Hillebrand,MG Special,Ron-tech,Won,2017-03-01,2017-03-17,49.0,Manufacturing,1,49.0,16,0.6666666666666666,2,1,2
10NTPQUY,Versie Hillebrand,MG Special,Warephase,Won,2017-03-01,2017-06-16,50.0,Retail,1,50.0,107,0.6666666666666666,4,1,2
X2EXSMPR,Vicki Laflamme,GTX Basic,Xx-holding,Won,2017-03-01,2017-03-08,523.0,Telecom,1,523.0,7,0.6368876080691642,6,1,1
JCFQVIEG,Vicki Laflamme,GTX Plus Basic,Zoomit,Won,2017-03-01,2017-06-01,1086.0,Energy,1,1086.0,92,0.6368876080691642,1,1,2
XIWKGJOW,Vicki Laflamme,GTXPro,Goodsilron,Won,2017-03-01,2017-03-09,4445.0,Energy,1,4445.0,8,0.6368876080691642,1,1,0
DHGLWIDZ,Violet Mclelland,GTXPro,Umbrella Corporation,Won,2017-03-01,2017-06-24,4756.0,Public Sector,1,4756.0,115,0.6321243523316062,3,1,0
74VGCEEW,Violet Mclelland,MG Special,Gekko & Co,Won,2017-03-01,2017-06-19,67.0,Telecom,1,67.0,110,0.6321243523316062,6,1,1
MXTAIS4Q,Wilburn Farren,MG Advanced,Iselectrics,Won,2017-03-01,2017-06-09,3783.0,Energy,1,3783.0,100,0.6962025316455697,1,1,1
YP8QKKEZ,Zane Levy,GTX Basic,Doncon,Lost,2017-03-01,2017-05-31,0.0,Shipping,0,0.0,91,0.6168582375478927,5,1,1
3TSOEM5K,Zane Levy,GTX Plus Pro,Rantouch,Lost,2017-03-01,2017-06-27,0.0,Energy,0,0.0,118,0.6168582375478927,1,1,0
G7RCJBVL,Anna Snelling,MG Advanced,Dontechi,Lost,2017-03-02,2017-05-31,0.0,Shipping,0,0.0,90,0.6190476190476191,5,1,2
G20IQSA3,Anna Snelling,GTX Basic,Conecom,Won,2017-03-02,2017-03-12,522.0,Shipping,1,522.0,10,0.6190476190476191,5,1,0
Q16BQCEL,Boris Faz,GTX Plus Basic,Kinnamplus,Won,2017-03-02,2017-03-18,1001.0,Telecom,1,1001.0,16,0.6601307189542484,6,1,1
9924I5ZF,Cecily Lampkin,GTX Plus Pro,Betatech,Won,2017-03-02,2017-05-25,5728.0,Public Sector,1,5728.0,84,0.66875,3,1,2
SLLJT3T1,Darcel Schlecht,GTX Plus Pro,Codehow,Won,2017-03-02,2017-06-19,4856.0,Telecom,1,4856.0,109,0.6311030741410488,6,1,2
AAEUN73V,Darcel Schlecht,GTXPro,Cancity,Won,2017-03-02,2017-05-26,5570.0,Public Sector,1,5570.0,85,0.6311030741410488,3,1,0
32LY2D1K,Darcel Schlecht,MG Advanced,Conecom,Won,2017-03-02,2017-05-26,3647.0,Shipping,1,3647.0,85,0.6311030741410488,5,1,1
S2UWELRW,Donn Cantrell,GTX Basic,Mathtouch,Won,2017-03-02,2017-06-11,487.0,Energy,1,487.0,101,0.5745454545454546,1,1,0
5VQRLIEZ,Donn Cantrell,GTX Plus Basic,Donquadtech,Won,2017-03-02,2017-06-12,1166.0,Shipping,1,1166.0,102,0.5745454545454546,5,1,2
6U0CT07B,Jonathan Berthelot,GTX Basic,Scottech,Won,2017-03-02,2017-06-06,595.0,Banking,1,595.0,96,0.6477272727272727,0,1,0
DFN1V29L,Kami Bicknell,MG Special,Condax,Won,2017-03-02,2017-06-04,49.0,Banking,1,49.0,94,0.6397058823529411,0,1,0
VBZ862OS,Kary Hendrixson,GTX Basic,Xx-holding,Won,2017-03-02,2017-03-19,599.0,Telecom,1,599.0,17,0.6238805970149254,6,1,1
VFKKSJT2,Kary Hendrixson,GTXPro,Kan-code,Won,2017-03-02,2017-05-15,4506.0,Public Sector,1,4506.0,74,0.6238805970149254,3,1,1
FJMFXCTD,Kary Hendrixson,GTXPro,Sunnamplex,Won,2017-03-02,2017-05-06,4512.0,Public Sector,1,4512.0,65,0.6238805970149254,3,1,2
LGLIB8TR,Lajuana Vencill,GTX Basic,Gogozoom,Lost,2017-03-02,2017-05-01,0.0,Telecom,0,0.0,60,0.5497835497835498,6,1,0
JREGYB42,Maureen Marcano,GTX Plus Basic,Nam-zim,Won,2017-03-02,2017-05-06,1102.0,Energy,1,1102.0,65,0.6995305164319249,1,1,0
9PWM6RYC,Rosalina Dieter,GTX Basic,Rantouch,Lost,2017-03-02,2017-06-10,0.0,Energy,0,0.0,100,0.6545454545454545,1,1,0
EMUA57Q2,Versie Hillebrand,MG Special,Condax,Won,2017-03-02,2017-05-12,54.0,Banking,1,54.0,71,0.6666666666666666,0,1,2
DB3N4CHN,Versie Hillebrand,MG Special,Hottechi,Won,2017-03-02,2017-03-17,62.0,Public Sector,1,62.0,15,0.6666666666666666,3,1,2
OF7GY5F4,Violet Mclelland,MG Special,The New York Inquirer,Won,2017-03-02,2017-03-09,61.0,Banking,1,61.0,7,0.6321243523316062,0,1,1
CVFJUYPM,Zane Levy,GTXPro,Singletechno,Lost,2017-03-02,2017-05-23,0.0,Retail,0,0.0,82,0.6168582375478927,4,1,1
L5807I4N,Zane Levy,GTXPro,Labdrill,Won,2017-03-02,2017-03-16,4277.0,Energy,1,4277.0,14,0.6168582375478927,1,1,1
Q1ZKBGV5,Anna Snelling,MG Special,Globex Corporation,Won,2017-03-03,2017-05-23,46.0,Retail,1,46.0,81,0.6190476190476191,4,1,0
9JKODCAU,Anna Snelling,MG Special,Rundofase,Won,2017-03-03,2017-06-22,54.0,Public Sector,1,54.0,111,0.6190476190476191,3,1,0
LELWKXDX,Boris Faz,GTX Plus Pro,Donquadtech,Won,2017-03-03,2017-06-08,6173.0,Shipping,1,6173.0,97,0.6601307189542484,5,1,1
DA95Q0VE,Cassey Cress,MG Advanced,Ganjaflex,Lost,2017-03-03,2017-03-21,0.0,Retail,0,0.0,18,0.6245210727969349,4,1,0
5HMZH1Z9,Daniell Hammack,GTXPro,Sumace,Lost,2017-03-03,2017-06-11,0.0,Energy,0,0.0,100,0.6096256684491979,1,1,1
05QMFSF0,Darcel Schlecht,GTXPro,Toughzap,Lost,2017-03-03,2017-05-16,0.0,Retail,0,0.0,74,0.6311030741410488,4,1,2
JE245P8R,Darcel Schlecht,GTX Plus Basic,Konmatfix,Won,2017-03-03,2017-05-28,1149.0,Shipping,1,1149.0,86,0.6311030741410488,5,1,1
SFQMEZIW,Garret Kinder,GTX Basic,Silis,Lost,2017-03-03,2017-05-04,0.0,Public Sector,0,0.0,62,0.6097560975609756,3,1,2
B8RR21XP,Jonathan Berthelot,GTX Plus Basic,Dontechi,Lost,2017-03-03,2017-03-16,0.0,Shipping,0,0.0,13,0.6477272727272727,5,1,0
U85VV1BU,Kary Hendrixson,GTX Basic,Goodsilron,Won,2017-03-03,2017-05-22,568.0,Energy,1,568.0,80,0.6238805970149254,1,1,1
V6HB68BL,Kary Hendrixson,GTX Basic,J-Texon,Won,2017-03-03,2017-05-30,567.0,Telecom,1,567.0,88,0.6238805970149254,6,1,0
H9JPB7GW,Lajuana Vencill,GTX Basic,Genco Pura Olive Oil Company,Won,2017-03-03,2017-03-09,542.0,Manufacturing,1,542.0,6,0.5497835497835498,2,1,2
8LFNU39A,Marty Freudenburg,GTX Basic,Conecom,Lost,2017-03-03,2017-05-28,0.0,Shipping,0,0.0,86,0.6288659793814433,5,1,2
SWPTTVQZ,Marty Freudenburg,GTX Plus Basic,Funholding,Won,2017-03-03,2017-03-16,1062.0,Retail,1,1062.0,13,0.6288659793814433,4,1,2
GKJLM1UR,Maureen Marcano,GTX Plus Basic,Fasehatice,Won,2017-03-03,2017-03-13,1057.0,Telecom,1,1057.0,10,0.6995305164319249,6,1,0
8L1ZHTPL,Moses Frase,GTX Plus Basic,Globex Corporation,Won,2017-03-03,2017-06-01,1020.0,Retail,1,1020.0,90,0.6615384615384615,4,1,0
4XX690SP,Zane Levy,GTX Basic,Green-Plus,Won,2017-03-03,2017-05-11,535.0,Retail,1,535.0,69,0.6168582375478927,4,1,0
JSDGELLK,Anna Snelling,GTX Basic,Codehow,Won,2017-03-04,2017-06-13,522.0,Telecom,1,522.0,101,0.6190476190476191,6,1,0
LV1754PS,Anna Snelling,GTX Basic,Rangreen,Won,2017-03-04,2017-05-14,544.0,Energy,1,544.0,71,0.6190476190476191,1,1,2
JIYYV11P,Anna Snelling,MG Advanced,Genco Pura Olive Oil Company,Won,2017-03-04,2017-06-07,3081.0,Manufacturing,1,3081.0,95,0.6190476190476191,2,1,2
6TB7XA83,Cecily Lampkin,MG Special,dambase,Won,2017-03-04,2017-05-18,51.0,Retail,1,51.0,75,0.66875,4,1,1
U5UM9W8V,Corliss Cosme,GTX Plus Basic,Zencorporation,Lost,2017-03-04,2017-05-09,0.0,Shipping,0,0.0,66,0.6550218340611353,5,1,1
POB32WHJ,Daniell Hammack,GTX Plus Basic,Acme Corporation,Lost,2017-03-04,2017-05-06,0.0,Shipping,0,0.0,63,0.6096256684491979,5,1,0
4T8KR12S,Darcel Schlecht,GTX Plus Basic,Streethex,Won,2017-03-04,2017-03-20,1076.0,Banking,1,1076.0,16,0.6311030741410488,0,1,2
JA0D4V57,James Ascencio,MG Advanced,Y-corporation,Won,2017-03-04,2017-05-09,3685.0,Manufacturing,1,3685.0,66,0.6553398058252428,2,1,2
6CKB8I8U,Jonathan Berthelot,GTX Plus Basic,Hottechi,Lost,2017-03-04,2017-05-13,0.0,Public Sector,0,0.0,70,0.6477272727272727,3,1,2
HKBAON9X,Kami Bicknell,GTXPro,Golddex,Won,2017-03-04,2017-05-18,3997.0,Manufacturing,1,3997.0,75,0.6397058823529411,2,1,1
7S1N6QHI,Kami Bicknell,MG Special,Y-corporation,Won,2017-03-04,2017-03-18,51.0,Manufacturing,1,51.0,14,0.6397058823529411,2,1,1
CHI2T3IH,Kami Bicknell,MG Advanced,Sunnamplex,Won,2017-03-04,2017-03-21,3164.0,Public Sector,1,3164.0,17,0.6397058823529411,3,1,2
X7HK448T,Lajuana Vencill,GTX Basic,Funholding,Won,2017-03-04,2017-06-22,496.0,Retail,1,496.0,110,0.5497835497835498,4,1,2
1YYN3PBU,Markita Hansen,MG Advanced,Faxquote,Lost,2017-03-04,2017-05-13,0.0,Telecom,0,0.0,70,0.5726872246696035,6,1,2
R4L36Y0P,Marty Freudenburg,GTX Basic,Stanredtax,Won,2017-03-04,2017-03-26,579.0,Retail,1,579.0,22,0.6288659793814433,4,1,1
CPTEPYPZ,Maureen Marcano,GTX Basic,Xx-holding,Lost,2017-03-04,2017-05-20,0.0,Telecom,0,0.0,77,0.6995305164319249,6,1,2
AJJ7VJWA,Niesha Huffines,GTXPro,Bioholding,Lost,2017-03-04,2017-05-02,0.0,Banking,0,0.0,59,0.6,0,1,2
8BR6E4S6,Niesha Huffines,GTXPro,Treequote,Lost,2017-03-04,2017-05-27,0.0,Retail,0,0.0,84,0.6,4,1,0
YNKWBEEN,Reed Clapper,GTX Basic,Kan-code,Won,2017-03-04,2017-06-27,521.0,Public Sector,1,521.0,115,0.6540084388185654,3,1,0
SARVIBLS,Reed Clapper,MG Advanced,Gekko & Co,Won,2017-03-04,2017-03-07,3889.0,Telecom,1,3889.0,3,0.6540084388185654,6,1,1
M4ZNQTEQ,Rosie Papadopoulos,MG Advanced,Plussunin,Won,2017-03-04,2017-03-12,3340.0,Energy,1,3340.0,8,0.6446280991735537,1,1,2
K0GWTWYL,Versie Hillebrand,MG Special,Finhigh,Lost,2017-03-04,2017-03-20,0.0,Banking,0,0.0,16,0.6666666666666666,0,1,2
TCSQO748,Vicki Laflamme,GTXPro,Cheers,Lost,2017-03-04,2017-05-11,0.0,Telecom,0,0.0,68,0.6368876080691642,6,1,0
ITCY8YV0,Zane Levy,GTXPro,Blackzim,Won,2017-03-04,2017-06-11,5876.0,Telecom,1,5876.0,99,0.6168582375478927,6,1,1
SAUAOZVO,Anna Snelling,GTX Plus Pro,Toughzap,Won,2017-03-05,2017-05-29,5092.0,Retail,1,5092.0,85,0.6190476190476191,4,1,0
1XHLB0Q5,Boris Faz,GTX Plus Basic,Massive Dynamic,Lost,2017-03-05,2017-05-09,0.0,Banking,0,0.0,65,0.6601307189542484,0,1,0
OJVA8ZEK,Daniell Hammack,GTX Plus Basic,Acme Corporation,Won,2017-03-05,2017-06-08,966.0,Shipping,1,966.0,95,0.6096256684491979,5,1,0
UAX3F7D4,Daniell Hammack,GTX Plus Pro,Opentech,Won,2017-03-05,2017-03-21,6024.0,Retail,1,6024.0,16,0.6096256684491979,4,1,0
7PDUWDGT,Daniell Hammack,MG Advanced,Condax,Won,2017-03-05,2017-03-14,3759.0,Banking,1,3759.0,9,0.6096256684491979,0,1,2
QWJ2TRQM,Darcel Schlecht,GTXPro,Streethex,Lost,2017-03-05,2017-05-24,0.0,Banking,0,0.0,80,0.6311030741410488,0,1,2
3AU5SZ3V,Donn Cantrell,GTXPro,Donquadtech,Won,2017-03-05,2017-03-23,4443.0,Shipping,1,4443.0,18,0.5745454545454546,5,1,0
BVOO33UA,Hayden Neloms,MG Advanced,Cheers,Won,2017-03-05,2017-06-28,3397.0,Telecom,1,3397.0,115,0.7039473684210527,6,1,1
SC7XGQVA,James Ascencio,GTX Plus Pro,Singletechno,Lost,2017-03-05,2017-03-15,0.0,Retail,0,0.0,10,0.6553398058252428,4,1,1
UY45Y7AM,James Ascencio,MG Special,Sunnamplex,Lost,2017-03-05,2017-05-14,0.0,Public Sector,0,0.0,70,0.6553398058252428,3,1,1
M92Y63Q3,Jonathan Berthelot,MG Special,Domzoom,Won,2017-03-05,2017-05-05,59.0,Retail,1,59.0,61,0.6477272727272727,4,1,1
JXAYTFNI,Lajuana Vencill,GTX Basic,Cancity,Lost,2017-03-05,2017-05-12,0.0,Public Sector,0,0.0,68,0.5497835497835498,3,1,0
BMM5D5R4,Lajuana Vencill,GTX Basic,dambase,Lost,2017-03-05,2017-05-21,0.0,Retail,0,0.0,77,0.5497835497835498,4,1,2
PSGTTYUT,Lajuana Vencill,GTX Basic,Rangreen,Won,2017-03-05,2017-06-06,494.0,Energy,1,494.0,93,0.5497835497835498,1,1,1
JRC2PMKX,Lajuana Vencill,GTX Plus Basic,Codehow,Won,2017-03-05,2017-05-16,1060.0,Telecom,1,1060.0,72,0.5497835497835498,6,1,0
6M5LV1ZE,Marty Freudenburg,MG Special,Scottech,Lost,2017-03-05,2017-05-26,0.0,Banking,0,0.0,82,0.6288659793814433,0,1,1
IBZQBCSU,Rosie Papadopoulos,MG Special,Vehement Capital Partners,Lost,2017-03-05,2017-05-19,0.0,Banking,0,0.0,75,0.6446280991735537,0,1,1
YABTM1G5,Versie Hillebrand,GTX Basic,Domzoom,Lost,2017-03-05,2017-05-30,0.0,Retail,0,0.0,86,0.6666666666666666,4,1,0
FPTH6URQ,Vicki Laflamme,GTX Basic,Faxquote,Won,2017-03-05,2017-05-11,624.0,Telecom,1,624.0,67,0.6368876080691642,6,1,2
S3XE14XP,Vicki Laflamme,GTX Basic,Goodsilron,Won,2017-03-05,2017-05-08,565.0,Energy,1,565.0,64,0.6368876080691642,1,1,2
U6Q0T9KV,Vicki Laflamme,GTX Basic,Konex,Won,2017-03-05,2017-06-14,642.0,Public Sector,1,642.0,101,0.6368876080691642,3,1,0
HRWHRCH8,Violet Mclelland,MG Special,Betasoloin,Won,2017-03-05,2017-03-14,48.0,Banking,1,48.0,9,0.6321243523316062,0,1,2
8B29CRQL,Violet Mclelland,MG Special,Donware,Won,2017-03-05,2017-05-19,60.0,Banking,1,60.0,75,0.6321243523316062,0,1,0
3KM8WN7L,Boris Faz,GTX Basic,Kan-code,Won,2017-03-06,2017-05-18,522.0,Public Sector,1,522.0,73,0.6601307189542484,3,1,0
S0XILDHQ,Cassey Cress,GTX Plus Pro,Umbrella Corporation,Won,2017-03-06,2017-03-18,4701.0,Public Sector,1,4701.0,12,0.6245210727969349,3,1,0
ZVR3CS7N,Darcel Schlecht,GTX Plus Pro,Scottech,Lost,2017-03-06,2017-05-20,0.0,Banking,0,0.0,75,0.6311030741410488,0,1,2
AZH0INTS,Elease Gluck,GTXPro,Singletechno,Won,2017-03-06,2017-03-13,4987.0,Retail,1,4987.0,7,0.6349206349206349,4,1,0
9AMJKJX6,Jonathan Berthelot,GTX Basic,Inity,Won,2017-03-06,2017-05-31,579.0,Manufacturing,1,579.0,86,0.6477272727272727,2,1,1
3NQBMKOK,Kary Hendrixson,GTX Basic,Kan-code,Won,2017-03-06,2017-06-29,494.0,Public Sector,1,494.0,115,0.6238805970149254,3,1,2
VBG91TQH,Marty Freudenburg,GTX Basic,Isdom,Won,2017-03-06,2017-06-11,545.0,Retail,1,545.0,97,0.6288659793814433,4,1,2
QZE24X2H,Maureen Marcano,GTX Basic,Y-corporation,Won,2017-03-06,2017-06-01,584.0,Manufacturing,1,584.0,87,0.6995305164319249,2,1,2
WSPBQ5YR,Moses Frase,MG Advanced,dambase,Won,2017-03-06,2017-06-09,3714.0,Retail,1,3714.0,95,0.6615384615384615,4,1,2
YJJ1BLPQ,Niesha Huffines,MG Advanced,Finhigh,Won,2017-03-06,2017-05-15,3423.0,Banking,1,3423.0,70,0.6,0,1,1
XUGTSB00,Niesha Huffines,MG Advanced,Ron-tech,Won,2017-03-06,2017-03-19,3167.0,Manufacturing,1,3167.0,13,0.6,2,1,2
3DKK3JF3,Reed Clapper,GTX Basic,Acme Corporation,Lost,2017-03-06,2017-05-29,0.0,Shipping,0,0.0,84,0.6540084388185654,5,1,2
I0TSIELX,Rosalina Dieter,GTX Plus Basic,Xx-holding,Won,2017-03-06,2017-05-29,987.0,Telecom,1,987.0,84,0.6545454545454545,6,1,0
420PORSF,Rosie Papadopoulos,MG Advanced,Konex,Lost,2017-03-06,2017-06-06,0.0,Public Sector,0,0.0,92,0.6446280991735537,3,1,2
DVCPCBMJ,Versie Hillebrand,MG Advanced,Domzoom,Lost,2017-03-06,2017-05-21,0.0,Retail,0,0.0,76,0.6666666666666666,4,1,1
UMZ986GC,Versie Hillebrand,MG Advanced,Dontechi,Won,2017-03-06,2017-05-24,3428.0,Shipping,1,3428.0,79,0.6666666666666666,5,1,1
UPQRP36U,Violet Mclelland,MG Special,Gekko & Co,Lost,2017-03-06,2017-05-22,0.0,Telecom,0,0.0,77,0.6321243523316062,6,1,1
RZI9HX5X,Zane Levy,GTX Plus Basic,Hottechi,Won,2017-03-06,2017-05-31,1149.0,Public Sector,1,1149.0,86,0.6168582375478927,3,1,1
WFJPWN9O,Anna Snelling,GTX Plus Pro,Globex Corporation,Won,2017-03-07,2017-06-11,6023.0,Retail,1,6023.0,96,0.6190476190476191,4,1,2
2WH4NUR9,Cassey Cress,GTX Basic,Bluth Company,Lost,2017-03-07,2017-06-04,0.0,Energy,0,0.0,89,0.6245210727969349,1,1,2
S93L97VV,Cecily Lampkin,MG Special,Scottech,Won,2017-03-07,2017-03-17,47.0,Banking,1,47.0,10,0.66875,0,1,1
HRU8FNE1,Corliss Cosme,GTX Basic,Donquadtech,Won,2017-03-07,2017-03-10,542.0,Shipping,1,542.0,3,0.6550218340611353,5,1,1
JDFN8AZI,Corliss Cosme,GTXPro,Xx-zobam,Won,2017-03-07,2017-03-16,4980.0,Manufacturing,1,4980.0,9,0.6550218340611353,2,1,2
11EK1VP7,Darcel Schlecht,GTXPro,Funholding,Won,2017-03-07,2017-05-28,4978.0,Retail,1,4978.0,82,0.6311030741410488,4,1,1
50HQRWGJ,Donn Cantrell,GTXPro,Vehement Capital Partners,Won,2017-03-07,2017-06-10,5256.0,Banking,1,5256.0,95,0.5745454545454546,0,1,0
N90VSHI2,Elease Gluck,GTXPro,Hottechi,Won,2017-03-07,2017-06-07,4327.0,Public Sector,1,4327.0,92,0.6349206349206349,3,1,1
21PRD9FN,Garret Kinder,GTXPro,Donware,Won,2017-03-07,2017-05-15,5022.0,Banking,1,5022.0,69,0.6097560975609756,0,1,1
ITIQJARB,Gladys Colclough,GTX Plus Pro,Bioholding,Won,2017-03-07,2017-03-11,4887.0,Banking,1,4887.0,4,0.5818965517241379,0,1,0
EAUV9J9L,Gladys Colclough,MG Advanced,Stanredtax,Won,2017-03-07,2017-03-21,3724.0,Retail,1,3724.0,14,0.5818965517241379,4,1,0
XWEZ1WNK,James Ascencio,GTX Basic,Y-corporation,Won,2017-03-07,2017-03-11,535.0,Manufacturing,1,535.0,4,0.6553398058252428,2,1,2
JTSUYWUD,Kary Hendrixson,GTX Plus Pro,Blackzim,Lost,2017-03-07,2017-05-24,0.0,Telecom,0,0.0,78,0.6238805970149254,6,1,2
CJ5U6GX3,Markita Hansen,MG Advanced,Singletechno,Won,2017-03-07,2017-03-15,3969.0,Retail,1,3969.0,8,0.5726872246696035,4,1,0
HDUV7VJN,Moses Frase,GTX Plus Pro,Toughzap,Won,2017-03-07,2017-03-13,6805.0,Retail,1,6805.0,6,0.6615384615384615,4,1,0
5OCY2XME,Niesha Huffines,GTX Plus Basic,Isdom,Won,2017-03-07,2017-06-12,1190.0,Retail,1,1190.0,97,0.6,4,1,2
1YB00UYY,Rosie Papadopoulos,GTX Plus Pro,Condax,Won,2017-03-07,2017-05-29,4821.0,Banking,1,4821.0,83,0.6446280991735537,0,1,1
Y23HQJRG,Violet Mclelland,MG Special,Kinnamplus,Won,2017-03-07,2017-05-06,53.0,Telecom,1,53.0,60,0.6321243523316062,6,1,0
9HXSC391,Cassey Cress,MG Advanced,Vehement Capital Partners,Won,2017-03-08,2017-05-22,3087.0,Banking,1,3087.0,75,0.6245210727969349,0,1,2
ENOMNCOJ,Cecily Lampkin,MG Special,Bioholding,Won,2017-03-08,2017-06-03,59.0,Banking,1,59.0,87,0.66875,0,1,1
CG4TWLUR,Corliss Cosme,GTX Plus Basic,Bubba Gump,Won,2017-03-08,2017-06-02,857.0,Retail,1,857.0,86,0.6550218340611353,4,1,0
0FIG6ZP2,Daniell Hammack,GTX Plus Basic,Massive Dynamic,Won,2017-03-08,2017-06-27,1142.0,Banking,1,1142.0,111,0.6096256684491979,0,1,1
IA62KQBO,Donn Cantrell,GTX Basic,Ganjaflex,Won,2017-03-08,2017-05-14,566.0,Retail,1,566.0,67,0.5745454545454546,4,1,2
C54ZXDLT,Garret Kinder,MG Advanced,Xx-zobam,Won,2017-03-08,2017-03-18,4291.0,Manufacturing,1,4291.0,10,0.6097560975609756,2,1,0
X96MMTCI,Hayden Neloms,GTX Plus Basic,Rantouch,Won,2017-03-08,2017-06-16,1039.0,Energy,1,1039.0,100,0.7039473684210527,1,1,1
P4RDU8QM,Hayden Neloms,MG Advanced,Xx-holding,Won,2017-03-08,2017-05-19,3151.0,Telecom,1,3151.0,72,0.7039473684210527,6,1,0
7C9Q2ZA3,Jonathan Berthelot,GTX Basic,Gogozoom,Won,2017-03-08,2017-03-24,590.0,Telecom,1,590.0,16,0.6477272727272727,6,1,1
YZ1EYM3Y,Jonathan Berthelot,MG Advanced,Ron-tech,Won,2017-03-08,2017-03-18,3217.0,Manufacturing,1,3217.0,10,0.6477272727272727,2,1,2
M7J5BV9Q,Kami Bicknell,GTX Basic,Zoomit,Won,2017-03-08,2017-03-11,597.0,Energy,1,597.0,3,0.6397058823529411,1,1,2
MDRX39D8,Kary Hendrixson,GTXPro,Newex,Won,2017-03-08,2017-05-11,4918.0,Energy,1,4918.0,64,0.6238805970149254,1,1,0
7GRFWF1U,Kary Hendrixson,GTXPro,Scotfind,Won,2017-03-08,2017-03-19,5266.0,Telecom,1,5266.0,11,0.6238805970149254,6,1,1
EHP6OQ69,Lajuana Vencill,MG Advanced,Finhigh,Lost,2017-03-08,2017-05-14,0.0,Banking,0,0.0,67,0.5497835497835498,0,1,0
4R1NMA9E,Markita Hansen,GTX Basic,Singletechno,Lost,2017-03-08,2017-05-17,0.0,Retail,0,0.0,70,0.5726872246696035,4,1,0
CDA8Y12G,Markita Hansen,MG Special,Blackzim,Won,2017-03-08,2017-05-07,61.0,Telecom,1,61.0,60,0.5726872246696035,6,1,1
RYLLRATF,Markita Hansen,MG Advanced,Faxquote,Won,2017-03-08,2017-05-31,3470.0,Telecom,1,3470.0,84,0.5726872246696035,6,1,1
KEF5O2Q6,Moses Frase,GTX Basic,Betatech,Lost,2017-03-08,2017-06-26,0.0,Public Sector,0,0.0,110,0.6615384615384615,3,1,1
Y38ULZPM,Rosalina Dieter,MG Special,Newex,Won,2017-03-08,2017-05-28,48.0,Energy,1,48.0,81,0.6545454545454545,1,1,2
YFP8IZ98,Rosie Papadopoulos,MG Special,Acme Corporation,Won,2017-03-08,2017-06-22,61.0,Shipping,1,61.0,106,0.6446280991735537,5,1,0
U9CDTLZM,Vicki Laflamme,MG Special,Blackzim,Lost,2017-03-08,2017-05-26,0.0,Telecom,0,0.0,79,0.6368876080691642,6,1,0
V5AN4BZF,Violet Mclelland,GTX Basic,Silis,Lost,2017-03-08,2017-05-29,0.0,Public Sector,0,0.0,82,0.6321243523316062,3,1,2
58J6HCYK,Zane Levy,GTX Basic,Y-corporation,Lost,2017-03-08,2017-06-05,0.0,Manufacturing,0,0.0,89,0.6168582375478927,2,1,1
GDGR4C37,Zane Levy,GTX Plus Basic,Plusstrip,Lost,2017-03-08,2017-05-27,0.0,Public Sector,0,0.0,80,0.6168582375478927,3,1,2
COOYICXU,Anna Snelling,GTX Basic,Inity,Lost,2017-03-09,2017-05-22,0.0,Manufacturing,0,0.0,74,0.6190476190476191,2,1,2
UALNIVAY,Anna Snelling,GTX Plus Pro,Hottechi,Lost,2017-03-09,2017-05-11,0.0,Public Sector,0,0.0,63,0.6190476190476191,3,1,2
E5UW8AGQ,Anna Snelling,GTX Basic,Streethex,Won,2017-03-09,2017-06-11,595.0,Banking,1,595.0,94,0.6190476190476191,0,1,0
EWA9JFBA,Anna Snelling,MG Special,Zumgoity,Won,2017-03-09,2017-06-01,51.0,Public Sector,1,51.0,84,0.6190476190476191,3,1,2
99DK6OHX,Boris Faz,MG Special,Opentech,Lost,2017-03-09,2017-06-08,0.0,Retail,0,0.0,91,0.6601307189542484,4,1,0
MK57PHV1,Cassey Cress,GTXPro,Kan-code,Won,2017-03-09,2017-05-25,4624.0,Public Sector,1,4624.0,77,0.6245210727969349,3,1,0
ZGZSYIJV,Darcel Schlecht,GTX Plus Basic,Finhigh,Lost,2017-03-09,2017-05-15,0.0,Banking,0,0.0,67,0.6311030741410488,0,1,0
6LI7FXQT,Darcel Schlecht,MG Special,Bioholding,Lost,2017-03-09,2017-05-28,0.0,Banking,0,0.0,80,0.6311030741410488,0,1,1
D01U0UR8,Darcel Schlecht,GTX Basic,Funholding,Won,2017-03-09,2017-06-17,571.0,Retail,1,571.0,100,0.6311030741410488,4,1,0
9LFX3HBC,Elease Gluck,MG Advanced,Lexiqvolax,Won,2017-03-09,2017-03-25,3333.0,Public Sector,1,3333.0,16,0.6349206349206349,3,1,0
JP3IMU5X,Gladys Colclough,GTX Plus Pro,Isdom,Won,2017-03-09,2017-05-16,4853.0,Retail,1,4853.0,68,0.5818965517241379,4,1,1
5I8WOI8P,Gladys Colclough,MG Special,Toughzap,Won,2017-03-09,2017-06-08,51.0,Retail,1,51.0,91,0.5818965517241379,4,1,0
7C9BUYV0,James Ascencio,GTX Basic,Cheers,Lost,2017-03-09,2017-05-23,0.0,Telecom,0,0.0,75,0.6553398058252428,6,1,2
GMVW87C4,Kami Bicknell,GTXPro,Cheers,Won,2017-03-09,2017-06-17,5035.0,Telecom,1,5035.0,100,0.6397058823529411,6,1,2
NY9ARKRE,Marty Freudenburg,MG Special,Codehow,Won,2017-03-09,2017-06-01,51.0,Telecom,1,51.0,84,0.6288659793814433,6,1,0
XO3XXR9X,Maureen Marcano,GTXPro,Dalttechnology,Won,2017-03-09,2017-06-09,4342.0,Shipping,1,4342.0,92,0.6995305164319249,5,1,1
8QBIFURM,Versie Hillebrand,MG Advanced,Codehow,Lost,2017-03-09,2017-03-13,0.0,Telecom,0,0.0,4,0.6666666666666666,6,1,2
ZWAJWK40,Violet Mclelland,MG Special,Vehement Capital Partners,Won,2017-03-09,2017-06-22,48.0,Banking,1,48.0,105,0.6321243523316062,0,1,1
WQ0C723A,Zane Levy,GTX Plus Pro,Kan-code,Won,2017-03-09,2017-05-18,5215.0,Public Sector,1,5215.0,70,0.6168582375478927,3,1,1
RCQ32MXL,Anna Snelling,GTX Plus Basic,Streethex,Lost,2017-03-10,2017-05-12,0.0,Banking,0,0.0,63,0.6190476190476191,0,1,2
396WP6JS,Anna Snelling,MG Special,Gogozoom,Won,2017-03-10,2017-03-19,58.0,Telecom,1,58.0,9,0.6190476190476191,6,1,1
57689GK9,Cecily Lampkin,MG Advanced,Finhigh,Won,2017-03-10,2017-03-20,3587.0,Banking,1,3587.0,10,0.66875,0,1,2
S2WDGIHL,Cecily Lampkin,MG Advanced,Warephase,Won,2017-03-10,2017-05-29,2915.0,Retail,1,2915.0,80,0.66875,4,1,1
8VG88HMH,Daniell Hammack,GTXPro,Konex,Won,2017-03-10,2017-06-28,4762.0,Public Sector,1,4762.0,110,0.6096256684491979,3,1,2
TF7HCU69,Garret Kinder,GTX Plus Basic,Gekko & Co,Won,2017-03-10,2017-06-12,1062.0,Telecom,1,1062.0,94,0.6097560975609756,6,1,0
0EX7ML4W,Gladys Colclough,GTX Plus Pro,Finhigh,Lost,2017-03-10,2017-05-10,0.0,Banking,0,0.0,61,0.5818965517241379,0,1,2
5BSHJG7W,Kary Hendrixson,GTX Basic,Kan-code,Lost,2017-03-10,2017-05-30,0.0,Public Sector,0,0.0,81,0.6238805970149254,3,1,2
HW38EMKM,Maureen Marcano,GTX Plus Pro,Kan-code,Lost,2017-03-10,2017-03-20,0.0,Public Sector,0,0.0,10,0.6995305164319249,3,1,2
B5QCN9H7,Violet Mclelland,MG Special,Massive Dynamic,Lost,2017-03-10,2017-05-29,0.0,Banking,0,0.0,80,0.6321243523316062,0,1,2
X7M4GO0J,Violet Mclelland,GTX Plus Basic,Zencorporation,Won,2017-03-10,2017-06-28,1074.0,Shipping,1,1074.0,110,0.6321243523316062,5,1,1
JYI35PPE,Zane Levy,MG Special,Newex,Lost,2017-03-10,2017-05-05,0.0,Energy,0,0.0,56,0.6168582375478927,1,1,0
6XHE52MV,Anna Snelling,MG Special,Inity,Lost,2017-03-11,2017-05-30,0.0,Manufacturing,0,0.0,80,0.6190476190476191,2,1,2
0YN6EALP,Anna Snelling,MG Special,Scottech,Won,2017-03-11,2017-03-17,57.0,Banking,1,57.0,6,0.6190476190476191,0,1,1
A4LUP6W6,Cassey Cress,GTX Basic,Zotware,Won,2017-03-11,2017-05-22,586.0,Banking,1,586.0,72,0.6245210727969349,0,1,0
KUK2H5MD,Cecily Lampkin,GTX Plus Basic,Rundofase,Won,2017-03-11,2017-06-13,1184.0,Public Sector,1,1184.0,94,0.66875,3,1,0
HTW9348H,Donn Cantrell,GTX Basic,Silis,Lost,2017-03-11,2017-05-19,0.0,Public Sector,0,0.0,69,0.5745454545454546,3,1,0
A6CE8BHR,James Ascencio,GTX Plus Basic,Lexiqvolax,Lost,2017-03-11,2017-06-08,0.0,Public Sector,0,0.0,89,0.6553398058252428,3,1,0
UI1UION3,James Ascencio,GTX Basic,J-Texon,Won,2017-03-11,2017-06-10,526.0,Telecom,1,526.0,91,0.6553398058252428,6,1,2
ZPX96Q40,James Ascencio,GTX Plus Pro,Condax,Won,2017-03-11,2017-06-12,5344.0,Banking,1,5344.0,93,0.6553398058252428,0,1,2
I0CYLPNE,James Ascencio,GTXPro,Konex,Won,2017-03-11,2017-05-22,4125.0,Public Sector,1,4125.0,72,0.6553398058252428,3,1,1
FGH181PC,Kami Bicknell,GTX Basic,Dalttechnology,Won,2017-03-11,2017-06-06,528.0,Shipping,1,528.0,87,0.6397058823529411,5,1,1
8OBC9CQE,Kami Bicknell,MG Advanced,Singletechno,Won,2017-03-11,2017-03-26,3254.0,Retail,1,3254.0,15,0.6397058823529411,4,1,1
G3KFZ8KX,Kary Hendrixson,GTXPro,Green-Plus,Lost,2017-03-11,2017-05-07,0.0,Retail,0,0.0,57,0.6238805970149254,4,1,0
2Y84YR3K,Kary Hendrixson,GTX Basic,J-Texon,Won,2017-03-11,2017-05-24,516.0,Telecom,1,516.0,74,0.6238805970149254,6,1,0
97QHOOWD,Kary Hendrixson,GTX Basic,Y-corporation,Won,2017-03-11,2017-03-27,538.0,Manufacturing,1,538.0,16,0.6238805970149254,2,1,2
YL7XWUYO,Lajuana Vencill,GTX Basic,Codehow,Won,2017-03-11,2017-06-17,459.0,Telecom,1,459.0,98,0.5497835497835498,6,1,0
VO8TFB31,Maureen Marcano,GTX Basic,Cheers,Lost,2017-03-11,2017-06-26,0.0,Telecom,0,0.0,107,0.6995305164319249,6,1,0
Q949MQ5W,Maureen Marcano,GTXPro,Sunnamplex,Won,2017-03-11,2017-05-22,5137.0,Public Sector,1,5137.0,72,0.6995305164319249,3,1,0
HZU0L5GS,Moses Frase,MG Advanced,Konmatfix,Won,2017-03-11,2017-06-04,3330.0,Shipping,1,3330.0,85,0.6615384615384615,5,1,1
8RF8XVYF,Versie Hillebrand,GTX Basic,Conecom,Won,2017-03-11,2017-05-10,589.0,Shipping,1,589.0,60,0.6666666666666666,5,1,1
ZILYYA1V,Vicki Laflamme,MG Special,Goodsilron,Won,2017-03-11,2017-03-30,45.0,Energy,1,45.0,19,0.6368876080691642,1,1,2
NH0WGTR4,Anna Snelling,MG Special,Funholding,Lost,2017-03-12,2017-05-25,0.0,Retail,0,0.0,74,0.6190476190476191,4,1,0
WBJX6O2D,Cassey Cress,GTX Plus Pro,Opentech,Won,2017-03-12,2017-06-11,5664.0,Retail,1,5664.0,91,0.6245210727969349,4,1,0
1IHNDN80,Cecily Lampkin,MG Advanced,Streethex,Lost,2017-03-12,2017-05-02,0.0,Banking,0,0.0,51,0.66875,0,1,2
T14K7M5G,Corliss Cosme,GTX Plus Basic,Initech,Won,2017-03-12,2017-06-11,1074.0,Banking,1,1074.0,91,0.6550218340611353,0,1,0
XPP2Q5WQ,Darcel Schlecht,GTX Plus Basic,Globex Corporation,Lost,2017-03-12,2017-05-02,0.0,Retail,0,0.0,51,0.6311030741410488,4,1,0
FM4LX5O0,Darcel Schlecht,GTXPro,Treequote,Lost,2017-03-12,2017-05-26,0.0,Retail,0,0.0,75,0.6311030741410488,4,1,1
HG07756D,Elease Gluck,GTX Basic,Finjob,Won,2017-03-12,2017-03-31,481.0,Manufacturing,1,481.0,19,0.6349206349206349,2,1,2
E7YSM99K,Elease Gluck,GTX Plus Basic,Labdrill,Won,2017-03-12,2017-06-02,1101.0,Energy,1,1101.0,82,0.6349206349206349,1,1,2
4D1FP59D,Gladys Colclough,GTX Basic,Warephase,Won,2017-03-12,2017-06-23,522.0,Retail,1,522.0,103,0.5818965517241379,4,1,2
TK29F68V,Hayden Neloms,MG Special,Y-corporation,Won,2017-03-12,2017-06-13,49.0,Manufacturing,1,49.0,93,0.7039473684210527,2,1,2
N3H82NHO,Kami Bicknell,GTXPro,Newex,Won,2017-03-12,2017-06-02,4865.0,Energy,1,4865.0,82,0.6397058823529411,1,1,1
GTANESSU,Lajuana Vencill,GTX Plus Basic,Isdom,Won,2017-03-12,2017-05-22,991.0,Retail,1,991.0,71,0.5497835497835498,4,1,1
LA0O6BHX,Lajuana Vencill,GTX Plus Pro,Dontechi,Won,2017-03-12,2017-05-27,4509.0,Shipping,1,4509.0,76,0.5497835497835498,5,1,0
RRKQ0P07,Markita Hansen,GTXPro,Nam-zim,Won,2017-03-12,2017-05-03,5169.0,Energy,1,5169.0,52,0.5726872246696035,1,1,0
J4V3VKQ5,Maureen Marcano,GTX Basic,Sonron,Won,2017-03-12,2017-03-27,491.0,Manufacturing,1,491.0,15,0.6995305164319249,2,1,0
17U8549G,Maureen Marcano,GTXPro,Labdrill,Won,2017-03-12,2017-06-15,4281.0,Energy,1,4281.0,95,0.6995305164319249,1,1,0
G281LUYF,Niesha Huffines,GTX Plus Basic,Finhigh,Lost,2017-03-12,2017-05-08,0.0,Banking,0,0.0,57,0.6,0,1,1
4NAK1XFV,Rosie Papadopoulos,MG Special,Umbrella Corporation,Lost,2017-03-12,2017-05-18,0.0,Public Sector,0,0.0,67,0.6446280991735537,3,1,2
Y34MVXP3,Rosie Papadopoulos,MG Advanced,Kinnamplus,Won,2017-03-12,2017-06-27,3443.0,Telecom,1,3443.0,107,0.6446280991735537,6,1,1
N8G3G1UF,Versie Hillebrand,MG Special,Gogozoom,Won,2017-03-12,2017-05-29,60.0,Telecom,1,60.0,78,0.6666666666666666,6,1,0
SDXZB8MC,Versie Hillebrand,MG Special,Hottechi,Won,2017-03-12,2017-06-20,53.0,Public Sector,1,53.0,100,0.6666666666666666,3,1,1
PFUE2JYB,Vicki Laflamme,MG Special,Finjob,Won,2017-03-12,2017-05-26,56.0,Manufacturing,1,56.0,75,0.6368876080691642,2,1,2
4A8SFEJ2,Zane Levy,GTX Basic,Scotfind,Won,2017-03-12,2017-03-17,665.0,Telecom,1,665.0,5,0.6168582375478927,6,1,2
HEG8WPQF,Anna Snelling,GTX Plus Basic,Inity,Won,2017-03-13,2017-05-09,1140.0,Manufacturing,1,1140.0,57,0.6190476190476191,2,1,1
0FST40LV,Anna Snelling,MG Special,Streethex,Won,2017-03-13,2017-05-25,52.0,Banking,1,52.0,73,0.6190476190476191,0,1,1
I7WERQ6B,Anna Snelling,MG Special,Warephase,Won,2017-03-13,2017-06-08,52.0,Retail,1,52.0,87,0.6190476190476191,4,1,1
T7UYHDUN,Boris Faz,GTX Plus Pro,Donquadtech,Lost,2017-03-13,2017-03-24,0.0,Shipping,0,0.0,11,0.6601307189542484,5,1,0
V0EIMVES,Cecily Lampkin,GTX Plus Pro,Konmatfix,Won,2017-03-13,2017-05-13,5121.0,Shipping,1,5121.0,61,0.66875,5,1,1
DL4SZAGH,Cecily Lampkin,MG Advanced,Rundofase,Won,2017-03-13,2017-03-31,3611.0,Public Sector,1,3611.0,18,0.66875,3,1,1
RVIU1YQ8,Corliss Cosme,MG Special,Massive Dynamic,Won,2017-03-13,2017-03-24,50.0,Banking,1,50.0,11,0.6550218340611353,0,1,1
ZNSWDHTJ,Darcel Schlecht,GTX Basic,Rundofase,Won,2017-03-13,2017-05-15,618.0,Public Sector,1,618.0,63,0.6311030741410488,3,1,2
A2G8VYZY,Darcel Schlecht,GTX Plus Basic,Globex Corporation,Won,2017-03-13,2017-03-17,1247.0,Retail,1,1247.0,4,0.6311030741410488,4,1,2
Y9B94N72,Garret Kinder,MG Special,Donware,Won,2017-03-13,2017-05-03,55.0,Banking,1,55.0,51,0.6097560975609756,0,1,0
34MBPHRL,Hayden Neloms,GTX Plus Basic,Singletechno,Won,2017-03-13,2017-06-17,1157.0,Retail,1,1157.0,96,0.7039473684210527,4,1,0
K73K8IQ3,Kary Hendrixson,GTX Basic,Hottechi,Won,2017-03-13,2017-05-22,537.0,Public Sector,1,537.0,70,0.6238805970149254,3,1,2
8L5WBK75,Kary Hendrixson,GTXPro,Dalttechnology,Won,2017-03-13,2017-03-30,4955.0,Shipping,1,4955.0,17,0.6238805970149254,5,1,2
Z1RN8D42,Kary Hendrixson,GTXPro,Singletechno,Won,2017-03-13,2017-06-02,5606.0,Retail,1,5606.0,81,0.6238805970149254,4,1,2
JV1NCDKP,Moses Frase,MG Special,Isdom,Won,2017-03-13,2017-05-11,57.0,Retail,1,57.0,59,0.6615384615384615,4,1,1
ECCVMNUZ,Rosalina Dieter,MG Special,Sunnamplex,Won,2017-03-13,2017-05-20,66.0,Public Sector,1,66.0,68,0.6545454545454545,3,1,1
A3GVFKYP,Zane Levy,GTXPro,Dalttechnology,Won,2017-03-13,2017-06-27,5113.0,Shipping,1,5113.0,106,0.6168582375478927,5,1,2
COTHR6F7,Zane Levy,GTXPro,Sunnamplex,Won,2017-03-13,2017-05-22,4595.0,Public Sector,1,4595.0,70,0.6168582375478927,3,1,1
3OAEEV0S,Cassey Cress,MG Advanced,Gekko & Co,Won,2017-03-14,2017-03-21,3503.0,Telecom,1,3503.0,7,0.6245210727969349,6,1,1
RTH5O6ZW,Cassey Cress,MG Advanced,Mathtouch,Won,2017-03-14,2017-06-13,3600.0,Energy,1,3600.0,91,0.6245210727969349,1,1,0
GH6U8WWN,Daniell Hammack,GTX Basic,Massive Dynamic,Won,2017-03-14,2017-03-19,425.0,Banking,1,425.0,5,0.6096256684491979,0,1,2
GVNI96XB,Darcel Schlecht,GTXPro,Dontechi,Won,2017-03-14,2017-06-20,4565.0,Shipping,1,4565.0,98,0.6311030741410488,5,1,2
KC324LPK,Darcel Schlecht,GTXPro,Ron-tech,Won,2017-03-14,2017-05-22,4754.0,Manufacturing,1,4754.0,69,0.6311030741410488,2,1,1
2Y2R082L,Darcel Schlecht,MG Special,dambase,Won,2017-03-14,2017-05-06,62.0,Retail,1,62.0,53,0.6311030741410488,4,1,2
HALGOQ5D,Donn Cantrell,GTXPro,Betasoloin,Won,2017-03-14,2017-05-30,4688.0,Banking,1,4688.0,77,0.5745454545454546,0,1,0
1R38Y0C1,Elease Gluck,MG Advanced,Golddex,Won,2017-03-14,2017-03-20,3386.0,Manufacturing,1,3386.0,6,0.6349206349206349,2,1,0
3QQW8VJ2,Garret Kinder,GTXPro,Xx-zobam,Won,2017-03-14,2017-06-06,3869.0,Manufacturing,1,3869.0,84,0.6097560975609756,2,1,0
8JS4BWQ7,Gladys Colclough,GTX Basic,Streethex,Won,2017-03-14,2017-03-24,615.0,Banking,1,615.0,10,0.5818965517241379,0,1,2
78TOITP2,Gladys Colclough,MG Special,Finhigh,Won,2017-03-14,2017-05-18,55.0,Banking,1,55.0,65,0.5818965517241379,0,1,2
BSA76OL5,Marty Freudenburg,GTX Basic,Isdom,Lost,2017-03-14,2017-05-17,0.0,Retail,0,0.0,64,0.6288659793814433,4,1,2
YHNBSXPN,Maureen Marcano,GTX Plus Basic,Hatfan,Won,2017-03-14,2017-03-25,1019.0,Public Sector,1,1019.0,11,0.6995305164319249,3,1,2
TW6D3KT4,Maureen Marcano,MG Advanced,Blackzim,Won,2017-03-14,2017-05-12,2798.0,Telecom,1,2798.0,59,0.6995305164319249,6,1,2
Z8RI8RLU,Moses Frase,GTX Basic,Streethex,Won,2017-03-14,2017-06-03,502.0,Banking,1,502.0,81,0.6615384615384615,0,1,0
FT0L8HZZ,Moses Frase,MG Advanced,Isdom,Won,2017-03-14,2017-03-16,3323.0,Retail,1,3323.0,2,0.6615384615384615,4,1,1
AW0GW33Q,Reed Clapper,GTX Plus Basic,Condax,Lost,2017-03-14,2017-06-11,0.0,Banking,0,0.0,89,0.6540084388185654,0,1,0
IJLPV177,Rosalina Dieter,MG Special,Nam-zim,Lost,2017-03-14,2017-03-30,0.0,Energy,0,0.0,16,0.6545454545454545,1,1,2
9UVKASFY,Vicki Laflamme,GTX Plus Pro,Nam-zim,Lost,2017-03-14,2017-05-27,0.0,Energy,0,0.0,74,0.6368876080691642,1,1,0
KKSMEP2A,Vicki Laflamme,MG Advanced,Finjob,Lost,2017-03-14,2017-06-21,0.0,Manufacturing,0,0.0,99,0.6368876080691642,2,1,2
E96ZTKHC,Vicki Laflamme,GTX Basic,Scotfind,Won,2017-03-14,2017-03-17,542.0,Telecom,1,542.0,3,0.6368876080691642,6,1,2
RZ08GKZY,Zane Levy,GTXPro,Faxquote,Won,2017-03-14,2017-05-22,5172.0,Telecom,1,5172.0,69,0.6168582375478927,6,1,0
EK0ZZHKT,Cassey Cress,MG Advanced,Massive Dynamic,Lost,2017-03-15,2017-06-24,0.0,Banking,0,0.0,101,0.6245210727969349,0,1,2
9U6RAS0M,Cassey Cress,GTX Basic,Umbrella Corporation,Won,2017-03-15,2017-03-31,538.0,Public Sector,1,538.0,16,0.6245210727969349,3,1,1
3S31RHE5,Cassey Cress,GTXPro,Betasoloin,Won,2017-03-15,2017-05-18,4497.0,Banking,1,4497.0,64,0.6245210727969349,0,1,2
GOM8T4Y4,Darcel Schlecht,GTX Plus Basic,Codehow,Won,2017-03-15,2017-05-09,1178.0,Telecom,1,1178.0,55,0.6311030741410488,6,1,1
7Z5AVSH6,Darcel Schlecht,GTXPro,Treequote,Won,2017-03-15,2017-06-21,4969.0,Retail,1,4969.0,98,0.6311030741410488,4,1,1
E7OPE1O8,Darcel Schlecht,MG Special,Rangreen,Won,2017-03-15,2017-03-20,60.0,Energy,1,60.0,5,0.6311030741410488,1,1,2
647E6ED0,Darcel Schlecht,MG Advanced,Dontechi,Won,2017-03-15,2017-06-05,2875.0,Shipping,1,2875.0,82,0.6311030741410488,5,1,0
PEX6S873,Elease Gluck,GTK 500,Cheers,Lost,2017-03-15,2017-05-19,0.0,Telecom,0,0.0,65,0.6349206349206349,6,1,1
M9OTPNII,Garret Kinder,GTX Plus Pro,Donware,Won,2017-03-15,2017-05-20,6177.0,Banking,1,6177.0,66,0.6097560975609756,0,1,0
EZRICI17,Gladys Colclough,MG Advanced,Rundofase,Lost,2017-03-15,2017-06-28,0.0,Public Sector,0,0.0,105,0.5818965517241379,3,1,1
BAXENBTS,Kary Hendrixson,GTXPro,Finjob,Lost,2017-03-15,2017-05-06,0.0,Manufacturing,0,0.0,52,0.6238805970149254,2,1,2
086279IX,Kary Hendrixson,GTXPro,Kan-code,Won,2017-03-15,2017-06-14,4369.0,Public Sector,1,4369.0,91,0.6238805970149254,3,1,2
6EEC9HQQ,Kary Hendrixson,GTXPro,Y-corporation,Won,2017-03-15,2017-05-21,4878.0,Manufacturing,1,4878.0,67,0.6238805970149254,2,1,1
MHN0SWM2,Lajuana Vencill,GTX Plus Pro,Genco Pura Olive Oil Company,Won,2017-03-15,2017-06-21,4527.0,Manufacturing,1,4527.0,98,0.5497835497835498,2,1,2
8SKE4TT5,Maureen Marcano,GTX Plus Basic,Xx-holding,Lost,2017-03-15,2017-05-30,0.0,Telecom,0,0.0,76,0.6995305164319249,6,1,1
IGELOJ42,Moses Frase,GTX Plus Pro,Cancity,Won,2017-03-15,2017-06-03,6102.0,Public Sector,1,6102.0,80,0.6615384615384615,3,1,2
0LMA8GMJ,Rosie Papadopoulos,GTX Plus Pro,Bubba Gump,Won,2017-03-15,2017-05-10,4983.0,Retail,1,4983.0,56,0.6446280991735537,4,1,0
E40RN3MN,Versie Hillebrand,MG Special,Isdom,Won,2017-03-15,2017-03-25,47.0,Retail,1,47.0,10,0.6666666666666666,4,1,2
093R7PK9,Vicki Laflamme,MG Special,Zoomit,Won,2017-03-15,2017-06-11,52.0,Energy,1,52.0,88,0.6368876080691642,1,1,0
I8A9OXP2,Violet Mclelland,GTXPro,Gekko & Co,Won,2017-03-15,2017-06-25,5031.0,Telecom,1,5031.0,102,0.6321243523316062,6,1,2
7IFEKEMG,Violet Mclelland,MG Special,Bioplex,Won,2017-03-15,2017-06-06,53.0,Retail,1,53.0,83,0.6321243523316062,4,1,0
K2KK9SW2,Anna Snelling,GTX Basic,Inity,Won,2017-03-16,2017-05-02,550.0,Manufacturing,1,550.0,47,0.6190476190476191,2,1,2
8SIG4C8X,Boris Faz,GTXPro,Donquadtech,Won,2017-03-16,2017-06-06,5223.0,Shipping,1,5223.0,82,0.6601307189542484,5,1,0
K4ETVW4H,Boris Faz,MG Special,Betasoloin,Won,2017-03-16,2017-05-12,53.0,Banking,1,53.0,57,0.6601307189542484,0,1,1
YA2NDY1H,Cassey Cress,GTXPro,Bluth Company,Won,2017-03-16,2017-05-17,4519.0,Energy,1,4519.0,62,0.6245210727969349,1,1,1
G6DYTQQE,Corliss Cosme,GTXPro,Vehement Capital Partners,Won,2017-03-16,2017-06-01,4833.0,Banking,1,4833.0,77,0.6550218340611353,0,1,0
RZZ9K7UN,Daniell Hammack,GTX Plus Pro,Zencorporation,Won,2017-03-16,2017-06-29,5407.0,Shipping,1,5407.0,105,0.6096256684491979,5,1,2
3918OU6O,Darcel Schlecht,GTX Basic,Rundofase,Lost,2017-03-16,2017-05-02,0.0,Public Sector,0,0.0,47,0.6311030741410488,3,1,0
YZ9ZKK3P,Hayden Neloms,MG Special,Finjob,Won,2017-03-16,2017-05-08,56.0,Manufacturing,1,56.0,53,0.7039473684210527,2,1,2
E1921PBZ,Kary Hendrixson,GTX Basic,Finjob,Won,2017-03-16,2017-05-23,468.0,Manufacturing,1,468.0,68,0.6238805970149254,2,1,1
0E761F02,Kary Hendrixson,GTX Basic,Kan-code,Won,2017-03-16,2017-05-02,579.0,Public Sector,1,579.0,47,0.6238805970149254,3,1,2
HDBNC8W1,Lajuana Vencill,MG Advanced,Treequote,Won,2017-03-16,2017-06-11,3185.0,Retail,1,3185.0,87,0.5497835497835498,4,1,1
KP6NOWM7,Markita Hansen,MG Special,Cheers,Won,2017-03-16,2017-06-03,54.0,Telecom,1,54.0,79,0.5726872246696035,6,1,2
HPYLUU5P,Maureen Marcano,MG Special,Newex,Won,2017-03-16,2017-06-26,62.0,Energy,1,62.0,102,0.6995305164319249,1,1,2
I7AH5FW0,Moses Frase,GTX Basic,dambase,Lost,2017-03-16,2017-05-23,0.0,Retail,0,0.0,68,0.6615384615384615,4,1,2
RSFYKC1F,Moses Frase,GTX Basic,Betatech,Won,2017-03-16,2017-06-25,619.0,Public Sector,1,619.0,101,0.6615384615384615,3,1,0
RMW0TRSZ,Rosalina Dieter,MG Special,Golddex,Lost,2017-03-16,2017-05-20,0.0,Manufacturing,0,0.0,65,0.6545454545454545,2,1,0
GNENBXRW,Rosalina Dieter,MG Special,Hatfan,Lost,2017-03-16,2017-05-17,0.0,Public Sector,0,0.0,62,0.6545454545454545,3,1,1
L20NI94X,Rosalina Dieter,MG Advanced,Xx-holding,Lost,2017-03-16,2017-06-05,0.0,Telecom,0,0.0,81,0.6545454545454545,6,1,1
CG65AS6X,Vicki Laflamme,GTXPro,Xx-holding,Won,2017-03-16,2017-03-29,4408.0,Telecom,1,4408.0,13,0.6368876080691642,6,1,0
9XV6GX8D,Zane Levy,GTX Basic,Cheers,Won,2017-03-16,2017-06-07,605.0,Telecom,1,605.0,83,0.6168582375478927,6,1,1
IDIMBX0N,Anna Snelling,GTX Plus Pro,Genco Pura Olive Oil Company,Won,2017-03-17,2017-03-26,6064.0,Manufacturing,1,6064.0,9,0.6190476190476191,2,1,0
W75XU368,Cassey Cress,GTX Basic,Plussunin,Won,2017-03-17,2017-06-17,641.0,Energy,1,641.0,92,0.6245210727969349,1,1,2
WIY2Q0Q5,Cassey Cress,GTX Basic,Vehement Capital Partners,Won,2017-03-17,2017-05-17,491.0,Banking,1,491.0,61,0.6245210727969349,0,1,1
7V1FQBL9,Corliss Cosme,GTXPro,Plussunin,Lost,2017-03-17,2017-05-03,0.0,Energy,0,0.0,47,0.6550218340611353,1,1,1
4PXSBQU8,Darcel Schlecht,MG Special,Codehow,Won,2017-03-17,2017-05-27,47.0,Telecom,1,47.0,71,0.6311030741410488,6,1,0
QRKHWNRB,Elease Gluck,MG Special,Faxquote,Won,2017-03-17,2017-06-25,63.0,Telecom,1,63.0,100,0.6349206349206349,6,1,1
1YGNHE69,Garret Kinder,MG Advanced,Sumace,Won,2017-03-17,2017-05-18,3291.0,Energy,1,3291.0,62,0.6097560975609756,1,1,1
TAEUD0HP,Hayden Neloms,GTX Plus Basic,Singletechno,Won,2017-03-17,2017-06-10,1188.0,Retail,1,1188.0,85,0.7039473684210527,4,1,2
72TBO2HA,Kary Hendrixson,GTX Basic,Cheers,Lost,2017-03-17,2017-05-08,0.0,Telecom,0,0.0,52,0.6238805970149254,6,1,1
FCW4SAAP,Kary Hendrixson,GTX Basic,Scotfind,Won,2017-03-17,2017-06-11,478.0,Telecom,1,478.0,86,0.6238805970149254,6,1,2
DEH0MYSO,Kary Hendrixson,MG Special,Green-Plus,Won,2017-03-17,2017-05-24,60.0,Retail,1,60.0,68,0.6238805970149254,4,1,0
PEVJ6O6R,Reed Clapper,GTXPro,Silis,Won,2017-03-17,2017-03-27,4064.0,Public Sector,1,4064.0,10,0.6540084388185654,3,1,1
T02CX0BY,Reed Clapper,MG Advanced,Ontomedia,Won,2017-03-17,2017-03-31,2550.0,Manufacturing,1,2550.0,14,0.6540084388185654,2,1,2
SSX3QRTB,Rosie Papadopoulos,MG Special,Bioplex,Lost,2017-03-17,2017-05-08,0.0,Retail,0,0.0,52,0.6446280991735537,4,1,0
UBX7TMQG,Versie Hillebrand,GTX Plus Pro,Dontechi,Lost,2017-03-17,2017-05-10,0.0,Shipping,0,0.0,54,0.6666666666666666,5,1,1
RR5AMWPQ,Versie Hillebrand,MG Special,Genco Pura Olive Oil Company,Lost,2017-03-17,2017-05-16,0.0,Manufacturing,0,0.0,60,0.6666666666666666,2,1,0
FHLNW3WH,Versie Hillebrand,MG Advanced,Statholdings,Won,2017-03-17,2017-06-21,3378.0,Manufacturing,1,3378.0,96,0.6666666666666666,2,1,1
IAVMELUO,Wilburn Farren,GTXPro,Gekko & Co,Won,2017-03-17,2017-05-30,6135.0,Telecom,1,6135.0,74,0.6962025316455697,6,1,0
PRMMZX9O,Zane Levy,GTX Plus Basic,Newex,Won,2017-03-17,2017-06-02,999.0,Energy,1,999.0,77,0.6168582375478927,1,1,0
ZZFES7ID,Zane Levy,MG Special,Singletechno,Won,2017-03-17,2017-06-05,52.0,Retail,1,52.0,80,0.6168582375478927,4,1,2
G7PNQB9M,Anna Snelling,GTX Plus Basic,Warephase,Lost,2017-03-18,2017-05-25,0.0,Retail,0,0.0,68,0.6190476190476191,4,1,0
Z0R5O2VW,Cassey Cress,GTX Plus Pro,Donware,Lost,2017-03-18,2017-05-24,0.0,Banking,0,0.0,67,0.6245210727969349,0,1,1
VS0TWECS,Cassey Cress,GTX Basic,Plussunin,Won,2017-03-18,2017-06-18,530.0,Energy,1,530.0,92,0.6245210727969349,1,1,1
XN7EV14M,Cecily Lampkin,GTX Basic,Konmatfix,Won,2017-03-18,2017-05-09,538.0,Shipping,1,538.0,52,0.66875,5,1,2
P5BRH80Z,Cecily Lampkin,MG Special,Rundofase,Won,2017-03-18,2017-03-27,53.0,Public Sector,1,53.0,9,0.66875,3,1,1
CQVDJR45,Darcel Schlecht,GTXPro,Scottech,Won,2017-03-18,2017-06-12,5416.0,Banking,1,5416.0,86,0.6311030741410488,0,1,1
QUFCX2MF,Elease Gluck,MG Special,Scotfind,Lost,2017-03-18,2017-05-27,0.0,Telecom,0,0.0,70,0.6349206349206349,6,1,1
RW13VT8T,Garret Kinder,GTX Plus Pro,Mathtouch,Won,2017-03-18,2017-05-11,4995.0,Energy,1,4995.0,54,0.6097560975609756,1,1,0
5LJ47CVS,James Ascencio,GTX Basic,Sonron,Lost,2017-03-18,2017-06-22,0.0,Manufacturing,0,0.0,96,0.6553398058252428,2,1,0
87XTACKH,Jonathan Berthelot,GTX Plus Basic,Bioholding,Won,2017-03-18,2017-05-26,1137.0,Banking,1,1137.0,69,0.6477272727272727,0,1,1
0Z2CQ0MQ,Kami Bicknell,GTX Basic,Sonron,Won,2017-03-18,2017-03-28,453.0,Manufacturing,1,453.0,10,0.6397058823529411,2,1,2
4SK6YLB0,Kami Bicknell,GTX Plus Basic,Hottechi,Won,2017-03-18,2017-05-27,1065.0,Public Sector,1,1065.0,70,0.6397058823529411,3,1,0
EVVX3PQ5,Kami Bicknell,GTXPro,Singletechno,Won,2017-03-18,2017-05-04,4373.0,Retail,1,4373.0,47,0.6397058823529411,4,1,2
9Y3JDP1B,Kami Bicknell,MG Advanced,Labdrill,Won,2017-03-18,2017-06-19,2560.0,Energy,1,2560.0,93,0.6397058823529411,1,1,1
ACB3QZAY,Kary Hendrixson,GTXPro,Singletechno,Lost,2017-03-18,2017-06-04,0.0,Retail,0,0.0,78,0.6238805970149254,4,1,1
COWC9H9T,Markita Hansen,GTX Plus Basic,Groovestreet,Won,2017-03-18,2017-03-31,1171.0,Retail,1,1171.0,13,0.5726872246696035,4,1,0
ZTHMJWYZ,Markita Hansen,MG Special,Konex,Won,2017-03-18,2017-06-22,53.0,Public Sector,1,53.0,96,0.5726872246696035,3,1,1
MMGWAWBA,Marty Freudenburg,GTX Plus Pro,Treequote,Won,2017-03-18,2017-06-02,6553.0,Retail,1,6553.0,76,0.6288659793814433,4,1,0
8LPO6YCO,Marty Freudenburg,MG Advanced,Betatech,Won,2017-03-18,2017-05-07,3542.0,Public Sector,1,3542.0,50,0.6288659793814433,3,1,1
CDUIUYY2,Moses Frase,MG Advanced,Finhigh,Won,2017-03-18,2017-06-11,3619.0,Banking,1,3619.0,85,0.6615384615384615,0,1,1
9328IHHL,Wilburn Farren,MG Advanced,Bluth Company,Won,2017-03-18,2017-05-18,3589.0,Energy,1,3589.0,61,0.6962025316455697,1,1,0
ZFB7CBR6,Zane Levy,GTX Plus Pro,Plexzap,Won,2017-03-18,2017-05-13,6262.0,Manufacturing,1,6262.0,56,0.6168582375478927,2,1,0
6RJE18RW,Cassey Cress,GTX Plus Basic,Acme Corporation,Won,2017-03-19,2017-03-24,1161.0,Shipping,1,1161.0,5,0.6245210727969349,5,1,0
GK86H0SK,Cassey Cress,GTXPro,Umbrella Corporation,Won,2017-03-19,2017-03-28,4975.0,Public Sector,1,4975.0,9,0.6245210727969349,3,1,1
QXU90OP8,Corliss Cosme,GTX Basic,Zotware,Won,2017-03-19,2017-03-22,586.0,Banking,1,586.0,3,0.6550218340611353,0,1,1
NXXSU27K,Corliss Cosme,MG Special,The New York Inquirer,Won,2017-03-19,2017-03-25,41.0,Banking,1,41.0,6,0.6550218340611353,0,1,2
06YL7WVJ,Darcel Schlecht,GTX Plus Basic,Ron-tech,Won,2017-03-19,2017-03-21,929.0,Manufacturing,1,929.0,2,0.6311030741410488,2,1,0
K4Y8R0FX,Darcel Schlecht,MG Special,Streethex,Won,2017-03-19,2017-06-04,65.0,Banking,1,65.0,77,0.6311030741410488,0,1,1
F8O0IY28,Donn Cantrell,GTX Basic,Zencorporation,Won,2017-03-19,2017-03-30,574.0,Shipping,1,574.0,11,0.5745454545454546,5,1,1
8T8J06EL,Gladys Colclough,GTXPro,Condax,Lost,2017-03-19,2017-06-26,0.0,Banking,0,0.0,99,0.5818965517241379,0,1,0
3AE6GW2D,Gladys Colclough,GTXPro,Streethex,Lost,2017-03-19,2017-05-09,0.0,Banking,0,0.0,51,0.5818965517241379,0,1,2
T0SEVT4K,Hayden Neloms,MG Advanced,Labdrill,Won,2017-03-19,2017-06-16,3028.0,Energy,1,3028.0,89,0.7039473684210527,1,1,0
36VPT9RZ,James Ascencio,GTX Basic,Singletechno,Won,2017-03-19,2017-03-26,403.0,Retail,1,403.0,7,0.6553398058252428,4,1,2
R2RL1Y49,Kami Bicknell,GTX Basic,Sonron,Lost,2017-03-19,2017-05-16,0.0,Manufacturing,0,0.0,58,0.6397058823529411,2,1,1
7Q7SA3EK,Kami Bicknell,MG Advanced,Kan-code,Won,2017-03-19,2017-06-07,3290.0,Public Sector,1,3290.0,80,0.6397058823529411,3,1,2
6JI36HIE,Kary Hendrixson,MG Advanced,Sonron,Lost,2017-03-19,2017-06-23,0.0,Manufacturing,0,0.0,96,0.6238805970149254,2,1,1
B5CBSTM5,Kary Hendrixson,MG Advanced,Golddex,Won,2017-03-19,2017-03-29,3550.0,Manufacturing,1,3550.0,10,0.6238805970149254,2,1,0
SNBYNW8H,Moses Frase,MG Advanced,Rangreen,Won,2017-03-19,2017-06-23,3657.0,Energy,1,3657.0,96,0.6615384615384615,1,1,0
IEN6RBZI,Reed Clapper,GTX Plus Basic,Zotware,Won,2017-03-19,2017-06-24,1046.0,Banking,1,1046.0,97,0.6540084388185654,0,1,0
9P026O47,Versie Hillebrand,MG Special,Warephase,Won,2017-03-19,2017-05-27,50.0,Retail,1,50.0,69,0.6666666666666666,4,1,2
AJLNEUVY,Versie Hillebrand,MG Advanced,Funholding,Won,2017-03-19,2017-03-27,2871.0,Retail,1,2871.0,8,0.6666666666666666,4,1,1
LJIAOC0Q,Violet Mclelland,MG Special,Bioplex,Won,2017-03-19,2017-06-04,52.0,Retail,1,52.0,77,0.6321243523316062,4,1,0
2BYD4WQ7,Anna Snelling,MG Special,Funholding,Lost,2017-03-20,2017-05-19,0.0,Retail,0,0.0,60,0.6190476190476191,4,1,0
HP6DSCMH,Boris Faz,GTX Basic,Kan-code,Won,2017-03-20,2017-06-12,564.0,Public Sector,1,564.0,84,0.6601307189542484,3,1,1
FM4S93O6,Cassey Cress,GTX Plus Pro,Donware,Lost,2017-03-20,2017-05-23,0.0,Banking,0,0.0,64,0.6245210727969349,0,1,0
GGPSSI5Q,Daniell Hammack,MG Advanced,Ganjaflex,Won,2017-03-20,2017-06-02,3780.0,Retail,1,3780.0,74,0.6096256684491979,4,1,1
4D95LU0H,Darcel Schlecht,GTX Basic,dambase,Won,2017-03-20,2017-06-24,491.0,Retail,1,491.0,96,0.6311030741410488,4,1,1
KA79LTFF,Darcel Schlecht,GTX Basic,Dontechi,Won,2017-03-20,2017-03-30,604.0,Shipping,1,604.0,10,0.6311030741410488,5,1,1
OBBVVO9O,Elease Gluck,GTK 500,Singletechno,Lost,2017-03-20,2017-05-27,0.0,Retail,0,0.0,68,0.6349206349206349,4,1,1
83HX5CIJ,Kami Bicknell,GTX Basic,Sonron,Lost,2017-03-20,2017-03-23,0.0,Manufacturing,0,0.0,3,0.6397058823529411,2,1,1
SGV1FR3O,Kami Bicknell,GTX Basic,Cheers,Won,2017-03-20,2017-06-23,568.0,Telecom,1,568.0,95,0.6397058823529411,6,1,2
TJ6U9HZ3,Kary Hendrixson,GTX Basic,Singletechno,Won,2017-03-20,2017-06-24,601.0,Retail,1,601.0,96,0.6238805970149254,4,1,0
1N99TLIA,Maureen Marcano,MG Advanced,Blackzim,Lost,2017-03-20,2017-06-02,0.0,Telecom,0,0.0,74,0.6995305164319249,6,1,2
JYE2QFGE,Niesha Huffines,GTX Plus Pro,Genco Pura Olive Oil Company,Won,2017-03-20,2017-05-06,5616.0,Manufacturing,1,5616.0,47,0.6,2,1,0
IEOMRMWW,Reed Clapper,GTXPro,Zotware,Lost,2017-03-20,2017-06-28,0.0,Banking,0,0.0,100,0.6540084388185654,0,1,2
ZW7N89K3,Rosalina Dieter,GTXPro,Faxquote,Lost,2017-03-20,2017-05-18,0.0,Telecom,0,0.0,59,0.6545454545454545,6,1,1
MIU04JC2,Versie Hillebrand,MG Special,dambase,Lost,2017-03-20,2017-06-21,0.0,Retail,0,0.0,93,0.6666666666666666,4,1,0
VF2OKZY5,Vicki Laflamme,MG Advanced,Scotfind,Lost,2017-03-20,2017-06-12,0.0,Telecom,0,0.0,84,0.6368876080691642,6,1,0
QSBKLWSW,Violet Mclelland,GTX Basic,Opentech,Won,2017-03-20,2017-06-29,542.0,Retail,1,542.0,101,0.6321243523316062,4,1,2
0GTJE2VQ,Wilburn Farren,GTX Basic,Gekko & Co,Won,2017-03-20,2017-06-14,497.0,Telecom,1,497.0,86,0.6962025316455697,6,1,2
H91G4MYP,Zane Levy,GTXPro,J-Texon,Won,2017-03-20,2017-05-22,5443.0,Telecom,1,5443.0,63,0.6168582375478927,6,1,0
DDBH2FPP,Anna Snelling,GTX Plus Basic,Rangreen,Won,2017-03-21,2017-06-16,1037.0,Energy,1,1037.0,87,0.6190476190476191,1,1,2
N8F2PFQP,Boris Faz,GTX Plus Basic,Betasoloin,Won,2017-03-21,2017-04-03,992.0,Banking,1,992.0,13,0.6601307189542484,0,1,2
WELHHO3U,Cecily Lampkin,GTX Plus Basic,Stanredtax,Won,2017-03-21,2017-03-30,966.0,Retail,1,966.0,9,0.66875,4,1,2
CUAYGT78,Daniell Hammack,MG Advanced,Zotware,Lost,2017-03-21,2017-06-26,0.0,Banking,0,0.0,97,0.6096256684491979,0,1,1
9KDR9PQX,Garret Kinder,GTX Plus Pro,Vehement Capital Partners,Lost,2017-03-21,2017-04-01,0.0,Banking,0,0.0,11,0.6097560975609756,0,1,1
8A5HA974,Jonathan Berthelot,GTX Basic,Warephase,Lost,2017-03-21,2017-04-01,0.0,Retail,0,0.0,11,0.6477272727272727,4,1,2
M1L0IWB6,Jonathan Berthelot,MG Advanced,Ron-tech,Won,2017-03-21,2017-05-11,3232.0,Manufacturing,1,3232.0,51,0.6477272727272727,2,1,2
I2U6MKUT,Reed Clapper,GTX Basic,Ganjaflex,Won,2017-03-21,2017-05-29,548.0,Retail,1,548.0,69,0.6540084388185654,4,1,1
RK6UFTI8,Wilburn Farren,MG Advanced,Plussunin,Lost,2017-03-21,2017-03-26,0.0,Energy,0,0.0,5,0.6962025316455697,1,1,1
ECOU1XXZ,Anna Snelling,MG Special,Ron-tech,Won,2017-03-22,2017-05-30,52.0,Manufacturing,1,52.0,69,0.6190476190476191,2,1,0
OTDDPHWJ,Darcel Schlecht,GTXPro,Genco Pura Olive Oil Company,Lost,2017-03-22,2017-05-28,0.0,Manufacturing,0,0.0,67,0.6311030741410488,2,1,0
20N9WSRC,Darcel Schlecht,GTXPro,Globex Corporation,Lost,2017-03-22,2017-05-23,0.0,Retail,0,0.0,62,0.6311030741410488,4,1,1
IJ4GXGCU,Darcel Schlecht,GTXPro,Isdom,Won,2017-03-22,2017-03-30,5109.0,Retail,1,5109.0,8,0.6311030741410488,4,1,2
U0G8KIPB,Gladys Colclough,MG Special,Codehow,Won,2017-03-22,2017-06-21,49.0,Telecom,1,49.0,91,0.5818965517241379,6,1,2
2YVVZN5L,Jonathan Berthelot,GTX Plus Basic,Konmatfix,Lost,2017-03-22,2017-05-03,0.0,Shipping,0,0.0,42,0.6477272727272727,5,1,2
TGW7OYMD,Kami Bicknell,GTX Basic,Kan-code,Won,2017-03-22,2017-06-25,447.0,Public Sector,1,447.0,95,0.6397058823529411,3,1,2
XJ9RQU4K,Lajuana Vencill,MG Advanced,Isdom,Won,2017-03-22,2017-06-14,3430.0,Retail,1,3430.0,84,0.5497835497835498,4,1,0
4TRMURKI,Niesha Huffines,GTX Basic,Condax,Lost,2017-03-22,2017-06-18,0.0,Banking,0,0.0,88,0.6,0,1,1
TJXY9DQG,Reed Clapper,MG Advanced,Donquadtech,Won,2017-03-22,2017-06-10,3245.0,Shipping,1,3245.0,80,0.6540084388185654,5,1,2
DV9ZB9KL,Versie Hillebrand,GTX Basic,Bioholding,Lost,2017-03-22,2017-03-27,0.0,Banking,0,0.0,5,0.6666666666666666,0,1,0
J712QVSG,Versie Hillebrand,MG Special,Ron-tech,Won,2017-03-22,2017-03-26,61.0,Manufacturing,1,61.0,4,0.6666666666666666,2,1,2
LCBVIPRA,Vicki Laflamme,MG Special,Golddex,Won,2017-03-22,2017-06-29,60.0,Manufacturing,1,60.0,99,0.6368876080691642,2,1,1
88R08IL1,Violet Mclelland,MG Special,Kan-code,Lost,2017-03-22,2017-04-01,0.0,Public Sector,0,0.0,10,0.6321243523316062,3,1,0
WNMF0OHM,Anna Snelling,GTX Plus Pro,dambase,Won,2017-03-23,2017-04-01,5060.0,Retail,1,5060.0,9,0.6190476190476191,4,1,1
I0D1O3GX,Boris Faz,GTX Basic,Xx-zobam,Lost,2017-03-23,2017-04-01,0.0,Manufacturing,0,0.0,9,0.6601307189542484,2,1,1
7LNGJB3S,Cassey Cress,GTX Basic,Kan-code,Won,2017-03-23,2017-04-01,585.0,Public Sector,1,585.0,9,0.6245210727969349,3,1,0
AVD2WQZY,Corliss Cosme,GTXPro,Sumace,Lost,2017-03-23,2017-06-11,0.0,Energy,0,0.0,80,0.6550218340611353,1,1,0
UD9V38LV,Donn Cantrell,GTXPro,Betasoloin,Lost,2017-03-23,2017-05-19,0.0,Banking,0,0.0,57,0.5745454545454546,0,1,0
JMTO8BPQ,Gladys Colclough,GTXPro,Hottechi,Lost,2017-03-23,2017-04-03,0.0,Public Sector,0,0.0,11,0.5818965517241379,3,1,0
06YBVWXZ,Kami Bicknell,GTXPro,Condax,Lost,2017-03-23,2017-04-03,0.0,Banking,0,0.0,11,0.6397058823529411,0,1,0
1VCAS7FL,Lajuana Vencill,MG Special,Condax,Lost,2017-03-23,2017-04-05,0.0,Banking,0,0.0,13,0.5497835497835498,0,1,0
G2TASA8C,Lajuana Vencill,MG Special,Dontechi,Lost,2017-03-23,2017-06-15,0.0,Shipping,0,0.0,84,0.5497835497835498,5,1,0
CRW2CCMB,Markita Hansen,GTX Basic,Nam-zim,Won,2017-03-23,2017-06-05,572.0,Energy,1,572.0,74,0.5726872246696035,1,1,2
7FER10E1,Markita Hansen,MG Special,Golddex,Won,2017-03-23,2017-06-08,54.0,Manufacturing,1,54.0,77,0.5726872246696035,2,1,1
K96NUCWR,Moses Frase,GTX Basic,Dontechi,Lost,2017-03-23,2017-04-01,0.0,Shipping,0,0.0,9,0.6615384615384615,5,1,0
SE609QTE,Versie Hillebrand,MG Special,Stanredtax,Won,2017-03-23,2017-05-05,60.0,Retail,1,60.0,43,0.6666666666666666,4,1,2
CT9XECID,Versie Hillebrand,MG Advanced,Zumgoity,Won,2017-03-23,2017-04-01,3251.0,Public Sector,1,3251.0,9,0.6666666666666666,3,1,2
SUO8VZQ8,Vicki Laflamme,GTX Plus Pro,Lexiqvolax,Won,2017-03-23,2017-06-14,5930.0,Public Sector,1,5930.0,83,0.6368876080691642,3,1,2
9LX9MAPU,Violet Mclelland,GTX Plus Basic,Mathtouch,Won,2017-03-23,2017-04-01,941.0,Energy,1,941.0,9,0.6321243523316062,1,1,1
PHP5V833,Anna Snelling,GTX Basic,Cancity,Lost,2017-03-24,2017-05-18,0.0,Public Sector,0,0.0,55,0.6190476190476191,3,1,0
7XEB6TFB,Anna Snelling,MG Special,Scottech,Won,2017-03-24,2017-06-06,56.0,Banking,1,56.0,74,0.6190476190476191,0,1,2
KV9LW061,Anna Snelling,MG Advanced,Codehow,Won,2017-03-24,2017-04-04,3445.0,Telecom,1,3445.0,11,0.6190476190476191,6,1,1
8RZ1A49O,Cecily Lampkin,MG Special,Bioholding,Won,2017-03-24,2017-03-31,54.0,Banking,1,54.0,7,0.66875,0,1,1
V4EKF9RF,Corliss Cosme,MG Advanced,Mathtouch,Won,2017-03-24,2017-03-31,3498.0,Energy,1,3498.0,7,0.6550218340611353,1,1,1
VJ1EK4A3,Daniell Hammack,GTX Basic,Vehement Capital Partners,Won,2017-03-24,2017-04-02,540.0,Banking,1,540.0,9,0.6096256684491979,0,1,2
65B8HSTW,Daniell Hammack,GTXPro,Gekko & Co,Won,2017-03-24,2017-04-02,4986.0,Telecom,1,4986.0,9,0.6096256684491979,6,1,0
KIJB458K,Darcel Schlecht,GTX Plus Pro,Toughzap,Lost,2017-03-24,2017-04-03,0.0,Retail,0,0.0,10,0.6311030741410488,4,1,2
8PHJ7N4E,Darcel Schlecht,GTX Plus Pro,Domzoom,Won,2017-03-24,2017-05-15,5214.0,Retail,1,5214.0,52,0.6311030741410488,4,1,2
EDAJ0YEW,Darcel Schlecht,GTXPro,Isdom,Won,2017-03-24,2017-03-30,4794.0,Retail,1,4794.0,6,0.6311030741410488,4,1,0
9X5HUUJ5,James Ascencio,GTX Plus Basic,Kan-code,Lost,2017-03-24,2017-04-02,0.0,Public Sector,0,0.0,9,0.6553398058252428,3,1,0
21S1ETXM,Kary Hendrixson,GTX Plus Basic,Scotfind,Lost,2017-03-24,2017-04-03,0.0,Telecom,0,0.0,10,0.6238805970149254,6,1,0
54JFGNXN,Lajuana Vencill,GTX Basic,Cancity,Won,2017-03-24,2017-05-27,648.0,Public Sector,1,648.0,64,0.5497835497835498,3,1,1
WLXPA3LB,Lajuana Vencill,MG Advanced,Dontechi,Won,2017-03-24,2017-06-30,3040.0,Shipping,1,3040.0,98,0.5497835497835498,5,1,0
3WQMBMSN,Marty Freudenburg,GTX Plus Basic,Treequote,Won,2017-03-24,2017-06-30,1185.0,Retail,1,1185.0,98,0.6288659793814433,4,1,2
XIKWT7HM,Marty Freudenburg,MG Special,Finhigh,Won,2017-03-24,2017-03-26,48.0,Banking,1,48.0,2,0.6288659793814433,0,1,0
J9QQVBQX,Maureen Marcano,GTX Plus Basic,J-Texon,Lost,2017-03-24,2017-04-01,0.0,Telecom,0,0.0,8,0.6995305164319249,6,1,2
I51MJ7PP,Maureen Marcano,GTX Plus Basic,Cheers,Won,2017-03-24,2017-06-30,1021.0,Telecom,1,1021.0,98,0.6995305164319249,6,1,1
V690FQG4,Maureen Marcano,GTX Plus Basic,Scotfind,Won,2017-03-24,2017-05-26,1264.0,Telecom,1,1264.0,63,0.6995305164319249,6,1,2
OSB9S3PI,Moses Frase,MG Special,Zumgoity,Lost,2017-03-24,2017-05-23,0.0,Public Sector,0,0.0,60,0.6615384615384615,3,1,2
JWRSTAU8,Moses Frase,GTX Basic,Ron-tech,Won,2017-03-24,2017-06-12,503.0,Manufacturing,1,503.0,80,0.6615384615384615,2,1,0
YYAZ4JBY,Reed Clapper,GTXPro,Ganjaflex,Won,2017-03-24,2017-04-03,4440.0,Retail,1,4440.0,10,0.6540084388185654,4,1,0
8SEGAAT7,Versie Hillebrand,GTX Plus Basic,Inity,Lost,2017-03-24,2017-04-03,0.0,Manufacturing,0,0.0,10,0.6666666666666666,2,1,2
4L36DJTM,Versie Hillebrand,MG Special,Rangreen,Won,2017-03-24,2017-04-02,52.0,Energy,1,52.0,9,0.6666666666666666,1,1,0
7Z3S4XV9,Vicki Laflamme,GTX Basic,Konex,Lost,2017-03-24,2017-04-03,0.0,Public Sector,0,0.0,10,0.6368876080691642,3,1,1
SQOW8W0G,Violet Mclelland,GTX Basic,Initech,Lost,2017-03-24,2017-05-05,0.0,Banking,0,0.0,42,0.6321243523316062,0,1,1
W3LGBNI2,Violet Mclelland,MG Special,Gekko & Co,Lost,2017-03-24,2017-04-06,0.0,Telecom,0,0.0,13,0.6321243523316062,6,1,0
J2B3UZXA,Violet Mclelland,GTX Basic,Gekko & Co,Won,2017-03-24,2017-03-26,499.0,Telecom,1,499.0,2,0.6321243523316062,6,1,1
VH78FLDN,Zane Levy,GTXPro,Cheers,Lost,2017-03-24,2017-04-03,0.0,Telecom,0,0.0,10,0.6168582375478927,6,1,0
KZKMLY96,Zane Levy,GTX Plus Basic,Condax,Won,2017-03-24,2017-03-29,1159.0,Banking,1,1159.0,5,0.6168582375478927,0,1,2
9BGKQZ3H,Anna Snelling,MG Special,Domzoom,Lost,2017-03-25,2017-04-03,0.0,Retail,0,0.0,9,0.6190476190476191,4,1,2
H6NJKV4F,Boris Faz,GTX Plus Pro,Betasoloin,Won,2017-03-25,2017-05-20,5479.0,Banking,1,5479.0,56,0.6601307189542484,0,1,1
L69Q015M,Daniell Hammack,GTXPro,Zotware,Won,2017-03-25,2017-05-19,4555.0,Banking,1,4555.0,55,0.6096256684491979,0,1,0
RX3F3VIU,Darcel Schlecht,MG Special,Hottechi,Lost,2017-03-25,2017-04-02,0.0,Public Sector,0,0.0,8,0.6311030741410488,3,1,0
R5I9AAFG,Elease Gluck,MG Special,Fasehatice,Lost,2017-03-25,2017-05-25,0.0,Telecom,0,0.0,61,0.6349206349206349,6,1,1
JQ3HJFNA,Garret Kinder,GTX Plus Basic,Initech,Won,2017-03-25,2017-03-28,1026.0,Banking,1,1026.0,3,0.6097560975609756,0,1,2
XCC1C1GG,Gladys Colclough,GTX Basic,Stanredtax,Won,2017-03-25,2017-04-03,503.0,Retail,1,503.0,9,0.5818965517241379,4,1,1
WI1HQSIS,Gladys Colclough,GTX Plus Basic,Streethex,Won,2017-03-25,2017-06-14,1144.0,Banking,1,1144.0,81,0.5818965517241379,0,1,2
LCTI4CFV,Gladys Colclough,MG Special,Genco Pura Olive Oil Company,Won,2017-03-25,2017-06-16,55.0,Manufacturing,1,55.0,83,0.5818965517241379,2,1,0
8GMDSXYY,Markita Hansen,MG Advanced,Kan-code,Won,2017-03-25,2017-04-06,3181.0,Public Sector,1,3181.0,12,0.5726872246696035,3,1,2
QLTDWAEM,Marty Freudenburg,MG Special,Scottech,Won,2017-03-25,2017-06-19,54.0,Banking,1,54.0,86,0.6288659793814433,0,1,1
UB8M6I5R,Maureen Marcano,GTXPro,Singletechno,Won,2017-03-25,2017-06-30,3959.0,Retail,1,3959.0,97,0.6995305164319249,4,1,0
EBTJPEEY,Niesha Huffines,GTX Basic,Streethex,Won,2017-03-25,2017-05-31,571.0,Banking,1,571.0,67,0.6,0,1,1
ATW70WX1,Reed Clapper,GTXPro,Donquadtech,Lost,2017-03-25,2017-04-05,0.0,Shipping,0,0.0,11,0.6540084388185654,5,1,1
9DBMY3OF,Vicki Laflamme,GTX Basic,Kan-code,Lost,2017-03-25,2017-04-04,0.0,Public Sector,0,0.0,10,0.6368876080691642,3,1,2
HRV9DSYF,Vicki Laflamme,GTX Basic,Blackzim,Won,2017-03-25,2017-04-03,545.0,Telecom,1,545.0,9,0.6368876080691642,6,1,1
MNC7Q3JJ,Vicki Laflamme,GTX Basic,Labdrill,Won,2017-03-25,2017-06-21,554.0,Energy,1,554.0,88,0.6368876080691642,1,1,2
E3WWC6FJ,Violet Mclelland,MG Special,Yearin,Won,2017-03-25,2017-04-02,68.0,Retail,1,68.0,8,0.6321243523316062,4,1,0
QKKZQJ46,Violet Mclelland,MG Special,Zencorporation,Won,2017-03-25,2017-06-16,52.0,Shipping,1,52.0,83,0.6321243523316062,5,1,2
M52B4VC5,Anna Snelling,MG Special,Globex Corporation,Lost,2017-03-26,2017-04-04,0.0,Retail,0,0.0,9,0.6190476190476191,4,1,0
Z72Y3C3C,Anna Snelling,MG Special,Dontechi,Won,2017-03-26,2017-04-04,54.0,Shipping,1,54.0,9,0.6190476190476191,5,1,2
FQPPZ9NQ,Cassey Cress,MG Advanced,Donware,Won,2017-03-26,2017-05-25,3822.0,Banking,1,3822.0,60,0.6245210727969349,0,1,1
DUHS8KVY,Daniell Hammack,GTX Plus Basic,The New York Inquirer,Won,2017-03-26,2017-04-05,971.0,Banking,1,971.0,10,0.6096256684491979,0,1,2
M72CT8RN,Daniell Hammack,GTX Plus Pro,Donware,Won,2017-03-26,2017-04-05,6024.0,Banking,1,6024.0,10,0.6096256684491979,0,1,2
XBFTCRLN,Darcel Schlecht,GTXPro,Stanredtax,Won,2017-03-26,2017-04-04,4820.0,Retail,1,4820.0,9,0.6311030741410488,4,1,0
3ZILMRQK,Donn Cantrell,GTX Plus Pro,Kinnamplus,Lost,2017-03-26,2017-05-28,0.0,Telecom,0,0.0,63,0.5745454545454546,6,1,1
FZ72CGOI,Garret Kinder,GTXPro,Plussunin,Lost,2017-03-26,2017-06-25,0.0,Energy,0,0.0,91,0.6097560975609756,1,1,2
72HZ4LDT,Garret Kinder,MG Advanced,Ganjaflex,Won,2017-03-26,2017-04-02,2940.0,Retail,1,2940.0,7,0.6097560975609756,4,1,1
4X3LNCWH,Hayden Neloms,MG Special,Doncon,Won,2017-03-26,2017-04-04,49.0,Shipping,1,49.0,9,0.7039473684210527,5,1,2
CMPFB2PS,Jonathan Berthelot,GTX Basic,Conecom,Lost,2017-03-26,2017-04-02,0.0,Shipping,0,0.0,7,0.6477272727272727,5,1,2
61HW4ELT,Kami Bicknell,GTX Plus Basic,Finjob,Lost,2017-03-26,2017-05-31,0.0,Manufacturing,0,0.0,66,0.6397058823529411,2,1,1
F481S8G3,Kami Bicknell,GTX Basic,J-Texon,Won,2017-03-26,2017-05-22,545.0,Telecom,1,545.0,57,0.6397058823529411,6,1,2
677XNEFB,Markita Hansen,MG Special,Y-corporation,Won,2017-03-26,2017-06-18,58.0,Manufacturing,1,58.0,84,0.5726872246696035,2,1,1
7L0S5EON,Marty Freudenburg,MG Advanced,Streethex,Lost,2017-03-26,2017-04-03,0.0,Banking,0,0.0,8,0.6288659793814433,0,1,2
A3D8MRDX,Niesha Huffines,GTXPro,Dontechi,Won,2017-03-26,2017-05-12,4280.0,Shipping,1,4280.0,47,0.6,5,1,0
YE6R6I1K,Reed Clapper,MG Advanced,Umbrella Corporation,Won,2017-03-26,2017-05-29,2880.0,Public Sector,1,2880.0,64,0.6540084388185654,3,1,1
JXUXBANJ,Rosalina Dieter,GTK 500,Y-corporation,Won,2017-03-26,2017-04-05,25288.0,Manufacturing,1,25288.0,10,0.6545454545454545,2,1,2
UWPUJESS,Versie Hillebrand,MG Special,Hottechi,Lost,2017-03-26,2017-05-25,0.0,Public Sector,0,0.0,60,0.6666666666666666,3,1,2
HSTXUOVW,Vicki Laflamme,MG Special,Hatfan,Lost,2017-03-26,2017-05-06,0.0,Public Sector,0,0.0,41,0.6368876080691642,3,1,0
2ZT298DY,Zane Levy,GTX Basic,Goodsilron,Lost,2017-03-26,2017-04-04,0.0,Energy,0,0.0,9,0.6168582375478927,1,1,1
Z769EPTS,Zane Levy,GTX Basic,Hottechi,Lost,2017-03-26,2017-05-14,0.0,Public Sector,0,0.0,49,0.6168582375478927,3,1,2
GOIVV4OG,Cecily Lampkin,MG Advanced,Zumgoity,Won,2017-03-27,2017-05-29,3267.0,Public Sector,1,3267.0,63,0.66875,3,1,0
CJOU1RYX,Daniell Hammack,GTX Plus Pro,Betasoloin,Won,2017-03-27,2017-06-09,5182.0,Banking,1,5182.0,74,0.6096256684491979,0,1,2
5OVTFUNQ,Darcel Schlecht,GTXPro,Cancity,Lost,2017-03-27,2017-04-05,0.0,Public Sector,0,0.0,9,0.6311030741410488,3,1,1
0RNYAI6O,Darcel Schlecht,MG Special,Statholdings,Lost,2017-03-27,2017-04-07,0.0,Manufacturing,0,0.0,11,0.6311030741410488,2,1,2
NSI9TMQ1,Garret Kinder,GTXPro,Zencorporation,Lost,2017-03-27,2017-05-31,0.0,Shipping,0,0.0,65,0.6097560975609756,5,1,2
2QQD7411,James Ascencio,GTX Basic,Y-corporation,Won,2017-03-27,2017-05-25,540.0,Manufacturing,1,540.0,59,0.6553398058252428,2,1,2
XR57MBVC,James Ascencio,MG Advanced,Finjob,Won,2017-03-27,2017-05-01,3492.0,Manufacturing,1,3492.0,35,0.6553398058252428,2,1,2
8BY9YRL9,Jonathan Berthelot,GTX Plus Pro,dambase,Won,2017-03-27,2017-06-26,5991.0,Retail,1,5991.0,91,0.6477272727272727,4,1,0
7PWQUE7O,Markita Hansen,GTX Basic,Lexiqvolax,Lost,2017-03-27,2017-04-02,0.0,Public Sector,0,0.0,6,0.5726872246696035,3,1,0
ELCQKUQU,Markita Hansen,MG Advanced,Konex,Lost,2017-03-27,2017-04-06,0.0,Public Sector,0,0.0,10,0.5726872246696035,3,1,1
CVPH0J04,Markita Hansen,GTXPro,Sunnamplex,Won,2017-03-27,2017-06-26,4968.0,Public Sector,1,4968.0,91,0.5726872246696035,3,1,0
H8CLNRM2,Maureen Marcano,GTXPro,Konex,Won,2017-03-27,2017-05-26,5006.0,Public Sector,1,5006.0,60,0.6995305164319249,3,1,0
MJBD6V39,Moses Frase,MG Special,Conecom,Lost,2017-03-27,2017-05-01,0.0,Shipping,0,0.0,35,0.6615384615384615,5,1,1
GQQ01OO5,Reed Clapper,GTX Plus Pro,Zotware,Lost,2017-03-27,2017-05-15,0.0,Banking,0,0.0,49,0.6540084388185654,0,1,0
B85LVFR1,Reed Clapper,GTXPro,Mathtouch,Won,2017-03-27,2017-04-05,5363.0,Energy,1,5363.0,9,0.6540084388185654,1,1,0
U8XA7JCO,Versie Hillebrand,MG Special,dambase,Won,2017-03-27,2017-06-28,49.0,Retail,1,49.0,93,0.6666666666666666,4,1,1
2GR73FEV,Zane Levy,GTX Plus Basic,Fasehatice,Lost,2017-03-27,2017-04-03,0.0,Telecom,0,0.0,7,0.6168582375478927,6,1,1
AV4ZPXE3,Zane Levy,MG Advanced,Doncon,Won,2017-03-27,2017-04-03,4253.0,Shipping,1,4253.0,7,0.6168582375478927,5,1,1
X8QV83G1,Anna Snelling,MG Special,Codehow,Lost,2017-03-28,2017-04-08,0.0,Telecom,0,0.0,11,0.6190476190476191,6,1,2
T1ZYZ70B,Anna Snelling,MG Special,Codehow,Lost,2017-03-28,2017-06-08,0.0,Telecom,0,0.0,72,0.6190476190476191,6,1,2
RO6QLRCX,Cassey Cress,GTX Basic,Plussunin,Won,2017-03-28,2017-05-30,422.0,Energy,1,422.0,63,0.6245210727969349,1,1,1
6FT804V9,Cecily Lampkin,GTX Basic,Hottechi,Lost,2017-03-28,2017-04-06,0.0,Public Sector,0,0.0,9,0.66875,3,1,1
SKTAI2GS,Cecily Lampkin,GTX Plus Basic,Codehow,Won,2017-03-28,2017-04-08,1056.0,Telecom,1,1056.0,11,0.66875,6,1,1
YIGSYPWD,Corliss Cosme,GTXPro,Bioplex,Lost,2017-03-28,2017-04-07,0.0,Retail,0,0.0,10,0.6550218340611353,4,1,2
9IP0C0IR,Corliss Cosme,GTXPro,Ganjaflex,Lost,2017-03-28,2017-05-28,0.0,Retail,0,0.0,61,0.6550218340611353,4,1,2
E06J9PDT,Darcel Schlecht,GTXPro,Dontechi,Lost,2017-03-28,2017-04-06,0.0,Shipping,0,0.0,9,0.6311030741410488,5,1,0
3OLESA9M,Darcel Schlecht,MG Advanced,Inity,Lost,2017-03-28,2017-04-03,0.0,Manufacturing,0,0.0,6,0.6311030741410488,2,1,0
3O7PIS8O,Darcel Schlecht,MG Advanced,Warephase,Won,2017-03-28,2017-04-09,3665.0,Retail,1,3665.0,12,0.6311030741410488,4,1,1
FAV4HHP4,Donn Cantrell,GTXPro,Donquadtech,Won,2017-03-28,2017-06-03,4329.0,Shipping,1,4329.0,67,0.5745454545454546,5,1,2
LOMFB71Q,Gladys Colclough,MG Special,Finhigh,Lost,2017-03-28,2017-04-03,0.0,Banking,0,0.0,6,0.5818965517241379,0,1,2
C334XDK8,Hayden Neloms,MG Special,Goodsilron,Won,2017-03-28,2017-04-08,58.0,Energy,1,58.0,11,0.7039473684210527,1,1,2
R707GGNA,James Ascencio,GTX Plus Pro,Y-corporation,Won,2017-03-28,2017-06-26,7356.0,Manufacturing,1,7356.0,90,0.6553398058252428,2,1,1
EP81D4IN,James Ascencio,GTXPro,Fasehatice,Won,2017-03-28,2017-06-25,4066.0,Telecom,1,4066.0,89,0.6553398058252428,6,1,0
UWZ7DFKY,Lajuana Vencill,MG Special,Condax,Won,2017-03-28,2017-06-06,55.0,Banking,1,55.0,70,0.5497835497835498,0,1,1
7SH51ME1,Markita Hansen,MG Advanced,Zoomit,Won,2017-03-28,2017-06-27,3738.0,Energy,1,3738.0,91,0.5726872246696035,1,1,0
QPH1YUAN,Maureen Marcano,GTX Basic,Hottechi,Lost,2017-03-28,2017-04-04,0.0,Public Sector,0,0.0,7,0.6995305164319249,3,1,0
7PV7V1RP,Maureen Marcano,MG Advanced,Labdrill,Lost,2017-03-28,2017-05-26,0.0,Energy,0,0.0,59,0.6995305164319249,1,1,1
C2WEF4XH,Maureen Marcano,GTX Plus Basic,Y-corporation,Won,2017-03-28,2017-05-15,888.0,Manufacturing,1,888.0,48,0.6995305164319249,2,1,0
5G645WYV,Moses Frase,GTX Plus Pro,Bioholding,Won,2017-03-28,2017-04-07,5447.0,Banking,1,5447.0,10,0.6615384615384615,0,1,0
5M3Z5DS4,Niesha Huffines,GTX Plus Pro,Globex Corporation,Won,2017-03-28,2017-04-05,5972.0,Retail,1,5972.0,8,0.6,4,1,2
CR20TBUT,Rosalina Dieter,GTXPro,Cheers,Won,2017-03-28,2017-04-02,4855.0,Telecom,1,4855.0,5,0.6545454545454545,6,1,0
M5E8U8HP,Rosie Papadopoulos,MG Advanced,Xx-zobam,Won,2017-03-28,2017-05-29,3395.0,Manufacturing,1,3395.0,62,0.6446280991735537,2,1,1
9VEB4KWV,Violet Mclelland,MG Special,Bioplex,Lost,2017-03-28,2017-04-07,0.0,Retail,0,0.0,10,0.6321243523316062,4,1,1
9S7VQ79A,Zane Levy,GTX Plus Basic,Goodsilron,Won,2017-03-28,2017-03-30,1084.0,Energy,1,1084.0,2,0.6168582375478927,1,1,0
1MQFYGEE,Cecily Lampkin,MG Advanced,Inity,Won,2017-03-29,2017-06-03,3670.0,Manufacturing,1,3670.0,66,0.66875,2,1,2
4G10PCOZ,Daniell Hammack,GTX Plus Basic,Initech,Lost,2017-03-29,2017-04-02,0.0,Banking,0,0.0,4,0.6096256684491979,0,1,2
DLZYL69K,Daniell Hammack,GTX Plus Pro,Gekko & Co,Won,2017-03-29,2017-06-02,5304.0,Telecom,1,5304.0,65,0.6096256684491979,6,1,0
KYQ50DTU,Darcel Schlecht,GTX Plus Pro,Treequote,Lost,2017-03-29,2017-04-06,0.0,Retail,0,0.0,8,0.6311030741410488,4,1,0
FRIVBOOA,Darcel Schlecht,GTXPro,Conecom,Won,2017-03-29,2017-06-16,3844.0,Shipping,1,3844.0,79,0.6311030741410488,5,1,1
7ASDRLM5,Donn Cantrell,GTX Basic,Acme Corporation,Won,2017-03-29,2017-05-11,549.0,Shipping,1,549.0,43,0.5745454545454546,5,1,0
0HB6OUIN,Gladys Colclough,GTXPro,Condax,Lost,2017-03-29,2017-05-20,0.0,Banking,0,0.0,52,0.5818965517241379,0,1,2
UWK0KA56,Gladys Colclough,MG Advanced,Stanredtax,Lost,2017-03-29,2017-04-05,0.0,Retail,0,0.0,7,0.5818965517241379,4,1,0
CCVCBR83,Jonathan Berthelot,GTX Basic,Hottechi,Won,2017-03-29,2017-04-05,553.0,Public Sector,1,553.0,7,0.6477272727272727,3,1,1
SV2VJ3VH,Kami Bicknell,GTX Plus Basic,Plexzap,Lost,2017-03-29,2017-05-05,0.0,Manufacturing,0,0.0,37,0.6397058823529411,2,1,1
ASL3FJZP,Kami Bicknell,MG Advanced,Faxquote,Won,2017-03-29,2017-04-07,3523.0,Telecom,1,3523.0,9,0.6397058823529411,6,1,1
0S4K915N,Kary Hendrixson,GTX Basic,Konex,Lost,2017-03-29,2017-05-20,0.0,Public Sector,0,0.0,52,0.6238805970149254,3,1,1
8IJOC37Z,Kary Hendrixson,GTX Basic,Hottechi,Won,2017-03-29,2017-06-28,424.0,Public Sector,1,424.0,91,0.6238805970149254,3,1,1
28BIO7F9,Marty Freudenburg,GTX Basic,Konmatfix,Won,2017-03-29,2017-06-02,490.0,Shipping,1,490.0,65,0.6288659793814433,5,1,0
9B5T5QTA,Maureen Marcano,GTXPro,Konex,Lost,2017-03-29,2017-04-04,0.0,Public Sector,0,0.0,6,0.6995305164319249,3,1,0
9ZDFLOKA,Maureen Marcano,MG Special,Green-Plus,Won,2017-03-29,2017-04-07,48.0,Retail,1,48.0,9,0.6995305164319249,4,1,0
8FXUNDUS,Moses Frase,MG Advanced,Hottechi,Won,2017-03-29,2017-05-26,3982.0,Public Sector,1,3982.0,58,0.6615384615384615,3,1,0
MLC5KY2R,Rosalina Dieter,MG Advanced,Finjob,Lost,2017-03-29,2017-06-11,0.0,Manufacturing,0,0.0,74,0.6545454545454545,2,1,1
98YPUABG,Vicki Laflamme,GTX Plus Pro,Sonron,Lost,2017-03-29,2017-04-06,0.0,Manufacturing,0,0.0,8,0.6368876080691642,2,1,2
181X64EU,Vicki Laflamme,GTX Plus Basic,Goodsilron,Won,2017-03-29,2017-04-09,1176.0,Energy,1,1176.0,11,0.6368876080691642,1,1,0
XLKL4EI0,Wilburn Farren,GTX Basic,Betasoloin,Lost,2017-03-29,2017-04-10,0.0,Banking,0,0.0,12,0.6962025316455697,0,1,2
5RUF6451,Wilburn Farren,GTX Basic,Kinnamplus,Won,2017-03-29,2017-04-04,589.0,Telecom,1,589.0,6,0.6962025316455697,6,1,0
G67668KN,Zane Levy,GTX Plus Pro,Singletechno,Lost,2017-03-29,2017-05-16,0.0,Retail,0,0.0,48,0.6168582375478927,4,1,0
4SAUJMOI,Boris Faz,GTX Basic,Vehement Capital Partners,Lost,2017-03-30,2017-04-01,0.0,Banking,0,0.0,2,0.6601307189542484,0,1,2
B2H3P25L,Boris Faz,GTX Plus Pro,Xx-zobam,Lost,2017-03-30,2017-04-07,0.0,Manufacturing,0,0.0,8,0.6601307189542484,2,1,1
DF19VWL4,Cassey Cress,GTXPro,The New York Inquirer,Won,2017-03-30,2017-04-06,4276.0,Banking,1,4276.0,7,0.6245210727969349,0,1,0
ZIZXHX09,Cassey Cress,MG Advanced,Silis,Won,2017-03-30,2017-04-07,3390.0,Public Sector,1,3390.0,8,0.6245210727969349,3,1,0
70GGNRPB,Cecily Lampkin,GTX Basic,Bioholding,Lost,2017-03-30,2017-04-11,0.0,Banking,0,0.0,12,0.66875,0,1,0
0VYX8TN3,Cecily Lampkin,MG Special,dambase,Lost,2017-03-30,2017-04-09,0.0,Retail,0,0.0,10,0.66875,4,1,2
JPJ3A9T8,Cecily Lampkin,GTX Basic,Dontechi,Won,2017-03-30,2017-05-19,541.0,Shipping,1,541.0,50,0.66875,5,1,1
1A86ZD0B,Corliss Cosme,GTX Plus Pro,Ganjaflex,Won,2017-03-30,2017-06-26,5189.0,Retail,1,5189.0,88,0.6550218340611353,4,1,2
PMQ4M2UX,Daniell Hammack,GTXPro,Ganjaflex,Lost,2017-03-30,2017-04-07,0.0,Retail,0,0.0,8,0.6096256684491979,4,1,2
OFQCCQ6I,Daniell Hammack,GTX Plus Pro,Xx-zobam,Won,2017-03-30,2017-06-23,6920.0,Manufacturing,1,6920.0,85,0.6096256684491979,2,1,1
3Z2BQVQ7,Darcel Schlecht,GTX Basic,Condax,Lost,2017-03-30,2017-04-01,0.0,Banking,0,0.0,2,0.6311030741410488,0,1,2
57FO8KSQ,Darcel Schlecht,GTX Plus Basic,Isdom,Lost,2017-03-30,2017-04-07,0.0,Retail,0,0.0,8,0.6311030741410488,4,1,1
3VQOFPW7,Darcel Schlecht,MG Advanced,Globex Corporation,Lost,2017-03-30,2017-05-17,0.0,Retail,0,0.0,48,0.6311030741410488,4,1,0
HMKFBTYR,Darcel Schlecht,GTX Basic,Bioholding,Won,2017-03-30,2017-06-20,600.0,Banking,1,600.0,82,0.6311030741410488,0,1,1
RMO3I92N,Donn Cantrell,GTX Plus Basic,Bubba Gump,Lost,2017-03-30,2017-04-11,0.0,Retail,0,0.0,12,0.5745454545454546,4,1,0
2AV40FHB,Donn Cantrell,GTXPro,Konex,Lost,2017-03-30,2017-04-01,0.0,Public Sector,0,0.0,2,0.5745454545454546,3,1,2
OUR875IK,Donn Cantrell,GTX Basic,Xx-zobam,Won,2017-03-30,2017-04-06,564.0,Manufacturing,1,564.0,7,0.5745454545454546,2,1,2
LUFY70BU,Elease Gluck,GTK 500,Goodsilron,Lost,2017-03-30,2017-04-04,0.0,Energy,0,0.0,5,0.6349206349206349,1,1,0
1OUHMFJV,Garret Kinder,GTX Plus Basic,Zathunicon,Won,2017-03-30,2017-05-31,1037.0,Retail,1,1037.0,62,0.6097560975609756,4,1,2
GMNQUFQZ,Kami Bicknell,GTX Basic,Hottechi,Won,2017-03-30,2017-04-01,500.0,Public Sector,1,500.0,2,0.6397058823529411,3,1,1
YWF7W7H8,Lajuana Vencill,GTX Plus Pro,Hottechi,Won,2017-03-30,2017-04-07,5728.0,Public Sector,1,5728.0,8,0.5497835497835498,3,1,0
120BESB3,Markita Hansen,MG Advanced,Kan-code,Lost,2017-03-30,2017-04-09,0.0,Public Sector,0,0.0,10,0.5726872246696035,3,1,2
HPSSENGT,Marty Freudenburg,GTXPro,Statholdings,Lost,2017-03-30,2017-04-06,0.0,Manufacturing,0,0.0,7,0.6288659793814433,2,1,0
8TXOC3S3,Moses Frase,MG Advanced,Scottech,Lost,2017-03-30,2017-04-11,0.0,Banking,0,0.0,12,0.6615384615384615,0,1,1
N55VF08D,Moses Frase,MG Special,Finhigh,Won,2017-03-30,2017-05-20,54.0,Banking,1,54.0,51,0.6615384615384615,0,1,1
265SZR01,Rosalina Dieter,GTX Basic,Xx-holding,Won,2017-03-30,2017-06-19,501.0,Telecom,1,501.0,81,0.6545454545454545,6,1,2
NKO2JRRS,Rosie Papadopoulos,GTX Plus Pro,Umbrella Corporation,Won,2017-03-30,2017-04-08,6155.0,Public Sector,1,6155.0,9,0.6446280991735537,3,1,1
WW3NDCO2,Rosie Papadopoulos,GTX Plus Pro,Zathunicon,Won,2017-03-30,2017-04-08,4668.0,Retail,1,4668.0,9,0.6446280991735537,4,1,0
DGPI60HG,Versie Hillebrand,GTX Plus Pro,Zumgoity,Won,2017-03-30,2017-06-09,5017.0,Public Sector,1,5017.0,71,0.6666666666666666,3,1,1
06DUY829,Versie Hillebrand,MG Special,Ron-tech,Won,2017-03-30,2017-04-08,59.0,Manufacturing,1,59.0,9,0.6666666666666666,2,1,0
HOG5OE78,Vicki Laflamme,GTXPro,Fasehatice,Lost,2017-03-30,2017-04-08,0.0,Telecom,0,0.0,9,0.6368876080691642,6,1,0
PLM5WEY4,Vicki Laflamme,MG Advanced,Plexzap,Won,2017-03-30,2017-04-06,3316.0,Manufacturing,1,3316.0,7,0.6368876080691642,2,1,1
EWQVZB85,Zane Levy,GTX Plus Pro,Plexzap,Won,2017-03-30,2017-04-10,6227.0,Manufacturing,1,6227.0,11,0.6168582375478927,2,1,2
SFFFNT6B,Anna Snelling,MG Special,Treequote,Lost,2017-03-31,2017-04-07,0.0,Retail,0,0.0,7,0.6190476190476191,4,1,1
99AAJPQN,Anna Snelling,MG Special,Condax,Won,2017-03-31,2017-06-15,58.0,Banking,1,58.0,76,0.6190476190476191,0,1,0
JW2FHT1G,Anna Snelling,MG Advanced,dambase,Won,2017-03-31,2017-04-08,3626.0,Retail,1,3626.0,8,0.6190476190476191,4,1,0
08KE6ZQN,Boris Faz,MG Advanced,Vehement Capital Partners,Won,2017-03-31,2017-04-01,2819.0,Banking,1,2819.0,1,0.6601307189542484,0,1,1
0WVCRCOU,Cassey Cress,GTXPro,Xx-zobam,Lost,2017-03-31,2017-04-01,0.0,Manufacturing,0,0.0,1,0.6245210727969349,2,1,2
V5QIL0HU,Cassey Cress,GTXPro,Zencorporation,Lost,2017-03-31,2017-04-07,0.0,Shipping,0,0.0,7,0.6245210727969349,5,1,2
F52YEFJ8,Gladys Colclough,GTX Plus Pro,Globex Corporation,Lost,2017-03-31,2017-04-02,0.0,Retail,0,0.0,2,0.5818965517241379,4,1,0
OZDJFUHH,Hayden Neloms,GTX Plus Basic,Fasehatice,Won,2017-03-31,2017-04-09,901.0,Telecom,1,901.0,9,0.7039473684210527,6,1,0
BUPUP2TV,Hayden Neloms,MG Advanced,Doncon,Won,2017-03-31,2017-06-04,3438.0,Shipping,1,3438.0,65,0.7039473684210527,5,1,2
HTQO5XIW,James Ascencio,GTX Basic,Faxquote,Won,2017-03-31,2017-04-08,589.0,Telecom,1,589.0,8,0.6553398058252428,6,1,1
XCBKZWDX,Kami Bicknell,MG Special,Plusstrip,Lost,2017-03-31,2017-06-20,0.0,Public Sector,0,0.0,81,0.6397058823529411,3,1,0
W7F056RK,Kami Bicknell,GTXPro,Sunnamplex,Won,2017-03-31,2017-04-01,5073.0,Public Sector,1,5073.0,1,0.6397058823529411,3,1,0
9LZICBEV,Kary Hendrixson,MG Advanced,Hottechi,Lost,2017-03-31,2017-04-01,0.0,Public Sector,0,0.0,1,0.6238805970149254,3,1,2
YAKIMBKC,Kary Hendrixson,GTX Basic,Konex,Won,2017-03-31,2017-04-02,609.0,Public Sector,1,609.0,2,0.6238805970149254,3,1,1
FHU2WQ2K,Kary Hendrixson,MG Special,Goodsilron,Won,2017-03-31,2017-04-01,55.0,Energy,1,55.0,1,0.6238805970149254,1,1,2
VF651O1V,Markita Hansen,MG Special,Fasehatice,Lost,2017-03-31,2017-04-12,0.0,Telecom,0,0.0,12,0.5726872246696035,6,1,1
ISHAZTWG,Maureen Marcano,GTX Plus Basic,Green-Plus,Lost,2017-03-31,2017-04-12,0.0,Retail,0,0.0,12,0.6995305164319249,4,1,1
0XIPT9AX,Maureen Marcano,GTX Plus Pro,Condax,Won,2017-03-31,2017-04-10,5637.0,Banking,1,5637.0,10,0.6995305164319249,0,1,1
UURLD9W8,Maureen Marcano,GTX Plus Pro,Plexzap,Won,2017-03-31,2017-04-11,5793.0,Manufacturing,1,5793.0,11,0.6995305164319249,2,1,0
Y975VCYM,Reed Clapper,MG Special,Massive Dynamic,Lost,2017-03-31,2017-04-12,0.0,Banking,0,0.0,12,0.6540084388185654,0,1,2
OPYWK3XE,Rosalina Dieter,GTX Basic,J-Texon,Lost,2017-03-31,2017-04-05,0.0,Telecom,0,0.0,5,0.6545454545454545,6,1,2
2VTBUOXA,Rosalina Dieter,MG Advanced,Dalttechnology,Lost,2017-03-31,2017-05-30,0.0,Shipping,0,0.0,60,0.6545454545454545,5,1,1
6YEF304L,Rosalina Dieter,GTX Basic,Hottechi,Won,2017-03-31,2017-04-07,520.0,Public Sector,1,520.0,7,0.6545454545454545,3,1,0
6AALZVSE,Rosalina Dieter,MG Advanced,Finjob,Won,2017-03-31,2017-04-02,4080.0,Manufacturing,1,4080.0,2,0.6545454545454545,2,1,0
JF9CTPPZ,Versie Hillebrand,GTX Basic,Inity,Won,2017-03-31,2017-06-30,526.0,Manufacturing,1,526.0,91,0.6666666666666666,2,1,2
LAH7932Y,Versie Hillebrand,MG Special,Scottech,Won,2017-03-31,2017-05-17,57.0,Banking,1,57.0,47,0.6666666666666666,0,1,0
CLOSEH5L,Vicki Laflamme,MG Advanced,Xx-holding,Lost,2017-03-31,2017-04-09,0.0,Telecom,0,0.0,9,0.6368876080691642,6,1,0
ZT6XPQR0,Vicki Laflamme,MG Special,Y-corporation,Won,2017-03-31,2017-06-28,54.0,Manufacturing,1,54.0,89,0.6368876080691642,2,1,1
MUHI7FIM,Vicki Laflamme,MG Advanced,Sunnamplex,Won,2017-03-31,2017-04-12,3367.0,Public Sector,1,3367.0,12,0.6368876080691642,3,1,0
1WSLRC69,Zane Levy,GTX Basic,Dalttechnology,Won,2017-03-31,2017-04-06,430.0,Shipping,1,430.0,6,0.6168582375478927,5,1,1
ZZJ4I52J,Anna Snelling,GTX Basic,Hottechi,Won,2017-04-01,2017-05-05,518.0,Public Sector,1,518.0,34,0.6190476190476191,3,1,2
IGVGV1O5,Boris Faz,GTX Plus Basic,Umbrella Corporation,Lost,2017-04-01,2017-04-12,0.0,Public Sector,0,0.0,11,0.6601307189542484,3,1,0
O5OCDKVH,Corliss Cosme,GTX Plus Basic,Zotware,Lost,2017-04-01,2017-04-11,0.0,Banking,0,0.0,10,0.6550218340611353,0,1,2
TNUCQKW6,Daniell Hammack,GTXPro,Massive Dynamic,Lost,2017-04-01,2017-04-03,0.0,Banking,0,0.0,2,0.6096256684491979,0,1,2
T4NRIY5R,Darcel Schlecht,GTX Plus Pro,Bioholding,Won,2017-04-01,2017-04-08,5798.0,Banking,1,5798.0,7,0.6311030741410488,0,1,0
5PA21ZHE,Darcel Schlecht,GTXPro,Betatech,Won,2017-04-01,2017-04-10,4685.0,Public Sector,1,4685.0,9,0.6311030741410488,3,1,0
MCR8YCCY,Darcel Schlecht,MG Advanced,Genco Pura Olive Oil Company,Won,2017-04-01,2017-06-17,3228.0,Manufacturing,1,3228.0,77,0.6311030741410488,2,1,2
N4PVP6C0,Donn Cantrell,GTX Basic,Initech,Lost,2017-04-01,2017-04-03,0.0,Banking,0,0.0,2,0.5745454545454546,0,1,0
8INCUUGJ,Elease Gluck,GTX Basic,Plexzap,Won,2017-04-01,2017-06-22,452.0,Manufacturing,1,452.0,82,0.6349206349206349,2,1,1
CKSNW8DU,Gladys Colclough,GTX Plus Basic,Condax,Lost,2017-04-01,2017-04-11,0.0,Banking,0,0.0,10,0.5818965517241379,0,1,1
JFB4WY8C,Jonathan Berthelot,GTX Basic,Dontechi,Won,2017-04-01,2017-04-08,565.0,Shipping,1,565.0,7,0.6477272727272727,5,1,0
BP7JRV1O,Jonathan Berthelot,GTX Plus Basic,Warephase,Won,2017-04-01,2017-06-05,1184.0,Retail,1,1184.0,65,0.6477272727272727,4,1,2
OREPAY0O,Kami Bicknell,GTX Plus Basic,Hatfan,Won,2017-04-01,2017-06-22,1150.0,Public Sector,1,1150.0,82,0.6397058823529411,3,1,0
XBSZ29VJ,Kary Hendrixson,GTX Plus Basic,Singletechno,Won,2017-04-01,2017-05-24,1110.0,Retail,1,1110.0,53,0.6238805970149254,4,1,0
8BRN98H6,Lajuana Vencill,MG Advanced,Zumgoity,Lost,2017-04-01,2017-04-10,0.0,Public Sector,0,0.0,9,0.5497835497835498,3,1,2
VZS17M7X,Markita Hansen,MG Advanced,J-Texon,Won,2017-04-01,2017-04-06,3817.0,Telecom,1,3817.0,5,0.5726872246696035,6,1,2
49USIHDH,Marty Freudenburg,MG Advanced,Rundofase,Lost,2017-04-01,2017-04-10,0.0,Public Sector,0,0.0,9,0.6288659793814433,3,1,1
A89TBOY5,Moses Frase,MG Advanced,Bioholding,Lost,2017-04-01,2017-04-06,0.0,Banking,0,0.0,5,0.6615384615384615,0,1,2
26XU4887,Niesha Huffines,GTX Basic,Hottechi,Won,2017-04-01,2017-04-10,531.0,Public Sector,1,531.0,9,0.6,3,1,1
QQTQFG9A,Reed Clapper,GTX Plus Pro,The New York Inquirer,Lost,2017-04-01,2017-04-04,0.0,Banking,0,0.0,3,0.6540084388185654,0,1,2
7O00H1TC,Reed Clapper,MG Advanced,Ontomedia,Lost,2017-04-01,2017-04-02,0.0,Manufacturing,0,0.0,1,0.6540084388185654,2,1,0
LGTIXQ46,Rosalina Dieter,MG Special,Blackzim,Won,2017-04-01,2017-04-07,51.0,Telecom,1,51.0,6,0.6545454545454545,6,1,1
KJBYGG1S,Rosie Papadopoulos,GTXPro,Mathtouch,Won,2017-04-01,2017-05-12,5106.0,Energy,1,5106.0,41,0.6446280991735537,1,1,1
IXBUR07V,Versie Hillebrand,MG Advanced,Genco Pura Olive Oil Company,Lost,2017-04-01,2017-04-13,0.0,Manufacturing,0,0.0,12,0.6666666666666666,2,1,1
B6UWHOD4,Versie Hillebrand,MG Special,Stanredtax,Won,2017-04-01,2017-04-02,60.0,Retail,1,60.0,1,0.6666666666666666,4,1,0
FJ6QV5XK,Vicki Laflamme,GTXPro,Y-corporation,Lost,2017-04-01,2017-04-09,0.0,Manufacturing,0,0.0,8,0.6368876080691642,2,1,0
4DUMR5WD,Wilburn Farren,GTX Plus Pro,Zotware,Lost,2017-04-01,2017-04-09,0.0,Banking,0,0.0,8,0.6962025316455697,0,1,0
AW3L4BTT,Zane Levy,GTX Plus Basic,Hottechi,Lost,2017-04-01,2017-04-02,0.0,Public Sector,0,0.0,1,0.6168582375478927,3,1,0
RH805ELL,Zane Levy,GTXPro,Hatfan,Won,2017-04-01,2017-06-29,5079.0,Public Sector,1,5079.0,89,0.6168582375478927,3,1,0
7RI58VF7,Anna Snelling,GTX Basic,Streethex,Won,2017-04-02,2017-06-20,460.0,Banking,1,460.0,79,0.6190476190476191,0,1,1
R15SXOZA,Boris Faz,GTX Plus Basic,Iselectrics,Lost,2017-04-02,2017-06-24,0.0,Energy,0,0.0,83,0.6601307189542484,1,1,0
H00Y9555,Cecily Lampkin,MG Advanced,Domzoom,Won,2017-04-02,2017-04-10,3343.0,Retail,1,3343.0,8,0.66875,4,1,1
RJYMI03Q,Corliss Cosme,GTX Plus Pro,Xx-zobam,Won,2017-04-02,2017-05-28,5125.0,Manufacturing,1,5125.0,56,0.6550218340611353,2,1,0
5PJJCTJ9,Darcel Schlecht,MG Advanced,Bioholding,Won,2017-04-02,2017-04-11,3263.0,Banking,1,3263.0,9,0.6311030741410488,0,1,2
J60KKQ4B,Elease Gluck,GTX Plus Basic,Fasehatice,Won,2017-04-02,2017-04-08,976.0,Telecom,1,976.0,6,0.6349206349206349,6,1,1
X2QRD0DC,Garret Kinder,GTXPro,Plussunin,Won,2017-04-02,2017-04-09,4746.0,Energy,1,4746.0,7,0.6097560975609756,1,1,2
4KIZ9WJ0,Gladys Colclough,GTX Plus Basic,Conecom,Lost,2017-04-02,2017-04-03,0.0,Shipping,0,0.0,1,0.5818965517241379,5,1,1
6RQCLF28,Gladys Colclough,GTX Basic,Codehow,Won,2017-04-02,2017-04-11,507.0,Telecom,1,507.0,9,0.5818965517241379,6,1,2
T8WC5X1B,James Ascencio,GTX Basic,Konex,Lost,2017-04-02,2017-04-14,0.0,Public Sector,0,0.0,12,0.6553398058252428,3,1,0
HO6M5P37,James Ascencio,GTXPro,Fasehatice,Won,2017-04-02,2017-04-09,5693.0,Telecom,1,5693.0,7,0.6553398058252428,6,1,0
0J21WQH1,Kami Bicknell,GTX Plus Basic,Fasehatice,Lost,2017-04-02,2017-04-14,0.0,Telecom,0,0.0,12,0.6397058823529411,6,1,0
N88UFF5K,Kary Hendrixson,GTX Basic,Labdrill,Lost,2017-04-02,2017-04-03,0.0,Energy,0,0.0,1,0.6238805970149254,1,1,1
OV08QE7X,Kary Hendrixson,GTX Basic,Cheers,Won,2017-04-02,2017-04-10,488.0,Telecom,1,488.0,8,0.6238805970149254,6,1,2
WJLJIWYS,Kary Hendrixson,GTX Basic,Rantouch,Won,2017-04-02,2017-05-20,605.0,Energy,1,605.0,48,0.6238805970149254,1,1,0
QJ25CASO,Markita Hansen,GTX Plus Pro,Xx-holding,Lost,2017-04-02,2017-05-15,0.0,Telecom,0,0.0,43,0.5726872246696035,6,1,2
GJQXUDI3,Marty Freudenburg,GTX Plus Basic,Funholding,Won,2017-04-02,2017-04-11,949.0,Retail,1,949.0,9,0.6288659793814433,4,1,2
OOGOZGGV,Maureen Marcano,GTX Plus Basic,Faxquote,Won,2017-04-02,2017-04-04,882.0,Telecom,1,882.0,2,0.6995305164319249,6,1,0
C9XJ9KHD,Maureen Marcano,GTX Plus Basic,Goodsilron,Won,2017-04-02,2017-06-22,1096.0,Energy,1,1096.0,81,0.6995305164319249,1,1,0
IWAKTMEB,Reed Clapper,GTX Basic,Donware,Lost,2017-04-02,2017-04-10,0.0,Banking,0,0.0,8,0.6540084388185654,0,1,2
AKT5EF0X,Reed Clapper,GTX Basic,Donware,Won,2017-04-02,2017-08-04,572.0,Banking,1,572.0,124,0.6540084388185654,0,1,0
89064N0X,Rosie Papadopoulos,MG Advanced,Bluth Company,Lost,2017-04-02,2017-04-07,0.0,Energy,0,0.0,5,0.6446280991735537,1,1,0
V7YVW4U0,Rosie Papadopoulos,GTXPro,Kinnamplus,Won,2017-04-02,2017-04-12,3731.0,Telecom,1,3731.0,10,0.6446280991735537,6,1,0
TBJ99S41,Versie Hillebrand,MG Special,Konmatfix,Lost,2017-04-02,2017-04-12,0.0,Shipping,0,0.0,10,0.6666666666666666,5,1,1
QWLH0WD8,Zane Levy,GTX Plus Basic,Hottechi,Won,2017-04-02,2017-06-13,1214.0,Public Sector,1,1214.0,72,0.6168582375478927,3,1,2
JZTX4MXK,Zane Levy,GTXPro,Sunnamplex,Won,2017-04-02,2017-04-03,4444.0,Public Sector,1,4444.0,1,0.6168582375478927,3,1,2
4AHNCJ2Y,Anna Snelling,GTX Basic,Rangreen,Won,2017-04-03,2017-06-27,524.0,Energy,1,524.0,85,0.6190476190476191,1,1,1
JK75NQBD,Cassey Cress,GTX Plus Basic,Bubba Gump,Won,2017-04-03,2017-05-20,997.0,Retail,1,997.0,47,0.6245210727969349,4,1,2
U1BDEL90,Corliss Cosme,MG Advanced,Betasoloin,Won,2017-04-03,2017-04-10,2794.0,Banking,1,2794.0,7,0.6550218340611353,0,1,0
A9C9YCSN,Darcel Schlecht,MG Special,Rangreen,Won,2017-04-03,2017-04-09,53.0,Energy,1,53.0,6,0.6311030741410488,1,1,2
524GC3WL,Darcel Schlecht,MG Advanced,Globex Corporation,Won,2017-04-03,2017-04-13,3141.0,Retail,1,3141.0,10,0.6311030741410488,4,1,0
T4ZW6SS4,Donn Cantrell,MG Special,Silis,Lost,2017-04-03,2017-04-15,0.0,Public Sector,0,0.0,12,0.5745454545454546,3,1,1
FH4VP5CL,Donn Cantrell,GTX Plus Basic,Bioplex,Won,2017-04-03,2017-06-26,1109.0,Retail,1,1109.0,84,0.5745454545454546,4,1,0
K9MMOXUC,Donn Cantrell,GTX Plus Pro,Iselectrics,Won,2017-04-03,2017-04-14,5691.0,Energy,1,5691.0,11,0.5745454545454546,1,1,2
LV5SEMZQ,Elease Gluck,MG Special,Nam-zim,Won,2017-04-03,2017-04-07,52.0,Energy,1,52.0,4,0.6349206349206349,1,1,2
50B2JN7F,Gladys Colclough,MG Special,Hottechi,Lost,2017-04-03,2017-04-10,0.0,Public Sector,0,0.0,7,0.5818965517241379,3,1,2
JXS3KFKM,Gladys Colclough,GTX Basic,Betatech,Won,2017-04-03,2017-04-05,532.0,Public Sector,1,532.0,2,0.5818965517241379,3,1,1
QODSAVWU,Gladys Colclough,GTXPro,Isdom,Won,2017-04-03,2017-04-04,5615.0,Retail,1,5615.0,1,0.5818965517241379,4,1,1
UH3P961U,James Ascencio,GTX Basic,Goodsilron,Lost,2017-04-03,2017-04-04,0.0,Energy,0,0.0,1,0.6553398058252428,1,1,2
3BQTRX5Y,Kami Bicknell,GTXPro,Faxquote,Lost,2017-04-03,2017-05-26,0.0,Telecom,0,0.0,53,0.6397058823529411,6,1,0
YTL8VNGT,Kami Bicknell,GTX Basic,J-Texon,Won,2017-04-03,2017-04-12,565.0,Telecom,1,565.0,9,0.6397058823529411,6,1,1
BL4SKUCN,Lajuana Vencill,GTX Basic,Ron-tech,Lost,2017-04-03,2017-04-11,0.0,Manufacturing,0,0.0,8,0.5497835497835498,2,1,2
W355HYRD,Reed Clapper,GTXPro,Gekko & Co,Lost,2017-04-03,2017-04-05,0.0,Telecom,0,0.0,2,0.6540084388185654,6,1,2
5UE0TE1R,Reed Clapper,GTXPro,Yearin,Won,2017-04-03,2017-04-14,3991.0,Retail,1,3991.0,11,0.6540084388185654,4,1,1
RFNRVNXJ,Rosie Papadopoulos,GTXPro,Kinnamplus,Won,2017-04-03,2017-05-20,5763.0,Telecom,1,5763.0,47,0.6446280991735537,6,1,1
UTZDDOU7,Versie Hillebrand,MG Special,Conecom,Lost,2017-04-03,2017-04-14,0.0,Shipping,0,0.0,11,0.6666666666666666,5,1,1
2ZXKC707,Vicki Laflamme,MG Advanced,Cheers,Lost,2017-04-03,2017-04-11,0.0,Telecom,0,0.0,8,0.6368876080691642,6,1,0
VNCFE4LQ,Vicki Laflamme,GTX Basic,J-Texon,Won,2017-04-03,2017-04-15,456.0,Telecom,1,456.0,12,0.6368876080691642,6,1,0
28QWFYSP,Wilburn Farren,MG Special,Bluth Company,Lost,2017-04-03,2017-04-05,0.0,Energy,0,0.0,2,0.6962025316455697,1,1,2
VIV0OXU6,Anna Snelling,GTX Basic,Domzoom,Won,2017-04-04,2017-04-11,582.0,Retail,1,582.0,7,0.6190476190476191,4,1,1
KVF0HK8S,Anna Snelling,MG Special,Domzoom,Won,2017-04-04,2017-04-12,59.0,Retail,1,59.0,8,0.6190476190476191,4,1,0
JLT2LLR3,Boris Faz,MG Advanced,Donquadtech,Won,2017-04-04,2017-04-09,3259.0,Shipping,1,3259.0,5,0.6601307189542484,5,1,1
2LF1TSPZ,Corliss Cosme,GTX Basic,Ganjaflex,Lost,2017-04-04,2017-05-10,0.0,Retail,0,0.0,36,0.6550218340611353,4,1,2
FBJHTF91,Corliss Cosme,GTX Plus Basic,Kan-code,Lost,2017-04-04,2017-04-11,0.0,Public Sector,0,0.0,7,0.6550218340611353,3,1,0
Z50GQV8I,Corliss Cosme,GTX Basic,Vehement Capital Partners,Won,2017-04-04,2017-04-11,593.0,Banking,1,593.0,7,0.6550218340611353,0,1,0
O2CPAAF0,Corliss Cosme,GTXPro,Plussunin,Won,2017-04-04,2017-06-26,5197.0,Energy,1,5197.0,83,0.6550218340611353,1,1,0
CEOTU8PX,Darcel Schlecht,GTXPro,dambase,Lost,2017-04-04,2017-04-15,0.0,Retail,0,0.0,11,0.6311030741410488,4,1,2
2S3DHZFO,Darcel Schlecht,GTXPro,Konmatfix,Lost,2017-04-04,2017-06-21,0.0,Shipping,0,0.0,78,0.6311030741410488,5,1,1
ZE1ZKD7Q,Darcel Schlecht,MG Special,Statholdings,Lost,2017-04-04,2017-04-12,0.0,Manufacturing,0,0.0,8,0.6311030741410488,2,1,0
Y9XOOWHS,Darcel Schlecht,MG Advanced,Finhigh,Won,2017-04-04,2017-06-18,3031.0,Banking,1,3031.0,75,0.6311030741410488,0,1,2
5FIGO7XN,Donn Cantrell,GTXPro,Gekko & Co,Lost,2017-04-04,2017-04-15,0.0,Telecom,0,0.0,11,0.5745454545454546,6,1,1
EFO8XWXE,Donn Cantrell,GTXPro,Zencorporation,Won,2017-04-04,2017-05-25,5244.0,Shipping,1,5244.0,51,0.5745454545454546,5,1,2
62R8ERQ0,Elease Gluck,MG Special,Green-Plus,Lost,2017-04-04,2017-04-10,0.0,Retail,0,0.0,6,0.6349206349206349,4,1,1
HYCELUAD,Garret Kinder,GTX Plus Pro,Ontomedia,Won,2017-04-04,2017-06-20,5946.0,Manufacturing,1,5946.0,77,0.6097560975609756,2,1,2
MJZP9WYC,Hayden Neloms,GTX Plus Basic,Golddex,Lost,2017-04-04,2017-04-08,0.0,Manufacturing,0,0.0,4,0.7039473684210527,2,1,1
JNYS6BIJ,James Ascencio,GTX Plus Pro,Labdrill,Lost,2017-04-04,2017-04-11,0.0,Energy,0,0.0,7,0.6553398058252428,1,1,0
LUT9KYJA,James Ascencio,GTXPro,Singletechno,Won,2017-04-04,2017-06-06,4335.0,Retail,1,4335.0,63,0.6553398058252428,4,1,1
DIWC1AHU,Jonathan Berthelot,GTX Plus Pro,Finhigh,Lost,2017-04-04,2017-04-06,0.0,Banking,0,0.0,2,0.6477272727272727,0,1,2
ILYP3YGW,Jonathan Berthelot,GTXPro,Konmatfix,Won,2017-04-04,2017-04-06,5063.0,Shipping,1,5063.0,2,0.6477272727272727,5,1,2
0XC4DR3F,Jonathan Berthelot,GTXPro,Streethex,Won,2017-04-04,2017-04-10,5032.0,Banking,1,5032.0,6,0.6477272727272727,0,1,1
3ZM8BJQO,Kami Bicknell,GTXPro,Labdrill,Won,2017-04-04,2017-05-31,4398.0,Energy,1,4398.0,57,0.6397058823529411,1,1,0
AM5J5QPK,Kami Bicknell,GTXPro,Scotfind,Won,2017-04-04,2017-04-06,4449.0,Telecom,1,4449.0,2,0.6397058823529411,6,1,0
DRFUPEOU,Kary Hendrixson,GTX Plus Pro,Blackzim,Lost,2017-04-04,2017-05-10,0.0,Telecom,0,0.0,36,0.6238805970149254,6,1,1
I19TOSXS,Lajuana Vencill,GTX Basic,Treequote,Lost,2017-04-04,2017-04-06,0.0,Retail,0,0.0,2,0.5497835497835498,4,1,1
DWO4HD34,Lajuana Vencill,MG Advanced,Isdom,Lost,2017-04-04,2017-04-15,0.0,Retail,0,0.0,11,0.5497835497835498,4,1,2
4YH4JR1Q,Lajuana Vencill,MG Special,Funholding,Won,2017-04-04,2017-05-31,50.0,Retail,1,50.0,57,0.5497835497835498,4,1,0
NUA0OE6Z,Markita Hansen,GTX Basic,Goodsilron,Won,2017-04-04,2017-06-03,605.0,Energy,1,605.0,60,0.5726872246696035,1,1,1
GDOHDB6U,Markita Hansen,MG Special,Scotfind,Won,2017-04-04,2017-04-08,57.0,Telecom,1,57.0,4,0.5726872246696035,6,1,0
I58DG1XE,Markita Hansen,MG Advanced,Cheers,Won,2017-04-04,2017-06-10,2882.0,Telecom,1,2882.0,67,0.5726872246696035,6,1,1
YA3O04NX,Marty Freudenburg,MG Advanced,Gogozoom,Won,2017-04-04,2017-06-05,3011.0,Telecom,1,3011.0,62,0.6288659793814433,6,1,1
C2X9D7JO,Maureen Marcano,GTX Plus Basic,Rantouch,Won,2017-04-04,2017-04-11,1181.0,Energy,1,1181.0,7,0.6995305164319249,1,1,0
SBLP2LJB,Niesha Huffines,GTX Plus Basic,Betatech,Won,2017-04-04,2017-06-11,1067.0,Public Sector,1,1067.0,68,0.6,3,1,1
3CWKBXEN,Reed Clapper,GTX Basic,Donquadtech,Lost,2017-04-04,2017-04-13,0.0,Shipping,0,0.0,9,0.6540084388185654,5,1,1
ZG82F4GH,Reed Clapper,GTX Basic,Initech,Lost,2017-04-04,2017-04-09,0.0,Banking,0,0.0,5,0.6540084388185654,0,1,2
64KS4KGN,Versie Hillebrand,MG Special,Isdom,Won,2017-04-04,2017-04-06,54.0,Retail,1,54.0,2,0.6666666666666666,4,1,1
637HKAFD,Zane Levy,GTX Basic,Plexzap,Won,2017-04-04,2017-06-29,564.0,Manufacturing,1,564.0,86,0.6168582375478927,2,1,1
U9E3G8UT,Anna Snelling,GTX Plus Basic,Conecom,Lost,2017-04-05,2017-04-06,0.0,Shipping,0,0.0,1,0.6190476190476191,5,1,1
FB1AO8SL,Anna Snelling,MG Special,Betatech,Won,2017-04-05,2017-04-14,57.0,Public Sector,1,57.0,9,0.6190476190476191,3,1,2
79LGX9EX,Cassey Cress,GTXPro,Yearin,Won,2017-04-05,2017-06-30,5558.0,Retail,1,5558.0,86,0.6245210727969349,4,1,0
LOAYKUEO,Cecily Lampkin,GTX Plus Pro,Treequote,Lost,2017-04-05,2017-04-10,0.0,Retail,0,0.0,5,0.66875,4,1,2
EM4XNIPW,Corliss Cosme,GTX Basic,Silis,Lost,2017-04-05,2017-04-07,0.0,Public Sector,0,0.0,2,0.6550218340611353,3,1,2
E6WG7J0I,Corliss Cosme,GTX Plus Basic,Bubba Gump,Won,2017-04-05,2017-04-10,1083.0,Retail,1,1083.0,5,0.6550218340611353,4,1,0
37FL55S0,Darcel Schlecht,GTXPro,Treequote,Won,2017-04-05,2017-04-06,5647.0,Retail,1,5647.0,1,0.6311030741410488,4,1,2
RSXFS096,Donn Cantrell,GTX Basic,Zencorporation,Lost,2017-04-05,2017-08-07,0.0,Shipping,0,0.0,124,0.5745454545454546,5,1,0
5QSU8PQU,Donn Cantrell,GTXPro,Silis,Won,2017-04-05,2017-06-19,4648.0,Public Sector,1,4648.0,75,0.5745454545454546,3,1,2
N58V2ML8,Donn Cantrell,MG Special,Plussunin,Won,2017-04-05,2017-04-14,50.0,Energy,1,50.0,9,0.5745454545454546,1,1,0
SFI9TVH3,Gladys Colclough,MG Advanced,Hottechi,Lost,2017-04-05,2017-04-07,0.0,Public Sector,0,0.0,2,0.5818965517241379,3,1,1
0G65AQVC,James Ascencio,GTX Basic,Kan-code,Lost,2017-04-05,2017-05-30,0.0,Public Sector,0,0.0,55,0.6553398058252428,3,1,2
F91QWQ1G,James Ascencio,GTXPro,Singletechno,Lost,2017-04-05,2017-04-07,0.0,Retail,0,0.0,2,0.6553398058252428,4,1,2
XEP9GSSY,Jonathan Berthelot,GTX Basic,dambase,Lost,2017-04-05,2017-08-07,0.0,Retail,0,0.0,124,0.6477272727272727,4,1,2
0000I7AO,Jonathan Berthelot,GTX Basic,Rangreen,Won,2017-04-05,2017-05-12,505.0,Energy,1,505.0,37,0.6477272727272727,1,1,2
A0VM9Q5M,Kary Hendrixson,GTXPro,Doncon,Lost,2017-04-05,2017-04-15,0.0,Shipping,0,0.0,10,0.6238805970149254,5,1,1
P9SDPJJO,Kary Hendrixson,GTX Basic,Green-Plus,Won,2017-04-05,2017-04-06,450.0,Retail,1,450.0,1,0.6238805970149254,4,1,2
NW6OPA4M,Kary Hendrixson,GTX Plus Pro,Blackzim,Won,2017-04-05,2017-05-21,4983.0,Telecom,1,4983.0,46,0.6238805970149254,6,1,1
ZZQB2NPD,Lajuana Vencill,GTX Plus Basic,Ron-tech,Won,2017-04-05,2017-06-19,1140.0,Manufacturing,1,1140.0,75,0.5497835497835498,2,1,1
KG5JIU81,Markita Hansen,GTX Plus Basic,Faxquote,Lost,2017-04-05,2017-04-07,0.0,Telecom,0,0.0,2,0.5726872246696035,6,1,1
4XGA0K6N,Markita Hansen,MG Advanced,J-Texon,Won,2017-04-05,2017-06-22,3188.0,Telecom,1,3188.0,78,0.5726872246696035,6,1,1
MV1LBCP5,Reed Clapper,GTX Basic,Silis,Lost,2017-04-05,2017-04-06,0.0,Public Sector,0,0.0,1,0.6540084388185654,3,1,0
UIFIWKNI,Reed Clapper,GTX Plus Basic,Xx-zobam,Won,2017-04-05,2017-08-02,1091.0,Manufacturing,1,1091.0,119,0.6540084388185654,2,1,0
MBGVOGCY,Reed Clapper,GTX Plus Pro,Bioplex,Won,2017-04-05,2017-04-12,5095.0,Retail,1,5095.0,7,0.6540084388185654,4,1,2
2WQ5FUPR,Reed Clapper,MG Special,Condax,Won,2017-04-05,2017-08-02,51.0,Banking,1,51.0,119,0.6540084388185654,0,1,0
DA6LGJ66,Rosalina Dieter,MG Special,Green-Plus,Won,2017-04-05,2017-06-19,62.0,Retail,1,62.0,75,0.6545454545454545,4,1,0
OJSYLHMZ,Vicki Laflamme,GTX Basic,Zoomit,Won,2017-04-05,2017-06-28,550.0,Energy,1,550.0,84,0.6368876080691642,1,1,2
QO6CI3P4,Violet Mclelland,MG Special,Gekko & Co,Won,2017-04-05,2017-04-07,45.0,Telecom,1,45.0,2,0.6321243523316062,6,1,2
HJP5X1MT,Anna Snelling,GTX Basic,Dontechi,Won,2017-04-06,2017-06-09,527.0,Shipping,1,527.0,64,0.6190476190476191,5,1,2
JO4MF90Q,Cassey Cress,GTX Basic,Kinnamplus,Lost,2017-04-06,2017-04-15,0.0,Telecom,0,0.0,9,0.6245210727969349,6,1,0
RX95UPUC,Cassey Cress,GTX Plus Basic,Xx-zobam,Lost,2017-04-06,2017-05-30,0.0,Manufacturing,0,0.0,54,0.6245210727969349,2,1,0
0SMQAD34,Darcel Schlecht,MG Advanced,Domzoom,Lost,2017-04-06,2017-04-08,0.0,Retail,0,0.0,2,0.6311030741410488,4,1,2
THMEDL51,Darcel Schlecht,MG Special,Rundofase,Won,2017-04-06,2017-04-14,64.0,Public Sector,1,64.0,8,0.6311030741410488,3,1,1
94B4785B,Donn Cantrell,MG Advanced,Plussunin,Won,2017-04-06,2017-04-15,3655.0,Energy,1,3655.0,9,0.5745454545454546,1,1,2
SLN6HHLD,Gladys Colclough,MG Special,Bioholding,Lost,2017-04-06,2017-04-16,0.0,Banking,0,0.0,10,0.5818965517241379,0,1,1
MU3PM8ON,Gladys Colclough,MG Advanced,Rundofase,Lost,2017-04-06,2017-04-13,0.0,Public Sector,0,0.0,7,0.5818965517241379,3,1,1
E6GVZ30Q,James Ascencio,GTX Basic,Finjob,Won,2017-04-06,2017-05-21,561.0,Manufacturing,1,561.0,45,0.6553398058252428,2,1,2
QVWM8LUB,Kary Hendrixson,GTX Basic,Hatfan,Lost,2017-04-06,2017-08-06,0.0,Public Sector,0,0.0,122,0.6238805970149254,3,1,2
7C2HU8OC,Kary Hendrixson,GTX Plus Basic,Faxquote,Lost,2017-04-06,2017-04-16,0.0,Telecom,0,0.0,10,0.6238805970149254,6,1,2
74P8ZFDD,Kary Hendrixson,GTX Plus Pro,Plexzap,Won,2017-04-06,2017-04-07,6154.0,Manufacturing,1,6154.0,1,0.6238805970149254,2,1,0
MB3376Q1,Kary Hendrixson,GTXPro,Cheers,Won,2017-04-06,2017-04-12,4756.0,Telecom,1,4756.0,6,0.6238805970149254,6,1,1
RSAGMF10,Lajuana Vencill,GTX Basic,Streethex,Lost,2017-04-06,2017-04-14,0.0,Banking,0,0.0,8,0.5497835497835498,0,1,0
3N6VGWVS,Lajuana Vencill,MG Special,Gogozoom,Won,2017-04-06,2017-05-30,61.0,Telecom,1,61.0,54,0.5497835497835498,6,1,0
KG61YJ92,Moses Frase,GTX Basic,Warephase,Won,2017-04-06,2017-06-24,575.0,Retail,1,575.0,79,0.6615384615384615,4,1,2
Z4A1R9CJ,Moses Frase,GTX Plus Basic,Finhigh,Won,2017-04-06,2017-05-22,1147.0,Banking,1,1147.0,46,0.6615384615384615,0,1,0
I6ZWBDU6,Moses Frase,MG Advanced,Funholding,Won,2017-04-06,2017-06-12,3161.0,Retail,1,3161.0,67,0.6615384615384615,4,1,2
3DB2J8UR,Niesha Huffines,GTX Basic,Isdom,Lost,2017-04-06,2017-04-16,0.0,Retail,0,0.0,10,0.6,4,1,1
6ER2KL7X,Vicki Laflamme,MG Advanced,Condax,Lost,2017-04-06,2017-04-14,0.0,Banking,0,0.0,8,0.6368876080691642,0,1,2
CBTC7BHL,Vicki Laflamme,GTX Basic,Scotfind,Won,2017-04-06,2017-05-04,525.0,Telecom,1,525.0,28,0.6368876080691642,6,1,0
93JCG10L,Zane Levy,GTXPro,Dalttechnology,Won,2017-04-06,2017-04-12,4168.0,Shipping,1,4168.0,6,0.6168582375478927,5,1,0
X9BUD48V,Anna Snelling,GTX Basic,Warephase,Won,2017-04-07,2017-04-08,596.0,Retail,1,596.0,1,0.6190476190476191,4,1,2
TQLJOZBP,Boris Faz,MG Special,Zotware,Won,2017-04-07,2017-04-15,59.0,Banking,1,59.0,8,0.6601307189542484,0,1,2
9IE6GBXM,Cassey Cress,GTXPro,Ontomedia,Lost,2017-04-07,2017-05-14,0.0,Manufacturing,0,0.0,37,0.6245210727969349,2,1,0
BG2656VA,Corliss Cosme,GTX Plus Pro,Konex,Won,2017-04-07,2017-04-15,5684.0,Public Sector,1,5684.0,8,0.6550218340611353,3,1,1
JXBUN5MY,Daniell Hammack,MG Advanced,Kan-code,Lost,2017-04-07,2017-04-15,0.0,Public Sector,0,0.0,8,0.6096256684491979,3,1,1
7TJEHAED,Darcel Schlecht,GTXPro,Gogozoom,Won,2017-04-07,2017-04-15,4413.0,Telecom,1,4413.0,8,0.6311030741410488,6,1,2
QPOE9V6Y,Donn Cantrell,MG Advanced,Opentech,Lost,2017-04-07,2017-04-17,0.0,Retail,0,0.0,10,0.5745454545454546,4,1,1
ULJM9JGL,Donn Cantrell,MG Advanced,Vehement Capital Partners,Lost,2017-04-07,2017-04-15,0.0,Banking,0,0.0,8,0.5745454545454546,0,1,0
PYY9M6Q4,Donn Cantrell,GTXPro,Mathtouch,Won,2017-04-07,2017-04-13,4152.0,Energy,1,4152.0,6,0.5745454545454546,1,1,2
WAF692K8,Elease Gluck,MG Special,Dalttechnology,Won,2017-04-07,2017-06-24,51.0,Shipping,1,51.0,78,0.6349206349206349,5,1,0
0UDLH6I3,Garret Kinder,GTX Basic,Zathunicon,Lost,2017-04-07,2017-04-15,0.0,Retail,0,0.0,8,0.6097560975609756,4,1,0
WUGE2QUO,Gladys Colclough,MG Advanced,Toughzap,Lost,2017-04-07,2017-04-18,0.0,Retail,0,0.0,11,0.5818965517241379,4,1,1
XBLA9VO6,James Ascencio,GTX Plus Basic,Sonron,Won,2017-04-07,2017-05-18,1103.0,Manufacturing,1,1103.0,41,0.6553398058252428,2,1,2
QL7H3WQZ,Jonathan Berthelot,GTX Plus Basic,Warephase,Won,2017-04-07,2017-04-09,1091.0,Retail,1,1091.0,2,0.6477272727272727,4,1,2
DXBLA2BS,Jonathan Berthelot,GTX Plus Basic,Zumgoity,Won,2017-04-07,2017-04-17,1189.0,Public Sector,1,1189.0,10,0.6477272727272727,3,1,1
EYW0QD8A,Jonathan Berthelot,GTXPro,Streethex,Won,2017-04-07,2017-06-27,4534.0,Banking,1,4534.0,81,0.6477272727272727,0,1,0
NXWNJ7U5,Kami Bicknell,GTX Basic,Golddex,Lost,2017-04-07,2017-05-12,0.0,Manufacturing,0,0.0,35,0.6397058823529411,2,1,0
8LVFBGN4,Kami Bicknell,GTX Plus Basic,Konex,Lost,2017-04-07,2017-04-16,0.0,Public Sector,0,0.0,9,0.6397058823529411,3,1,0
SUQNORF2,Lajuana Vencill,GTX Basic,Codehow,Lost,2017-04-07,2017-04-16,0.0,Telecom,0,0.0,9,0.5497835497835498,6,1,0
3M03SX77,Markita Hansen,GTX Basic,Condax,Won,2017-04-07,2017-04-13,522.0,Banking,1,522.0,6,0.5726872246696035,0,1,2
C7Y0UUIN,Markita Hansen,GTXPro,Goodsilron,Won,2017-04-07,2017-05-27,5012.0,Energy,1,5012.0,50,0.5726872246696035,1,1,2
DI6H5ERU,Maureen Marcano,GTX Plus Basic,Rantouch,Won,2017-04-07,2017-04-08,1109.0,Energy,1,1109.0,1,0.6995305164319249,1,1,1
SQZ293C0,Moses Frase,GTX Plus Pro,Genco Pura Olive Oil Company,Won,2017-04-07,2017-04-13,4659.0,Manufacturing,1,4659.0,6,0.6615384615384615,2,1,1
2SGRE4VE,Niesha Huffines,GTX Basic,Cancity,Lost,2017-04-07,2017-04-16,0.0,Public Sector,0,0.0,9,0.6,3,1,2
AMKR98V4,Versie Hillebrand,GTX Plus Pro,Codehow,Lost,2017-04-07,2017-06-13,0.0,Telecom,0,0.0,67,0.6666666666666666,6,1,2
DESFU690,Versie Hillebrand,GTX Plus Pro,Treequote,Lost,2017-04-07,2017-04-09,0.0,Retail,0,0.0,2,0.6666666666666666,4,1,0
V8HMIE7M,Versie Hillebrand,MG Special,Konmatfix,Lost,2017-04-07,2017-05-30,0.0,Shipping,0,0.0,53,0.6666666666666666,5,1,0
91JBU17E,Versie Hillebrand,MG Advanced,Rangreen,Lost,2017-04-07,2017-04-12,0.0,Energy,0,0.0,5,0.6666666666666666,1,1,1
4MMQZHCK,Vicki Laflamme,MG Advanced,Konex,Lost,2017-04-07,2017-04-16,0.0,Public Sector,0,0.0,9,0.6368876080691642,3,1,2
RSKU2ZHM,Zane Levy,MG Advanced,Finjob,Lost,2017-04-07,2017-04-13,0.0,Manufacturing,0,0.0,6,0.6168582375478927,2,1,1
8LTQ9ESQ,Anna Snelling,MG Advanced,dambase,Lost,2017-04-08,2017-04-15,0.0,Retail,0,0.0,7,0.6190476190476191,4,1,2
EBBIJKLT,Anna Snelling,GTX Plus Basic,Stanredtax,Won,2017-04-08,2017-04-15,1142.0,Retail,1,1142.0,7,0.6190476190476191,4,1,0
8RIKWACO,Corliss Cosme,GTX Basic,Zathunicon,Won,2017-04-08,2017-05-27,491.0,Retail,1,491.0,49,0.6550218340611353,4,1,1
U3394VAL,Darcel Schlecht,GTXPro,Finhigh,Lost,2017-04-08,2017-04-18,0.0,Banking,0,0.0,10,0.6311030741410488,0,1,1
G58AHYTW,Darcel Schlecht,MG Special,Domzoom,Lost,2017-04-08,2017-04-14,0.0,Retail,0,0.0,6,0.6311030741410488,4,1,2
KK7L97V7,Darcel Schlecht,GTXPro,Funholding,Won,2017-04-08,2017-04-09,5678.0,Retail,1,5678.0,1,0.6311030741410488,4,1,0
GWRPJWRO,Donn Cantrell,GTXPro,Bioplex,Lost,2017-04-08,2017-04-16,0.0,Retail,0,0.0,8,0.5745454545454546,4,1,1
GNKFTK7J,Donn Cantrell,GTX Basic,Sumace,Won,2017-04-08,2017-06-14,547.0,Energy,1,547.0,67,0.5745454545454546,1,1,0
UEL6CAP9,Garret Kinder,GTX Basic,Umbrella Corporation,Lost,2017-04-08,2017-04-16,0.0,Public Sector,0,0.0,8,0.6097560975609756,3,1,1
2FEA30KT,Hayden Neloms,GTX Plus Basic,Singletechno,Won,2017-04-08,2017-05-25,935.0,Retail,1,935.0,47,0.7039473684210527,4,1,0
P2VXL7MO,Hayden Neloms,GTX Plus Pro,Scotfind,Won,2017-04-08,2017-04-10,4761.0,Telecom,1,4761.0,2,0.7039473684210527,6,1,2
YT7QY06V,Hayden Neloms,MG Advanced,Newex,Won,2017-04-08,2017-04-14,3224.0,Energy,1,3224.0,6,0.7039473684210527,1,1,1
L66MAMK5,Kami Bicknell,GTX Basic,Sunnamplex,Won,2017-04-08,2017-04-17,501.0,Public Sector,1,501.0,9,0.6397058823529411,3,1,1
RGYBSSEK,Lajuana Vencill,MG Advanced,Statholdings,Won,2017-04-08,2017-04-17,3532.0,Manufacturing,1,3532.0,9,0.5497835497835498,2,1,0
5KC9ZGBX,Maureen Marcano,GTXPro,Xx-holding,Won,2017-04-08,2017-04-12,4320.0,Telecom,1,4320.0,4,0.6995305164319249,6,1,0
AYIPNQFR,Moses Frase,MG Special,Genco Pura Olive Oil Company,Lost,2017-04-08,2017-04-10,0.0,Manufacturing,0,0.0,2,0.6615384615384615,2,1,1
Q1MP64HG,Reed Clapper,GTX Plus Basic,Zotware,Won,2017-04-08,2017-06-11,1123.0,Banking,1,1123.0,64,0.6540084388185654,0,1,2
XGD6BFD6,Rosie Papadopoulos,GTXPro,Xx-zobam,Won,2017-04-08,2017-04-09,5217.0,Manufacturing,1,5217.0,1,0.6446280991735537,2,1,0
1IH166HI,Versie Hillebrand,MG Special,Codehow,Lost,2017-04-08,2017-05-27,0.0,Telecom,0,0.0,49,0.6666666666666666,6,1,0
BK85705L,Vicki Laflamme,GTX Basic,Labdrill,Won,2017-04-08,2017-06-10,595.0,Energy,1,595.0,63,0.6368876080691642,1,1,0
77MKNCO3,Vicki Laflamme,GTX Plus Pro,Konex,Won,2017-04-08,2017-04-16,5848.0,Public Sector,1,5848.0,8,0.6368876080691642,3,1,1
OB7TAJOZ,Zane Levy,GTX Basic,Faxquote,Lost,2017-04-08,2017-04-09,0.0,Telecom,0,0.0,1,0.6168582375478927,6,1,1
DU0E2LMZ,Zane Levy,MG Special,Plexzap,Lost,2017-04-08,2017-04-13,0.0,Manufacturing,0,0.0,5,0.6168582375478927,2,1,1
1B4CL153,Zane Levy,GTX Plus Pro,Xx-holding,Won,2017-04-08,2017-04-17,5884.0,Telecom,1,5884.0,9,0.6168582375478927,6,1,1
93X2W24Q,Anna Snelling,MG Advanced,Betatech,Won,2017-04-09,2017-06-02,3666.0,Public Sector,1,3666.0,54,0.6190476190476191,3,1,2
U0E9CRX5,Boris Faz,GTX Basic,Zathunicon,Lost,2017-04-09,2017-04-18,0.0,Retail,0,0.0,9,0.6601307189542484,4,1,2
I7KV29LC,Cassey Cress,GTX Basic,Konex,Won,2017-04-09,2017-04-20,598.0,Public Sector,1,598.0,11,0.6245210727969349,3,1,1
NNM6GN1J,Cassey Cress,MG Advanced,Initech,Won,2017-04-09,2017-04-16,3275.0,Banking,1,3275.0,7,0.6245210727969349,0,1,2
D1UDLFVY,Cecily Lampkin,GTX Basic,Funholding,Lost,2017-04-09,2017-04-10,0.0,Retail,0,0.0,1,0.66875,4,1,0
M8WP93D4,Cecily Lampkin,GTX Basic,Isdom,Lost,2017-04-09,2017-04-18,0.0,Retail,0,0.0,9,0.66875,4,1,0
3GPAFD3X,Cecily Lampkin,MG Special,Zumgoity,Lost,2017-04-09,2017-04-20,0.0,Public Sector,0,0.0,11,0.66875,3,1,0
XUQ7RS1Q,Daniell Hammack,GTXPro,Betasoloin,Lost,2017-04-09,2017-05-30,0.0,Banking,0,0.0,51,0.6096256684491979,0,1,1
UFGI9P05,Darcel Schlecht,GTXPro,Ron-tech,Won,2017-04-09,2017-04-18,4978.0,Manufacturing,1,4978.0,9,0.6311030741410488,2,1,0
RDQZ245F,Elease Gluck,MG Special,Dalttechnology,Won,2017-04-09,2017-05-29,56.0,Shipping,1,56.0,50,0.6349206349206349,5,1,2
JA2CDNVM,Gladys Colclough,MG Advanced,Inity,Won,2017-04-09,2017-04-14,3077.0,Manufacturing,1,3077.0,5,0.5818965517241379,2,1,1
R0XAJA2I,Hayden Neloms,GTX Plus Basic,Hottechi,Won,2017-04-09,2017-04-17,974.0,Public Sector,1,974.0,8,0.7039473684210527,3,1,2
BU1B6PHK,Kami Bicknell,GTX Plus Basic,Cheers,Won,2017-04-09,2017-04-10,915.0,Telecom,1,915.0,1,0.6397058823529411,6,1,0
C3918FWQ,Kary Hendrixson,GTX Plus Basic,Singletechno,Lost,2017-04-09,2017-08-12,0.0,Retail,0,0.0,125,0.6238805970149254,4,1,0
8GBXTWXE,Kary Hendrixson,MG Advanced,Blackzim,Lost,2017-04-09,2017-04-16,0.0,Telecom,0,0.0,7,0.6238805970149254,6,1,0
Z29AX2KB,Kary Hendrixson,GTX Plus Basic,Condax,Won,2017-04-09,2017-06-20,983.0,Banking,1,983.0,72,0.6238805970149254,0,1,1
E733YMVH,Marty Freudenburg,GTX Plus Basic,Inity,Won,2017-04-09,2017-04-10,1204.0,Manufacturing,1,1204.0,1,0.6288659793814433,2,1,2
Y35ES8UY,Moses Frase,GTX Plus Pro,Condax,Lost,2017-04-09,2017-04-16,0.0,Banking,0,0.0,7,0.6615384615384615,0,1,1
QDRYCR05,Niesha Huffines,GTX Plus Basic,Konmatfix,Won,2017-04-09,2017-04-10,970.0,Shipping,1,970.0,1,0.6,5,1,1
TYWS7KJR,Reed Clapper,GTX Basic,Betasoloin,Won,2017-04-09,2017-04-16,575.0,Banking,1,575.0,7,0.6540084388185654,0,1,0
X22G55Y5,Rosie Papadopoulos,GTX Plus Pro,Ganjaflex,Won,2017-04-09,2017-06-18,5986.0,Retail,1,5986.0,70,0.6446280991735537,4,1,1
X7FZMKZW,Versie Hillebrand,GTX Plus Basic,Finhigh,Lost,2017-04-09,2017-04-21,0.0,Banking,0,0.0,12,0.6666666666666666,0,1,1
72WE0PUH,Vicki Laflamme,MG Special,Rantouch,Won,2017-04-09,2017-06-16,64.0,Energy,1,64.0,68,0.6368876080691642,1,1,0
HLGGWYP1,Zane Levy,GTX Basic,Scotfind,Lost,2017-04-09,2017-04-15,0.0,Telecom,0,0.0,6,0.6168582375478927,6,1,1
RU3OP2BA,Zane Levy,MG Advanced,J-Texon,Won,2017-04-09,2017-06-26,3070.0,Telecom,1,3070.0,78,0.6168582375478927,6,1,0
YXOM4S7G,Anna Snelling,MG Special,Finhigh,Lost,2017-04-10,2017-04-11,0.0,Banking,0,0.0,1,0.6190476190476191,0,1,0
JPH5WS60,Boris Faz,GTX Basic,Initech,Lost,2017-04-10,2017-04-11,0.0,Banking,0,0.0,1,0.6601307189542484,0,1,0
O1TDG6YN,Cassey Cress,GTX Plus Basic,Mathtouch,Lost,2017-04-10,2017-04-17,0.0,Energy,0,0.0,7,0.6245210727969349,1,1,0
4INFXLM5,Cecily Lampkin,MG Special,Rangreen,Lost,2017-04-10,2017-04-20,0.0,Energy,0,0.0,10,0.66875,1,1,1
LIZMTGH2,Cecily Lampkin,MG Advanced,Isdom,Won,2017-04-10,2017-04-18,3409.0,Retail,1,3409.0,8,0.66875,4,1,0
04LU4OPA,Daniell Hammack,GTX Plus Pro,Acme Corporation,Won,2017-04-10,2017-06-11,5721.0,Shipping,1,5721.0,62,0.6096256684491979,5,1,0
T1I8GE75,Daniell Hammack,GTXPro,Ganjaflex,Won,2017-04-10,2017-06-28,5039.0,Retail,1,5039.0,79,0.6096256684491979,4,1,1
2HU581DM,Daniell Hammack,GTXPro,Xx-zobam,Won,2017-04-10,2017-04-11,5000.0,Manufacturing,1,5000.0,1,0.6096256684491979,2,1,1
75S7S74S,Darcel Schlecht,GTX Basic,Hottechi,Lost,2017-04-10,2017-04-18,0.0,Public Sector,0,0.0,8,0.6311030741410488,3,1,2
VTVF5TBV,Darcel Schlecht,GTXPro,Codehow,Lost,2017-04-10,2017-04-18,0.0,Telecom,0,0.0,8,0.6311030741410488,6,1,1
6AC2ATXU,Darcel Schlecht,GTX Plus Pro,Gogozoom,Won,2017-04-10,2017-04-16,4955.0,Telecom,1,4955.0,6,0.6311030741410488,6,1,1
F4J6AVPQ,Darcel Schlecht,GTXPro,Condax,Won,2017-04-10,2017-04-17,5065.0,Banking,1,5065.0,7,0.6311030741410488,0,1,2
NFTSU7RW,Darcel Schlecht,GTXPro,Globex Corporation,Won,2017-04-10,2017-04-17,4343.0,Retail,1,4343.0,7,0.6311030741410488,4,1,1
NCUXZU3S,Darcel Schlecht,GTXPro,Stanredtax,Won,2017-04-10,2017-04-20,3892.0,Retail,1,3892.0,10,0.6311030741410488,4,1,1
YGNVLLUR,Gladys Colclough,GTX Basic,Warephase,Lost,2017-04-10,2017-04-20,0.0,Retail,0,0.0,10,0.5818965517241379,4,1,1
O08NQM1J,James Ascencio,MG Advanced,Cheers,Lost,2017-04-10,2017-04-11,0.0,Telecom,0,0.0,1,0.6553398058252428,6,1,1
5OJ4IRW4,Jonathan Berthelot,GTX Plus Basic,Conecom,Won,2017-04-10,2017-06-27,1115.0,Shipping,1,1115.0,78,0.6477272727272727,5,1,2
ZLY8SZXO,Kami Bicknell,GTX Basic,Kan-code,Won,2017-04-10,2017-04-16,533.0,Public Sector,1,533.0,6,0.6397058823529411,3,1,1
DCC85LZO,Kami Bicknell,GTX Plus Basic,Cheers,Won,2017-04-10,2017-04-13,1290.0,Telecom,1,1290.0,3,0.6397058823529411,6,1,1
ZVWUL0LL,Kary Hendrixson,GTX Basic,Hottechi,Lost,2017-04-10,2017-04-12,0.0,Public Sector,0,0.0,2,0.6238805970149254,3,1,2
4R5LIB5F,Kary Hendrixson,GTX Plus Basic,Green-Plus,Lost,2017-04-10,2017-06-13,0.0,Retail,0,0.0,64,0.6238805970149254,4,1,0
P010EEZF,Lajuana Vencill,MG Special,Dontechi,Lost,2017-04-10,2017-04-12,0.0,Shipping,0,0.0,2,0.5497835497835498,5,1,2
7AL9GWK6,Lajuana Vencill,GTX Plus Basic,Codehow,Won,2017-04-10,2017-06-02,1047.0,Telecom,1,1047.0,53,0.5497835497835498,6,1,0
RHXY2M2W,Lajuana Vencill,MG Special,Gogozoom,Won,2017-04-10,2017-04-18,47.0,Telecom,1,47.0,8,0.5497835497835498,6,1,2
R7SESFM0,Marty Freudenburg,GTX Basic,Condax,Lost,2017-04-10,2017-04-21,0.0,Banking,0,0.0,11,0.6288659793814433,0,1,2
X501NN9P,Marty Freudenburg,GTXPro,Rangreen,Won,2017-04-10,2017-06-09,4413.0,Energy,1,4413.0,60,0.6288659793814433,1,1,1
AUDYTWRK,Maureen Marcano,GTX Plus Basic,Hottechi,Won,2017-04-10,2017-06-26,950.0,Public Sector,1,950.0,77,0.6995305164319249,3,1,0
EUKD4Z0V,Reed Clapper,GTXPro,Plussunin,Lost,2017-04-10,2017-04-16,0.0,Energy,0,0.0,6,0.6540084388185654,1,1,1
KPUHKYWU,Reed Clapper,GTXPro,The New York Inquirer,Won,2017-04-10,2017-04-20,4136.0,Banking,1,4136.0,10,0.6540084388185654,0,1,0
B0KF3NFK,Versie Hillebrand,MG Special,Rundofase,Won,2017-04-10,2017-04-18,62.0,Public Sector,1,62.0,8,0.6666666666666666,3,1,2
70M5V003,Vicki Laflamme,MG Special,J-Texon,Lost,2017-04-10,2017-04-18,0.0,Telecom,0,0.0,8,0.6368876080691642,6,1,2
OC66D0JA,Zane Levy,GTX Basic,Goodsilron,Won,2017-04-10,2017-04-11,467.0,Energy,1,467.0,1,0.6168582375478927,1,1,0
KE7SZLG7,Boris Faz,GTX Plus Basic,Gekko & Co,Won,2017-04-11,2017-06-11,1075.0,Telecom,1,1075.0,61,0.6601307189542484,6,1,1
XYZ39YT2,Cecily Lampkin,MG Special,Betatech,Lost,2017-04-11,2017-04-19,0.0,Public Sector,0,0.0,8,0.66875,3,1,1
O4LNS6IC,Daniell Hammack,MG Special,Ontomedia,Won,2017-04-11,2017-04-13,52.0,Manufacturing,1,52.0,2,0.6096256684491979,2,1,1
UKIM9XIZ,Darcel Schlecht,GTXPro,Inity,Lost,2017-04-11,2017-04-19,0.0,Manufacturing,0,0.0,8,0.6311030741410488,2,1,1
5Z0ACVAM,Darcel Schlecht,GTXPro,Inity,Lost,2017-04-11,2017-04-12,0.0,Manufacturing,0,0.0,1,0.6311030741410488,2,1,2
DIAR4IM7,Darcel Schlecht,GTXPro,Condax,Won,2017-04-11,2017-04-18,4837.0,Banking,1,4837.0,7,0.6311030741410488,0,1,2
30YWHJV8,Donn Cantrell,GTX Plus Basic,Plussunin,Lost,2017-04-11,2017-04-18,0.0,Energy,0,0.0,7,0.5745454545454546,1,1,2
ABXW1X4U,Elease Gluck,GTX Basic,Faxquote,Lost,2017-04-11,2017-06-22,0.0,Telecom,0,0.0,72,0.6349206349206349,6,1,2
SZ1H1L8I,Elease Gluck,GTX Plus Basic,Xx-holding,Won,2017-04-11,2017-04-13,1163.0,Telecom,1,1163.0,2,0.6349206349206349,6,1,2
IR03B656,Gladys Colclough,GTX Basic,Rundofase,Lost,2017-04-11,2017-04-21,0.0,Public Sector,0,0.0,10,0.5818965517241379,3,1,1
6NZROTHF,James Ascencio,GTX Plus Pro,Rantouch,Lost,2017-04-11,2017-06-10,0.0,Energy,0,0.0,60,0.6553398058252428,1,1,1
IFIIB8Y6,Kami Bicknell,GTX Basic,Konex,Lost,2017-04-11,2017-04-13,0.0,Public Sector,0,0.0,2,0.6397058823529411,3,1,1
R2CS85YJ,Kary Hendrixson,GTX Basic,Groovestreet,Lost,2017-04-11,2017-04-13,0.0,Retail,0,0.0,2,0.6238805970149254,4,1,1
8EAINY61,Kary Hendrixson,GTX Basic,Singletechno,Lost,2017-04-11,2017-04-18,0.0,Retail,0,0.0,7,0.6238805970149254,4,1,2
T23MHC9C,Kary Hendrixson,GTX Basic,Doncon,Won,2017-04-11,2017-04-18,568.0,Shipping,1,568.0,7,0.6238805970149254,5,1,2
D30QC4EE,Kary Hendrixson,GTXPro,Rantouch,Won,2017-04-11,2017-06-19,5063.0,Energy,1,5063.0,69,0.6238805970149254,1,1,2
JHIX3ODA,Moses Frase,MG Advanced,dambase,Lost,2017-04-11,2017-04-21,0.0,Retail,0,0.0,10,0.6615384615384615,4,1,0
BPUE8GTU,Moses Frase,MG Special,Rundofase,Won,2017-04-11,2017-06-06,46.0,Public Sector,1,46.0,56,0.6615384615384615,3,1,1
2DOJKFNW,Niesha Huffines,MG Advanced,dambase,Lost,2017-04-11,2017-04-12,0.0,Retail,0,0.0,1,0.6,4,1,1
0PSKGNYE,Niesha Huffines,GTX Basic,Gogozoom,Won,2017-04-11,2017-04-12,504.0,Telecom,1,504.0,1,0.6,6,1,2
J75N0QYA,Niesha Huffines,MG Special,Gogozoom,Won,2017-04-11,2017-04-13,55.0,Telecom,1,55.0,2,0.6,6,1,1
SDS8SAZC,Rosalina Dieter,GTXPro,Hatfan,Won,2017-04-11,2017-06-17,4760.0,Public Sector,1,4760.0,67,0.6545454545454545,3,1,1
1426E8W6,Versie Hillebrand,GTX Basic,Cancity,Lost,2017-04-11,2017-04-21,0.0,Public Sector,0,0.0,10,0.6666666666666666,3,1,2
3BFBN8JW,Versie Hillebrand,MG Advanced,Funholding,Lost,2017-04-11,2017-04-18,0.0,Retail,0,0.0,7,0.6666666666666666,4,1,0
W1GERPB9,Vicki Laflamme,GTXPro,Fasehatice,Won,2017-04-11,2017-06-21,4653.0,Telecom,1,4653.0,71,0.6368876080691642,6,1,0
922DHXBA,Violet Mclelland,MG Special,Opentech,Lost,2017-04-11,2017-04-22,0.0,Retail,0,0.0,11,0.6321243523316062,4,1,0
L36WU4AH,Violet Mclelland,MG Special,Massive Dynamic,Won,2017-04-11,2017-04-12,55.0,Banking,1,55.0,1,0.6321243523316062,0,1,2
2K8H292S,Anna Snelling,GTX Basic,Rundofase,Lost,2017-04-12,2017-04-18,0.0,Public Sector,0,0.0,6,0.6190476190476191,3,1,1
XNHGOHPW,Boris Faz,MG Advanced,Konex,Won,2017-04-12,2017-04-22,3223.0,Public Sector,1,3223.0,10,0.6601307189542484,3,1,2
GAM8C5ET,Cassey Cress,GTX Plus Pro,Betasoloin,Lost,2017-04-12,2017-04-17,0.0,Banking,0,0.0,5,0.6245210727969349,0,1,2
BHT7UEDJ,Cassey Cress,GTX Basic,Zathunicon,Won,2017-04-12,2017-04-19,553.0,Retail,1,553.0,7,0.6245210727969349,4,1,1
7PAVX9CP,Cassey Cress,GTX Plus Basic,Gekko & Co,Won,2017-04-12,2017-04-14,1114.0,Telecom,1,1114.0,2,0.6245210727969349,6,1,0
IVW8MQGN,Cecily Lampkin,MG Advanced,dambase,Won,2017-04-12,2017-04-20,3785.0,Retail,1,3785.0,8,0.66875,4,1,0
1VHUPB8X,Darcel Schlecht,GTX Plus Basic,Streethex,Lost,2017-04-12,2017-04-14,0.0,Banking,0,0.0,2,0.6311030741410488,0,1,2
G5FN7I7T,Darcel Schlecht,MG Advanced,Gogozoom,Lost,2017-04-12,2017-06-28,0.0,Telecom,0,0.0,77,0.6311030741410488,6,1,0
OHVPXBSR,Donn Cantrell,GTXPro,Yearin,Won,2017-04-12,2017-04-13,5316.0,Retail,1,5316.0,1,0.5745454545454546,4,1,2
GHY9QZKG,Hayden Neloms,MG Special,Goodsilron,Lost,2017-04-12,2017-04-16,0.0,Energy,0,0.0,4,0.7039473684210527,1,1,2
M9RGVU1F,Jonathan Berthelot,GTXPro,Cancity,Lost,2017-04-12,2017-04-24,0.0,Public Sector,0,0.0,12,0.6477272727272727,3,1,1
JBBJL4C2,Jonathan Berthelot,GTX Basic,Dontechi,Won,2017-04-12,2017-06-23,531.0,Shipping,1,531.0,72,0.6477272727272727,5,1,1
HMI6RBK9,Jonathan Berthelot,GTX Basic,Rangreen,Won,2017-04-12,2017-06-16,544.0,Energy,1,544.0,65,0.6477272727272727,1,1,1
2EKGLB0Q,Kami Bicknell,GTX Basic,Y-corporation,Won,2017-04-12,2017-04-13,478.0,Manufacturing,1,478.0,1,0.6397058823529411,2,1,2
NBYPJR21,Kami Bicknell,GTXPro,Finjob,Won,2017-04-12,2017-04-22,5672.0,Manufacturing,1,5672.0,10,0.6397058823529411,2,1,1
HYPZOTY8,Kami Bicknell,MG Special,Goodsilron,Won,2017-04-12,2017-04-19,51.0,Energy,1,51.0,7,0.6397058823529411,1,1,0
31I0SB7T,Kami Bicknell,MG Advanced,Konex,Won,2017-04-12,2017-04-19,3141.0,Public Sector,1,3141.0,7,0.6397058823529411,3,1,0
UIDAJBAI,Kary Hendrixson,GTXPro,Doncon,Lost,2017-04-12,2017-04-13,0.0,Shipping,0,0.0,1,0.6238805970149254,5,1,2
VO3C2LE4,Kary Hendrixson,MG Special,Groovestreet,Lost,2017-04-12,2017-04-16,0.0,Retail,0,0.0,4,0.6238805970149254,4,1,2
UC7JT39Q,Markita Hansen,MG Special,Golddex,Lost,2017-04-12,2017-04-13,0.0,Manufacturing,0,0.0,1,0.5726872246696035,2,1,1
F1LLBOUV,Marty Freudenburg,GTX Plus Basic,Codehow,Lost,2017-04-12,2017-04-13,0.0,Telecom,0,0.0,1,0.6288659793814433,6,1,2
7H9J8W50,Marty Freudenburg,GTX Plus Pro,Hottechi,Lost,2017-04-12,2017-04-14,0.0,Public Sector,0,0.0,2,0.6288659793814433,3,1,2
8O03S3U3,Moses Frase,GTX Plus Pro,Conecom,Lost,2017-04-12,2017-04-22,0.0,Shipping,0,0.0,10,0.6615384615384615,5,1,0
TGQN6HTN,Reed Clapper,GTX Plus Pro,Kan-code,Won,2017-04-12,2017-06-21,5393.0,Public Sector,1,5393.0,70,0.6540084388185654,3,1,0
CPJK2600,Versie Hillebrand,MG Special,Statholdings,Lost,2017-04-12,2017-04-19,0.0,Manufacturing,0,0.0,7,0.6666666666666666,2,1,1
TLXS1NB8,Vicki Laflamme,GTX Plus Pro,Green-Plus,Lost,2017-04-12,2017-04-19,0.0,Retail,0,0.0,7,0.6368876080691642,4,1,2
TRR34NSR,Vicki Laflamme,GTX Basic,Hottechi,Won,2017-04-12,2017-06-06,638.0,Public Sector,1,638.0,55,0.6368876080691642,3,1,2
F2KINGVU,Vicki Laflamme,MG Special,J-Texon,Won,2017-04-12,2017-04-23,50.0,Telecom,1,50.0,11,0.6368876080691642,6,1,0
Q169CIK6,Violet Mclelland,MG Advanced,Bioplex,Lost,2017-04-12,2017-04-18,0.0,Retail,0,0.0,6,0.6321243523316062,4,1,2
1QWG9VM6,Zane Levy,GTXPro,Hatfan,Won,2017-04-12,2017-04-22,4272.0,Public Sector,1,4272.0,10,0.6168582375478927,3,1,0
8OHCCD42,Anna Snelling,GTX Plus Basic,Bioholding,Lost,2017-04-13,2017-04-15,0.0,Banking,0,0.0,2,0.6190476190476191,0,1,1
QBCK25DV,Anna Snelling,MG Special,Inity,Won,2017-04-13,2017-04-15,58.0,Manufacturing,1,58.0,2,0.6190476190476191,2,1,0
8IEVY30X,Boris Faz,GTX Plus Basic,Ontomedia,Won,2017-04-13,2017-04-14,1088.0,Manufacturing,1,1088.0,1,0.6601307189542484,2,1,2
6444O6DK,Corliss Cosme,GTX Basic,Donquadtech,Lost,2017-04-13,2017-04-23,0.0,Shipping,0,0.0,10,0.6550218340611353,5,1,1
GNL7T2JP,Corliss Cosme,GTXPro,Silis,Lost,2017-04-13,2017-04-18,0.0,Public Sector,0,0.0,5,0.6550218340611353,3,1,0
V9YR14KW,Daniell Hammack,GTX Basic,Plussunin,Lost,2017-04-13,2017-04-20,0.0,Energy,0,0.0,7,0.6096256684491979,1,1,0
24LP4J8U,Daniell Hammack,GTXPro,Kan-code,Lost,2017-04-13,2017-05-13,0.0,Public Sector,0,0.0,30,0.6096256684491979,3,1,1
37LTMWB0,Darcel Schlecht,GTX Basic,Betatech,Lost,2017-04-13,2017-04-20,0.0,Public Sector,0,0.0,7,0.6311030741410488,3,1,1
8BH9RNZI,Darcel Schlecht,GTXPro,Globex Corporation,Lost,2017-04-13,2017-04-14,0.0,Retail,0,0.0,1,0.6311030741410488,4,1,0
2ZU519Y6,Darcel Schlecht,GTX Plus Basic,Domzoom,Won,2017-04-13,2017-04-19,1327.0,Retail,1,1327.0,6,0.6311030741410488,4,1,2
ZESI2PFU,Darcel Schlecht,GTX Plus Basic,Dontechi,Won,2017-04-13,2017-06-27,923.0,Shipping,1,923.0,75,0.6311030741410488,5,1,0
X8T4XLTY,Darcel Schlecht,GTX Plus Basic,Scottech,Won,2017-04-13,2017-04-23,1058.0,Banking,1,1058.0,10,0.6311030741410488,0,1,1
OS2CD01K,Darcel Schlecht,GTX Plus Pro,Streethex,Won,2017-04-13,2017-04-21,5220.0,Banking,1,5220.0,8,0.6311030741410488,0,1,0
JNKDEAG9,Gladys Colclough,GTX Plus Pro,Condax,Lost,2017-04-13,2017-04-19,0.0,Banking,0,0.0,6,0.5818965517241379,0,1,1
7MGVL7FC,Gladys Colclough,MG Special,Ron-tech,Won,2017-04-13,2017-04-22,55.0,Manufacturing,1,55.0,9,0.5818965517241379,2,1,1
IFJ2AE9R,Hayden Neloms,MG Advanced,Dalttechnology,Lost,2017-04-13,2017-04-20,0.0,Shipping,0,0.0,7,0.7039473684210527,5,1,2
HEDUIEUN,Hayden Neloms,MG Special,Hatfan,Won,2017-04-13,2017-06-23,62.0,Public Sector,1,62.0,71,0.7039473684210527,3,1,1
D3OST43E,James Ascencio,GTX Plus Basic,Golddex,Won,2017-04-13,2017-04-20,996.0,Manufacturing,1,996.0,7,0.6553398058252428,2,1,1
9537WTHG,Kami Bicknell,GTX Basic,Rantouch,Lost,2017-04-13,2017-06-09,0.0,Energy,0,0.0,57,0.6397058823529411,1,1,2
6PMHI9G4,Kami Bicknell,GTX Basic,Hottechi,Won,2017-04-13,2017-04-22,543.0,Public Sector,1,543.0,9,0.6397058823529411,3,1,1
H3ITKE4I,Kary Hendrixson,GTXPro,Hatfan,Lost,2017-04-13,2017-04-19,0.0,Public Sector,0,0.0,6,0.6238805970149254,3,1,2
4RPUMZ9M,Kary Hendrixson,GTXPro,Y-corporation,Lost,2017-04-13,2017-04-21,0.0,Manufacturing,0,0.0,8,0.6238805970149254,2,1,2
U9RFE81I,Moses Frase,MG Special,Warephase,Lost,2017-04-13,2017-08-16,0.0,Retail,0,0.0,125,0.6615384615384615,4,1,1
4T2XENE2,Niesha Huffines,GTX Plus Basic,Scottech,Lost,2017-04-13,2017-06-16,0.0,Banking,0,0.0,64,0.6,0,1,1
LIFA0JYO,Versie Hillebrand,MG Special,Finhigh,Lost,2017-04-13,2017-05-26,0.0,Banking,0,0.0,43,0.6666666666666666,0,1,0
JQ8V4I1K,Versie Hillebrand,MG Special,Bioholding,Won,2017-04-13,2017-04-22,56.0,Banking,1,56.0,9,0.6666666666666666,0,1,2
N5CCEEOY,Vicki Laflamme,GTX Plus Pro,Kan-code,Lost,2017-04-13,2017-04-20,0.0,Public Sector,0,0.0,7,0.6368876080691642,3,1,0
C0SNGBJU,Vicki Laflamme,MG Advanced,Blackzim,Lost,2017-04-13,2017-04-23,0.0,Telecom,0,0.0,10,0.6368876080691642,6,1,1
VN6JB8HU,Violet Mclelland,GTX Plus Basic,Sumace,Won,2017-04-13,2017-06-10,1145.0,Energy,1,1145.0,58,0.6321243523316062,1,1,0
JK4IB77I,Wilburn Farren,GTXPro,Silis,Lost,2017-04-13,2017-04-26,0.0,Public Sector,0,0.0,13,0.6962025316455697,3,1,2
XMEYATKB,Cassey Cress,GTX Plus Pro,Zencorporation,Lost,2017-04-14,2017-04-19,0.0,Shipping,0,0.0,5,0.6245210727969349,5,1,0
IUDDK8Q0,Cassey Cress,GTXPro,Bluth Company,Lost,2017-04-14,2017-04-22,0.0,Energy,0,0.0,8,0.6245210727969349,1,1,2
YQXAY03C,Cassey Cress,MG Advanced,Umbrella Corporation,Lost,2017-04-14,2017-04-19,0.0,Public Sector,0,0.0,5,0.6245210727969349,3,1,1
QKQ5N9Z1,Corliss Cosme,GTX Plus Basic,Massive Dynamic,Won,2017-04-14,2017-04-23,1033.0,Banking,1,1033.0,9,0.6550218340611353,0,1,1
RZRRMWTH,Daniell Hammack,MG Advanced,The New York Inquirer,Lost,2017-04-14,2017-04-20,0.0,Banking,0,0.0,6,0.6096256684491979,0,1,2
JS9SCCJ3,Darcel Schlecht,GTX Plus Basic,Gogozoom,Lost,2017-04-14,2017-04-15,0.0,Telecom,0,0.0,1,0.6311030741410488,6,1,1
WOBZWEPI,Darcel Schlecht,GTXPro,Treequote,Lost,2017-04-14,2017-04-16,0.0,Retail,0,0.0,2,0.6311030741410488,4,1,1
HBIQF55L,Darcel Schlecht,GTXPro,Cancity,Won,2017-04-14,2017-08-14,4359.0,Public Sector,1,4359.0,122,0.6311030741410488,3,1,1
V5XB0UPL,Darcel Schlecht,GTXPro,Warephase,Won,2017-04-14,2017-06-02,4575.0,Retail,1,4575.0,49,0.6311030741410488,4,1,1
QW9JMUTD,Darcel Schlecht,MG Special,Finhigh,Won,2017-04-14,2017-04-22,53.0,Banking,1,53.0,8,0.6311030741410488,0,1,2
7ODLTF4W,Elease Gluck,GTX Basic,J-Texon,Won,2017-04-14,2017-04-16,597.0,Telecom,1,597.0,2,0.6349206349206349,6,1,0
RUCPPMPY,Elease Gluck,MG Advanced,Zoomit,Won,2017-04-14,2017-06-16,3179.0,Energy,1,3179.0,63,0.6349206349206349,1,1,0
SJHD5TFA,Gladys Colclough,GTX Basic,Globex Corporation,Lost,2017-04-14,2017-06-16,0.0,Retail,0,0.0,63,0.5818965517241379,4,1,1
2B0QVPBT,Gladys Colclough,MG Special,Stanredtax,Won,2017-04-14,2017-04-15,57.0,Retail,1,57.0,1,0.5818965517241379,4,1,0
YIZ1VQ3U,Hayden Neloms,MG Advanced,Hottechi,Lost,2017-04-14,2017-04-15,0.0,Public Sector,0,0.0,1,0.7039473684210527,3,1,0
FMNSL9TP,Hayden Neloms,MG Advanced,Scotfind,Won,2017-04-14,2017-04-24,2997.0,Telecom,1,2997.0,10,0.7039473684210527,6,1,1
8ZU8D508,James Ascencio,GTX Basic,Faxquote,Won,2017-04-14,2017-05-29,545.0,Telecom,1,545.0,45,0.6553398058252428,6,1,1
NVDVFYGE,Jonathan Berthelot,GTX Basic,Zumgoity,Won,2017-04-14,2017-04-25,565.0,Public Sector,1,565.0,11,0.6477272727272727,3,1,0
QQH0YV1W,Jonathan Berthelot,MG Special,Treequote,Won,2017-04-14,2017-04-24,54.0,Retail,1,54.0,10,0.6477272727272727,4,1,2
IUNX2OMX,Kami Bicknell,GTX Basic,J-Texon,Lost,2017-04-14,2017-04-15,0.0,Telecom,0,0.0,1,0.6397058823529411,6,1,1
6WODV6KD,Kami Bicknell,GTXPro,Sunnamplex,Won,2017-04-14,2017-04-21,4991.0,Public Sector,1,4991.0,7,0.6397058823529411,3,1,2
RTZFPWVN,Maureen Marcano,GTX Plus Pro,Hottechi,Lost,2017-04-14,2017-04-19,0.0,Public Sector,0,0.0,5,0.6995305164319249,3,1,0
VYDCTUAU,Maureen Marcano,MG Advanced,Blackzim,Lost,2017-04-14,2017-04-16,0.0,Telecom,0,0.0,2,0.6995305164319249,6,1,1
KYFONJP5,Rosie Papadopoulos,GTXPro,Silis,Won,2017-04-14,2017-06-16,5546.0,Public Sector,1,5546.0,63,0.6446280991735537,3,1,2
ANXSK3QV,Vicki Laflamme,MG Special,Hottechi,Won,2017-04-14,2017-04-20,59.0,Public Sector,1,59.0,6,0.6368876080691642,3,1,1
7I6OHUE4,Anna Snelling,GTX Plus Basic,Statholdings,Lost,2017-04-15,2017-04-23,0.0,Manufacturing,0,0.0,8,0.6190476190476191,2,1,0
AY9NWO78,Anna Snelling,MG Special,Statholdings,Lost,2017-04-15,2017-04-20,0.0,Manufacturing,0,0.0,5,0.6190476190476191,2,1,2
BEP06EN5,Anna Snelling,GTX Plus Pro,Statholdings,Won,2017-04-15,2017-04-16,5082.0,Manufacturing,1,5082.0,1,0.6190476190476191,2,1,0
8H95X3AP,Boris Faz,GTX Plus Pro,Iselectrics,Won,2017-04-15,2017-04-24,5293.0,Energy,1,5293.0,9,0.6601307189542484,1,1,0
P7LVKDC9,Cecily Lampkin,GTX Plus Basic,Hottechi,Won,2017-04-15,2017-06-27,1163.0,Public Sector,1,1163.0,73,0.66875,3,1,1
QRVHBQSF,Donn Cantrell,MG Special,Ganjaflex,Won,2017-04-15,2017-04-16,49.0,Retail,1,49.0,1,0.5745454545454546,4,1,2
8KH8XJRE,Garret Kinder,MG Special,Donquadtech,Won,2017-04-15,2017-05-01,53.0,Shipping,1,53.0,16,0.6097560975609756,5,1,0
YZ4AIQQR,Gladys Colclough,MG Advanced,Betatech,Lost,2017-04-15,2017-04-16,0.0,Public Sector,0,0.0,1,0.5818965517241379,3,1,0
R8CW1D6X,Gladys Colclough,MG Advanced,Gogozoom,Lost,2017-04-15,2017-06-12,0.0,Telecom,0,0.0,58,0.5818965517241379,6,1,2
68KYNPDQ,Hayden Neloms,GTX Plus Basic,Lexiqvolax,Lost,2017-04-15,2017-04-24,0.0,Public Sector,0,0.0,9,0.7039473684210527,3,1,0
9B0HGLRU,Kami Bicknell,GTX Basic,Fasehatice,Lost,2017-04-15,2017-04-21,0.0,Telecom,0,0.0,6,0.6397058823529411,6,1,0
TN59K8NP,Kary Hendrixson,GTX Basic,Sunnamplex,Lost,2017-04-15,2017-08-07,0.0,Public Sector,0,0.0,114,0.6238805970149254,3,1,2
3OBMD08T,Moses Frase,MG Advanced,Codehow,Lost,2017-04-15,2017-04-17,0.0,Telecom,0,0.0,2,0.6615384615384615,6,1,2
5FWBETTO,Versie Hillebrand,MG Advanced,Finhigh,Won,2017-04-15,2017-05-19,3641.0,Banking,1,3641.0,34,0.6666666666666666,0,1,2
UDTQF84C,Violet Mclelland,GTX Basic,Condax,Lost,2017-04-15,2017-04-17,0.0,Banking,0,0.0,2,0.6321243523316062,0,1,2
35IRGXY3,Zane Levy,GTX Basic,Condax,Won,2017-04-15,2017-05-23,501.0,Banking,1,501.0,38,0.6168582375478927,0,1,1
YHRVQVPV,Zane Levy,GTX Plus Pro,Konex,Won,2017-04-15,2017-04-20,4687.0,Public Sector,1,4687.0,5,0.6168582375478927,3,1,2
0PGJNCD7,Anna Snelling,GTX Basic,dambase,Won,2017-04-16,2017-06-23,626.0,Retail,1,626.0,68,0.6190476190476191,4,1,1
7X7YIWJO,Anna Snelling,GTX Basic,Finhigh,Won,2017-04-16,2017-08-03,489.0,Banking,1,489.0,109,0.6190476190476191,0,1,1
2IO3IJPO,Cassey Cress,GTXPro,Zencorporation,Won,2017-04-16,2017-04-27,4852.0,Shipping,1,4852.0,11,0.6245210727969349,5,1,1
WCSJBX3N,Cecily Lampkin,MG Advanced,Warephase,Lost,2017-04-16,2017-06-28,0.0,Retail,0,0.0,73,0.66875,4,1,0
FCNYDFK3,Daniell Hammack,GTX Plus Basic,Bubba Gump,Won,2017-04-16,2017-06-06,1192.0,Retail,1,1192.0,51,0.6096256684491979,4,1,1
3Y26MZHI,Daniell Hammack,GTXPro,Donquadtech,Won,2017-04-16,2017-04-17,5104.0,Shipping,1,5104.0,1,0.6096256684491979,5,1,1
P0BMLVSL,Darcel Schlecht,GTXPro,Codehow,Won,2017-04-16,2017-08-09,5820.0,Telecom,1,5820.0,115,0.6311030741410488,6,1,0
QK5BW61U,Donn Cantrell,MG Advanced,Acme Corporation,Won,2017-04-16,2017-08-05,3012.0,Shipping,1,3012.0,111,0.5745454545454546,5,1,0
J3SZACNW,Garret Kinder,GTX Plus Pro,Sumace,Lost,2017-04-16,2017-04-22,0.0,Energy,0,0.0,6,0.6097560975609756,1,1,0
5SNTPPOV,Garret Kinder,GTXPro,Mathtouch,Lost,2017-04-16,2017-04-18,0.0,Energy,0,0.0,2,0.6097560975609756,1,1,2
D7F2AWWW,Garret Kinder,GTXPro,Konex,Won,2017-04-16,2017-04-23,3930.0,Public Sector,1,3930.0,7,0.6097560975609756,3,1,0
FUL5V96O,Gladys Colclough,GTX Plus Basic,Domzoom,Won,2017-04-16,2017-04-22,1055.0,Retail,1,1055.0,6,0.5818965517241379,4,1,0
BWIWI1PC,Hayden Neloms,MG Advanced,Blackzim,Lost,2017-04-16,2017-04-22,0.0,Telecom,0,0.0,6,0.7039473684210527,6,1,1
GYBIACTC,Jonathan Berthelot,GTX Basic,Scottech,Won,2017-04-16,2017-04-24,538.0,Banking,1,538.0,8,0.6477272727272727,0,1,0
VD6BP6T2,Jonathan Berthelot,MG Special,Domzoom,Won,2017-04-16,2017-04-23,68.0,Retail,1,68.0,7,0.6477272727272727,4,1,2
QA9XE19H,Kary Hendrixson,MG Advanced,Newex,Lost,2017-04-16,2017-04-23,0.0,Energy,0,0.0,7,0.6238805970149254,1,1,0
8ZYPSX66,Maureen Marcano,GTX Basic,Newex,Won,2017-04-16,2017-04-28,572.0,Energy,1,572.0,12,0.6995305164319249,1,1,2
0AN86YDG,Maureen Marcano,GTX Plus Basic,Groovestreet,Won,2017-04-16,2017-04-24,1234.0,Retail,1,1234.0,8,0.6995305164319249,4,1,0
VKXZ36VE,Moses Frase,GTX Basic,Ron-tech,Lost,2017-04-16,2017-04-18,0.0,Manufacturing,0,0.0,2,0.6615384615384615,2,1,0
OJYFSZ2O,Versie Hillebrand,MG Special,Isdom,Lost,2017-04-16,2017-04-17,0.0,Retail,0,0.0,1,0.6666666666666666,4,1,0
YGL1F8K1,Vicki Laflamme,MG Special,Plusstrip,Won,2017-04-16,2017-05-04,56.0,Public Sector,1,56.0,18,0.6368876080691642,3,1,0
C1WGTTYF,Violet Mclelland,MG Special,Zathunicon,Lost,2017-04-16,2017-05-03,0.0,Retail,0,0.0,17,0.6321243523316062,4,1,2
1OZWGQK9,Zane Levy,MG Special,Doncon,Lost,2017-04-16,2017-04-25,0.0,Shipping,0,0.0,9,0.6168582375478927,5,1,2
EXICVP8C,Anna Snelling,MG Special,Warephase,Won,2017-04-17,2017-04-26,52.0,Retail,1,52.0,9,0.6190476190476191,4,1,1
DLXFY70W,Anna Snelling,MG Advanced,Codehow,Won,2017-04-17,2017-04-24,3668.0,Telecom,1,3668.0,7,0.6190476190476191,6,1,2
GO7UM9AV,Boris Faz,GTX Basic,Plussunin,Lost,2017-04-17,2017-04-19,0.0,Energy,0,0.0,2,0.6601307189542484,1,1,0
F5ITRBMX,Boris Faz,MG Advanced,Zotware,Won,2017-04-17,2017-08-04,3138.0,Banking,1,3138.0,109,0.6601307189542484,0,1,1
8KFFRJSS,Cecily Lampkin,MG Special,Conecom,Lost,2017-04-17,2017-04-19,0.0,Shipping,0,0.0,2,0.66875,5,1,1
38VRB2P1,Corliss Cosme,GTX Basic,Ontomedia,Lost,2017-04-17,2017-04-18,0.0,Manufacturing,0,0.0,1,0.6550218340611353,2,1,1
9CGD5QSZ,Corliss Cosme,GTX Basic,Zencorporation,Lost,2017-04-17,2017-04-21,0.0,Shipping,0,0.0,4,0.6550218340611353,5,1,0
UPZRAO84,Corliss Cosme,GTXPro,Iselectrics,Won,2017-04-17,2017-06-01,5032.0,Energy,1,5032.0,45,0.6550218340611353,1,1,2
BPCWRG9P,Daniell Hammack,GTX Plus Basic,Plussunin,Won,2017-04-17,2017-04-20,1310.0,Energy,1,1310.0,3,0.6096256684491979,1,1,0
JE5085VJ,Daniell Hammack,GTX Plus Pro,Mathtouch,Won,2017-04-17,2017-06-27,5076.0,Energy,1,5076.0,71,0.6096256684491979,1,1,1
P5MLWDXX,Daniell Hammack,MG Advanced,Vehement Capital Partners,Won,2017-04-17,2017-06-19,3641.0,Banking,1,3641.0,63,0.6096256684491979,0,1,0
IJ7AUTVC,Darcel Schlecht,GTXPro,Conecom,Lost,2017-04-17,2017-04-18,0.0,Shipping,0,0.0,1,0.6311030741410488,5,1,0
84T104O7,Darcel Schlecht,GTX Plus Basic,Warephase,Won,2017-04-17,2017-04-25,1170.0,Retail,1,1170.0,8,0.6311030741410488,4,1,2
0GXXCA37,Darcel Schlecht,GTXPro,Domzoom,Won,2017-04-17,2017-05-01,4226.0,Retail,1,4226.0,14,0.6311030741410488,4,1,2
9PCWAYWC,Elease Gluck,MG Advanced,Green-Plus,Lost,2017-04-17,2017-04-18,0.0,Retail,0,0.0,1,0.6349206349206349,4,1,1
OJ0C7S3T,Gladys Colclough,GTXPro,Genco Pura Olive Oil Company,Won,2017-04-17,2017-04-24,4784.0,Manufacturing,1,4784.0,7,0.5818965517241379,2,1,0
3VMC6PGJ,Hayden Neloms,GTX Plus Basic,Faxquote,Lost,2017-04-17,2017-04-25,0.0,Telecom,0,0.0,8,0.7039473684210527,6,1,0
E2MWXGNG,Hayden Neloms,MG Advanced,Blackzim,Lost,2017-04-17,2017-04-19,0.0,Telecom,0,0.0,2,0.7039473684210527,6,1,2
QZ2E9TSL,James Ascencio,MG Advanced,Golddex,Lost,2017-04-17,2017-08-12,0.0,Manufacturing,0,0.0,117,0.6553398058252428,2,1,0
L3AYCTGW,James Ascencio,GTXPro,Goodsilron,Won,2017-04-17,2017-04-24,5451.0,Energy,1,5451.0,7,0.6553398058252428,1,1,0
IZ02GW0R,Kami Bicknell,GTX Basic,Faxquote,Won,2017-04-17,2017-04-19,527.0,Telecom,1,527.0,2,0.6397058823529411,6,1,0
5AI9WG6M,Kary Hendrixson,GTX Plus Pro,Y-corporation,Lost,2017-04-17,2017-04-25,0.0,Manufacturing,0,0.0,8,0.6238805970149254,2,1,2
Q1DFFYB5,Kary Hendrixson,GTX Plus Pro,Y-corporation,Lost,2017-04-17,2017-04-19,0.0,Manufacturing,0,0.0,2,0.6238805970149254,2,1,1
XWZG5VPL,Kary Hendrixson,GTXPro,Scotfind,Lost,2017-04-17,2017-04-18,0.0,Telecom,0,0.0,1,0.6238805970149254,6,1,1
30FHAEJZ,Kary Hendrixson,GTX Plus Pro,Fasehatice,Won,2017-04-17,2017-04-19,5408.0,Telecom,1,5408.0,2,0.6238805970149254,6,1,0
AZOXWEKL,Lajuana Vencill,GTX Plus Basic,Conecom,Lost,2017-04-17,2017-05-02,0.0,Shipping,0,0.0,15,0.5497835497835498,5,1,1
2NKZR4IM,Lajuana Vencill,GTX Plus Pro,Isdom,Lost,2017-04-17,2017-04-24,0.0,Retail,0,0.0,7,0.5497835497835498,4,1,2
3PPB3Q04,Lajuana Vencill,MG Special,Konmatfix,Won,2017-04-17,2017-06-23,48.0,Shipping,1,48.0,67,0.5497835497835498,5,1,2
610UUEAG,Markita Hansen,GTX Basic,Plexzap,Won,2017-04-17,2017-04-24,527.0,Manufacturing,1,527.0,7,0.5726872246696035,2,1,1
FIYSM4E1,Marty Freudenburg,GTX Plus Basic,dambase,Won,2017-04-17,2017-04-23,1160.0,Retail,1,1160.0,6,0.6288659793814433,4,1,1
BCUR8B2A,Niesha Huffines,GTX Basic,Inity,Won,2017-04-17,2017-06-06,491.0,Manufacturing,1,491.0,50,0.6,2,1,0
8PGDRAH2,Reed Clapper,GTX Basic,Umbrella Corporation,Won,2017-04-17,2017-04-19,555.0,Public Sector,1,555.0,2,0.6540084388185654,3,1,1
G1C9IG0T,Rosalina Dieter,MG Special,Lexiqvolax,Lost,2017-04-17,2017-04-27,0.0,Public Sector,0,0.0,10,0.6545454545454545,3,1,0
G4B4Z525,Versie Hillebrand,MG Special,Isdom,Won,2017-04-17,2017-04-23,62.0,Retail,1,62.0,6,0.6666666666666666,4,1,0
J9SE3QJD,Violet Mclelland,MG Special,Ganjaflex,Lost,2017-04-17,2017-04-26,0.0,Retail,0,0.0,9,0.6321243523316062,4,1,2
JORFI81C,Violet Mclelland,MG Special,Konex,Won,2017-04-17,2017-04-25,56.0,Public Sector,1,56.0,8,0.6321243523316062,3,1,2
GET2JILL,Wilburn Farren,MG Advanced,The New York Inquirer,Won,2017-04-17,2017-04-23,3490.0,Banking,1,3490.0,6,0.6962025316455697,0,1,2
E3HJPDFZ,Zane Levy,GTXPro,Y-corporation,Lost,2017-04-17,2017-06-24,0.0,Manufacturing,0,0.0,68,0.6168582375478927,2,1,2
Q22714T0,Anna Snelling,MG Special,Betatech,Lost,2017-04-18,2017-04-24,0.0,Public Sector,0,0.0,6,0.6190476190476191,3,1,1
FCGE8U5M,Anna Snelling,MG Special,Betatech,Won,2017-04-18,2017-04-25,51.0,Public Sector,1,51.0,7,0.6190476190476191,3,1,2
ROQBT7TM,Anna Snelling,MG Special,Condax,Won,2017-04-18,2017-06-20,54.0,Banking,1,54.0,63,0.6190476190476191,0,1,1
WLFLY0BD,Anna Snelling,MG Special,Conecom,Won,2017-04-18,2017-04-27,56.0,Shipping,1,56.0,9,0.6190476190476191,5,1,2
8S649LDO,Boris Faz,GTXPro,Kan-code,Lost,2017-04-18,2017-05-27,0.0,Public Sector,0,0.0,39,0.6601307189542484,3,1,1
JR7SC0S2,Cassey Cress,MG Advanced,Gekko & Co,Won,2017-04-18,2017-08-04,3808.0,Telecom,1,3808.0,108,0.6245210727969349,6,1,0
MFGCEDXE,Corliss Cosme,GTX Plus Pro,Yearin,Lost,2017-04-18,2017-05-04,0.0,Retail,0,0.0,16,0.6550218340611353,4,1,1
Y9Y4TXD9,Corliss Cosme,MG Advanced,Konex,Won,2017-04-18,2017-05-03,3041.0,Public Sector,1,3041.0,15,0.6550218340611353,3,1,1
ZKOGIB6R,Donn Cantrell,GTX Basic,Xx-zobam,Lost,2017-04-18,2017-04-25,0.0,Manufacturing,0,0.0,7,0.5745454545454546,2,1,2
Z353E8FR,Garret Kinder,MG Advanced,Condax,Lost,2017-04-18,2017-04-30,0.0,Banking,0,0.0,12,0.6097560975609756,0,1,1
IKJSXBY0,Gladys Colclough,GTXPro,Isdom,Lost,2017-04-18,2017-05-04,0.0,Retail,0,0.0,16,0.5818965517241379,4,1,0
5SYJS0HS,Hayden Neloms,GTX Plus Pro,Goodsilron,Lost,2017-04-18,2017-04-23,0.0,Energy,0,0.0,5,0.7039473684210527,1,1,0
UXOQQR39,James Ascencio,GTX Plus Basic,Golddex,Lost,2017-04-18,2017-04-20,0.0,Manufacturing,0,0.0,2,0.6553398058252428,2,1,2
J5DF2ZO1,James Ascencio,MG Special,Kan-code,Won,2017-04-18,2017-04-29,44.0,Public Sector,1,44.0,11,0.6553398058252428,3,1,0
HGF361RQ,Kami Bicknell,GTX Plus Pro,Xx-holding,Lost,2017-04-18,2017-04-24,0.0,Telecom,0,0.0,6,0.6397058823529411,6,1,1
9B8SPYAF,Kami Bicknell,GTX Basic,Doncon,Won,2017-04-18,2017-04-24,552.0,Shipping,1,552.0,6,0.6397058823529411,5,1,0
VTLI5HIE,Kary Hendrixson,GTX Basic,Newex,Won,2017-04-18,2017-04-26,474.0,Energy,1,474.0,8,0.6238805970149254,1,1,2
N60UJ28O,Kary Hendrixson,GTX Plus Basic,Xx-holding,Won,2017-04-18,2017-04-22,1158.0,Telecom,1,1158.0,4,0.6238805970149254,6,1,1
R102IPTH,Kary Hendrixson,GTX Plus Pro,Faxquote,Won,2017-04-18,2017-04-19,5839.0,Telecom,1,5839.0,1,0.6238805970149254,6,1,2
C9O4E52T,Kary Hendrixson,GTXPro,Singletechno,Won,2017-04-18,2017-08-06,4554.0,Retail,1,4554.0,110,0.6238805970149254,4,1,1
CJP7LWRK,Kary Hendrixson,GTXPro,Xx-holding,Won,2017-04-18,2017-04-24,5078.0,Telecom,1,5078.0,6,0.6238805970149254,6,1,0
NHE1CETW,Lajuana Vencill,GTX Plus Basic,Genco Pura Olive Oil Company,Lost,2017-04-18,2017-04-26,0.0,Manufacturing,0,0.0,8,0.5497835497835498,2,1,2
1O1GVZEU,Markita Hansen,GTX Basic,Cheers,Won,2017-04-18,2017-06-04,561.0,Telecom,1,561.0,47,0.5726872246696035,6,1,2
2OQB2KPY,Maureen Marcano,GTX Plus Basic,Finjob,Lost,2017-04-18,2017-04-22,0.0,Manufacturing,0,0.0,4,0.6995305164319249,2,1,1
KK4VW0ZM,Niesha Huffines,MG Advanced,Ron-tech,Lost,2017-04-18,2017-05-22,0.0,Manufacturing,0,0.0,34,0.6,2,1,2
JHLG51ZI,Niesha Huffines,MG Advanced,Inity,Won,2017-04-18,2017-04-19,3392.0,Manufacturing,1,3392.0,1,0.6,2,1,1
TS4CB9TH,Vicki Laflamme,GTXPro,Fasehatice,Won,2017-04-18,2017-04-20,5040.0,Telecom,1,5040.0,2,0.6368876080691642,6,1,1
BH40KWV5,Zane Levy,GTXPro,Goodsilron,Lost,2017-04-18,2017-04-24,0.0,Energy,0,0.0,6,0.6168582375478927,1,1,1
MMVHAEI3,Zane Levy,MG Advanced,Rantouch,Lost,2017-04-18,2017-04-25,0.0,Energy,0,0.0,7,0.6168582375478927,1,1,1
PGRIPWHY,Zane Levy,GTX Plus Pro,Sonron,Won,2017-04-18,2017-04-25,5853.0,Manufacturing,1,5853.0,7,0.6168582375478927,2,1,0
0VXUZU7P,Anna Snelling,MG Special,Scottech,Won,2017-04-19,2017-04-25,49.0,Banking,1,49.0,6,0.6190476190476191,0,1,1
7B21SGQ8,Boris Faz,GTX Plus Basic,Gekko & Co,Won,2017-04-19,2017-04-29,1080.0,Telecom,1,1080.0,10,0.6601307189542484,6,1,2
I6TVFB6J,Cecily Lampkin,GTX Basic,Genco Pura Olive Oil Company,Lost,2017-04-19,2017-04-28,0.0,Manufacturing,0,0.0,9,0.66875,2,1,0
PHAFVDFO,Cecily Lampkin,MG Special,Konmatfix,Won,2017-04-19,2017-04-20,55.0,Shipping,1,55.0,1,0.66875,5,1,2
I6O855AE,Daniell Hammack,GTX Plus Basic,Acme Corporation,Won,2017-04-19,2017-05-22,1282.0,Shipping,1,1282.0,33,0.6096256684491979,5,1,0
OUIK8VX3,Elease Gluck,GTK 500,Lexiqvolax,Won,2017-04-19,2017-04-20,23746.0,Public Sector,1,23746.0,1,0.6349206349206349,3,1,1
RYO875D0,Garret Kinder,GTX Basic,Massive Dynamic,Lost,2017-04-19,2017-04-28,0.0,Banking,0,0.0,9,0.6097560975609756,0,1,0
O5S6WEM7,James Ascencio,GTX Basic,Doncon,Lost,2017-04-19,2017-05-01,0.0,Shipping,0,0.0,12,0.6553398058252428,5,1,0
DJ2FHO68,Kami Bicknell,GTX Basic,Golddex,Lost,2017-04-19,2017-08-16,0.0,Manufacturing,0,0.0,119,0.6397058823529411,2,1,2
5LHNRZD3,Lajuana Vencill,MG Advanced,Streethex,Lost,2017-04-19,2017-04-21,0.0,Banking,0,0.0,2,0.5497835497835498,0,1,2
URIKPDOJ,Maureen Marcano,GTX Plus Basic,Cheers,Lost,2017-04-19,2017-04-27,0.0,Telecom,0,0.0,8,0.6995305164319249,6,1,1
U1J4YN0I,Niesha Huffines,GTX Basic,Cancity,Lost,2017-04-19,2017-04-21,0.0,Public Sector,0,0.0,2,0.6,3,1,0
QBUJF4I7,Reed Clapper,MG Special,Opentech,Lost,2017-04-19,2017-04-20,0.0,Retail,0,0.0,1,0.6540084388185654,4,1,0
99QIJAAP,Reed Clapper,MG Special,Opentech,Won,2017-04-19,2017-04-27,61.0,Retail,1,61.0,8,0.6540084388185654,4,1,0
K127AFNP,Rosalina Dieter,MG Special,J-Texon,Lost,2017-04-19,2017-04-30,0.0,Telecom,0,0.0,11,0.6545454545454545,6,1,1
4K7PRO1B,Rosalina Dieter,GTX Basic,Goodsilron,Won,2017-04-19,2017-04-28,600.0,Energy,1,600.0,9,0.6545454545454545,1,1,1
AYB7DWUH,Rosie Papadopoulos,GTX Plus Pro,Opentech,Won,2017-04-19,2017-04-20,5805.0,Retail,1,5805.0,1,0.6446280991735537,4,1,1
6CKXLPAR,Versie Hillebrand,MG Special,Hottechi,Won,2017-04-19,2017-06-27,58.0,Public Sector,1,58.0,69,0.6666666666666666,3,1,1
FQ2F717F,Versie Hillebrand,MG Special,Scottech,Won,2017-04-19,2017-08-03,52.0,Banking,1,52.0,106,0.6666666666666666,0,1,1
2SBP68CP,Violet Mclelland,MG Special,Gekko & Co,Lost,2017-04-19,2017-04-21,0.0,Telecom,0,0.0,2,0.6321243523316062,6,1,2
LPGOTIM2,Boris Faz,MG Special,Silis,Won,2017-04-20,2017-06-16,55.0,Public Sector,1,55.0,57,0.6601307189542484,3,1,0
LW8485Y2,Cassey Cress,GTX Plus Basic,Acme Corporation,Won,2017-04-20,2017-08-10,1161.0,Shipping,1,1161.0,112,0.6245210727969349,5,1,0
UKLAKXP2,Cassey Cress,GTXPro,Plussunin,Won,2017-04-20,2017-04-25,5091.0,Energy,1,5091.0,5,0.6245210727969349,1,1,0
4LLWRSBJ,Cassey Cress,MG Special,Donquadtech,Won,2017-04-20,2017-04-22,59.0,Shipping,1,59.0,2,0.6245210727969349,5,1,0
YYJILFBU,Corliss Cosme,GTX Plus Pro,Plussunin,Lost,2017-04-20,2017-05-01,0.0,Energy,0,0.0,11,0.6550218340611353,1,1,0
AWVSWBQV,Daniell Hammack,GTX Basic,Ontomedia,Lost,2017-04-20,2017-04-22,0.0,Manufacturing,0,0.0,2,0.6096256684491979,2,1,0
VORZHQ40,Darcel Schlecht,GTXPro,Gogozoom,Lost,2017-04-20,2017-04-30,0.0,Telecom,0,0.0,10,0.6311030741410488,6,1,0
5QD09R7U,Darcel Schlecht,GTX Basic,Rundofase,Won,2017-04-20,2017-04-28,549.0,Public Sector,1,549.0,8,0.6311030741410488,3,1,0
ETISD84I,Donn Cantrell,GTX Plus Basic,Zathunicon,Lost,2017-04-20,2017-04-24,0.0,Retail,0,0.0,4,0.5745454545454546,4,1,2
K0T5LJ3E,Elease Gluck,GTK 500,Plexzap,Won,2017-04-20,2017-06-28,24949.0,Manufacturing,1,24949.0,69,0.6349206349206349,2,1,0
D5YLWCFW,Gladys Colclough,GTX Plus Basic,Genco Pura Olive Oil Company,Lost,2017-04-20,2017-05-02,0.0,Manufacturing,0,0.0,12,0.5818965517241379,2,1,2
ZALE38AC,James Ascencio,GTXPro,Newex,Lost,2017-04-20,2017-05-09,0.0,Energy,0,0.0,19,0.6553398058252428,1,1,1
T7MVQ9SX,James Ascencio,GTX Plus Pro,Fasehatice,Won,2017-04-20,2017-05-02,4985.0,Telecom,1,4985.0,12,0.6553398058252428,6,1,0
GTEFJL6U,Jonathan Berthelot,GTX Basic,Toughzap,Lost,2017-04-20,2017-04-22,0.0,Retail,0,0.0,2,0.6477272727272727,4,1,1
D7MYDHMF,Jonathan Berthelot,GTX Basic,Conecom,Won,2017-04-20,2017-04-29,657.0,Shipping,1,657.0,9,0.6477272727272727,5,1,1
XAE858UJ,Jonathan Berthelot,GTX Basic,Streethex,Won,2017-04-20,2017-06-30,628.0,Banking,1,628.0,71,0.6477272727272727,0,1,1
WTCU9X9M,Jonathan Berthelot,GTX Plus Basic,Conecom,Won,2017-04-20,2017-06-15,1183.0,Shipping,1,1183.0,56,0.6477272727272727,5,1,2
0IF5FH68,Jonathan Berthelot,GTX Plus Pro,Domzoom,Won,2017-04-20,2017-08-03,5203.0,Retail,1,5203.0,105,0.6477272727272727,4,1,1
QUGPSHY8,Jonathan Berthelot,MG Special,Gogozoom,Won,2017-04-20,2017-04-27,56.0,Telecom,1,56.0,7,0.6477272727272727,6,1,1
QNFO4GX8,Kami Bicknell,GTX Basic,Blackzim,Won,2017-04-20,2017-04-28,502.0,Telecom,1,502.0,8,0.6397058823529411,6,1,1
H1NFMTJ4,Kary Hendrixson,GTX Basic,Xx-holding,Won,2017-04-20,2017-06-25,527.0,Telecom,1,527.0,66,0.6238805970149254,6,1,0
AUJ21SKT,Markita Hansen,MG Special,Xx-holding,Lost,2017-04-20,2017-04-21,0.0,Telecom,0,0.0,1,0.5726872246696035,6,1,0
XIXNILOP,Marty Freudenburg,MG Special,Finhigh,Won,2017-04-20,2017-04-28,64.0,Banking,1,64.0,8,0.6288659793814433,0,1,2
M645P7NW,Maureen Marcano,GTX Basic,Scotfind,Won,2017-04-20,2017-04-27,579.0,Telecom,1,579.0,7,0.6995305164319249,6,1,2
UPAGB68Z,Maureen Marcano,GTX Plus Pro,Lexiqvolax,Won,2017-04-20,2017-04-30,5958.0,Public Sector,1,5958.0,10,0.6995305164319249,3,1,0
7TCCYDR3,Maureen Marcano,GTXPro,Scotfind,Won,2017-04-20,2017-05-27,4543.0,Telecom,1,4543.0,37,0.6995305164319249,6,1,2
H5662N5X,Moses Frase,GTX Basic,Inity,Lost,2017-04-20,2017-04-22,0.0,Manufacturing,0,0.0,2,0.6615384615384615,2,1,0
07BT6PBZ,Moses Frase,MG Special,Treequote,Won,2017-04-20,2017-05-02,58.0,Retail,1,58.0,12,0.6615384615384615,4,1,1
N7FJ13VQ,Reed Clapper,GTX Plus Basic,Plussunin,Lost,2017-04-20,2017-04-21,0.0,Energy,0,0.0,1,0.6540084388185654,1,1,1
9UYDTR0R,Reed Clapper,GTX Plus Pro,Vehement Capital Partners,Lost,2017-04-20,2017-04-27,0.0,Banking,0,0.0,7,0.6540084388185654,0,1,2
JOLRMB6X,Rosie Papadopoulos,GTX Plus Basic,Betasoloin,Won,2017-04-20,2017-06-24,1036.0,Banking,1,1036.0,65,0.6446280991735537,0,1,0
K8DHOJWM,Versie Hillebrand,GTX Plus Pro,Genco Pura Olive Oil Company,Won,2017-04-20,2017-04-27,4878.0,Manufacturing,1,4878.0,7,0.6666666666666666,2,1,0
NKBIYNK5,Vicki Laflamme,GTX Basic,Faxquote,Lost,2017-04-20,2017-04-28,0.0,Telecom,0,0.0,8,0.6368876080691642,6,1,2
8MXI6J6N,Anna Snelling,GTX Plus Basic,Streethex,Lost,2017-04-21,2017-05-05,0.0,Banking,0,0.0,14,0.6190476190476191,0,1,0
HRLYABOS,Cassey Cress,GTX Plus Basic,Bubba Gump,Won,2017-04-21,2017-08-21,1033.0,Retail,1,1033.0,122,0.6245210727969349,4,1,1
BTLXFPUB,Daniell Hammack,GTX Plus Pro,Zathunicon,Won,2017-04-21,2017-06-12,5343.0,Retail,1,5343.0,52,0.6096256684491979,4,1,2
W7GVZL28,Darcel Schlecht,GTX Plus Basic,Conecom,Lost,2017-04-21,2017-04-30,0.0,Shipping,0,0.0,9,0.6311030741410488,5,1,2
HK1JJKQL,Darcel Schlecht,GTXPro,Stanredtax,Lost,2017-04-21,2017-04-27,0.0,Retail,0,0.0,6,0.6311030741410488,4,1,0
D5TGHX3Y,Darcel Schlecht,GTXPro,Stanredtax,Lost,2017-04-21,2017-08-10,0.0,Retail,0,0.0,111,0.6311030741410488,4,1,2
HBXLK0B6,Darcel Schlecht,MG Advanced,Finhigh,Won,2017-04-21,2017-04-26,3269.0,Banking,1,3269.0,5,0.6311030741410488,0,1,0
PZ6TGFY6,Donn Cantrell,GTX Basic,Silis,Lost,2017-04-21,2017-05-07,0.0,Public Sector,0,0.0,16,0.5745454545454546,3,1,0
ETADSAC3,Donn Cantrell,GTXPro,Acme Corporation,Won,2017-04-21,2017-04-27,4605.0,Shipping,1,4605.0,6,0.5745454545454546,5,1,0
8W206MO5,Garret Kinder,GTX Plus Pro,Mathtouch,Won,2017-04-21,2017-06-12,4908.0,Energy,1,4908.0,52,0.6097560975609756,1,1,0
Z9SY11HK,Hayden Neloms,MG Advanced,Labdrill,Won,2017-04-21,2017-04-30,3303.0,Energy,1,3303.0,9,0.7039473684210527,1,1,0
6YIW81M9,Jonathan Berthelot,MG Advanced,dambase,Lost,2017-04-21,2017-04-22,0.0,Retail,0,0.0,1,0.6477272727272727,4,1,2
0XI051FP,Jonathan Berthelot,MG Advanced,Ron-tech,Lost,2017-04-21,2017-05-02,0.0,Manufacturing,0,0.0,11,0.6477272727272727,2,1,1
TBPGQYF8,Jonathan Berthelot,MG Special,Streethex,Won,2017-04-21,2017-04-22,55.0,Banking,1,55.0,1,0.6477272727272727,0,1,1
7CC38V2J,Kami Bicknell,GTX Basic,Lexiqvolax,Won,2017-04-21,2017-06-29,531.0,Public Sector,1,531.0,69,0.6397058823529411,3,1,2
PC2V729V,Kami Bicknell,GTX Basic,Newex,Won,2017-04-21,2017-05-04,557.0,Energy,1,557.0,13,0.6397058823529411,1,1,2
7AOZ2F9R,Lajuana Vencill,GTX Basic,Hottechi,Won,2017-04-21,2017-06-12,489.0,Public Sector,1,489.0,52,0.5497835497835498,3,1,1
7I7BZHHT,Marty Freudenburg,MG Advanced,Scottech,Lost,2017-04-21,2017-05-29,0.0,Banking,0,0.0,38,0.6288659793814433,0,1,1
79DYTU8Y,Moses Frase,MG Special,Streethex,Won,2017-04-21,2017-05-06,60.0,Banking,1,60.0,15,0.6615384615384615,0,1,1
V4HYSJS2,Reed Clapper,MG Advanced,Betasoloin,Won,2017-04-21,2017-06-04,2887.0,Banking,1,2887.0,44,0.6540084388185654,0,1,1
1L6M83Q5,Reed Clapper,MG Advanced,Donware,Won,2017-04-21,2017-05-02,3214.0,Banking,1,3214.0,11,0.6540084388185654,0,1,1
POFA8BWL,Rosie Papadopoulos,MG Advanced,Acme Corporation,Won,2017-04-21,2017-04-23,3850.0,Shipping,1,3850.0,2,0.6446280991735537,5,1,0
AKXBF6IQ,Versie Hillebrand,MG Special,Gogozoom,Won,2017-04-21,2017-06-09,54.0,Telecom,1,54.0,49,0.6666666666666666,6,1,2
VD94D677,Vicki Laflamme,MG Special,Groovestreet,Lost,2017-04-21,2017-04-29,0.0,Retail,0,0.0,8,0.6368876080691642,4,1,0
EBUJQ571,Vicki Laflamme,GTXPro,Plexzap,Won,2017-04-21,2017-08-12,5040.0,Manufacturing,1,5040.0,113,0.6368876080691642,2,1,1
Z2M1XXEK,Wilburn Farren,GTX Plus Pro,Iselectrics,Won,2017-04-21,2017-04-22,6263.0,Energy,1,6263.0,1,0.6962025316455697,1,1,1
RBOI8DLQ,Zane Levy,GTXPro,Scotfind,Lost,2017-04-21,2017-05-02,0.0,Telecom,0,0.0,11,0.6168582375478927,6,1,1
OI6UHCTN,Zane Levy,GTX Basic,Blackzim,Won,2017-04-21,2017-04-23,570.0,Telecom,1,570.0,2,0.6168582375478927,6,1,0
LTOKXFP1,Zane Levy,GTXPro,Dalttechnology,Won,2017-04-21,2017-04-29,4633.0,Shipping,1,4633.0,8,0.6168582375478927,5,1,0
JV6PZSN6,Boris Faz,GTX Plus Pro,Donquadtech,Lost,2017-04-22,2017-04-29,0.0,Shipping,0,0.0,7,0.6601307189542484,5,1,1
9EGAFG1B,Cassey Cress,GTXPro,Kinnamplus,Lost,2017-04-22,2017-05-08,0.0,Telecom,0,0.0,16,0.6245210727969349,6,1,0
VPSJHIAA,Cassey Cress,GTXPro,The New York Inquirer,Won,2017-04-22,2017-04-28,4891.0,Banking,1,4891.0,6,0.6245210727969349,0,1,0
MJF4D19K,Darcel Schlecht,GTX Plus Pro,Streethex,Won,2017-04-22,2017-04-29,5858.0,Banking,1,5858.0,7,0.6311030741410488,0,1,1
JR4WED6G,Darcel Schlecht,GTXPro,Rundofase,Won,2017-04-22,2017-05-24,4939.0,Public Sector,1,4939.0,32,0.6311030741410488,3,1,0
GC4YH9D0,Jonathan Berthelot,GTX Basic,Inity,Won,2017-04-22,2017-08-12,570.0,Manufacturing,1,570.0,112,0.6477272727272727,2,1,2
2ZUL1AAV,Kary Hendrixson,MG Advanced,Fasehatice,Lost,2017-04-22,2017-04-29,0.0,Telecom,0,0.0,7,0.6238805970149254,6,1,2
8CUN8O4Z,Kary Hendrixson,GTX Basic,Y-corporation,Won,2017-04-22,2017-04-30,500.0,Manufacturing,1,500.0,8,0.6238805970149254,2,1,2
AMX2BM39,Kary Hendrixson,MG Advanced,Kan-code,Won,2017-04-22,2017-04-23,3546.0,Public Sector,1,3546.0,1,0.6238805970149254,3,1,2
FK3NS3EW,Markita Hansen,GTX Basic,Dalttechnology,Won,2017-04-22,2017-04-30,525.0,Shipping,1,525.0,8,0.5726872246696035,5,1,1
3AB31BUU,Moses Frase,GTX Plus Basic,Conecom,Won,2017-04-22,2017-04-27,1024.0,Shipping,1,1024.0,5,0.6615384615384615,5,1,1
ZQ7TYNUV,Niesha Huffines,GTX Plus Pro,Streethex,Won,2017-04-22,2017-04-30,6384.0,Banking,1,6384.0,8,0.6,0,1,1
2PCPSBP9,Reed Clapper,GTX Basic,Acme Corporation,Lost,2017-04-22,2017-05-08,0.0,Shipping,0,0.0,16,0.6540084388185654,5,1,2
E223LSRZ,Reed Clapper,GTX Basic,Donware,Won,2017-04-22,2017-06-24,587.0,Banking,1,587.0,63,0.6540084388185654,0,1,2
SW75F1Q1,Rosalina Dieter,MG Special,Labdrill,Won,2017-04-22,2017-04-28,55.0,Energy,1,55.0,6,0.6545454545454545,1,1,0
0Z6MNUF2,Rosalina Dieter,MG Advanced,Y-corporation,Won,2017-04-22,2017-04-30,3242.0,Manufacturing,1,3242.0,8,0.6545454545454545,2,1,0
HWD8ELR9,Versie Hillebrand,GTX Plus Pro,Zumgoity,Won,2017-04-22,2017-05-26,5558.0,Public Sector,1,5558.0,34,0.6666666666666666,3,1,2
XJI41C0L,Vicki Laflamme,GTXPro,Singletechno,Won,2017-04-22,2017-04-28,4869.0,Retail,1,4869.0,6,0.6368876080691642,4,1,2
9FWCMMM3,Vicki Laflamme,MG Advanced,Hottechi,Won,2017-04-22,2017-04-29,3661.0,Public Sector,1,3661.0,7,0.6368876080691642,3,1,2
XPDLW6F0,Zane Levy,GTXPro,Kan-code,Won,2017-04-22,2017-04-29,5456.0,Public Sector,1,5456.0,7,0.6168582375478927,3,1,2
NCL2AJUL,Anna Snelling,MG Special,Globex Corporation,Lost,2017-04-23,2017-08-26,0.0,Retail,0,0.0,125,0.6190476190476191,4,1,0
1E2LYCWP,Boris Faz,GTXPro,Plussunin,Lost,2017-04-23,2017-04-24,0.0,Energy,0,0.0,1,0.6601307189542484,1,1,2
NZPZ87IX,Cassey Cress,GTX Basic,Ganjaflex,Lost,2017-04-23,2017-04-30,0.0,Retail,0,0.0,7,0.6245210727969349,4,1,0
SDJDM8RI,Cassey Cress,MG Advanced,Umbrella Corporation,Lost,2017-04-23,2017-08-20,0.0,Public Sector,0,0.0,119,0.6245210727969349,3,1,2
O64JQPJ2,Corliss Cosme,GTXPro,Mathtouch,Lost,2017-04-23,2017-04-30,0.0,Energy,0,0.0,7,0.6550218340611353,1,1,2
I18DIO6O,Corliss Cosme,GTX Plus Pro,Zotware,Won,2017-04-23,2017-04-24,5780.0,Banking,1,5780.0,1,0.6550218340611353,0,1,2
8W464DG6,Corliss Cosme,GTXPro,Zencorporation,Won,2017-04-23,2017-04-30,5787.0,Shipping,1,5787.0,7,0.6550218340611353,5,1,0
FI5OA7O6,Daniell Hammack,GTXPro,Bioplex,Won,2017-04-23,2017-04-25,5149.0,Retail,1,5149.0,2,0.6096256684491979,4,1,0
AT6SDVJ5,Donn Cantrell,GTX Plus Basic,Ganjaflex,Lost,2017-04-23,2017-08-26,0.0,Retail,0,0.0,125,0.5745454545454546,4,1,1
YDBPPU6J,Donn Cantrell,GTXPro,Betasoloin,Won,2017-04-23,2017-06-03,5100.0,Banking,1,5100.0,41,0.5745454545454546,0,1,2
L6PCVRJS,Donn Cantrell,GTXPro,Vehement Capital Partners,Won,2017-04-23,2017-04-30,4810.0,Banking,1,4810.0,7,0.5745454545454546,0,1,1
UO6R0X7G,Elease Gluck,MG Special,Goodsilron,Lost,2017-04-23,2017-05-04,0.0,Energy,0,0.0,11,0.6349206349206349,1,1,1
PC38XXQN,Elease Gluck,MG Advanced,Blackzim,Lost,2017-04-23,2017-08-01,0.0,Telecom,0,0.0,100,0.6349206349206349,6,1,0
7EBT21IA,Gladys Colclough,GTX Basic,Betatech,Won,2017-04-23,2017-04-24,560.0,Public Sector,1,560.0,1,0.5818965517241379,3,1,0
M7W3E298,Gladys Colclough,GTXPro,Inity,Won,2017-04-23,2017-05-02,4916.0,Manufacturing,1,4916.0,9,0.5818965517241379,2,1,1
MCRDLBIE,James Ascencio,MG Special,Newex,Won,2017-04-23,2017-06-11,45.0,Energy,1,45.0,49,0.6553398058252428,1,1,2
JW4K9O5H,Kami Bicknell,GTX Plus Basic,Konex,Lost,2017-04-23,2017-04-25,0.0,Public Sector,0,0.0,2,0.6397058823529411,3,1,0
FX54MQFC,Kami Bicknell,GTX Basic,Golddex,Won,2017-04-23,2017-04-24,592.0,Manufacturing,1,592.0,1,0.6397058823529411,2,1,2
A2C5O4EN,Kary Hendrixson,GTX Basic,Doncon,Won,2017-04-23,2017-04-29,529.0,Shipping,1,529.0,6,0.6238805970149254,5,1,2
79G6725X,Kary Hendrixson,GTXPro,J-Texon,Won,2017-04-23,2017-04-26,5415.0,Telecom,1,5415.0,3,0.6238805970149254,6,1,1
GM6C1UK3,Lajuana Vencill,GTX Plus Pro,Streethex,Lost,2017-04-23,2017-05-02,0.0,Banking,0,0.0,9,0.5497835497835498,0,1,1
6VET70WX,Lajuana Vencill,GTX Basic,Bioholding,Won,2017-04-23,2017-06-15,518.0,Banking,1,518.0,53,0.5497835497835498,0,1,1
UQO59R6N,Lajuana Vencill,MG Special,Warephase,Won,2017-04-23,2017-08-11,52.0,Retail,1,52.0,110,0.5497835497835498,4,1,1
HEOTZFII,Markita Hansen,MG Special,Labdrill,Lost,2017-04-23,2017-04-24,0.0,Energy,0,0.0,1,0.5726872246696035,1,1,0
8V4PEF5D,Moses Frase,MG Special,Funholding,Won,2017-04-23,2017-06-25,51.0,Retail,1,51.0,63,0.6615384615384615,4,1,0
7RJMI3GC,Niesha Huffines,GTX Basic,Genco Pura Olive Oil Company,Won,2017-04-23,2017-04-24,554.0,Manufacturing,1,554.0,1,0.6,2,1,1
2ZEFCKS3,Niesha Huffines,GTXPro,Rundofase,Won,2017-04-23,2017-09-01,4835.0,Public Sector,1,4835.0,131,0.6,3,1,0
3EGE42CM,Reed Clapper,MG Advanced,Ontomedia,Lost,2017-04-23,2017-04-24,0.0,Manufacturing,0,0.0,1,0.6540084388185654,2,1,1
APWT2PFU,Rosalina Dieter,MG Special,Blackzim,Won,2017-04-23,2017-04-30,59.0,Telecom,1,59.0,7,0.6545454545454545,6,1,2
SUT0ZGFM,Rosie Papadopoulos,MG Advanced,Initech,Lost,2017-04-23,2017-05-06,0.0,Banking,0,0.0,13,0.6446280991735537,0,1,2
PTCP8RP4,Versie Hillebrand,MG Special,Zumgoity,Lost,2017-04-23,2017-05-05,0.0,Public Sector,0,0.0,12,0.6666666666666666,3,1,2
QRFKRSKS,Versie Hillebrand,MG Advanced,Dontechi,Lost,2017-04-23,2017-08-06,0.0,Shipping,0,0.0,105,0.6666666666666666,5,1,1
J82TWNI7,Vicki Laflamme,GTXPro,Plexzap,Lost,2017-04-23,2017-08-13,0.0,Manufacturing,0,0.0,112,0.6368876080691642,2,1,2
DSIX9DGZ,Vicki Laflamme,MG Special,Newex,Lost,2017-04-23,2017-04-30,0.0,Energy,0,0.0,7,0.6368876080691642,1,1,0
64WCPKZ1,Violet Mclelland,GTX Plus Pro,Xx-zobam,Won,2017-04-23,2017-05-08,5813.0,Manufacturing,1,5813.0,15,0.6321243523316062,2,1,2
D3G7ER0D,Wilburn Farren,GTXPro,Opentech,Won,2017-04-23,2017-05-01,5414.0,Retail,1,5414.0,8,0.6962025316455697,4,1,2
LITG1BL1,Zane Levy,GTX Plus Pro,Xx-holding,Lost,2017-04-23,2017-04-28,0.0,Telecom,0,0.0,5,0.6168582375478927,6,1,2
7FKONHLX,Anna Snelling,MG Special,Ron-tech,Won,2017-04-24,2017-04-25,62.0,Manufacturing,1,62.0,1,0.6190476190476191,2,1,0
S439SXI1,Corliss Cosme,GTXPro,Plussunin,Won,2017-04-24,2017-08-04,4505.0,Energy,1,4505.0,102,0.6550218340611353,1,1,1
SG1T9M5F,Darcel Schlecht,GTXPro,Isdom,Lost,2017-04-24,2017-04-30,0.0,Retail,0,0.0,6,0.6311030741410488,4,1,0
SLP4PTFK,Darcel Schlecht,GTX Plus Basic,Konmatfix,Won,2017-04-24,2017-05-06,1020.0,Shipping,1,1020.0,12,0.6311030741410488,5,1,1
X3S5O9LJ,Darcel Schlecht,GTX Plus Pro,Domzoom,Won,2017-04-24,2017-04-29,5029.0,Retail,1,5029.0,5,0.6311030741410488,4,1,1
ZA6AJ0N1,Darcel Schlecht,GTXPro,Scottech,Won,2017-04-24,2017-08-15,5191.0,Banking,1,5191.0,113,0.6311030741410488,0,1,2
QGBMWIO6,Garret Kinder,GTX Basic,Zotware,Lost,2017-04-24,2017-05-06,0.0,Banking,0,0.0,12,0.6097560975609756,0,1,1
T361XRAQ,Gladys Colclough,GTXPro,Dontechi,Lost,2017-04-24,2017-05-03,0.0,Shipping,0,0.0,9,0.5818965517241379,5,1,0
GWRN1R49,James Ascencio,MG Advanced,Scotfind,Won,2017-04-24,2017-05-05,3042.0,Telecom,1,3042.0,11,0.6553398058252428,6,1,0
Q0KYIEKA,Jonathan Berthelot,GTX Basic,Globex Corporation,Won,2017-04-24,2017-04-26,580.0,Retail,1,580.0,2,0.6477272727272727,4,1,1
2K7R3QHZ,Kary Hendrixson,GTX Basic,Nam-zim,Won,2017-04-24,2017-09-03,616.0,Energy,1,616.0,132,0.6238805970149254,1,1,2
WUWOHRX2,Markita Hansen,GTX Plus Basic,J-Texon,Won,2017-04-24,2017-04-29,788.0,Telecom,1,788.0,5,0.5726872246696035,6,1,2
2OPR77CI,Maureen Marcano,GTX Basic,Kan-code,Lost,2017-04-24,2017-04-26,0.0,Public Sector,0,0.0,2,0.6995305164319249,3,1,0
EO481IOJ,Reed Clapper,GTXPro,Vehement Capital Partners,Won,2017-04-24,2017-04-25,4980.0,Banking,1,4980.0,1,0.6540084388185654,0,1,2
1VIKWVHD,Vicki Laflamme,GTX Basic,Green-Plus,Lost,2017-04-24,2017-08-10,0.0,Retail,0,0.0,108,0.6368876080691642,4,1,1
UOXKC4UG,Violet Mclelland,MG Advanced,Bioplex,Won,2017-04-24,2017-08-04,2981.0,Retail,1,2981.0,102,0.6321243523316062,4,1,1
RDF2R9F8,Zane Levy,GTX Basic,Finjob,Lost,2017-04-24,2017-04-30,0.0,Manufacturing,0,0.0,6,0.6168582375478927,2,1,0
196BHHOS,Zane Levy,GTX Plus Pro,Green-Plus,Lost,2017-04-24,2017-04-27,0.0,Retail,0,0.0,3,0.6168582375478927,4,1,1
EYZ1MNSS,Boris Faz,GTX Basic,Zencorporation,Won,2017-04-25,2017-04-27,560.0,Shipping,1,560.0,2,0.6601307189542484,5,1,0
KFVI73X6,Cassey Cress,MG Advanced,Donquadtech,Won,2017-04-25,2017-05-10,3844.0,Shipping,1,3844.0,15,0.6245210727969349,5,1,1
88R4UBAN,Corliss Cosme,GTX Basic,Bluth Company,Won,2017-04-25,2017-05-06,562.0,Energy,1,562.0,11,0.6550218340611353,1,1,0
08EX3XKE,Daniell Hammack,MG Special,The New York Inquirer,Won,2017-04-25,2017-05-01,51.0,Banking,1,51.0,6,0.6096256684491979,0,1,2
4DK84UMX,Darcel Schlecht,GTX Plus Basic,Finhigh,Won,2017-04-25,2017-06-20,984.0,Banking,1,984.0,56,0.6311030741410488,0,1,1
735GFCU0,Darcel Schlecht,GTXPro,Gogozoom,Won,2017-04-25,2017-06-07,4923.0,Telecom,1,4923.0,43,0.6311030741410488,6,1,1
2L8LJJRJ,James Ascencio,GTX Basic,Faxquote,Lost,2017-04-25,2017-08-03,0.0,Telecom,0,0.0,100,0.6553398058252428,6,1,0
2EO70V27,Kary Hendrixson,GTXPro,Sunnamplex,Lost,2017-04-25,2017-04-27,0.0,Public Sector,0,0.0,2,0.6238805970149254,3,1,0
7KU6B599,Lajuana Vencill,GTX Basic,Hottechi,Lost,2017-04-25,2017-08-16,0.0,Public Sector,0,0.0,113,0.5497835497835498,3,1,1
PNBSQPBR,Marty Freudenburg,MG Advanced,Konmatfix,Lost,2017-04-25,2017-05-02,0.0,Shipping,0,0.0,7,0.6288659793814433,5,1,0
S87Y1DOY,Maureen Marcano,GTX Plus Basic,Y-corporation,Won,2017-04-25,2017-04-26,1113.0,Manufacturing,1,1113.0,1,0.6995305164319249,2,1,1
EUE812O3,Niesha Huffines,GTX Plus Pro,Treequote,Won,2017-04-25,2017-05-11,6039.0,Retail,1,6039.0,16,0.6,4,1,2
OBE9NAIO,Reed Clapper,GTX Basic,Massive Dynamic,Won,2017-04-25,2017-06-04,538.0,Banking,1,538.0,40,0.6540084388185654,0,1,0
7CTCDP9S,Versie Hillebrand,MG Advanced,Globex Corporation,Lost,2017-04-25,2017-04-27,0.0,Retail,0,0.0,2,0.6666666666666666,4,1,1
XE84LNAS,Vicki Laflamme,GTXPro,Groovestreet,Won,2017-04-25,2017-05-22,4364.0,Retail,1,4364.0,27,0.6368876080691642,4,1,2
QRW4NKCY,Zane Levy,GTX Basic,Labdrill,Lost,2017-04-25,2017-08-07,0.0,Energy,0,0.0,104,0.6168582375478927,1,1,2
RD0L0NJG,Zane Levy,GTX Basic,Rantouch,Won,2017-04-25,2017-04-27,464.0,Energy,1,464.0,2,0.6168582375478927,1,1,1
PEPOKEFV,Anna Snelling,GTX Plus Basic,Cancity,Lost,2017-04-26,2017-08-01,0.0,Public Sector,0,0.0,97,0.6190476190476191,3,1,0
M16WB7N8,Anna Snelling,GTX Plus Pro,Warephase,Lost,2017-04-26,2017-08-01,0.0,Retail,0,0.0,97,0.6190476190476191,4,1,1
JHVY8I1M,Anna Snelling,GTX Plus Basic,Hottechi,Won,2017-04-26,2017-06-30,1073.0,Public Sector,1,1073.0,65,0.6190476190476191,3,1,2
E59MLGMH,Boris Faz,GTX Basic,Umbrella Corporation,Lost,2017-04-26,2017-04-28,0.0,Public Sector,0,0.0,2,0.6601307189542484,3,1,1
VGIIK8MS,Boris Faz,GTX Plus Basic,Donware,Lost,2017-04-26,2017-05-01,0.0,Banking,0,0.0,5,0.6601307189542484,0,1,0
BTM58SCH,Cassey Cress,GTXPro,Massive Dynamic,Lost,2017-04-26,2017-08-09,0.0,Banking,0,0.0,105,0.6245210727969349,0,1,2
HVVED5ZC,Corliss Cosme,MG Special,Donware,Lost,2017-04-26,2017-08-04,0.0,Banking,0,0.0,100,0.6550218340611353,0,1,1
HE5988NI,Darcel Schlecht,GTX Plus Basic,Globex Corporation,Lost,2017-04-26,2017-08-09,0.0,Retail,0,0.0,105,0.6311030741410488,4,1,0
N5QER189,Darcel Schlecht,GTX Plus Basic,Rundofase,Won,2017-04-26,2017-05-11,1055.0,Public Sector,1,1055.0,15,0.6311030741410488,3,1,2
AEMTQ0GH,Elease Gluck,MG Special,Faxquote,Won,2017-04-26,2017-04-28,43.0,Telecom,1,43.0,2,0.6349206349206349,6,1,0
3KSHTB4P,James Ascencio,GTX Basic,Hottechi,Lost,2017-04-26,2017-05-04,0.0,Public Sector,0,0.0,8,0.6553398058252428,3,1,2
XPJQBSLV,James Ascencio,MG Special,Golddex,Won,2017-04-26,2017-04-28,49.0,Manufacturing,1,49.0,2,0.6553398058252428,2,1,1
ZZI8GUEM,Kami Bicknell,GTX Plus Basic,Nam-zim,Lost,2017-04-26,2017-04-28,0.0,Energy,0,0.0,2,0.6397058823529411,1,1,0
HBWY3B48,Kami Bicknell,GTXPro,Y-corporation,Lost,2017-04-26,2017-04-28,0.0,Manufacturing,0,0.0,2,0.6397058823529411,2,1,2
ZBAMKTFX,Kary Hendrixson,GTXPro,Labdrill,Won,2017-04-26,2017-08-08,4901.0,Energy,1,4901.0,104,0.6238805970149254,1,1,0
SICU0A7Z,Lajuana Vencill,GTX Basic,Stanredtax,Won,2017-04-26,2017-04-27,517.0,Retail,1,517.0,1,0.5497835497835498,4,1,0
H7GBGRSO,Marty Freudenburg,GTX Plus Basic,Funholding,Won,2017-04-26,2017-06-13,1105.0,Retail,1,1105.0,48,0.6288659793814433,4,1,1
RLAGB32O,Maureen Marcano,GTX Basic,Nam-zim,Won,2017-04-26,2017-05-10,556.0,Energy,1,556.0,14,0.6995305164319249,1,1,0
NYLCZ28K,Moses Frase,MG Advanced,Treequote,Won,2017-04-26,2017-08-16,3025.0,Retail,1,3025.0,112,0.6615384615384615,4,1,2
3LO8XJBY,Niesha Huffines,MG Special,Condax,Won,2017-04-26,2017-06-05,54.0,Banking,1,54.0,40,0.6,0,1,2
YMMQA65I,Rosalina Dieter,MG Special,Condax,Won,2017-04-26,2017-04-28,53.0,Banking,1,53.0,2,0.6545454545454545,0,1,2
I8A539VV,Vicki Laflamme,GTXPro,Newex,Won,2017-04-26,2017-04-27,4735.0,Energy,1,4735.0,1,0.6368876080691642,1,1,2
DJF1XMC4,Boris Faz,GTX Basic,Konex,Won,2017-04-27,2017-04-29,584.0,Public Sector,1,584.0,2,0.6601307189542484,3,1,1
NCDZRUZD,Cassey Cress,GTXPro,Umbrella Corporation,Lost,2017-04-27,2017-05-12,0.0,Public Sector,0,0.0,15,0.6245210727969349,3,1,0
UXNB9OIB,Daniell Hammack,GTXPro,Konex,Won,2017-04-27,2017-04-28,5676.0,Public Sector,1,5676.0,1,0.6096256684491979,3,1,1
XWW6KUG0,Darcel Schlecht,GTX Basic,Konmatfix,Lost,2017-04-27,2017-04-29,0.0,Shipping,0,0.0,2,0.6311030741410488,5,1,0
ZXUNLSOB,Darcel Schlecht,GTXPro,Scottech,Lost,2017-04-27,2017-04-29,0.0,Banking,0,0.0,2,0.6311030741410488,0,1,0
MZILPLUE,Darcel Schlecht,GTXPro,Finhigh,Won,2017-04-27,2017-05-06,4727.0,Banking,1,4727.0,9,0.6311030741410488,0,1,0
MUYUSTKF,Garret Kinder,GTX Plus Pro,Gekko & Co,Lost,2017-04-27,2017-08-11,0.0,Telecom,0,0.0,106,0.6097560975609756,6,1,1
7QIU2BCK,Gladys Colclough,GTX Plus Basic,dambase,Won,2017-04-27,2017-08-01,821.0,Retail,1,821.0,96,0.5818965517241379,4,1,0
F749HRQ5,James Ascencio,GTX Plus Basic,Golddex,Lost,2017-04-27,2017-05-17,0.0,Manufacturing,0,0.0,20,0.6553398058252428,2,1,1
5ICV1IBY,Lajuana Vencill,GTX Plus Basic,Dontechi,Won,2017-04-27,2017-08-07,999.0,Shipping,1,999.0,102,0.5497835497835498,5,1,2
H1O491SG,Lajuana Vencill,MG Special,dambase,Won,2017-04-27,2017-08-05,54.0,Retail,1,54.0,100,0.5497835497835498,4,1,2
ODIX25WY,Marty Freudenburg,GTX Basic,Conecom,Lost,2017-04-27,2017-08-06,0.0,Shipping,0,0.0,101,0.6288659793814433,5,1,0
IRBQH4FY,Niesha Huffines,MG Advanced,Gogozoom,Won,2017-04-27,2017-05-10,3397.0,Telecom,1,3397.0,13,0.6,6,1,1
ZKVVWZ8T,Rosie Papadopoulos,GTX Basic,Silis,Won,2017-04-27,2017-05-15,574.0,Public Sector,1,574.0,18,0.6446280991735537,3,1,2
ZTT02VDQ,Versie Hillebrand,MG Special,Inity,Lost,2017-04-27,2017-05-09,0.0,Manufacturing,0,0.0,12,0.6666666666666666,2,1,1
SAGXC5PF,Versie Hillebrand,MG Special,Gogozoom,Won,2017-04-27,2017-08-15,59.0,Telecom,1,59.0,110,0.6666666666666666,6,1,1
J5QLUH5O,Versie Hillebrand,MG Special,Treequote,Won,2017-04-27,2017-04-29,60.0,Retail,1,60.0,2,0.6666666666666666,4,1,0
GIIKA5B9,Vicki Laflamme,GTX Basic,Lexiqvolax,Lost,2017-04-27,2017-04-29,0.0,Public Sector,0,0.0,2,0.6368876080691642,3,1,2
WX8KQPCM,Vicki Laflamme,GTX Basic,Zoomit,Won,2017-04-27,2017-05-15,573.0,Energy,1,573.0,18,0.6368876080691642,1,1,0
0CSJCW8I,Vicki Laflamme,GTXPro,Finjob,Won,2017-04-27,2017-05-17,4406.0,Manufacturing,1,4406.0,20,0.6368876080691642,2,1,0
0WRMY7IX,Violet Mclelland,GTX Plus Basic,Plussunin,Won,2017-04-27,2017-04-28,1146.0,Energy,1,1146.0,1,0.6321243523316062,1,1,2
N6185PK0,Wilburn Farren,GTX Basic,Kinnamplus,Won,2017-04-27,2017-05-13,525.0,Telecom,1,525.0,16,0.6962025316455697,6,1,2
FQ4QOS8U,Anna Snelling,GTX Basic,Dontechi,Lost,2017-04-28,2017-04-29,0.0,Shipping,0,0.0,1,0.6190476190476191,5,1,1
XW9U35NQ,Anna Snelling,GTX Plus Basic,Scottech,Lost,2017-04-28,2017-09-06,0.0,Banking,0,0.0,131,0.6190476190476191,0,1,2
066V2ZGP,Anna Snelling,MG Advanced,Rangreen,Won,2017-04-28,2017-08-14,3334.0,Energy,1,3334.0,108,0.6190476190476191,1,1,1
YUH42UOF,Cassey Cress,GTX Basic,Initech,Lost,2017-04-28,2017-05-12,0.0,Banking,0,0.0,14,0.6245210727969349,0,1,1
XZF4GG94,Daniell Hammack,GTX Plus Basic,Donquadtech,Lost,2017-04-28,2017-04-30,0.0,Shipping,0,0.0,2,0.6096256684491979,5,1,1
QAKLPDKQ,Donn Cantrell,GTXPro,Ganjaflex,Lost,2017-04-28,2017-04-29,0.0,Retail,0,0.0,1,0.5745454545454546,4,1,2
731TOWDY,Elease Gluck,GTK 500,Labdrill,Won,2017-04-28,2017-06-18,27385.0,Energy,1,27385.0,51,0.6349206349206349,1,1,0
KOI7M0RU,Jonathan Berthelot,GTX Basic,Konmatfix,Lost,2017-04-28,2017-08-15,0.0,Shipping,0,0.0,109,0.6477272727272727,5,1,1
KXY0TY2K,Markita Hansen,GTX Plus Basic,Lexiqvolax,Lost,2017-04-28,2017-04-29,0.0,Public Sector,0,0.0,1,0.5726872246696035,3,1,0
UNSJJUY4,Moses Frase,GTX Basic,Warephase,Won,2017-04-28,2017-08-14,599.0,Retail,1,599.0,108,0.6615384615384615,4,1,0
XNO6DQPU,Rosie Papadopoulos,MG Special,Mathtouch,Won,2017-04-28,2017-05-03,64.0,Energy,1,64.0,5,0.6446280991735537,1,1,2
A2HLNPEL,Vicki Laflamme,GTXPro,Scotfind,Lost,2017-04-28,2017-05-06,0.0,Telecom,0,0.0,8,0.6368876080691642,6,1,0
NENHRB3K,Vicki Laflamme,MG Advanced,Lexiqvolax,Lost,2017-04-28,2017-05-14,0.0,Public Sector,0,0.0,16,0.6368876080691642,3,1,0
PE3CL3ME,Violet Mclelland,MG Special,Kinnamplus,Lost,2017-04-28,2017-06-10,0.0,Telecom,0,0.0,43,0.6321243523316062,6,1,2
IE6TPFU9,Anna Snelling,GTX Plus Basic,Scottech,Won,2017-04-29,2017-05-15,918.0,Banking,1,918.0,16,0.6190476190476191,0,1,1
WWTJ5PNC,Daniell Hammack,MG Special,Bubba Gump,Won,2017-04-29,2017-05-04,60.0,Retail,1,60.0,5,0.6096256684491979,4,1,0
DH9CHQ02,Donn Cantrell,GTXPro,Ontomedia,Lost,2017-04-29,2017-05-10,0.0,Manufacturing,0,0.0,11,0.5745454545454546,2,1,2
S2ZN5NLA,Donn Cantrell,GTX Basic,Gekko & Co,Won,2017-04-29,2017-05-06,519.0,Telecom,1,519.0,7,0.5745454545454546,6,1,0
NEM0GXXH,James Ascencio,GTX Plus Pro,Scotfind,Won,2017-04-29,2017-05-04,4956.0,Telecom,1,4956.0,5,0.6553398058252428,6,1,0
E8LO9APO,Lajuana Vencill,GTX Basic,Treequote,Lost,2017-04-29,2017-05-17,0.0,Retail,0,0.0,18,0.5497835497835498,4,1,1
EQZGV36H,Lajuana Vencill,GTX Plus Pro,Rangreen,Won,2017-04-29,2017-08-08,5913.0,Energy,1,5913.0,101,0.5497835497835498,1,1,0
FZ1TTF0X,Moses Frase,GTX Basic,Bioholding,Lost,2017-04-29,2017-05-31,0.0,Banking,0,0.0,32,0.6615384615384615,0,1,2
DG6RIZ6R,Rosalina Dieter,GTX Plus Basic,Groovestreet,Won,2017-04-29,2017-08-21,1210.0,Retail,1,1210.0,114,0.6545454545454545,4,1,0
DH6L7VA6,Vicki Laflamme,MG Advanced,Labdrill,Lost,2017-04-29,2017-04-30,0.0,Energy,0,0.0,1,0.6368876080691642,1,1,1
9SBO74M5,Cecily Lampkin,MG Advanced,Genco Pura Olive Oil Company,Won,2017-04-30,2017-08-10,3139.0,Manufacturing,1,3139.0,102,0.66875,2,1,1
WHHVN372,Corliss Cosme,GTX Basic,Initech,Won,2017-04-30,2017-08-11,527.0,Banking,1,527.0,103,0.6550218340611353,0,1,2
PJKAJVUG,Darcel Schlecht,GTX Basic,Dontechi,Lost,2017-04-30,2017-05-04,0.0,Shipping,0,0.0,4,0.6311030741410488,5,1,1
FWTNRN0L,Hayden Neloms,GTX Plus Pro,Labdrill,Won,2017-04-30,2017-08-12,5408.0,Energy,1,5408.0,104,0.7039473684210527,1,1,0
TTNORNQI,Hayden Neloms,MG Special,Groovestreet,Won,2017-04-30,2017-08-12,62.0,Retail,1,62.0,104,0.7039473684210527,4,1,1
BGQ2F0HA,Jonathan Berthelot,GTX Basic,Domzoom,Won,2017-04-30,2017-05-13,586.0,Retail,1,586.0,13,0.6477272727272727,4,1,2
CY33L07I,Kami Bicknell,GTXPro,Nam-zim,Lost,2017-04-30,2017-05-01,0.0,Energy,0,0.0,1,0.6397058823529411,1,1,1
JGXLR3H3,Kary Hendrixson,GTX Basic,Lexiqvolax,Won,2017-04-30,2017-08-06,532.0,Public Sector,1,532.0,98,0.6238805970149254,3,1,1
ZNFFFJ1T,Kary Hendrixson,GTX Basic,Newex,Won,2017-04-30,2017-08-13,585.0,Energy,1,585.0,105,0.6238805970149254,1,1,1
T5JO33V3,Lajuana Vencill,GTX Basic,Ron-tech,Won,2017-04-30,2017-08-11,583.0,Manufacturing,1,583.0,103,0.5497835497835498,2,1,2
V7Y78MPU,Marty Freudenburg,GTX Basic,Rangreen,Won,2017-04-30,2017-09-02,433.0,Energy,1,433.0,125,0.6288659793814433,1,1,1
CNO8JPLA,Niesha Huffines,GTX Basic,Condax,Won,2017-04-30,2017-05-06,557.0,Banking,1,557.0,6,0.6,0,1,1
Y5OTY9O5,Reed Clapper,GTXPro,Opentech,Won,2017-04-30,2017-05-09,4704.0,Retail,1,4704.0,9,0.6540084388185654,4,1,0
I81SUA2R,Rosie Papadopoulos,GTXPro,Plussunin,Won,2017-04-30,2017-08-12,5182.0,Energy,1,5182.0,104,0.6446280991735537,1,1,2
2UHH7PD3,Zane Levy,GTXPro,Lexiqvolax,Won,2017-04-30,2017-05-13,5311.0,Public Sector,1,5311.0,13,0.6168582375478927,3,1,1
AZZEZKBN,Anna Snelling,GTX Plus Pro,Condax,Lost,2017-05-01,2017-05-18,0.0,Banking,0,0.0,17,0.6190476190476191,0,1,2
443ATESI,Anna Snelling,MG Special,Globex Corporation,Won,2017-05-01,2017-08-28,64.0,Retail,1,64.0,119,0.6190476190476191,4,1,1
4UN65HWV,Darcel Schlecht,GTX Plus Basic,Warephase,Won,2017-05-01,2017-08-23,878.0,Retail,1,878.0,114,0.6311030741410488,4,1,1
E5NRH4BP,Darcel Schlecht,MG Special,Genco Pura Olive Oil Company,Won,2017-05-01,2017-05-02,59.0,Manufacturing,1,59.0,1,0.6311030741410488,2,1,1
NK438B9U,Donn Cantrell,GTX Basic,Zotware,Lost,2017-05-01,2017-05-20,0.0,Banking,0,0.0,19,0.5745454545454546,0,1,0
KCTYAQOR,Gladys Colclough,GTXPro,Streethex,Lost,2017-05-01,2017-08-07,0.0,Banking,0,0.0,98,0.5818965517241379,0,1,0
RCNTHN0E,James Ascencio,MG Special,Singletechno,Won,2017-05-01,2017-08-20,65.0,Retail,1,65.0,111,0.6553398058252428,4,1,0
ZIFDD41D,Jonathan Berthelot,GTX Basic,Hottechi,Won,2017-05-01,2017-08-11,543.0,Public Sector,1,543.0,102,0.6477272727272727,3,1,2
A5BVV5P8,Kary Hendrixson,GTX Basic,Scotfind,Lost,2017-05-01,2017-06-12,0.0,Telecom,0,0.0,42,0.6238805970149254,6,1,2
JQNSK78U,Moses Frase,GTX Plus Pro,Condax,Lost,2017-05-01,2017-05-10,0.0,Banking,0,0.0,9,0.6615384615384615,0,1,0
C3OOZUTI,Moses Frase,GTX Plus Pro,Warephase,Lost,2017-05-01,2017-05-07,0.0,Retail,0,0.0,6,0.6615384615384615,4,1,2
FI0I7E73,Moses Frase,MG Advanced,Ron-tech,Won,2017-05-01,2017-05-08,3971.0,Manufacturing,1,3971.0,7,0.6615384615384615,2,1,1
523458T9,Niesha Huffines,GTX Basic,Scottech,Won,2017-05-01,2017-05-16,554.0,Banking,1,554.0,15,0.6,0,1,1
7FY0HBH7,Vicki Laflamme,MG Advanced,Cheers,Lost,2017-05-01,2017-06-26,0.0,Telecom,0,0.0,56,0.6368876080691642,6,1,1
GAIFPSU2,Vicki Laflamme,GTX Plus Basic,Fasehatice,Won,2017-05-01,2017-06-16,1273.0,Telecom,1,1273.0,46,0.6368876080691642,6,1,0
GBSK2HX8,Anna Snelling,GTX Plus Basic,Conecom,Won,2017-05-02,2017-05-11,1300.0,Shipping,1,1300.0,9,0.6190476190476191,5,1,2
59FN87JP,Boris Faz,GTX Plus Pro,Mathtouch,Lost,2017-05-02,2017-05-21,0.0,Energy,0,0.0,19,0.6601307189542484,1,1,0
OJ92D9QU,Elease Gluck,MG Special,Condax,Lost,2017-05-02,2017-08-14,0.0,Banking,0,0.0,104,0.6349206349206349,0,1,2
GYKFAK7W,Hayden Neloms,MG Advanced,Sonron,Won,2017-05-02,2017-05-10,3527.0,Manufacturing,1,3527.0,8,0.7039473684210527,2,1,1
GXBV5VYA,Jonathan Berthelot,GTX Basic,Rundofase,Won,2017-05-02,2017-05-06,526.0,Public Sector,1,526.0,4,0.6477272727272727,3,1,0
VXWUALY5,Kami Bicknell,MG Special,Condax,Lost,2017-05-02,2017-06-10,0.0,Banking,0,0.0,39,0.6397058823529411,0,1,2
IUDG3PF0,Lajuana Vencill,GTX Basic,Isdom,Lost,2017-05-02,2017-08-07,0.0,Retail,0,0.0,97,0.5497835497835498,4,1,2
DNUTJO70,Markita Hansen,GTX Basic,Hottechi,Won,2017-05-02,2017-06-22,569.0,Public Sector,1,569.0,51,0.5726872246696035,3,1,1
I631R5DT,Maureen Marcano,GTX Plus Pro,Scotfind,Won,2017-05-02,2017-05-14,6310.0,Telecom,1,6310.0,12,0.6995305164319249,6,1,0
V9XJAZPC,Moses Frase,MG Advanced,Globex Corporation,Lost,2017-05-02,2017-05-10,0.0,Retail,0,0.0,8,0.6615384615384615,4,1,0
OJPTGB57,Reed Clapper,GTX Plus Basic,Konex,Won,2017-05-02,2017-05-17,1135.0,Public Sector,1,1135.0,15,0.6540084388185654,3,1,0
QYTGB5LA,Versie Hillebrand,GTX Plus Pro,dambase,Won,2017-05-02,2017-08-19,5145.0,Retail,1,5145.0,109,0.6666666666666666,4,1,1
UCNEMT8P,Versie Hillebrand,MG Special,Cancity,Won,2017-05-02,2017-08-09,54.0,Public Sector,1,54.0,99,0.6666666666666666,3,1,0
7DDJHUWU,Vicki Laflamme,GTXPro,Scotfind,Lost,2017-05-02,2017-05-17,0.0,Telecom,0,0.0,15,0.6368876080691642,6,1,1
KOFE244J,Anna Snelling,MG Special,Codehow,Won,2017-05-03,2017-08-01,53.0,Telecom,1,53.0,90,0.6190476190476191,6,1,1
D3JR6WFQ,Boris Faz,GTX Basic,Umbrella Corporation,Won,2017-05-03,2017-05-13,511.0,Public Sector,1,511.0,10,0.6601307189542484,3,1,1
OJMME9V9,Boris Faz,GTX Plus Pro,Konex,Won,2017-05-03,2017-08-25,5747.0,Public Sector,1,5747.0,114,0.6601307189542484,3,1,2
79IN4OVP,Cassey Cress,GTX Basic,Acme Corporation,Lost,2017-05-03,2017-08-01,0.0,Shipping,0,0.0,90,0.6245210727969349,5,1,0
2NPSMBLK,Darcel Schlecht,GTXPro,Codehow,Lost,2017-05-03,2017-08-08,0.0,Telecom,0,0.0,97,0.6311030741410488,6,1,0
NLKPA1KP,Darcel Schlecht,GTX Basic,Inity,Won,2017-05-03,2017-08-11,596.0,Manufacturing,1,596.0,100,0.6311030741410488,2,1,1
38EYB40T,Jonathan Berthelot,MG Special,Conecom,Won,2017-05-03,2017-05-14,60.0,Shipping,1,60.0,11,0.6477272727272727,5,1,1
3FZVCDW0,Kami Bicknell,GTXPro,Finjob,Won,2017-05-03,2017-05-04,4372.0,Manufacturing,1,4372.0,1,0.6397058823529411,2,1,0
2NTWE1G4,Kary Hendrixson,GTXPro,Xx-holding,Won,2017-05-03,2017-05-08,4604.0,Telecom,1,4604.0,5,0.6238805970149254,6,1,1
SHGSBZU8,Markita Hansen,MG Advanced,Goodsilron,Lost,2017-05-03,2017-05-13,0.0,Energy,0,0.0,10,0.5726872246696035,1,1,0
AETY0W6G,Reed Clapper,GTXPro,Betasoloin,Won,2017-05-03,2017-05-08,4859.0,Banking,1,4859.0,5,0.6540084388185654,0,1,2
A7F5O29R,Vicki Laflamme,MG Advanced,Zoomit,Won,2017-05-03,2017-08-03,3718.0,Energy,1,3718.0,92,0.6368876080691642,1,1,1
MIYAP26S,Violet Mclelland,MG Advanced,Sumace,Lost,2017-05-03,2017-05-19,0.0,Energy,0,0.0,16,0.6321243523316062,1,1,0
IEZCZAKT,Zane Levy,GTX Basic,Hottechi,Won,2017-05-03,2017-05-30,493.0,Public Sector,1,493.0,27,0.6168582375478927,3,1,1
PDMWTS8O,Anna Snelling,MG Special,Domzoom,Won,2017-05-04,2017-06-04,54.0,Retail,1,54.0,31,0.6190476190476191,4,1,0
OPEICJES,Anna Snelling,MG Special,Konmatfix,Won,2017-05-04,2017-06-09,52.0,Shipping,1,52.0,36,0.6190476190476191,5,1,0
10UN7LA8,Anna Snelling,MG Advanced,Rangreen,Won,2017-05-04,2017-06-23,3813.0,Energy,1,3813.0,50,0.6190476190476191,1,1,1
C2W2VHJY,Daniell Hammack,GTXPro,Vehement Capital Partners,Lost,2017-05-04,2017-08-04,0.0,Banking,0,0.0,92,0.6096256684491979,0,1,2
Z032GGRE,Darcel Schlecht,GTXPro,Dontechi,Won,2017-05-04,2017-08-12,4935.0,Shipping,1,4935.0,100,0.6311030741410488,5,1,0
I8WTUMTA,Darcel Schlecht,MG Advanced,Codehow,Won,2017-05-04,2017-08-17,3560.0,Telecom,1,3560.0,105,0.6311030741410488,6,1,0
P05J08B4,Jonathan Berthelot,GTXPro,Betatech,Lost,2017-05-04,2017-05-20,0.0,Public Sector,0,0.0,16,0.6477272727272727,3,1,0
GVCMT0GZ,Jonathan Berthelot,GTXPro,Statholdings,Lost,2017-05-04,2017-08-25,0.0,Manufacturing,0,0.0,113,0.6477272727272727,2,1,2
58SGEGN8,Lajuana Vencill,GTX Basic,Ron-tech,Lost,2017-05-04,2017-05-10,0.0,Manufacturing,0,0.0,6,0.5497835497835498,2,1,2
LZLXBQ0I,Lajuana Vencill,GTX Plus Basic,Betatech,Lost,2017-05-04,2017-08-20,0.0,Public Sector,0,0.0,108,0.5497835497835498,3,1,1
1L2S3CMT,Lajuana Vencill,MG Advanced,Zumgoity,Lost,2017-05-04,2017-08-27,0.0,Public Sector,0,0.0,115,0.5497835497835498,3,1,2
CE852VBF,Niesha Huffines,GTX Plus Basic,Stanredtax,Lost,2017-05-04,2017-08-25,0.0,Retail,0,0.0,113,0.6,4,1,1
KTX7ETCE,Niesha Huffines,GTX Basic,Genco Pura Olive Oil Company,Won,2017-05-04,2017-08-05,528.0,Manufacturing,1,528.0,93,0.6,2,1,1
JEPAVEO7,Niesha Huffines,GTX Plus Basic,Stanredtax,Won,2017-05-04,2017-06-20,1188.0,Retail,1,1188.0,47,0.6,4,1,2
4T9CQH5J,Reed Clapper,GTX Plus Pro,Xx-zobam,Lost,2017-05-04,2017-09-15,0.0,Manufacturing,0,0.0,134,0.6540084388185654,2,1,1
51T70SQX,Versie Hillebrand,MG Advanced,Dontechi,Lost,2017-05-04,2017-05-10,0.0,Shipping,0,0.0,6,0.6666666666666666,5,1,2
SUYF0EN7,Versie Hillebrand,GTX Basic,Betatech,Won,2017-05-04,2017-08-09,590.0,Public Sector,1,590.0,97,0.6666666666666666,3,1,1
S2D060YF,Vicki Laflamme,GTX Basic,Y-corporation,Won,2017-05-04,2017-08-14,578.0,Manufacturing,1,578.0,102,0.6368876080691642,2,1,2
DE5WRZ6B,Violet Mclelland,GTXPro,Gekko & Co,Lost,2017-05-04,2017-08-06,0.0,Telecom,0,0.0,94,0.6321243523316062,6,1,2
N6CXTO48,Zane Levy,GTX Basic,Lexiqvolax,Lost,2017-05-04,2017-05-09,0.0,Public Sector,0,0.0,5,0.6168582375478927,3,1,1
4Z7B0OQB,Anna Snelling,MG Advanced,Bioholding,Lost,2017-05-05,2017-08-15,0.0,Banking,0,0.0,102,0.6190476190476191,0,1,0
70TRVHOM,Cassey Cress,GTXPro,Donquadtech,Won,2017-05-05,2017-08-05,4697.0,Shipping,1,4697.0,92,0.6245210727969349,5,1,1
0G0S9TB8,Donn Cantrell,GTXPro,Ontomedia,Lost,2017-05-05,2017-08-13,0.0,Manufacturing,0,0.0,100,0.5745454545454546,2,1,2
U43RA5W8,Donn Cantrell,GTXPro,Ontomedia,Lost,2017-05-05,2017-05-30,0.0,Manufacturing,0,0.0,25,0.5745454545454546,2,1,0
SOE904XE,Donn Cantrell,GTX Plus Basic,Kinnamplus,Won,2017-05-05,2017-08-26,1161.0,Telecom,1,1161.0,113,0.5745454545454546,6,1,1
C64JTLGO,Donn Cantrell,GTX Plus Basic,Vehement Capital Partners,Won,2017-05-05,2017-05-06,1101.0,Banking,1,1101.0,1,0.5745454545454546,0,1,1
F9XJYM9F,Jonathan Berthelot,GTX Basic,Inity,Won,2017-05-05,2017-08-12,511.0,Manufacturing,1,511.0,99,0.6477272727272727,2,1,1
XWN6WWOD,Jonathan Berthelot,MG Special,Condax,Won,2017-05-05,2017-08-01,57.0,Banking,1,57.0,88,0.6477272727272727,0,1,0
17MPPMM0,Kami Bicknell,MG Special,Xx-holding,Lost,2017-05-05,2017-05-12,0.0,Telecom,0,0.0,7,0.6397058823529411,6,1,2
FV6PHMQW,Kami Bicknell,GTX Basic,Singletechno,Won,2017-05-05,2017-05-21,635.0,Retail,1,635.0,16,0.6397058823529411,4,1,1
NX2K0HQ9,Kami Bicknell,GTXPro,Nam-zim,Won,2017-05-05,2017-08-16,4352.0,Energy,1,4352.0,103,0.6397058823529411,1,1,1
T5GZDRDE,Kary Hendrixson,MG Special,Y-corporation,Lost,2017-05-05,2017-05-16,0.0,Manufacturing,0,0.0,11,0.6238805970149254,2,1,1
91G2ZW58,Lajuana Vencill,GTX Plus Pro,Rangreen,Lost,2017-05-05,2017-05-10,0.0,Energy,0,0.0,5,0.5497835497835498,1,1,1
H2PEIFZH,Lajuana Vencill,MG Advanced,Domzoom,Won,2017-05-05,2017-05-08,3952.0,Retail,1,3952.0,3,0.5497835497835498,4,1,1
V8M89S4W,Markita Hansen,GTX Basic,Kan-code,Won,2017-05-05,2017-05-06,560.0,Public Sector,1,560.0,1,0.5726872246696035,3,1,2
5QR02PQI,Marty Freudenburg,GTX Plus Basic,Bioholding,Lost,2017-05-05,2017-05-08,0.0,Banking,0,0.0,3,0.6288659793814433,0,1,2
WB974HS4,Niesha Huffines,GTX Plus Basic,Funholding,Won,2017-05-05,2017-09-18,984.0,Retail,1,984.0,136,0.6,4,1,1
L6VDDXFV,Reed Clapper,MG Advanced,Vehement Capital Partners,Lost,2017-05-05,2017-05-11,0.0,Banking,0,0.0,6,0.6540084388185654,0,1,0
B0MOQZVN,Vicki Laflamme,GTX Basic,Sonron,Won,2017-05-05,2017-05-14,579.0,Manufacturing,1,579.0,9,0.6368876080691642,2,1,2
09C4GR2W,Vicki Laflamme,GTX Plus Basic,Groovestreet,Won,2017-05-05,2017-08-10,1151.0,Retail,1,1151.0,97,0.6368876080691642,4,1,0
6YN4FZHL,Violet Mclelland,GTX Plus Basic,Donware,Won,2017-05-05,2017-08-25,881.0,Banking,1,881.0,112,0.6321243523316062,0,1,2
45CION64,Violet Mclelland,MG Special,Umbrella Corporation,Won,2017-05-05,2017-08-17,59.0,Public Sector,1,59.0,104,0.6321243523316062,3,1,1
BSQRXW4X,Zane Levy,GTX Basic,Plexzap,Won,2017-05-05,2017-05-12,608.0,Manufacturing,1,608.0,7,0.6168582375478927,2,1,2
PYEQPW42,Anna Snelling,GTX Plus Pro,Dontechi,Won,2017-05-06,2017-05-09,4784.0,Shipping,1,4784.0,3,0.6190476190476191,5,1,1
5NW73ZRY,Boris Faz,MG Advanced,Acme Corporation,Won,2017-05-06,2017-05-22,3370.0,Shipping,1,3370.0,16,0.6601307189542484,5,1,2
0P8NFYML,Cassey Cress,MG Special,Betasoloin,Lost,2017-05-06,2017-05-24,0.0,Banking,0,0.0,18,0.6245210727969349,0,1,1
1Y9KPBXY,Darcel Schlecht,GTX Plus Basic,Funholding,Lost,2017-05-06,2017-09-10,0.0,Retail,0,0.0,127,0.6311030741410488,4,1,1
0AR9HD16,Darcel Schlecht,GTX Basic,Funholding,Won,2017-05-06,2017-08-17,526.0,Retail,1,526.0,103,0.6311030741410488,4,1,1
Q72BVH8T,Donn Cantrell,GTX Plus Basic,Mathtouch,Lost,2017-05-06,2017-05-12,0.0,Energy,0,0.0,6,0.5745454545454546,1,1,1
OH7VVUY0,Gladys Colclough,GTXPro,Hottechi,Won,2017-05-06,2017-06-29,5028.0,Public Sector,1,5028.0,54,0.5818965517241379,3,1,0
4DPSFUEC,Jonathan Berthelot,GTX Basic,Condax,Lost,2017-05-06,2017-05-23,0.0,Banking,0,0.0,17,0.6477272727272727,0,1,1
BB7JH1C4,Jonathan Berthelot,GTXPro,Isdom,Lost,2017-05-06,2017-05-18,0.0,Retail,0,0.0,12,0.6477272727272727,4,1,0
FLJCJ7IE,Lajuana Vencill,GTX Basic,Codehow,Lost,2017-05-06,2017-05-18,0.0,Telecom,0,0.0,12,0.5497835497835498,6,1,0
7T109BBY,Lajuana Vencill,GTX Basic,dambase,Lost,2017-05-06,2017-05-20,0.0,Retail,0,0.0,14,0.5497835497835498,4,1,1
4JVY843T,Lajuana Vencill,MG Advanced,Streethex,Lost,2017-05-06,2017-05-23,0.0,Banking,0,0.0,17,0.5497835497835498,0,1,0
INI33ALF,Moses Frase,GTX Basic,Genco Pura Olive Oil Company,Won,2017-05-06,2017-05-22,569.0,Manufacturing,1,569.0,16,0.6615384615384615,2,1,2
D3M1KUQ2,Niesha Huffines,MG Special,Codehow,Lost,2017-05-06,2017-05-26,0.0,Telecom,0,0.0,20,0.6,6,1,1
NOO83M87,Rosie Papadopoulos,GTX Plus Pro,Gekko & Co,Lost,2017-05-06,2017-08-02,0.0,Telecom,0,0.0,88,0.6446280991735537,6,1,0
8G9Q7NXD,Rosie Papadopoulos,MG Special,Kan-code,Won,2017-05-06,2017-08-09,51.0,Public Sector,1,51.0,95,0.6446280991735537,3,1,1
IRCBYH9Z,Anna Snelling,GTX Plus Basic,dambase,Lost,2017-05-07,2017-08-30,0.0,Retail,0,0.0,115,0.6190476190476191,4,1,1
559PYA0L,Cassey Cress,MG Advanced,Bubba Gump,Won,2017-05-07,2017-05-21,4287.0,Retail,1,4287.0,14,0.6245210727969349,4,1,1
237L2CSV,Corliss Cosme,GTXPro,Ontomedia,Won,2017-05-07,2017-05-15,3960.0,Manufacturing,1,3960.0,8,0.6550218340611353,2,1,0
AS7MJ0S1,Donn Cantrell,GTXPro,Konex,Lost,2017-05-07,2017-05-09,0.0,Public Sector,0,0.0,2,0.5745454545454546,3,1,2
INAEAAI9,Jonathan Berthelot,GTX Plus Basic,Codehow,Won,2017-05-07,2017-09-02,1093.0,Telecom,1,1093.0,118,0.6477272727272727,6,1,2
1XNXJUQM,Jonathan Berthelot,GTX Plus Basic,Warephase,Won,2017-05-07,2017-08-10,1194.0,Retail,1,1194.0,95,0.6477272727272727,4,1,0
Z64MQTF2,Jonathan Berthelot,GTXPro,Rangreen,Won,2017-05-07,2017-08-14,5310.0,Energy,1,5310.0,99,0.6477272727272727,1,1,1
BM0QXHMH,Kami Bicknell,GTX Plus Basic,Blackzim,Lost,2017-05-07,2017-08-04,0.0,Telecom,0,0.0,89,0.6397058823529411,6,1,0
ARY1F1KN,Kary Hendrixson,GTX Plus Basic,Fasehatice,Lost,2017-05-07,2017-05-20,0.0,Telecom,0,0.0,13,0.6238805970149254,6,1,0
XPCDFUDY,Lajuana Vencill,GTX Basic,Hottechi,Lost,2017-05-07,2017-08-03,0.0,Public Sector,0,0.0,88,0.5497835497835498,3,1,0
VDOUNMRC,Maureen Marcano,GTX Plus Basic,Golddex,Won,2017-05-07,2017-08-08,1222.0,Manufacturing,1,1222.0,93,0.6995305164319249,2,1,1
TEKCKT3V,Moses Frase,GTX Plus Basic,Inity,Won,2017-05-07,2017-08-05,901.0,Manufacturing,1,901.0,90,0.6615384615384615,2,1,0
1WJT7CM8,Reed Clapper,MG Advanced,Ontomedia,Lost,2017-05-07,2017-08-26,0.0,Manufacturing,0,0.0,111,0.6540084388185654,2,1,1
96A1GDXO,Reed Clapper,GTX Plus Pro,Kan-code,Won,2017-05-07,2017-08-01,5601.0,Public Sector,1,5601.0,86,0.6540084388185654,3,1,0
AAU2IQFW,Wilburn Farren,GTX Plus Basic,Donquadtech,Won,2017-05-07,2017-08-05,995.0,Shipping,1,995.0,90,0.6962025316455697,5,1,2
PRHL94PK,Wilburn Farren,MG Advanced,Xx-zobam,Won,2017-05-07,2017-08-05,3666.0,Manufacturing,1,3666.0,90,0.6962025316455697,2,1,0
3WC1FUFP,Anna Snelling,GTX Plus Basic,Zumgoity,Lost,2017-05-08,2017-05-18,0.0,Public Sector,0,0.0,10,0.6190476190476191,3,1,0
SHG8Y43V,Anna Snelling,MG Special,Scottech,Won,2017-05-08,2017-05-19,56.0,Banking,1,56.0,11,0.6190476190476191,0,1,2
1O2ZN81M,Cassey Cress,GTX Plus Basic,Initech,Won,2017-05-08,2017-05-17,1372.0,Banking,1,1372.0,9,0.6245210727969349,0,1,1
J6T6BTJI,Daniell Hammack,MG Advanced,Bluth Company,Won,2017-05-08,2017-08-01,3282.0,Energy,1,3282.0,85,0.6096256684491979,1,1,1
0WO582AV,Darcel Schlecht,GTXPro,Dontechi,Lost,2017-05-08,2017-08-06,0.0,Shipping,0,0.0,90,0.6311030741410488,5,1,0
JTTLDM4E,Elease Gluck,MG Special,Dalttechnology,Won,2017-05-08,2017-08-18,43.0,Shipping,1,43.0,102,0.6349206349206349,5,1,2
8KQH5XI1,Elease Gluck,MG Special,Newex,Won,2017-05-08,2017-09-05,54.0,Energy,1,54.0,120,0.6349206349206349,1,1,1
1Q5XFO8D,Jonathan Berthelot,GTX Basic,Stanredtax,Lost,2017-05-08,2017-08-21,0.0,Retail,0,0.0,105,0.6477272727272727,4,1,0
A3PNPLTG,Kami Bicknell,GTX Basic,Cheers,Won,2017-05-08,2017-05-16,575.0,Telecom,1,575.0,8,0.6397058823529411,6,1,2
03CWYGC9,Kami Bicknell,GTX Plus Basic,Hottechi,Won,2017-05-08,2017-08-10,768.0,Public Sector,1,768.0,94,0.6397058823529411,3,1,1
FSEF5ZR9,Kami Bicknell,GTXPro,Singletechno,Won,2017-05-08,2017-09-12,4426.0,Retail,1,4426.0,127,0.6397058823529411,4,1,1
N23C5EKK,Lajuana Vencill,GTX Basic,Betatech,Lost,2017-05-08,2017-05-10,0.0,Public Sector,0,0.0,2,0.5497835497835498,3,1,2
S9K81CWS,Lajuana Vencill,GTX Basic,Konmatfix,Won,2017-05-08,2017-08-20,553.0,Shipping,1,553.0,104,0.5497835497835498,5,1,2
PJ00PLEU,Marty Freudenburg,GTX Plus Pro,Codehow,Lost,2017-05-08,2017-05-20,0.0,Telecom,0,0.0,12,0.6288659793814433,6,1,2
3F8AA8RT,Maureen Marcano,GTX Plus Basic,Green-Plus,Lost,2017-05-08,2017-08-05,0.0,Retail,0,0.0,89,0.6995305164319249,4,1,2
4NAHJMYM,Maureen Marcano,GTX Plus Pro,Zoomit,Won,2017-05-08,2017-09-18,4786.0,Energy,1,4786.0,133,0.6995305164319249,1,1,0
6KVOMBDJ,Moses Frase,MG Advanced,Rundofase,Lost,2017-05-08,2017-05-23,0.0,Public Sector,0,0.0,15,0.6615384615384615,3,1,2
TFS5SYN2,Reed Clapper,GTXPro,The New York Inquirer,Lost,2017-05-08,2017-05-17,0.0,Banking,0,0.0,9,0.6540084388185654,0,1,1
N7KJ821I,Versie Hillebrand,GTX Plus Pro,Inity,Lost,2017-05-08,2017-08-02,0.0,Manufacturing,0,0.0,86,0.6666666666666666,2,1,1
YCKKT5ME,Versie Hillebrand,MG Special,Ron-tech,Lost,2017-05-08,2017-08-19,0.0,Manufacturing,0,0.0,103,0.6666666666666666,2,1,0
HI2E8TBI,Versie Hillebrand,GTX Plus Pro,dambase,Won,2017-05-08,2017-05-16,5338.0,Retail,1,5338.0,8,0.6666666666666666,4,1,1
Q54L8P6I,Zane Levy,GTX Basic,Scotfind,Lost,2017-05-08,2017-05-15,0.0,Telecom,0,0.0,7,0.6168582375478927,6,1,1
XSB7IN6X,Anna Snelling,GTX Plus Basic,Statholdings,Won,2017-05-09,2017-08-31,996.0,Manufacturing,1,996.0,114,0.6190476190476191,2,1,2
FQW15KC4,Cassey Cress,MG Advanced,Gekko & Co,Lost,2017-05-09,2017-05-20,0.0,Telecom,0,0.0,11,0.6245210727969349,6,1,1
G17H7YXA,Cecily Lampkin,MG Special,Dontechi,Won,2017-05-09,2017-08-09,63.0,Shipping,1,63.0,92,0.66875,5,1,0
XOE5EU8U,Daniell Hammack,GTX Plus Basic,Opentech,Lost,2017-05-09,2017-08-17,0.0,Retail,0,0.0,100,0.6096256684491979,4,1,2
WEB7LYK0,Darcel Schlecht,GTX Plus Basic,Inity,Won,2017-05-09,2017-05-19,1075.0,Manufacturing,1,1075.0,10,0.6311030741410488,2,1,2
N4Z3QYK7,Darcel Schlecht,GTXPro,Warephase,Won,2017-05-09,2017-05-24,5033.0,Retail,1,5033.0,15,0.6311030741410488,4,1,0
JECCHO49,Darcel Schlecht,MG Advanced,Rundofase,Won,2017-05-09,2017-06-26,3249.0,Public Sector,1,3249.0,48,0.6311030741410488,3,1,2
QUOU67L5,Gladys Colclough,GTX Plus Basic,Globex Corporation,Won,2017-05-09,2017-08-14,1015.0,Retail,1,1015.0,97,0.5818965517241379,4,1,2
SSZHMEE3,Jonathan Berthelot,GTX Basic,Stanredtax,Lost,2017-05-09,2017-06-27,0.0,Retail,0,0.0,49,0.6477272727272727,4,1,0
WUE92JFJ,Jonathan Berthelot,GTX Plus Basic,Gogozoom,Won,2017-05-09,2017-05-16,1100.0,Telecom,1,1100.0,7,0.6477272727272727,6,1,2
EYNZMBI0,Kami Bicknell,GTX Plus Pro,Blackzim,Won,2017-05-09,2017-09-13,4755.0,Telecom,1,4755.0,127,0.6397058823529411,6,1,0
LPOOKZCQ,Kary Hendrixson,GTX Basic,Kan-code,Lost,2017-05-09,2017-08-08,0.0,Public Sector,0,0.0,91,0.6238805970149254,3,1,0
OCHUEK3V,Markita Hansen,GTX Plus Basic,Konex,Lost,2017-05-09,2017-05-19,0.0,Public Sector,0,0.0,10,0.5726872246696035,3,1,1
DU0DYV80,Markita Hansen,GTXPro,Golddex,Lost,2017-05-09,2017-06-30,0.0,Manufacturing,0,0.0,52,0.5726872246696035,2,1,1
3C5KXGO6,Markita Hansen,GTX Basic,J-Texon,Won,2017-05-09,2017-05-10,541.0,Telecom,1,541.0,1,0.5726872246696035,6,1,2
95532CI0,Markita Hansen,GTXPro,Hatfan,Won,2017-05-09,2017-06-02,4815.0,Public Sector,1,4815.0,24,0.5726872246696035,3,1,2
Q0MRZHN7,Maureen Marcano,MG Special,Konex,Won,2017-05-09,2017-05-12,57.0,Public Sector,1,57.0,3,0.6995305164319249,3,1,0
WAN7I53E,Niesha Huffines,GTX Plus Basic,Ron-tech,Lost,2017-05-09,2017-05-20,0.0,Manufacturing,0,0.0,11,0.6,2,1,2
6C1DLYBH,Niesha Huffines,MG Special,Ron-tech,Lost,2017-05-09,2017-08-22,0.0,Manufacturing,0,0.0,105,0.6,2,1,0
ZC3UEHXG,Reed Clapper,GTX Plus Pro,Opentech,Won,2017-05-09,2017-05-17,5406.0,Retail,1,5406.0,8,0.6540084388185654,4,1,0
HJBVO8T4,Vicki Laflamme,GTX Basic,Fasehatice,Lost,2017-05-09,2017-06-21,0.0,Telecom,0,0.0,43,0.6368876080691642,6,1,2
5CJQB25J,Vicki Laflamme,MG Advanced,Xx-holding,Lost,2017-05-09,2017-08-04,0.0,Telecom,0,0.0,87,0.6368876080691642,6,1,0
O22S564Y,Zane Levy,GTX Plus Pro,Goodsilron,Won,2017-05-09,2017-05-20,5042.0,Energy,1,5042.0,11,0.6168582375478927,1,1,1
UO62J3M0,Zane Levy,GTXPro,Rantouch,Won,2017-05-09,2017-05-23,3969.0,Energy,1,3969.0,14,0.6168582375478927,1,1,2
KLZ95C62,Anna Snelling,MG Special,dambase,Lost,2017-05-10,2017-08-21,0.0,Retail,0,0.0,103,0.6190476190476191,4,1,1
ROBBKT4T,Anna Snelling,MG Special,Isdom,Won,2017-05-10,2017-08-04,59.0,Retail,1,59.0,86,0.6190476190476191,4,1,2
FPTY1B79,Cassey Cress,GTX Basic,Sumace,Won,2017-05-10,2017-05-16,629.0,Energy,1,629.0,6,0.6245210727969349,1,1,0
AP3405RD,Cecily Lampkin,MG Special,Dontechi,Won,2017-05-10,2017-05-16,57.0,Shipping,1,57.0,6,0.66875,5,1,2
AVZ1BG3K,Corliss Cosme,MG Advanced,Konex,Lost,2017-05-10,2017-05-14,0.0,Public Sector,0,0.0,4,0.6550218340611353,3,1,1
FXLA39YR,Corliss Cosme,GTXPro,Silis,Won,2017-05-10,2017-08-06,4861.0,Public Sector,1,4861.0,88,0.6550218340611353,3,1,0
Q9GJ1LJT,Daniell Hammack,MG Advanced,Plussunin,Lost,2017-05-10,2017-09-03,0.0,Energy,0,0.0,116,0.6096256684491979,1,1,2
P9VFKNR0,Darcel Schlecht,GTXPro,Dontechi,Lost,2017-05-10,2017-08-01,0.0,Shipping,0,0.0,83,0.6311030741410488,5,1,2
WQ5WIP35,Darcel Schlecht,GTX Plus Basic,Zumgoity,Won,2017-05-10,2017-05-30,980.0,Public Sector,1,980.0,20,0.6311030741410488,3,1,2
X5YVW7O5,Donn Cantrell,GTX Plus Pro,Umbrella Corporation,Lost,2017-05-10,2017-05-17,0.0,Public Sector,0,0.0,7,0.5745454545454546,3,1,1
DWCDI7Q2,Donn Cantrell,MG Advanced,Zotware,Lost,2017-05-10,2017-05-22,0.0,Banking,0,0.0,12,0.5745454545454546,0,1,1
XH01XH1F,Garret Kinder,GTXPro,Kan-code,Lost,2017-05-10,2017-08-24,0.0,Public Sector,0,0.0,106,0.6097560975609756,3,1,2
U48PDN1F,Gladys Colclough,GTXPro,Cancity,Won,2017-05-10,2017-08-10,5361.0,Public Sector,1,5361.0,92,0.5818965517241379,3,1,0
QO0MQUOY,James Ascencio,MG Advanced,Labdrill,Lost,2017-05-10,2017-08-11,0.0,Energy,0,0.0,93,0.6553398058252428,1,1,0
UMMMBBS6,Kami Bicknell,GTX Basic,Goodsilron,Lost,2017-05-10,2017-08-25,0.0,Energy,0,0.0,107,0.6397058823529411,1,1,1
53ZXALR1,Kary Hendrixson,GTX Plus Basic,Faxquote,Won,2017-05-10,2017-09-14,1220.0,Telecom,1,1220.0,127,0.6238805970149254,6,1,0
VQUCVSOL,Markita Hansen,MG Special,Doncon,Lost,2017-05-10,2017-05-22,0.0,Shipping,0,0.0,12,0.5726872246696035,5,1,1
2NN7T8LG,Markita Hansen,MG Advanced,Singletechno,Lost,2017-05-10,2017-05-16,0.0,Retail,0,0.0,6,0.5726872246696035,4,1,2
SLCWM9BH,Markita Hansen,GTX Basic,Scotfind,Won,2017-05-10,2017-09-04,464.0,Telecom,1,464.0,117,0.5726872246696035,6,1,1
974QGNBZ,Marty Freudenburg,MG Advanced,Genco Pura Olive Oil Company,Won,2017-05-10,2017-05-24,3604.0,Manufacturing,1,3604.0,14,0.6288659793814433,2,1,1
T8E8EDZS,Moses Frase,GTX Basic,Finhigh,Won,2017-05-10,2017-08-21,529.0,Banking,1,529.0,103,0.6615384615384615,0,1,2
9C2RRH1Q,Niesha Huffines,GTX Plus Basic,Toughzap,Lost,2017-05-10,2017-09-19,0.0,Retail,0,0.0,132,0.6,4,1,0
H26RG9KC,Rosalina Dieter,MG Advanced,Green-Plus,Lost,2017-05-10,2017-05-18,0.0,Retail,0,0.0,8,0.6545454545454545,4,1,1
R034IT17,Rosie Papadopoulos,MG Special,Bubba Gump,Won,2017-05-10,2017-05-12,54.0,Retail,1,54.0,2,0.6446280991735537,4,1,1
H6CG7TPM,Violet Mclelland,GTX Plus Basic,Acme Corporation,Won,2017-05-10,2017-05-28,1022.0,Shipping,1,1022.0,18,0.6321243523316062,5,1,2
KV1EXWQG,Anna Snelling,GTX Plus Basic,Ron-tech,Lost,2017-05-11,2017-08-03,0.0,Manufacturing,0,0.0,84,0.6190476190476191,2,1,0
P4GX3HZH,Anna Snelling,MG Special,Dontechi,Won,2017-05-11,2017-05-26,52.0,Shipping,1,52.0,15,0.6190476190476191,5,1,1
GACP1E2I,Darcel Schlecht,GTXPro,Bioholding,Won,2017-05-11,2017-08-11,5037.0,Banking,1,5037.0,92,0.6311030741410488,0,1,2
ASW97JK3,Darcel Schlecht,GTXPro,Globex Corporation,Won,2017-05-11,2017-06-29,4709.0,Retail,1,4709.0,49,0.6311030741410488,4,1,1
XBYJ3NUR,Darcel Schlecht,MG Special,Treequote,Won,2017-05-11,2017-05-20,60.0,Retail,1,60.0,9,0.6311030741410488,4,1,2
4Q2GV039,Darcel Schlecht,MG Advanced,Stanredtax,Won,2017-05-11,2017-08-24,3766.0,Retail,1,3766.0,105,0.6311030741410488,4,1,0
ZA1YVJQC,Garret Kinder,MG Advanced,Donquadtech,Won,2017-05-11,2017-08-11,3552.0,Shipping,1,3552.0,92,0.6097560975609756,5,1,0
59XUUWAQ,Kami Bicknell,MG Special,Blackzim,Lost,2017-05-11,2017-09-02,0.0,Telecom,0,0.0,114,0.6397058823529411,6,1,0
GGXEKX47,Kami Bicknell,MG Advanced,Groovestreet,Lost,2017-05-11,2017-08-03,0.0,Retail,0,0.0,84,0.6397058823529411,4,1,0
N00L26DN,Kary Hendrixson,GTXPro,Kan-code,Lost,2017-05-11,2017-05-30,0.0,Public Sector,0,0.0,19,0.6238805970149254,3,1,1
8JP05QQR,Markita Hansen,MG Advanced,Fasehatice,Lost,2017-05-11,2017-08-03,0.0,Telecom,0,0.0,84,0.5726872246696035,6,1,1
0BG8WJSX,Maureen Marcano,GTX Basic,Finjob,Lost,2017-05-11,2017-05-22,0.0,Manufacturing,0,0.0,11,0.6995305164319249,2,1,0
ZQVUQ5CJ,Moses Frase,GTX Basic,Treequote,Won,2017-05-11,2017-05-25,472.0,Retail,1,472.0,14,0.6615384615384615,4,1,0
ZFVG8LP2,Vicki Laflamme,MG Special,Cheers,Won,2017-05-11,2017-05-20,56.0,Telecom,1,56.0,9,0.6368876080691642,6,1,0
P2ST849C,Violet Mclelland,MG Special,Opentech,Won,2017-05-11,2017-06-16,57.0,Retail,1,57.0,36,0.6321243523316062,4,1,1
6CPBVF9F,Wilburn Farren,MG Advanced,Mathtouch,Lost,2017-05-11,2017-08-04,0.0,Energy,0,0.0,85,0.6962025316455697,1,1,0
6ID18IJX,Zane Levy,GTX Plus Basic,Newex,Won,2017-05-11,2017-08-17,776.0,Energy,1,776.0,98,0.6168582375478927,1,1,0
WSPM5X5V,Anna Snelling,MG Special,Gogozoom,Lost,2017-05-12,2017-05-23,0.0,Telecom,0,0.0,11,0.6190476190476191,6,1,0
7SF3PMMY,Cecily Lampkin,MG Special,Codehow,Won,2017-05-12,2017-06-10,61.0,Telecom,1,61.0,29,0.66875,6,1,2
CZF82O5B,Cecily Lampkin,MG Advanced,Hottechi,Won,2017-05-12,2017-05-27,3831.0,Public Sector,1,3831.0,15,0.66875,3,1,0
BLLYPR3S,Corliss Cosme,MG Advanced,Sumace,Lost,2017-05-12,2017-08-24,0.0,Energy,0,0.0,104,0.6550218340611353,1,1,2
6VLA3FDQ,Gladys Colclough,MG Special,Rangreen,Won,2017-05-12,2017-08-09,52.0,Energy,1,52.0,89,0.5818965517241379,1,1,2
YL98GKZF,James Ascencio,GTXPro,Golddex,Lost,2017-05-12,2017-08-01,0.0,Manufacturing,0,0.0,81,0.6553398058252428,2,1,0
G43QQLLF,Jonathan Berthelot,MG Advanced,dambase,Lost,2017-05-12,2017-05-20,0.0,Retail,0,0.0,8,0.6477272727272727,4,1,2
1DZNTUSA,Kami Bicknell,GTXPro,Lexiqvolax,Lost,2017-05-12,2017-05-20,0.0,Public Sector,0,0.0,8,0.6397058823529411,3,1,0
G5Z0FWAX,Kary Hendrixson,GTXPro,Konex,Lost,2017-05-12,2017-08-03,0.0,Public Sector,0,0.0,83,0.6238805970149254,3,1,1
Z3FOWY9N,Kary Hendrixson,GTX Plus Pro,Scotfind,Won,2017-05-12,2017-06-22,5698.0,Telecom,1,5698.0,41,0.6238805970149254,6,1,1
S4OLFL40,Lajuana Vencill,GTX Basic,Ron-tech,Won,2017-05-12,2017-05-22,595.0,Manufacturing,1,595.0,10,0.5497835497835498,2,1,1
LPY6VIZV,Marty Freudenburg,GTX Plus Pro,Codehow,Lost,2017-05-12,2017-08-12,0.0,Telecom,0,0.0,92,0.6288659793814433,6,1,1
QQ96SPTU,Maureen Marcano,GTX Plus Basic,Newex,Won,2017-05-12,2017-08-23,1144.0,Energy,1,1144.0,103,0.6995305164319249,1,1,2
5YLCW6L5,Moses Frase,MG Special,Finhigh,Won,2017-05-12,2017-09-15,61.0,Banking,1,61.0,126,0.6615384615384615,0,1,0
IQ8MEPW9,Reed Clapper,GTXPro,Acme Corporation,Lost,2017-05-12,2017-05-24,0.0,Shipping,0,0.0,12,0.6540084388185654,5,1,0
AZX4XC81,Reed Clapper,MG Advanced,Konex,Lost,2017-05-12,2017-08-13,0.0,Public Sector,0,0.0,93,0.6540084388185654,3,1,0
GO4G2L4X,Reed Clapper,MG Advanced,Plussunin,Won,2017-05-12,2017-05-15,3510.0,Energy,1,3510.0,3,0.6540084388185654,1,1,1
9HKP3RBS,Rosie Papadopoulos,GTX Basic,Konex,Won,2017-05-12,2017-08-04,513.0,Public Sector,1,513.0,84,0.6446280991735537,3,1,1
ER3G544S,Versie Hillebrand,MG Advanced,Toughzap,Lost,2017-05-12,2017-08-14,0.0,Retail,0,0.0,94,0.6666666666666666,4,1,0
YQFF7GFK,Versie Hillebrand,GTX Plus Basic,Inity,Won,2017-05-12,2017-08-11,1083.0,Manufacturing,1,1083.0,91,0.6666666666666666,2,1,1
1D1EJE8U,Vicki Laflamme,GTX Basic,Scotfind,Lost,2017-05-12,2017-05-26,0.0,Telecom,0,0.0,14,0.6368876080691642,6,1,0
5BAGWGAG,Vicki Laflamme,GTX Plus Pro,Condax,Won,2017-05-12,2017-08-23,5987.0,Banking,1,5987.0,103,0.6368876080691642,0,1,0
V1ROZMCX,Anna Snelling,GTX Plus Basic,dambase,Won,2017-05-13,2017-06-28,1041.0,Retail,1,1041.0,46,0.6190476190476191,4,1,0
CEQ3J96G,Anna Snelling,MG Special,Funholding,Won,2017-05-13,2017-08-04,54.0,Retail,1,54.0,83,0.6190476190476191,4,1,0
P96S0ATV,Boris Faz,MG Advanced,Massive Dynamic,Won,2017-05-13,2017-06-01,2677.0,Banking,1,2677.0,19,0.6601307189542484,0,1,0
GXKR6EG9,Cecily Lampkin,MG Advanced,Rundofase,Won,2017-05-13,2017-05-27,3558.0,Public Sector,1,3558.0,14,0.66875,3,1,0
XA4PGIHG,Corliss Cosme,GTX Basic,Sumace,Lost,2017-05-13,2017-08-08,0.0,Energy,0,0.0,87,0.6550218340611353,1,1,0
INBSL1I4,Corliss Cosme,GTX Plus Basic,Plussunin,Won,2017-05-13,2017-08-20,866.0,Energy,1,866.0,99,0.6550218340611353,1,1,1
4N2KE2ER,Darcel Schlecht,GTX Plus Basic,Condax,Won,2017-05-13,2017-08-24,987.0,Banking,1,987.0,103,0.6311030741410488,0,1,0
UJSFG18F,Darcel Schlecht,MG Advanced,Dontechi,Won,2017-05-13,2017-08-15,3290.0,Shipping,1,3290.0,94,0.6311030741410488,5,1,0
R9TWUEAT,Donn Cantrell,GTX Plus Pro,Xx-zobam,Lost,2017-05-13,2017-08-09,0.0,Manufacturing,0,0.0,88,0.5745454545454546,2,1,1
3K97S8L9,Donn Cantrell,MG Advanced,Donquadtech,Lost,2017-05-13,2017-05-19,0.0,Shipping,0,0.0,6,0.5745454545454546,5,1,1
QWR1O5R9,Donn Cantrell,MG Advanced,Mathtouch,Lost,2017-05-13,2017-05-17,0.0,Energy,0,0.0,4,0.5745454545454546,1,1,1
0MZIJDPM,Elease Gluck,MG Special,Faxquote,Won,2017-05-13,2017-09-13,54.0,Telecom,1,54.0,123,0.6349206349206349,6,1,0
FNQYVW3T,Hayden Neloms,GTX Plus Pro,Singletechno,Won,2017-05-13,2017-05-17,4627.0,Retail,1,4627.0,4,0.7039473684210527,4,1,2
CO6JN5NH,James Ascencio,GTX Basic,Green-Plus,Lost,2017-05-13,2017-08-22,0.0,Retail,0,0.0,101,0.6553398058252428,4,1,2
D6XIVDQF,Jonathan Berthelot,GTXPro,Codehow,Won,2017-05-13,2017-09-06,5625.0,Telecom,1,5625.0,116,0.6477272727272727,6,1,1
CQXYCHKN,Lajuana Vencill,GTX Basic,Genco Pura Olive Oil Company,Lost,2017-05-13,2017-05-15,0.0,Manufacturing,0,0.0,2,0.5497835497835498,2,1,2
TWXUDY78,Markita Hansen,MG Special,Singletechno,Won,2017-05-13,2017-08-23,57.0,Retail,1,57.0,102,0.5726872246696035,4,1,1
OPL7DH0Q,Niesha Huffines,GTX Plus Basic,Dontechi,Lost,2017-05-13,2017-08-24,0.0,Shipping,0,0.0,103,0.6,5,1,0
5VKRCTJE,Rosalina Dieter,GTX Plus Basic,Singletechno,Won,2017-05-13,2017-08-01,1032.0,Retail,1,1032.0,80,0.6545454545454545,4,1,2
7DDD3NZ2,Rosie Papadopoulos,GTX Basic,Opentech,Won,2017-05-13,2017-05-17,567.0,Retail,1,567.0,4,0.6446280991735537,4,1,0
QL97HH1Y,Versie Hillebrand,MG Special,Dontechi,Won,2017-05-13,2017-05-19,58.0,Shipping,1,58.0,6,0.6666666666666666,5,1,2
9KN4MG14,Anna Snelling,GTX Plus Pro,Gogozoom,Lost,2017-05-14,2017-08-25,0.0,Telecom,0,0.0,103,0.6190476190476191,6,1,0
4V3TLIGG,Anna Snelling,MG Special,Rundofase,Won,2017-05-14,2017-05-22,50.0,Public Sector,1,50.0,8,0.6190476190476191,3,1,2
BWRNVTNR,Cassey Cress,GTX Basic,Mathtouch,Lost,2017-05-14,2017-08-02,0.0,Energy,0,0.0,80,0.6245210727969349,1,1,0
0H4AHJRI,Daniell Hammack,GTX Basic,Bubba Gump,Lost,2017-05-14,2017-06-01,0.0,Retail,0,0.0,18,0.6096256684491979,4,1,0
S9WJ9NAS,Darcel Schlecht,MG Special,Gogozoom,Won,2017-05-14,2017-06-24,59.0,Telecom,1,59.0,41,0.6311030741410488,6,1,2
BCA3ICIO,Donn Cantrell,GTX Plus Pro,Umbrella Corporation,Lost,2017-05-14,2017-08-14,0.0,Public Sector,0,0.0,92,0.5745454545454546,3,1,0
F914VHA3,Donn Cantrell,GTX Basic,Bluth Company,Won,2017-05-14,2017-08-06,525.0,Energy,1,525.0,84,0.5745454545454546,1,1,0
1CZU97OX,James Ascencio,GTX Plus Pro,Singletechno,Won,2017-05-14,2017-08-02,5525.0,Retail,1,5525.0,80,0.6553398058252428,4,1,0
4BPA17HF,Maureen Marcano,GTX Basic,Zoomit,Won,2017-05-14,2017-05-28,628.0,Energy,1,628.0,14,0.6995305164319249,1,1,2
LAOGNZOU,Maureen Marcano,GTX Plus Basic,Hottechi,Won,2017-05-14,2017-05-22,902.0,Public Sector,1,902.0,8,0.6995305164319249,3,1,2
V3KGPHH9,Niesha Huffines,GTX Plus Basic,Stanredtax,Won,2017-05-14,2017-06-07,1064.0,Retail,1,1064.0,24,0.6,4,1,0
RNH95U0V,Reed Clapper,GTX Plus Pro,Zotware,Won,2017-05-14,2017-08-20,6346.0,Banking,1,6346.0,98,0.6540084388185654,0,1,0
ZJ1BOSNL,Reed Clapper,MG Advanced,Xx-zobam,Won,2017-05-14,2017-05-24,3089.0,Manufacturing,1,3089.0,10,0.6540084388185654,2,1,2
0X1AY1FM,Rosalina Dieter,MG Advanced,Sonron,Won,2017-05-14,2017-05-18,3484.0,Manufacturing,1,3484.0,4,0.6545454545454545,2,1,2
D821LEQV,Versie Hillebrand,MG Special,Isdom,Lost,2017-05-14,2017-08-24,0.0,Retail,0,0.0,102,0.6666666666666666,4,1,0
B1O27MFD,Versie Hillebrand,MG Special,Rundofase,Lost,2017-05-14,2017-08-06,0.0,Public Sector,0,0.0,84,0.6666666666666666,3,1,0
UOUG01WG,Versie Hillebrand,MG Special,Betatech,Won,2017-05-14,2017-05-16,68.0,Public Sector,1,68.0,2,0.6666666666666666,3,1,0
3X2HOUYU,Vicki Laflamme,GTX Basic,Fasehatice,Won,2017-05-14,2017-08-16,575.0,Telecom,1,575.0,94,0.6368876080691642,6,1,1
V135X5B7,Violet Mclelland,MG Advanced,Xx-zobam,Won,2017-05-14,2017-05-17,3720.0,Manufacturing,1,3720.0,3,0.6321243523316062,2,1,2
WUXGF870,Zane Levy,GTX Plus Pro,Hottechi,Lost,2017-05-14,2017-05-27,0.0,Public Sector,0,0.0,13,0.6168582375478927,3,1,1
ENE1HNL3,Cassey Cress,GTX Plus Basic,Bluth Company,Won,2017-05-15,2017-06-27,1078.0,Energy,1,1078.0,43,0.6245210727969349,1,1,2
C8SWZNON,Cassey Cress,GTXPro,Sumace,Won,2017-05-15,2017-05-23,3717.0,Energy,1,3717.0,8,0.6245210727969349,1,1,2
EXMA7FRC,Cecily Lampkin,GTX Plus Basic,Hottechi,Won,2017-05-15,2017-05-30,1129.0,Public Sector,1,1129.0,15,0.66875,3,1,2
8H1VRXAK,Daniell Hammack,GTX Basic,Umbrella Corporation,Won,2017-05-15,2017-09-15,536.0,Public Sector,1,536.0,123,0.6096256684491979,3,1,2
10QXTLQX,Daniell Hammack,GTXPro,Acme Corporation,Won,2017-05-15,2017-06-25,5857.0,Shipping,1,5857.0,41,0.6096256684491979,5,1,2
5BRZKG6Y,Hayden Neloms,MG Special,Blackzim,Lost,2017-05-15,2017-09-08,0.0,Telecom,0,0.0,116,0.7039473684210527,6,1,2
BHV4K3VV,Kary Hendrixson,GTX Basic,Y-corporation,Won,2017-05-15,2017-05-25,549.0,Manufacturing,1,549.0,10,0.6238805970149254,2,1,2
BOHWQ1B3,Lajuana Vencill,MG Special,Streethex,Won,2017-05-15,2017-09-07,61.0,Banking,1,61.0,115,0.5497835497835498,0,1,1
K4KNZQY6,Markita Hansen,GTX Plus Pro,Scotfind,Lost,2017-05-15,2017-08-07,0.0,Telecom,0,0.0,84,0.5726872246696035,6,1,0
9WUD1Q5D,Marty Freudenburg,MG Special,Toughzap,Lost,2017-05-15,2017-08-10,0.0,Retail,0,0.0,87,0.6288659793814433,4,1,0
KAPP0SBT,Marty Freudenburg,MG Advanced,Cancity,Lost,2017-05-15,2017-08-21,0.0,Public Sector,0,0.0,98,0.6288659793814433,3,1,1
XSWTUMGY,Maureen Marcano,GTX Basic,Fasehatice,Lost,2017-05-15,2017-08-13,0.0,Telecom,0,0.0,90,0.6995305164319249,6,1,1
KS9B13NQ,Maureen Marcano,GTX Plus Basic,Blackzim,Won,2017-05-15,2017-09-10,1101.0,Telecom,1,1101.0,118,0.6995305164319249,6,1,1
S983P5KR,Niesha Huffines,GTX Basic,Inity,Lost,2017-05-15,2017-08-11,0.0,Manufacturing,0,0.0,88,0.6,2,1,1
K0ZYCW3U,Niesha Huffines,GTX Basic,Dontechi,Won,2017-05-15,2017-06-27,603.0,Shipping,1,603.0,43,0.6,5,1,2
SFCT64YG,Niesha Huffines,GTX Basic,Inity,Won,2017-05-15,2017-09-05,545.0,Manufacturing,1,545.0,113,0.6,2,1,0
DUM5AP8P,Reed Clapper,MG Advanced,Vehement Capital Partners,Lost,2017-05-15,2017-05-30,0.0,Banking,0,0.0,15,0.6540084388185654,0,1,2
RNV54AZ7,Rosie Papadopoulos,GTX Plus Pro,Yearin,Lost,2017-05-15,2017-05-26,0.0,Retail,0,0.0,11,0.6446280991735537,4,1,0
AVNVFAIR,Vicki Laflamme,GTX Plus Basic,Fasehatice,Won,2017-05-15,2017-08-25,959.0,Telecom,1,959.0,102,0.6368876080691642,6,1,0
TEJBT5CP,Vicki Laflamme,GTX Plus Basic,Konex,Won,2017-05-15,2017-06-03,1208.0,Public Sector,1,1208.0,19,0.6368876080691642,3,1,1
UFALPP82,Vicki Laflamme,GTXPro,Goodsilron,Won,2017-05-15,2017-08-19,4246.0,Energy,1,4246.0,96,0.6368876080691642,1,1,2
NHA6MNJF,Violet Mclelland,MG Advanced,Zotware,Won,2017-05-15,2017-09-26,3061.0,Banking,1,3061.0,134,0.6321243523316062,0,1,1
S3UOGUU5,Zane Levy,GTXPro,Rantouch,Lost,2017-05-15,2017-06-21,0.0,Energy,0,0.0,37,0.6168582375478927,1,1,2
TSRHYEOQ,Cassey Cress,GTXPro,Condax,Lost,2017-05-16,2017-08-13,0.0,Banking,0,0.0,89,0.6245210727969349,0,1,0
K44WX2BT,Donn Cantrell,MG Advanced,Massive Dynamic,Won,2017-05-16,2017-08-13,3351.0,Banking,1,3351.0,89,0.5745454545454546,0,1,1
XD6R8R5B,Hayden Neloms,MG Advanced,Hottechi,Won,2017-05-16,2017-05-30,3153.0,Public Sector,1,3153.0,14,0.7039473684210527,3,1,1
CEGQ4V9F,James Ascencio,GTX Plus Basic,Konex,Lost,2017-05-16,2017-05-20,0.0,Public Sector,0,0.0,4,0.6553398058252428,3,1,0
58DMWXXI,James Ascencio,GTX Plus Pro,J-Texon,Lost,2017-05-16,2017-05-27,0.0,Telecom,0,0.0,11,0.6553398058252428,6,1,0
8GYJOE85,Kami Bicknell,GTX Basic,Hottechi,Lost,2017-05-16,2017-08-22,0.0,Public Sector,0,0.0,98,0.6397058823529411,3,1,0
KJP1JFKX,Kami Bicknell,GTX Basic,Hottechi,Won,2017-05-16,2017-06-06,533.0,Public Sector,1,533.0,21,0.6397058823529411,3,1,1
LGK00C12,Lajuana Vencill,GTX Basic,Bioholding,Lost,2017-05-16,2017-08-24,0.0,Banking,0,0.0,100,0.5497835497835498,0,1,2
1F950BGI,Lajuana Vencill,MG Special,Genco Pura Olive Oil Company,Won,2017-05-16,2017-06-01,56.0,Manufacturing,1,56.0,16,0.5497835497835498,2,1,1
1KV8WY84,Marty Freudenburg,GTX Plus Basic,Statholdings,Lost,2017-05-16,2017-05-24,0.0,Manufacturing,0,0.0,8,0.6288659793814433,2,1,2
FN080GSV,Maureen Marcano,GTX Basic,Finjob,Won,2017-05-16,2017-08-04,522.0,Manufacturing,1,522.0,80,0.6995305164319249,2,1,1
XR3BL1JL,Rosalina Dieter,MG Special,Goodsilron,Won,2017-05-16,2017-08-20,54.0,Energy,1,54.0,96,0.6545454545454545,1,1,1
YD38G676,Vicki Laflamme,MG Advanced,Hatfan,Lost,2017-05-16,2017-05-27,0.0,Public Sector,0,0.0,11,0.6368876080691642,3,1,0
4AS1VXQM,Vicki Laflamme,GTXPro,Rantouch,Won,2017-05-16,2017-09-07,5154.0,Energy,1,5154.0,114,0.6368876080691642,1,1,2
UW6FSSDK,Violet Mclelland,MG Special,Acme Corporation,Lost,2017-05-16,2017-08-16,0.0,Shipping,0,0.0,92,0.6321243523316062,5,1,1
GYC77KNM,Wilburn Farren,MG Advanced,Gekko & Co,Won,2017-05-16,2017-09-16,3483.0,Telecom,1,3483.0,123,0.6962025316455697,6,1,1
HS58SPS7,Cassey Cress,MG Special,Bubba Gump,Lost,2017-05-17,2017-05-25,0.0,Retail,0,0.0,8,0.6245210727969349,4,1,0
5BGYQS4R,Darcel Schlecht,GTX Plus Basic,Finhigh,Won,2017-05-17,2017-08-11,1110.0,Banking,1,1110.0,86,0.6311030741410488,0,1,0
YMS8IG4L,Donn Cantrell,GTX Basic,Umbrella Corporation,Won,2017-05-17,2017-05-27,441.0,Public Sector,1,441.0,10,0.5745454545454546,3,1,2
NISR8D1V,Elease Gluck,GTX Basic,Hottechi,Won,2017-05-17,2017-08-08,553.0,Public Sector,1,553.0,83,0.6349206349206349,3,1,1
T4MF2SMF,Hayden Neloms,MG Advanced,Scotfind,Won,2017-05-17,2017-06-04,3624.0,Telecom,1,3624.0,18,0.7039473684210527,6,1,2
G6PDDHMN,Jonathan Berthelot,GTX Basic,Genco Pura Olive Oil Company,Lost,2017-05-17,2017-05-31,0.0,Manufacturing,0,0.0,14,0.6477272727272727,2,1,1
S2GG93I6,Kami Bicknell,GTXPro,Faxquote,Lost,2017-05-17,2017-08-22,0.0,Telecom,0,0.0,97,0.6397058823529411,6,1,2
I99AI8C5,Lajuana Vencill,MG Special,dambase,Lost,2017-05-17,2017-08-08,0.0,Retail,0,0.0,83,0.5497835497835498,4,1,0
8W87JE97,Markita Hansen,GTXPro,Konex,Lost,2017-05-17,2017-08-12,0.0,Public Sector,0,0.0,87,0.5726872246696035,3,1,1
RQM0PS59,Markita Hansen,MG Special,J-Texon,Lost,2017-05-17,2017-08-18,0.0,Telecom,0,0.0,93,0.5726872246696035,6,1,2
483NKH0E,Markita Hansen,GTXPro,Plexzap,Won,2017-05-17,2017-08-18,4644.0,Manufacturing,1,4644.0,93,0.5726872246696035,2,1,0
G6QI40AT,Rosie Papadopoulos,MG Special,Umbrella Corporation,Lost,2017-05-17,2017-05-29,0.0,Public Sector,0,0.0,12,0.6446280991735537,3,1,0
UQY5TEE8,Versie Hillebrand,MG Special,Codehow,Won,2017-05-17,2017-09-20,51.0,Telecom,1,51.0,126,0.6666666666666666,6,1,2
AXHNVQPQ,Vicki Laflamme,GTXPro,Golddex,Won,2017-05-17,2017-09-08,4573.0,Manufacturing,1,4573.0,114,0.6368876080691642,2,1,1
N2KXGJO3,Violet Mclelland,MG Advanced,Silis,Won,2017-05-17,2017-08-01,3033.0,Public Sector,1,3033.0,76,0.6321243523316062,3,1,1
DDP76LIP,Zane Levy,MG Special,Hatfan,Lost,2017-05-17,2017-05-26,0.0,Public Sector,0,0.0,9,0.6168582375478927,3,1,0
43AH1M09,Anna Snelling,MG Special,Warephase,Lost,2017-05-18,2017-05-24,0.0,Retail,0,0.0,6,0.6190476190476191,4,1,1
852ZZB90,Anna Snelling,MG Special,Ron-tech,Won,2017-05-18,2017-06-02,58.0,Manufacturing,1,58.0,15,0.6190476190476191,2,1,1
V2GGEAOC,Anna Snelling,MG Special,Streethex,Won,2017-05-18,2017-09-15,51.0,Banking,1,51.0,120,0.6190476190476191,0,1,1
0Y8HO91H,Cassey Cress,GTXPro,Massive Dynamic,Won,2017-05-18,2017-08-02,4873.0,Banking,1,4873.0,76,0.6245210727969349,0,1,0
PNUBACZM,Darcel Schlecht,GTXPro,Isdom,Won,2017-05-18,2017-06-07,4606.0,Retail,1,4606.0,20,0.6311030741410488,4,1,2
DPT11UGS,Donn Cantrell,GTX Plus Basic,Iselectrics,Won,2017-05-18,2017-09-05,995.0,Energy,1,995.0,110,0.5745454545454546,1,1,1
GQFRHJF6,Donn Cantrell,GTXPro,Umbrella Corporation,Won,2017-05-18,2017-08-10,4581.0,Public Sector,1,4581.0,84,0.5745454545454546,3,1,0
S8ALJKKH,Garret Kinder,GTXPro,Massive Dynamic,Won,2017-05-18,2017-08-14,4671.0,Banking,1,4671.0,88,0.6097560975609756,0,1,0
L71FBIF7,Marty Freudenburg,MG Special,Bioholding,Lost,2017-05-18,2017-09-10,0.0,Banking,0,0.0,115,0.6288659793814433,0,1,2
HU6IS6Q2,Marty Freudenburg,GTX Plus Pro,Domzoom,Won,2017-05-18,2017-06-11,5241.0,Retail,1,5241.0,24,0.6288659793814433,4,1,1
UXFEJC9Q,Maureen Marcano,GTX Plus Basic,Nam-zim,Won,2017-05-18,2017-05-22,1082.0,Energy,1,1082.0,4,0.6995305164319249,1,1,1
D4Z6IL8W,Niesha Huffines,GTX Basic,Rundofase,Won,2017-05-18,2017-06-05,616.0,Public Sector,1,616.0,18,0.6,3,1,2
5FG7S674,Rosie Papadopoulos,MG Special,Zencorporation,Lost,2017-05-18,2017-08-14,0.0,Shipping,0,0.0,88,0.6446280991735537,5,1,2
KJXB9Q7O,Versie Hillebrand,MG Special,Finhigh,Lost,2017-05-18,2017-05-24,0.0,Banking,0,0.0,6,0.6666666666666666,0,1,0
KN3H2R4V,Zane Levy,GTX Basic,Y-corporation,Lost,2017-05-18,2017-06-25,0.0,Manufacturing,0,0.0,38,0.6168582375478927,2,1,0
20QTAZ1L,Zane Levy,MG Special,Lexiqvolax,Lost,2017-05-18,2017-05-23,0.0,Public Sector,0,0.0,5,0.6168582375478927,3,1,2
NJCI3Y9S,Zane Levy,GTXPro,Condax,Won,2017-05-18,2017-06-03,4642.0,Banking,1,4642.0,16,0.6168582375478927,0,1,1
OATOYNX2,Anna Snelling,MG Special,Bioholding,Won,2017-05-19,2017-06-27,63.0,Banking,1,63.0,39,0.6190476190476191,0,1,0
GAH11YHT,Boris Faz,MG Advanced,Konex,Lost,2017-05-19,2017-05-20,0.0,Public Sector,0,0.0,1,0.6601307189542484,3,1,0
FT8227WB,Cassey Cress,GTX Plus Basic,Zencorporation,Lost,2017-05-19,2017-06-01,0.0,Shipping,0,0.0,13,0.6245210727969349,5,1,1
0XHTFQE8,Cassey Cress,GTX Plus Basic,Betasoloin,Won,2017-05-19,2017-08-19,1131.0,Banking,1,1131.0,92,0.6245210727969349,0,1,0
6I76NXTK,Corliss Cosme,GTX Basic,Ganjaflex,Won,2017-05-19,2017-09-04,503.0,Retail,1,503.0,108,0.6550218340611353,4,1,1
0FLFT1R4,Corliss Cosme,GTX Basic,Massive Dynamic,Won,2017-05-19,2017-08-03,516.0,Banking,1,516.0,76,0.6550218340611353,0,1,1
QX4VN0WB,Daniell Hammack,GTX Basic,Mathtouch,Won,2017-05-19,2017-09-01,592.0,Energy,1,592.0,105,0.6096256684491979,1,1,1
14V0RQBV,Darcel Schlecht,GTXPro,Toughzap,Lost,2017-05-19,2017-08-27,0.0,Retail,0,0.0,100,0.6311030741410488,4,1,2
2G82J8WD,Darcel Schlecht,GTXPro,Warephase,Won,2017-05-19,2017-09-11,4914.0,Retail,1,4914.0,115,0.6311030741410488,4,1,2
00KY25OA,Donn Cantrell,GTX Basic,Condax,Won,2017-05-19,2017-06-01,564.0,Banking,1,564.0,13,0.5745454545454546,0,1,2
QDDD0L2Y,Elease Gluck,MG Special,Kan-code,Lost,2017-05-19,2017-05-27,0.0,Public Sector,0,0.0,8,0.6349206349206349,3,1,1
6TN4T6HN,Hayden Neloms,GTX Plus Basic,Golddex,Won,2017-05-19,2017-06-01,964.0,Manufacturing,1,964.0,13,0.7039473684210527,2,1,1
VA2JJZXD,Jonathan Berthelot,GTXPro,Rundofase,Lost,2017-05-19,2017-09-09,0.0,Public Sector,0,0.0,113,0.6477272727272727,3,1,2
MQY3YOQS,Jonathan Berthelot,GTX Basic,Funholding,Won,2017-05-19,2017-06-02,583.0,Retail,1,583.0,14,0.6477272727272727,4,1,0
3YWITFR5,Lajuana Vencill,GTX Basic,Ron-tech,Won,2017-05-19,2017-08-15,440.0,Manufacturing,1,440.0,88,0.5497835497835498,2,1,1
BEKQZ411,Moses Frase,MG Special,Inity,Won,2017-05-19,2017-08-31,58.0,Manufacturing,1,58.0,104,0.6615384615384615,2,1,0
PK0T5N02,Reed Clapper,GTX Plus Basic,Initech,Won,2017-05-19,2017-05-26,1093.0,Banking,1,1093.0,7,0.6540084388185654,0,1,0
DTSCBNCX,Violet Mclelland,GTX Plus Basic,Donquadtech,Lost,2017-05-19,2017-08-12,0.0,Shipping,0,0.0,85,0.6321243523316062,5,1,1
TUDKP25E,Anna Snelling,MG Advanced,Rangreen,Lost,2017-05-20,2017-08-01,0.0,Energy,0,0.0,73,0.6190476190476191,1,1,1
E1OBRLYZ,Boris Faz,GTX Basic,Zencorporation,Won,2017-05-20,2017-05-27,529.0,Shipping,1,529.0,7,0.6601307189542484,5,1,0
913RPKAD,Cassey Cress,GTXPro,Sumace,Won,2017-05-20,2017-05-24,4839.0,Energy,1,4839.0,4,0.6245210727969349,1,1,0
NJC209SC,Darcel Schlecht,GTXPro,Cancity,Won,2017-05-20,2017-09-27,5961.0,Public Sector,1,5961.0,130,0.6311030741410488,3,1,2
MMUC1AXI,Darcel Schlecht,GTXPro,Gogozoom,Won,2017-05-20,2017-08-09,5647.0,Telecom,1,5647.0,81,0.6311030741410488,6,1,2
X66G66ZA,Darcel Schlecht,MG Special,Toughzap,Won,2017-05-20,2017-08-18,56.0,Retail,1,56.0,90,0.6311030741410488,4,1,1
PI2PHSBE,Donn Cantrell,GTX Basic,Zencorporation,Lost,2017-05-20,2017-08-05,0.0,Shipping,0,0.0,77,0.5745454545454546,5,1,2
CYKC7RXH,Donn Cantrell,GTXPro,Kan-code,Lost,2017-05-20,2017-08-06,0.0,Public Sector,0,0.0,78,0.5745454545454546,3,1,2
WXRWSVTT,Garret Kinder,GTX Basic,Kan-code,Won,2017-05-20,2017-08-18,492.0,Public Sector,1,492.0,90,0.6097560975609756,3,1,2
81NOKKSW,Gladys Colclough,MG Special,Statholdings,Won,2017-05-20,2017-08-31,68.0,Manufacturing,1,68.0,103,0.5818965517241379,2,1,2
CP3JY4PE,Hayden Neloms,MG Advanced,Groovestreet,Won,2017-05-20,2017-09-14,3728.0,Retail,1,3728.0,117,0.7039473684210527,4,1,0
K2683261,Kami Bicknell,GTX Plus Basic,Plusstrip,Won,2017-05-20,2017-09-13,1082.0,Public Sector,1,1082.0,116,0.6397058823529411,3,1,1
MPCJV2LA,Kary Hendrixson,GTX Plus Basic,Hatfan,Lost,2017-05-20,2017-08-21,0.0,Public Sector,0,0.0,93,0.6238805970149254,3,1,2
0DDBDPJU,Lajuana Vencill,GTX Basic,Funholding,Won,2017-05-20,2017-08-05,557.0,Retail,1,557.0,77,0.5497835497835498,4,1,0
RXIQFV8D,Niesha Huffines,MG Special,Dontechi,Won,2017-05-20,2017-08-09,60.0,Shipping,1,60.0,81,0.6,5,1,0
5RGYU88R,Versie Hillebrand,GTX Plus Pro,Scottech,Won,2017-05-20,2017-05-25,5046.0,Banking,1,5046.0,5,0.6666666666666666,0,1,0
F3P73EG4,Versie Hillebrand,MG Special,Gogozoom,Won,2017-05-20,2017-08-04,53.0,Telecom,1,53.0,76,0.6666666666666666,6,1,2
CRLWCEMY,Versie Hillebrand,MG Advanced,Stanredtax,Won,2017-05-20,2017-06-10,2807.0,Retail,1,2807.0,21,0.6666666666666666,4,1,2
3590U14O,Vicki Laflamme,GTXPro,Plexzap,Lost,2017-05-20,2017-08-23,0.0,Manufacturing,0,0.0,95,0.6368876080691642,2,1,1
CFOYAHQ1,Zane Levy,GTXPro,Plusstrip,Lost,2017-05-20,2017-05-30,0.0,Public Sector,0,0.0,10,0.6168582375478927,3,1,2
IQ5ASHI1,Anna Snelling,GTX Basic,Bioholding,Won,2017-05-21,2017-08-11,475.0,Banking,1,475.0,82,0.6190476190476191,0,1,2
G378ZBNC,Anna Snelling,MG Advanced,Ron-tech,Won,2017-05-21,2017-08-03,3031.0,Manufacturing,1,3031.0,74,0.6190476190476191,2,1,0
6ZVC87CV,Boris Faz,MG Special,Ontomedia,Won,2017-05-21,2017-08-09,53.0,Manufacturing,1,53.0,80,0.6601307189542484,2,1,1
4Y1DYANE,Cassey Cress,GTX Plus Basic,Xx-zobam,Won,2017-05-21,2017-06-04,1112.0,Manufacturing,1,1112.0,14,0.6245210727969349,2,1,2
PGYBGBU3,Daniell Hammack,GTXPro,Yearin,Won,2017-05-21,2017-09-11,4491.0,Retail,1,4491.0,113,0.6096256684491979,4,1,2
GQPQ6XBD,Elease Gluck,GTX Basic,Blackzim,Won,2017-05-21,2017-06-06,562.0,Telecom,1,562.0,16,0.6349206349206349,6,1,0
G4KL8QWY,James Ascencio,GTX Basic,Rantouch,Won,2017-05-21,2017-06-04,593.0,Energy,1,593.0,14,0.6553398058252428,1,1,0
GIVVPRQQ,Jonathan Berthelot,GTXPro,Hottechi,Won,2017-05-21,2017-08-30,4606.0,Public Sector,1,4606.0,101,0.6477272727272727,3,1,2
JF178AXO,Kami Bicknell,GTX Plus Basic,Faxquote,Won,2017-05-21,2017-08-11,1100.0,Telecom,1,1100.0,82,0.6397058823529411,6,1,1
43NBMRFY,Kami Bicknell,GTX Plus Basic,Scotfind,Won,2017-05-21,2017-08-18,1198.0,Telecom,1,1198.0,89,0.6397058823529411,6,1,1
UQ67214Z,Lajuana Vencill,MG Advanced,Dontechi,Won,2017-05-21,2017-08-20,3250.0,Shipping,1,3250.0,91,0.5497835497835498,5,1,0
HDITQL1S,Marty Freudenburg,MG Advanced,Treequote,Won,2017-05-21,2017-09-05,2785.0,Retail,1,2785.0,107,0.6288659793814433,4,1,0
1WPONGOS,Maureen Marcano,MG Special,Scotfind,Won,2017-05-21,2017-08-11,49.0,Telecom,1,49.0,82,0.6995305164319249,6,1,2
UF0S02A4,Moses Frase,MG Advanced,Inity,Lost,2017-05-21,2017-05-25,0.0,Manufacturing,0,0.0,4,0.6615384615384615,2,1,0
ZG1DFNPW,Moses Frase,GTX Basic,Bioholding,Won,2017-05-21,2017-09-15,547.0,Banking,1,547.0,117,0.6615384615384615,0,1,2
SS9FXCS2,Niesha Huffines,MG Special,Bioholding,Won,2017-05-21,2017-08-01,57.0,Banking,1,57.0,72,0.6,0,1,1
SHE8LB0Y,Rosalina Dieter,MG Special,Fasehatice,Lost,2017-05-21,2017-08-08,0.0,Telecom,0,0.0,79,0.6545454545454545,6,1,1
9D6NTQ16,Rosalina Dieter,MG Special,Y-corporation,Lost,2017-05-21,2017-08-06,0.0,Manufacturing,0,0.0,77,0.6545454545454545,2,1,2
59N6QWQM,Vicki Laflamme,MG Advanced,Sonron,Lost,2017-05-21,2017-05-23,0.0,Manufacturing,0,0.0,2,0.6368876080691642,2,1,0
ZHKJIJA1,Vicki Laflamme,GTX Basic,Cheers,Won,2017-05-21,2017-08-05,572.0,Telecom,1,572.0,76,0.6368876080691642,6,1,1
SDL8MJ4R,Violet Mclelland,MG Special,Ontomedia,Won,2017-05-21,2017-06-10,48.0,Manufacturing,1,48.0,20,0.6321243523316062,2,1,0
G86OKJFV,Anna Snelling,GTX Plus Pro,Isdom,Lost,2017-05-22,2017-05-31,0.0,Retail,0,0.0,9,0.6190476190476191,4,1,1
HUCB9WIQ,Darcel Schlecht,MG Advanced,Conecom,Lost,2017-05-22,2017-09-08,0.0,Shipping,0,0.0,109,0.6311030741410488,5,1,2
R8CMI00I,Garret Kinder,GTX Basic,Kan-code,Won,2017-05-22,2017-06-06,555.0,Public Sector,1,555.0,15,0.6097560975609756,3,1,2
T7HHH8HK,Garret Kinder,GTX Basic,Konex,Won,2017-05-22,2017-09-02,476.0,Public Sector,1,476.0,103,0.6097560975609756,3,1,2
407NLHJH,James Ascencio,GTX Plus Basic,Labdrill,Won,2017-05-22,2017-06-14,1090.0,Energy,1,1090.0,23,0.6553398058252428,1,1,1
KD63LC6D,Kary Hendrixson,GTX Basic,Condax,Won,2017-05-22,2017-09-25,584.0,Banking,1,584.0,126,0.6238805970149254,0,1,0
TB27K4GC,Markita Hansen,GTK 500,Finjob,Won,2017-05-22,2017-08-14,24745.0,Manufacturing,1,24745.0,84,0.5726872246696035,2,1,0
VN8YFKTN,Reed Clapper,GTXPro,Condax,Lost,2017-05-22,2017-05-25,0.0,Banking,0,0.0,3,0.6540084388185654,0,1,0
NFFS1KSK,Reed Clapper,GTX Basic,Zotware,Won,2017-05-22,2017-05-27,512.0,Banking,1,512.0,5,0.6540084388185654,0,1,1
V1T47SKL,Vicki Laflamme,MG Special,Zoomit,Won,2017-05-22,2017-06-07,60.0,Energy,1,60.0,16,0.6368876080691642,1,1,1
LFPY1Z14,Zane Levy,GTXPro,Hottechi,Lost,2017-05-22,2017-09-07,0.0,Public Sector,0,0.0,108,0.6168582375478927,3,1,1
M6IGBW79,Zane Levy,GTX Plus Basic,Dalttechnology,Won,2017-05-22,2017-08-08,1088.0,Shipping,1,1088.0,78,0.6168582375478927,5,1,1
2QGI573A,Corliss Cosme,GTX Basic,The New York Inquirer,Won,2017-05-23,2017-05-26,463.0,Banking,1,463.0,3,0.6550218340611353,0,1,1
QW4QPPSY,Donn Cantrell,GTX Plus Basic,Gekko & Co,Won,2017-05-23,2017-08-24,877.0,Telecom,1,877.0,93,0.5745454545454546,6,1,0
99L2TNR5,Gladys Colclough,MG Advanced,Hottechi,Won,2017-05-23,2017-08-24,3339.0,Public Sector,1,3339.0,93,0.5818965517241379,3,1,1
J8Y1OGY2,Jonathan Berthelot,MG Special,Finhigh,Lost,2017-05-23,2017-05-28,0.0,Banking,0,0.0,5,0.6477272727272727,0,1,1
7SJD7M9K,Jonathan Berthelot,GTXPro,Funholding,Won,2017-05-23,2017-08-20,4180.0,Retail,1,4180.0,89,0.6477272727272727,4,1,0
OKNOWHS3,Kary Hendrixson,GTX Plus Basic,Labdrill,Lost,2017-05-23,2017-08-02,0.0,Energy,0,0.0,71,0.6238805970149254,1,1,1
VO8WTDHE,Markita Hansen,GTX Basic,Hatfan,Lost,2017-05-23,2017-05-26,0.0,Public Sector,0,0.0,3,0.5726872246696035,3,1,0
5FX5TX9L,Markita Hansen,GTX Plus Pro,Hatfan,Won,2017-05-23,2017-08-14,4642.0,Public Sector,1,4642.0,83,0.5726872246696035,3,1,0
TLT4JJ0U,Marty Freudenburg,MG Advanced,Warephase,Lost,2017-05-23,2017-09-13,0.0,Retail,0,0.0,113,0.6288659793814433,4,1,2
RA77E84P,Niesha Huffines,GTX Basic,Globex Corporation,Won,2017-05-23,2017-09-08,578.0,Retail,1,578.0,108,0.6,4,1,2
7U225819,Versie Hillebrand,MG Advanced,Gogozoom,Won,2017-05-23,2017-08-11,3285.0,Telecom,1,3285.0,80,0.6666666666666666,6,1,2
075SHVO3,Vicki Laflamme,MG Special,Plexzap,Lost,2017-05-23,2017-08-12,0.0,Manufacturing,0,0.0,81,0.6368876080691642,2,1,2
HHNFD7DX,Violet Mclelland,GTX Plus Basic,Xx-zobam,Lost,2017-05-23,2017-08-29,0.0,Manufacturing,0,0.0,98,0.6321243523316062,2,1,1
PA55AGYL,Zane Levy,GTXPro,Cheers,Won,2017-05-23,2017-05-31,5212.0,Telecom,1,5212.0,8,0.6168582375478927,6,1,2
V93ZA48C,Cassey Cress,GTX Basic,Donware,Won,2017-05-24,2017-09-24,614.0,Banking,1,614.0,123,0.6245210727969349,0,1,0
TR3TXXHF,Cassey Cress,GTX Plus Pro,Bubba Gump,Won,2017-05-24,2017-09-13,5778.0,Retail,1,5778.0,112,0.6245210727969349,4,1,1
SURL8H49,Donn Cantrell,MG Advanced,Bubba Gump,Won,2017-05-24,2017-09-10,3521.0,Retail,1,3521.0,109,0.5745454545454546,4,1,2
POXC3DA1,Garret Kinder,GTX Plus Pro,Kinnamplus,Lost,2017-05-24,2017-09-21,0.0,Telecom,0,0.0,120,0.6097560975609756,6,1,0
KMGXUADZ,Gladys Colclough,GTXPro,Rundofase,Won,2017-05-24,2017-08-06,5109.0,Public Sector,1,5109.0,74,0.5818965517241379,3,1,1
X5IZZ69D,James Ascencio,GTX Basic,Doncon,Lost,2017-05-24,2017-06-20,0.0,Shipping,0,0.0,27,0.6553398058252428,5,1,1
X58FLJ8K,James Ascencio,GTX Plus Pro,Lexiqvolax,Won,2017-05-24,2017-09-18,5190.0,Public Sector,1,5190.0,117,0.6553398058252428,3,1,2
IDBXD4OU,Kary Hendrixson,GTX Basic,Scotfind,Lost,2017-05-24,2017-08-22,0.0,Telecom,0,0.0,90,0.6238805970149254,6,1,1
TDNJDFU6,Kary Hendrixson,GTXPro,Zoomit,Lost,2017-05-24,2017-08-13,0.0,Energy,0,0.0,81,0.6238805970149254,1,1,0
KIMUGBN5,Lajuana Vencill,MG Advanced,Dontechi,Lost,2017-05-24,2017-08-14,0.0,Shipping,0,0.0,82,0.5497835497835498,5,1,1
7U81B9AQ,Maureen Marcano,GTX Plus Basic,Goodsilron,Won,2017-05-24,2017-09-27,940.0,Energy,1,940.0,126,0.6995305164319249,1,1,0
WGSS08LF,Niesha Huffines,GTXPro,dambase,Lost,2017-05-24,2017-08-26,0.0,Retail,0,0.0,94,0.6,4,1,1
WC8KQJV9,Rosalina Dieter,GTX Basic,Goodsilron,Won,2017-05-24,2017-08-06,647.0,Energy,1,647.0,74,0.6545454545454545,1,1,2
FENOSL5C,Vicki Laflamme,GTX Plus Pro,Condax,Won,2017-05-24,2017-08-17,6206.0,Banking,1,6206.0,85,0.6368876080691642,0,1,0
PQ3CLZ2N,Violet Mclelland,MG Advanced,Massive Dynamic,Won,2017-05-24,2017-09-10,3158.0,Banking,1,3158.0,109,0.6321243523316062,0,1,1
N4ZJ2PJT,Wilburn Farren,MG Advanced,Donware,Won,2017-05-24,2017-08-19,2699.0,Banking,1,2699.0,87,0.6962025316455697,0,1,1
32A5TJ6D,Anna Snelling,MG Special,Domzoom,Lost,2017-05-25,2017-08-13,0.0,Retail,0,0.0,80,0.6190476190476191,4,1,1
HZCF65PU,Boris Faz,GTX Plus Basic,Plussunin,Won,2017-05-25,2017-08-04,1302.0,Energy,1,1302.0,71,0.6601307189542484,1,1,0
TCTLOMKP,Cassey Cress,MG Advanced,Bioplex,Won,2017-05-25,2017-06-27,2993.0,Retail,1,2993.0,33,0.6245210727969349,4,1,0
O0NCMYX9,Cecily Lampkin,GTX Basic,Betatech,Won,2017-05-25,2017-06-05,460.0,Public Sector,1,460.0,11,0.66875,3,1,0
HELQUZNO,Corliss Cosme,GTX Basic,Konex,Won,2017-05-25,2017-09-25,616.0,Public Sector,1,616.0,123,0.6550218340611353,3,1,2
V7DHDF8V,Darcel Schlecht,MG Advanced,Scottech,Lost,2017-05-25,2017-08-07,0.0,Banking,0,0.0,74,0.6311030741410488,0,1,2
A3OROHUS,Darcel Schlecht,GTXPro,Globex Corporation,Won,2017-05-25,2017-08-14,4270.0,Retail,1,4270.0,81,0.6311030741410488,4,1,0
CXYWGOPF,Donn Cantrell,GTXPro,Ontomedia,Lost,2017-05-25,2017-08-21,0.0,Manufacturing,0,0.0,88,0.5745454545454546,2,1,1
DLQTM07N,Gladys Colclough,GTXPro,Treequote,Won,2017-05-25,2017-08-22,4787.0,Retail,1,4787.0,89,0.5818965517241379,4,1,2
SUXDAQNV,Jonathan Berthelot,GTX Basic,Statholdings,Lost,2017-05-25,2017-08-28,0.0,Manufacturing,0,0.0,95,0.6477272727272727,2,1,0
ZT2NKCV5,Jonathan Berthelot,MG Special,Hottechi,Won,2017-05-25,2017-05-31,55.0,Public Sector,1,55.0,6,0.6477272727272727,3,1,1
I4YPNNTU,Jonathan Berthelot,MG Advanced,Funholding,Won,2017-05-25,2017-08-09,3808.0,Retail,1,3808.0,76,0.6477272727272727,4,1,2
KOYW9WIV,Lajuana Vencill,GTX Basic,Rundofase,Won,2017-05-25,2017-09-23,483.0,Public Sector,1,483.0,121,0.5497835497835498,3,1,1
JRAAPD3L,Lajuana Vencill,MG Advanced,Warephase,Won,2017-05-25,2017-09-16,3727.0,Retail,1,3727.0,114,0.5497835497835498,4,1,1
21JDZDNJ,Markita Hansen,GTXPro,Faxquote,Won,2017-05-25,2017-08-14,4738.0,Telecom,1,4738.0,81,0.5726872246696035,6,1,1
EP0H3SJO,Marty Freudenburg,GTX Plus Basic,Ron-tech,Won,2017-05-25,2017-08-04,1275.0,Manufacturing,1,1275.0,71,0.6288659793814433,2,1,1
GIP11NY3,Marty Freudenburg,MG Advanced,Treequote,Won,2017-05-25,2017-08-19,3428.0,Retail,1,3428.0,86,0.6288659793814433,4,1,2
7X1D49TU,Moses Frase,MG Special,Conecom,Lost,2017-05-25,2017-09-11,0.0,Shipping,0,0.0,109,0.6615384615384615,5,1,2
PDXFONE0,Reed Clapper,GTXPro,Mathtouch,Won,2017-05-25,2017-06-07,5420.0,Energy,1,5420.0,13,0.6540084388185654,1,1,2
77WSI0TH,Rosalina Dieter,MG Special,Dalttechnology,Lost,2017-05-25,2017-08-28,0.0,Shipping,0,0.0,95,0.6545454545454545,5,1,0
DJDVV89L,Versie Hillebrand,MG Special,Dontechi,Won,2017-05-25,2017-06-11,59.0,Shipping,1,59.0,17,0.6666666666666666,5,1,2
CYSF0YQN,Anna Snelling,GTX Plus Basic,Dontechi,Lost,2017-05-26,2017-08-15,0.0,Shipping,0,0.0,81,0.6190476190476191,5,1,1
HEK08UMI,Anna Snelling,MG Advanced,Rangreen,Lost,2017-05-26,2017-08-19,0.0,Energy,0,0.0,85,0.6190476190476191,1,1,2
GRRY4DQR,Boris Faz,GTX Basic,Silis,Won,2017-05-26,2017-09-15,561.0,Public Sector,1,561.0,112,0.6601307189542484,3,1,1
S3JAC8GQ,Boris Faz,GTX Plus Basic,Zathunicon,Won,2017-05-26,2017-08-10,1354.0,Retail,1,1354.0,76,0.6601307189542484,4,1,0
E3JP7HCX,Cassey Cress,MG Special,The New York Inquirer,Won,2017-05-26,2017-09-18,44.0,Banking,1,44.0,115,0.6245210727969349,0,1,1
FF5G00YD,Corliss Cosme,GTX Basic,Mathtouch,Won,2017-05-26,2017-09-18,560.0,Energy,1,560.0,115,0.6550218340611353,1,1,1
5975TDTI,Corliss Cosme,GTXPro,Donquadtech,Won,2017-05-26,2017-06-09,5324.0,Shipping,1,5324.0,14,0.6550218340611353,5,1,1
GZU4ZSFE,Kami Bicknell,GTXPro,Faxquote,Won,2017-05-26,2017-09-23,4924.0,Telecom,1,4924.0,120,0.6397058823529411,6,1,0
E4KL4NGF,Kary Hendrixson,GTX Basic,Golddex,Won,2017-05-26,2017-08-07,571.0,Manufacturing,1,571.0,73,0.6238805970149254,2,1,2
QCH2R1VO,Kary Hendrixson,MG Advanced,Konex,Won,2017-05-26,2017-08-12,4022.0,Public Sector,1,4022.0,78,0.6238805970149254,3,1,2
SH6F6COK,Lajuana Vencill,GTX Basic,Rundofase,Lost,2017-05-26,2017-08-12,0.0,Public Sector,0,0.0,78,0.5497835497835498,3,1,0
KOJ4SQ1T,Maureen Marcano,MG Special,Groovestreet,Lost,2017-05-26,2017-08-22,0.0,Retail,0,0.0,88,0.6995305164319249,4,1,1
DMUQAWQH,Maureen Marcano,GTX Plus Basic,Faxquote,Won,2017-05-26,2017-06-12,1030.0,Telecom,1,1030.0,17,0.6995305164319249,6,1,2
C2RL3DUQ,Moses Frase,MG Advanced,Bioholding,Lost,2017-05-26,2017-08-09,0.0,Banking,0,0.0,75,0.6615384615384615,0,1,0
2LTS2CL8,Niesha Huffines,MG Special,Streethex,Lost,2017-05-26,2017-05-31,0.0,Banking,0,0.0,5,0.6,0,1,2
113O9JCA,Versie Hillebrand,MG Special,Codehow,Lost,2017-05-26,2017-09-09,0.0,Telecom,0,0.0,106,0.6666666666666666,6,1,0
54XWHO19,Vicki Laflamme,GTX Basic,Hatfan,Lost,2017-05-26,2017-08-03,0.0,Public Sector,0,0.0,69,0.6368876080691642,3,1,1
09RN3MHV,Vicki Laflamme,GTXPro,Kan-code,Won,2017-05-26,2017-09-21,5074.0,Public Sector,1,5074.0,118,0.6368876080691642,3,1,2
YW14K7PE,Wilburn Farren,GTX Plus Pro,Vehement Capital Partners,Won,2017-05-26,2017-09-23,5198.0,Banking,1,5198.0,120,0.6962025316455697,0,1,0
9UYUV724,Zane Levy,GTX Plus Pro,Faxquote,Lost,2017-05-26,2017-09-06,0.0,Telecom,0,0.0,103,0.6168582375478927,6,1,2
UZI6MKVR,Anna Snelling,MG Special,Betatech,Lost,2017-05-27,2017-08-24,0.0,Public Sector,0,0.0,89,0.6190476190476191,3,1,2
N1H9ILZ9,Anna Snelling,GTX Basic,Conecom,Won,2017-05-27,2017-09-03,576.0,Shipping,1,576.0,99,0.6190476190476191,5,1,2
V8RYC18P,Anna Snelling,MG Special,Stanredtax,Won,2017-05-27,2017-08-21,57.0,Retail,1,57.0,86,0.6190476190476191,4,1,2
5OQELHMF,Cassey Cress,GTXPro,Konex,Lost,2017-05-27,2017-08-14,0.0,Public Sector,0,0.0,79,0.6245210727969349,3,1,0
NCF4DT7H,Cecily Lampkin,MG Advanced,Condax,Lost,2017-05-27,2017-06-05,0.0,Banking,0,0.0,9,0.66875,0,1,1
L9WWFYQW,Darcel Schlecht,GTXPro,Codehow,Lost,2017-05-27,2017-08-18,0.0,Telecom,0,0.0,83,0.6311030741410488,6,1,0
AR2T4LAR,Darcel Schlecht,GTXPro,Scottech,Won,2017-05-27,2017-08-22,4432.0,Banking,1,4432.0,87,0.6311030741410488,0,1,0
GPC8PLM7,Donn Cantrell,GTX Basic,Kinnamplus,Won,2017-05-27,2017-09-02,481.0,Telecom,1,481.0,98,0.5745454545454546,6,1,0
YA822MOB,James Ascencio,GTX Plus Pro,Y-corporation,Lost,2017-05-27,2017-08-22,0.0,Manufacturing,0,0.0,87,0.6553398058252428,2,1,1
JBCQ1ODR,James Ascencio,GTXPro,Newex,Won,2017-05-27,2017-08-28,5293.0,Energy,1,5293.0,93,0.6553398058252428,1,1,2
M26BSX5S,Jonathan Berthelot,GTXPro,Codehow,Lost,2017-05-27,2017-08-06,0.0,Telecom,0,0.0,71,0.6477272727272727,6,1,2
PLYYX5CD,Jonathan Berthelot,GTX Plus Pro,Hottechi,Won,2017-05-27,2017-08-17,5769.0,Public Sector,1,5769.0,82,0.6477272727272727,3,1,2
JP2EY6QU,Jonathan Berthelot,GTXPro,Globex Corporation,Won,2017-05-27,2017-09-02,4929.0,Retail,1,4929.0,98,0.6477272727272727,4,1,1
48INT6OA,Jonathan Berthelot,GTXPro,Rundofase,Won,2017-05-27,2017-08-05,4924.0,Public Sector,1,4924.0,70,0.6477272727272727,3,1,2
EVDMSM4N,Kami Bicknell,GTX Plus Basic,Blackzim,Lost,2017-05-27,2017-08-14,0.0,Telecom,0,0.0,79,0.6397058823529411,6,1,1
9FH4OP4U,Kary Hendrixson,GTX Plus Pro,Faxquote,Won,2017-05-27,2017-08-04,5312.0,Telecom,1,5312.0,69,0.6238805970149254,6,1,2
N128I4H8,Kary Hendrixson,MG Special,Nam-zim,Won,2017-05-27,2017-06-07,66.0,Energy,1,66.0,11,0.6238805970149254,1,1,2
8NKLCSES,Marty Freudenburg,GTX Plus Basic,Toughzap,Won,2017-05-27,2017-06-18,1115.0,Retail,1,1115.0,22,0.6288659793814433,4,1,0
1ZMWMU21,Marty Freudenburg,MG Advanced,Conecom,Won,2017-05-27,2017-08-23,3407.0,Shipping,1,3407.0,88,0.6288659793814433,5,1,1
R617R51D,Niesha Huffines,GTX Basic,Cancity,Won,2017-05-27,2017-09-03,540.0,Public Sector,1,540.0,99,0.6,3,1,0
W8E2YLNY,Reed Clapper,GTX Plus Basic,Acme Corporation,Won,2017-05-27,2017-09-04,1095.0,Shipping,1,1095.0,100,0.6540084388185654,5,1,0
TX9VFL4J,Reed Clapper,GTX Plus Basic,Silis,Won,2017-05-27,2017-08-23,1019.0,Public Sector,1,1019.0,88,0.6540084388185654,3,1,0
5ELX1QYM,Vicki Laflamme,GTX Plus Basic,Green-Plus,Lost,2017-05-27,2017-05-30,0.0,Retail,0,0.0,3,0.6368876080691642,4,1,1
RTQVKK41,Vicki Laflamme,GTXPro,Scotfind,Lost,2017-05-27,2017-08-17,0.0,Telecom,0,0.0,82,0.6368876080691642,6,1,1
9DEDEQ5O,Vicki Laflamme,GTXPro,Green-Plus,Won,2017-05-27,2017-09-14,4477.0,Retail,1,4477.0,110,0.6368876080691642,4,1,2
Z8JLMCOM,Vicki Laflamme,GTXPro,Hatfan,Won,2017-05-27,2017-06-02,4644.0,Public Sector,1,4644.0,6,0.6368876080691642,3,1,0
1O58TWRZ,Anna Snelling,GTX Basic,Finhigh,Lost,2017-05-28,2017-08-20,0.0,Banking,0,0.0,84,0.6190476190476191,0,1,2
RHOZIG9P,Anna Snelling,GTX Plus Basic,Cancity,Lost,2017-05-28,2017-06-13,0.0,Public Sector,0,0.0,16,0.6190476190476191,3,1,0
52Q1PYGW,Boris Faz,GTX Plus Basic,Zotware,Won,2017-05-28,2017-06-08,940.0,Banking,1,940.0,11,0.6601307189542484,0,1,1
56ZJUSNG,Daniell Hammack,GTXPro,Acme Corporation,Won,2017-05-28,2017-06-07,5378.0,Shipping,1,5378.0,10,0.6096256684491979,5,1,1
Y92RU9V8,Daniell Hammack,GTXPro,Kan-code,Won,2017-05-28,2017-06-15,4712.0,Public Sector,1,4712.0,18,0.6096256684491979,3,1,1
SXV6VZVC,Darcel Schlecht,GTX Plus Basic,Bioholding,Won,2017-05-28,2017-08-25,1118.0,Banking,1,1118.0,89,0.6311030741410488,0,1,0
BGY307FC,Donn Cantrell,GTX Plus Pro,Ganjaflex,Won,2017-05-28,2017-08-11,5695.0,Retail,1,5695.0,75,0.5745454545454546,4,1,1
BAN0BVHW,Donn Cantrell,GTXPro,Yearin,Won,2017-05-28,2017-08-05,4462.0,Retail,1,4462.0,69,0.5745454545454546,4,1,0
GV9G96Z1,Garret Kinder,GTXPro,Plussunin,Lost,2017-05-28,2017-08-30,0.0,Energy,0,0.0,94,0.6097560975609756,1,1,2
Z75R686C,Hayden Neloms,MG Advanced,Singletechno,Won,2017-05-28,2017-08-28,3701.0,Retail,1,3701.0,92,0.7039473684210527,4,1,0
12GLKKV4,Markita Hansen,GTX Plus Basic,J-Texon,Won,2017-05-28,2017-06-08,941.0,Telecom,1,941.0,11,0.5726872246696035,6,1,2
VDD7H92Q,Maureen Marcano,GTX Plus Basic,Hatfan,Won,2017-05-28,2017-06-05,1171.0,Public Sector,1,1171.0,8,0.6995305164319249,3,1,0
83JP1K4E,Rosalina Dieter,GTK 500,Rantouch,Won,2017-05-28,2017-08-28,24899.0,Energy,1,24899.0,92,0.6545454545454545,1,1,2
ME3H0RUJ,Rosalina Dieter,MG Advanced,Rantouch,Won,2017-05-28,2017-09-21,3418.0,Energy,1,3418.0,116,0.6545454545454545,1,1,1
W8E76HJG,Vicki Laflamme,GTX Basic,Hottechi,Won,2017-05-28,2017-06-08,537.0,Public Sector,1,537.0,11,0.6368876080691642,3,1,2
IMB2N710,Zane Levy,GTX Plus Basic,Rantouch,Won,2017-05-28,2017-08-04,1053.0,Energy,1,1053.0,68,0.6168582375478927,1,1,1
OJBBZHM4,Anna Snelling,GTX Basic,Genco Pura Olive Oil Company,Won,2017-05-29,2017-06-11,497.0,Manufacturing,1,497.0,13,0.6190476190476191,2,1,1
2PQORQGO,Boris Faz,GTX Plus Pro,Zencorporation,Won,2017-05-29,2017-09-13,5714.0,Shipping,1,5714.0,107,0.6601307189542484,5,1,2
I3RW4OMF,Cecily Lampkin,GTX Basic,Bioholding,Won,2017-05-29,2017-08-29,611.0,Banking,1,611.0,92,0.66875,0,1,0
LG8ZAMCB,Corliss Cosme,GTXPro,Opentech,Won,2017-05-29,2017-06-11,5642.0,Retail,1,5642.0,13,0.6550218340611353,4,1,0
XJ8UTM6B,Corliss Cosme,GTXPro,Umbrella Corporation,Won,2017-05-29,2017-06-11,5081.0,Public Sector,1,5081.0,13,0.6550218340611353,3,1,0
CVGTFBZE,Darcel Schlecht,GTXPro,Cancity,Won,2017-05-29,2017-08-02,3985.0,Public Sector,1,3985.0,65,0.6311030741410488,3,1,0
RW02HG5P,Donn Cantrell,MG Advanced,Bluth Company,Won,2017-05-29,2017-06-11,3313.0,Energy,1,3313.0,13,0.5745454545454546,1,1,0
7W8CQJ2Z,Elease Gluck,MG Advanced,Plexzap,Won,2017-05-29,2017-06-11,3850.0,Manufacturing,1,3850.0,13,0.6349206349206349,2,1,1
M03IHS3P,Gladys Colclough,GTX Plus Basic,Scottech,Won,2017-05-29,2017-08-06,917.0,Banking,1,917.0,69,0.5818965517241379,0,1,0
GX3SHSEA,Gladys Colclough,MG Special,Streethex,Won,2017-05-29,2017-08-08,56.0,Banking,1,56.0,71,0.5818965517241379,0,1,1
9KTHISLX,James Ascencio,MG Advanced,Lexiqvolax,Lost,2017-05-29,2017-08-18,0.0,Public Sector,0,0.0,81,0.6553398058252428,3,1,1
Q808L4HZ,James Ascencio,GTXPro,Newex,Won,2017-05-29,2017-08-07,5194.0,Energy,1,5194.0,70,0.6553398058252428,1,1,1
IWQP4M72,Jonathan Berthelot,GTX Plus Basic,Bioholding,Lost,2017-05-29,2017-08-29,0.0,Banking,0,0.0,92,0.6477272727272727,0,1,2
3GOXMQPF,Kary Hendrixson,GTX Plus Basic,Golddex,Won,2017-05-29,2017-08-17,1002.0,Manufacturing,1,1002.0,80,0.6238805970149254,2,1,2
1WZ5N86Q,Kary Hendrixson,GTX Plus Pro,Hottechi,Won,2017-05-29,2017-08-17,6042.0,Public Sector,1,6042.0,80,0.6238805970149254,3,1,1
C3QK8M7F,Markita Hansen,GTX Plus Pro,Sonron,Won,2017-05-29,2017-06-15,4423.0,Manufacturing,1,4423.0,17,0.5726872246696035,2,1,2
9BXXDYH9,Markita Hansen,MG Special,Groovestreet,Won,2017-05-29,2017-08-18,45.0,Retail,1,45.0,81,0.5726872246696035,4,1,0
4X3H9YD5,Rosalina Dieter,GTK 500,Kan-code,Won,2017-05-29,2017-08-29,25791.0,Public Sector,1,25791.0,92,0.6545454545454545,3,1,0
K83L4L0I,Rosie Papadopoulos,MG Advanced,Mathtouch,Won,2017-05-29,2017-06-17,2918.0,Energy,1,2918.0,19,0.6446280991735537,1,1,1
E9C7WXQL,Versie Hillebrand,GTX Plus Basic,Streethex,Won,2017-05-29,2017-09-19,959.0,Banking,1,959.0,113,0.6666666666666666,0,1,0
AAVJHH3M,Zane Levy,GTXPro,Green-Plus,Won,2017-05-29,2017-06-06,5532.0,Retail,1,5532.0,8,0.6168582375478927,4,1,1
NEVHU7GV,Boris Faz,GTX Plus Basic,Ontomedia,Lost,2017-05-30,2017-08-07,0.0,Manufacturing,0,0.0,69,0.6601307189542484,2,1,1
POLWB0UX,Corliss Cosme,GTXPro,Xx-zobam,Won,2017-05-30,2017-06-06,4687.0,Manufacturing,1,4687.0,7,0.6550218340611353,2,1,0
ZSHK2ZXD,Darcel Schlecht,GTX Basic,dambase,Won,2017-05-30,2017-06-21,602.0,Retail,1,602.0,22,0.6311030741410488,4,1,2
PF7GFMLQ,Donn Cantrell,GTX Basic,Condax,Won,2017-05-30,2017-08-10,595.0,Banking,1,595.0,72,0.5745454545454546,0,1,0
LKMZWCKQ,Gladys Colclough,GTXPro,Funholding,Lost,2017-05-30,2017-09-06,0.0,Retail,0,0.0,99,0.5818965517241379,4,1,0
3D6ZHLF0,Kami Bicknell,GTX Basic,Zoomit,Lost,2017-05-30,2017-08-05,0.0,Energy,0,0.0,67,0.6397058823529411,1,1,1
3R8PJCCW,Kary Hendrixson,MG Advanced,Blackzim,Won,2017-05-30,2017-09-03,2868.0,Telecom,1,2868.0,96,0.6238805970149254,6,1,1
CPWTJ2WC,Marty Freudenburg,MG Advanced,Finhigh,Won,2017-05-30,2017-06-03,3236.0,Banking,1,3236.0,4,0.6288659793814433,0,1,1
QZLWUJEJ,Reed Clapper,GTXPro,Ganjaflex,Lost,2017-05-30,2017-05-31,0.0,Retail,0,0.0,1,0.6540084388185654,4,1,1
NDVZAHYA,Vicki Laflamme,GTX Basic,Golddex,Won,2017-05-30,2017-08-15,524.0,Manufacturing,1,524.0,77,0.6368876080691642,2,1,2
1R8VKE8O,Vicki Laflamme,GTX Plus Pro,Golddex,Won,2017-05-30,2017-08-15,5631.0,Manufacturing,1,5631.0,77,0.6368876080691642,2,1,2
LNX7ULEG,Zane Levy,GTX Plus Pro,Sonron,Won,2017-05-30,2017-08-22,5572.0,Manufacturing,1,5572.0,84,0.6168582375478927,2,1,2
42N0IWF8,Zane Levy,GTXPro,Condax,Won,2017-05-30,2017-06-05,5644.0,Banking,1,5644.0,6,0.6168582375478927,0,1,1
N60TC14O,Cecily Lampkin,GTX Plus Pro,Zumgoity,Lost,2017-05-31,2017-08-05,0.0,Public Sector,0,0.0,66,0.66875,3,1,1
V6YYDG56,Daniell Hammack,GTX Plus Pro,Donquadtech,Lost,2017-05-31,2017-06-16,0.0,Shipping,0,0.0,16,0.6096256684491979,5,1,1
S1AU0IZX,Darcel Schlecht,GTXPro,Inity,Won,2017-05-31,2017-06-04,4192.0,Manufacturing,1,4192.0,4,0.6311030741410488,2,1,2
GFXKHCEM,Elease Gluck,MG Special,Fasehatice,Lost,2017-05-31,2017-09-05,0.0,Telecom,0,0.0,97,0.6349206349206349,6,1,1
YH2NHVXC,Elease Gluck,MG Advanced,Blackzim,Lost,2017-05-31,2017-08-26,0.0,Telecom,0,0.0,87,0.6349206349206349,6,1,0
JSNPH01N,Elease Gluck,MG Special,Sonron,Won,2017-05-31,2017-06-10,56.0,Manufacturing,1,56.0,10,0.6349206349206349,2,1,0
CQDULMXS,Garret Kinder,GTX Basic,Gekko & Co,Won,2017-05-31,2017-08-05,607.0,Telecom,1,607.0,66,0.6097560975609756,6,1,1
VKM187MX,Gladys Colclough,MG Special,Condax,Won,2017-05-31,2017-06-09,48.0,Banking,1,48.0,9,0.5818965517241379,0,1,0
4IUJNFPF,James Ascencio,GTX Basic,Singletechno,Lost,2017-05-31,2017-08-18,0.0,Retail,0,0.0,79,0.6553398058252428,4,1,0
ZE7PM90V,James Ascencio,GTX Basic,Blackzim,Won,2017-05-31,2017-08-23,570.0,Telecom,1,570.0,84,0.6553398058252428,6,1,2
CAAYFKK8,James Ascencio,GTX Plus Basic,Singletechno,Won,2017-05-31,2017-06-04,1056.0,Retail,1,1056.0,4,0.6553398058252428,4,1,1
NQZNAEYQ,Kami Bicknell,GTX Basic,Lexiqvolax,Won,2017-05-31,2017-09-03,560.0,Public Sector,1,560.0,95,0.6397058823529411,3,1,1
J47DPNB5,Kary Hendrixson,GTX Plus Pro,Plexzap,Lost,2017-05-31,2017-08-03,0.0,Manufacturing,0,0.0,64,0.6238805970149254,2,1,2
37B8ES7X,Kary Hendrixson,GTX Basic,Groovestreet,Won,2017-05-31,2017-06-21,588.0,Retail,1,588.0,21,0.6238805970149254,4,1,0
KYABDCKE,Kary Hendrixson,GTXPro,Y-corporation,Won,2017-05-31,2017-09-02,4356.0,Manufacturing,1,4356.0,94,0.6238805970149254,2,1,0
3CP9VXC1,Kary Hendrixson,MG Special,Labdrill,Won,2017-05-31,2017-08-15,69.0,Energy,1,69.0,76,0.6238805970149254,1,1,1
9XGT3451,Lajuana Vencill,GTX Basic,Rangreen,Won,2017-05-31,2017-08-02,505.0,Energy,1,505.0,63,0.5497835497835498,1,1,0
AG0H8IAZ,Markita Hansen,GTX Basic,Sonron,Won,2017-05-31,2017-09-23,510.0,Manufacturing,1,510.0,115,0.5726872246696035,2,1,2
28FTXKAB,Markita Hansen,MG Advanced,Zoomit,Won,2017-05-31,2017-09-23,3722.0,Energy,1,3722.0,115,0.5726872246696035,1,1,2
ROUOR5L0,Maureen Marcano,GTX Plus Basic,Finjob,Won,2017-05-31,2017-08-02,1145.0,Manufacturing,1,1145.0,63,0.6995305164319249,2,1,1
QPMZ5RG0,Moses Frase,MG Special,Streethex,Won,2017-05-31,2017-08-27,53.0,Banking,1,53.0,88,0.6615384615384615,0,1,2
2PMIYAFN,Reed Clapper,GTX Plus Basic,Kan-code,Won,2017-05-31,2017-06-15,1120.0,Public Sector,1,1120.0,15,0.6540084388185654,3,1,2
CRWE8FRT,Reed Clapper,MG Advanced,Initech,Won,2017-05-31,2017-09-22,3404.0,Banking,1,3404.0,114,0.6540084388185654,0,1,1
FC1LS6PY,Versie Hillebrand,MG Advanced,Zumgoity,Lost,2017-05-31,2017-06-08,0.0,Public Sector,0,0.0,8,0.6666666666666666,3,1,2
6FI9HAX7,Versie Hillebrand,MG Special,Ron-tech,Won,2017-05-31,2017-06-13,46.0,Manufacturing,1,46.0,13,0.6666666666666666,2,1,2
JL86Q0B4,Wilburn Farren,MG Special,The New York Inquirer,Won,2017-05-31,2017-06-14,53.0,Banking,1,53.0,14,0.6962025316455697,0,1,2
Y2A8EUBM,Zane Levy,GTX Basic,Singletechno,Lost,2017-05-31,2017-08-20,0.0,Retail,0,0.0,81,0.6168582375478927,4,1,0
C2MKJA8V,Zane Levy,GTXPro,Condax,Won,2017-05-31,2017-06-05,4988.0,Banking,1,4988.0,5,0.6168582375478927,0,1,1
IJ4Y77D9,Zane Levy,MG Special,Rantouch,Won,2017-05-31,2017-08-12,53.0,Energy,1,53.0,73,0.6168582375478927,1,1,1
CGCPVYNI,Anna Snelling,GTX Basic,Isdom,Won,2017-06-01,2017-06-08,523.0,Retail,1,523.0,7,0.6190476190476191,4,1,1
ST8ZOXKI,Anna Snelling,MG Special,Hottechi,Won,2017-06-01,2017-06-11,63.0,Public Sector,1,63.0,10,0.6190476190476191,3,1,0
P07OGZ3F,Anna Snelling,MG Special,Stanredtax,Won,2017-06-01,2017-08-28,54.0,Retail,1,54.0,88,0.6190476190476191,4,1,0
0DLEXLEV,Boris Faz,GTX Plus Pro,Yearin,Won,2017-06-01,2017-09-07,6117.0,Retail,1,6117.0,98,0.6601307189542484,4,1,1
27UN3UX8,Cassey Cress,GTX Plus Pro,Ontomedia,Won,2017-06-01,2017-06-09,5112.0,Manufacturing,1,5112.0,8,0.6245210727969349,2,1,0
NR5D7201,Corliss Cosme,MG Advanced,Kan-code,Won,2017-06-01,2017-09-03,3527.0,Public Sector,1,3527.0,94,0.6550218340611353,3,1,1
LKBS2IJC,Darcel Schlecht,GTX Plus Pro,Konmatfix,Lost,2017-06-01,2017-06-11,0.0,Shipping,0,0.0,10,0.6311030741410488,5,1,0
MFO940S8,Darcel Schlecht,MG Special,Finhigh,Lost,2017-06-01,2017-08-24,0.0,Banking,0,0.0,84,0.6311030741410488,0,1,2
5O0597PP,Darcel Schlecht,MG Advanced,Warephase,Lost,2017-06-01,2017-08-07,0.0,Retail,0,0.0,67,0.6311030741410488,4,1,2
C4FEG98K,Darcel Schlecht,GTX Basic,Inity,Won,2017-06-01,2017-06-14,565.0,Manufacturing,1,565.0,13,0.6311030741410488,2,1,1
EKH5O1HH,Darcel Schlecht,MG Advanced,Ron-tech,Won,2017-06-01,2017-06-09,3771.0,Manufacturing,1,3771.0,8,0.6311030741410488,2,1,0
BZ9C1LQT,Elease Gluck,MG Advanced,Fasehatice,Lost,2017-06-01,2017-08-09,0.0,Telecom,0,0.0,69,0.6349206349206349,6,1,0
ZT6D57ED,Gladys Colclough,GTX Plus Pro,Scottech,Won,2017-06-01,2017-09-02,6274.0,Banking,1,6274.0,93,0.5818965517241379,0,1,2
NKERMTB8,Hayden Neloms,MG Advanced,Plexzap,Lost,2017-06-01,2017-08-03,0.0,Manufacturing,0,0.0,63,0.7039473684210527,2,1,2
Q67320CY,Hayden Neloms,MG Advanced,Sunnamplex,Won,2017-06-01,2017-08-17,3480.0,Public Sector,1,3480.0,77,0.7039473684210527,3,1,0
K5NFTQRI,James Ascencio,GTX Plus Pro,Fasehatice,Won,2017-06-01,2017-08-16,5770.0,Telecom,1,5770.0,76,0.6553398058252428,6,1,0
IJ7B896N,Kary Hendrixson,MG Advanced,Hottechi,Lost,2017-06-01,2017-09-12,0.0,Public Sector,0,0.0,103,0.6238805970149254,3,1,0
8KBVRQHD,Lajuana Vencill,GTX Plus Pro,Statholdings,Lost,2017-06-01,2017-08-29,0.0,Manufacturing,0,0.0,89,0.5497835497835498,2,1,0
AGZ87JFX,Moses Frase,GTX Basic,Rangreen,Lost,2017-06-01,2017-08-01,0.0,Energy,0,0.0,61,0.6615384615384615,1,1,0
OBGCQ1BK,Niesha Huffines,GTX Basic,Domzoom,Lost,2017-06-01,2017-09-21,0.0,Retail,0,0.0,112,0.6,4,1,0
K05LLUU4,Niesha Huffines,GTX Basic,Ron-tech,Lost,2017-06-01,2017-09-25,0.0,Manufacturing,0,0.0,116,0.6,2,1,1
9WISPXZW,Reed Clapper,GTX Basic,Konex,Won,2017-06-01,2017-06-12,562.0,Public Sector,1,562.0,11,0.6540084388185654,3,1,0
4ZGA57SX,Rosie Papadopoulos,GTXPro,Mathtouch,Won,2017-06-01,2017-08-03,4686.0,Energy,1,4686.0,63,0.6446280991735537,1,1,2
6ONKN1IM,Vicki Laflamme,MG Advanced,Newex,Lost,2017-06-01,2017-08-22,0.0,Energy,0,0.0,82,0.6368876080691642,1,1,1
JVIIWJDL,Violet Mclelland,MG Special,Opentech,Won,2017-06-01,2017-09-02,38.0,Retail,1,38.0,93,0.6321243523316062,4,1,0
W8M8XI8Y,Zane Levy,MG Advanced,Finjob,Won,2017-06-01,2017-08-05,3184.0,Manufacturing,1,3184.0,65,0.6168582375478927,2,1,2
MELHF0ZP,Anna Snelling,GTX Plus Pro,Rundofase,Won,2017-06-02,2017-09-17,5373.0,Public Sector,1,5373.0,107,0.6190476190476191,3,1,1
6SV2WYK4,Boris Faz,GTX Plus Basic,Bluth Company,Won,2017-06-02,2017-09-05,1239.0,Energy,1,1239.0,95,0.6601307189542484,1,1,2
6JEAYHOE,Cecily Lampkin,MG Advanced,Isdom,Lost,2017-06-02,2017-06-18,0.0,Retail,0,0.0,16,0.66875,4,1,0
IKQSEYPT,Cecily Lampkin,MG Special,Streethex,Won,2017-06-02,2017-06-12,52.0,Banking,1,52.0,10,0.66875,0,1,0
ZN0FWO0L,Corliss Cosme,GTX Basic,Ganjaflex,Won,2017-06-02,2017-09-19,651.0,Retail,1,651.0,109,0.6550218340611353,4,1,0
CPL37MZC,Darcel Schlecht,GTX Plus Pro,dambase,Won,2017-06-02,2017-08-02,6026.0,Retail,1,6026.0,61,0.6311030741410488,4,1,0
GM68OLDH,James Ascencio,GTX Plus Pro,Green-Plus,Won,2017-06-02,2017-09-05,5569.0,Retail,1,5569.0,95,0.6553398058252428,4,1,1
W604BPPE,Jonathan Berthelot,GTX Basic,Dontechi,Lost,2017-06-02,2017-08-25,0.0,Shipping,0,0.0,84,0.6477272727272727,5,1,1
GIJ14130,Jonathan Berthelot,GTX Basic,Hottechi,Won,2017-06-02,2017-09-04,519.0,Public Sector,1,519.0,94,0.6477272727272727,3,1,2
CUA83384,Kami Bicknell,GTX Basic,Scotfind,Won,2017-06-02,2017-09-05,558.0,Telecom,1,558.0,95,0.6397058823529411,6,1,0
ZGQI86AQ,Kary Hendrixson,GTX Basic,Sonron,Won,2017-06-02,2017-09-05,523.0,Manufacturing,1,523.0,95,0.6238805970149254,2,1,2
L8NLCWFS,Kary Hendrixson,GTXPro,Scotfind,Won,2017-06-02,2017-08-20,4869.0,Telecom,1,4869.0,79,0.6238805970149254,6,1,1
UPHLXZ3M,Lajuana Vencill,MG Special,Funholding,Lost,2017-06-02,2017-08-02,0.0,Retail,0,0.0,61,0.5497835497835498,4,1,0
JDFQYP5L,Lajuana Vencill,GTX Basic,Stanredtax,Won,2017-06-02,2017-08-09,588.0,Retail,1,588.0,68,0.5497835497835498,4,1,0
06AIY3IS,Marty Freudenburg,GTX Plus Pro,Condax,Won,2017-06-02,2017-08-21,5712.0,Banking,1,5712.0,80,0.6288659793814433,0,1,1
4LQAN2JX,Maureen Marcano,GTX Plus Basic,Golddex,Won,2017-06-02,2017-08-29,1046.0,Manufacturing,1,1046.0,88,0.6995305164319249,2,1,1
84QGC91P,Maureen Marcano,MG Special,Singletechno,Won,2017-06-02,2017-08-17,54.0,Retail,1,54.0,76,0.6995305164319249,4,1,1
98MASV7P,Reed Clapper,GTXPro,Xx-zobam,Won,2017-06-02,2017-08-12,4933.0,Manufacturing,1,4933.0,71,0.6540084388185654,2,1,1
QFBBRJL5,Reed Clapper,MG Special,Umbrella Corporation,Won,2017-06-02,2017-09-26,60.0,Public Sector,1,60.0,116,0.6540084388185654,3,1,1
XCGW5K0N,Violet Mclelland,GTX Basic,Silis,Won,2017-06-02,2017-09-12,572.0,Public Sector,1,572.0,102,0.6321243523316062,3,1,0
UUF8Z53N,Violet Mclelland,MG Special,Condax,Won,2017-06-02,2017-08-30,55.0,Banking,1,55.0,89,0.6321243523316062,0,1,1
J6MIKNYJ,Violet Mclelland,MG Special,Xx-zobam,Won,2017-06-02,2017-08-22,51.0,Manufacturing,1,51.0,81,0.6321243523316062,2,1,0
3W4AWYSK,Cassey Cress,GTX Plus Pro,Vehement Capital Partners,Lost,2017-06-03,2017-08-24,0.0,Banking,0,0.0,82,0.6245210727969349,0,1,0
VBN5T6F8,Cassey Cress,MG Special,Opentech,Won,2017-06-03,2017-08-31,59.0,Retail,1,59.0,89,0.6245210727969349,4,1,1
W1J3L0EU,Daniell Hammack,GTXPro,Betasoloin,Won,2017-06-03,2017-06-06,4492.0,Banking,1,4492.0,3,0.6096256684491979,0,1,1
45CMXP2K,Darcel Schlecht,GTX Basic,Treequote,Lost,2017-06-03,2017-08-03,0.0,Retail,0,0.0,61,0.6311030741410488,4,1,0
6OJAC85F,Darcel Schlecht,GTXPro,Codehow,Lost,2017-06-03,2017-08-29,0.0,Telecom,0,0.0,87,0.6311030741410488,6,1,1
K94WM7M4,Donn Cantrell,MG Advanced,Zathunicon,Lost,2017-06-03,2017-08-27,0.0,Retail,0,0.0,85,0.5745454545454546,4,1,1
31KRB7R2,James Ascencio,GTX Basic,Plexzap,Lost,2017-06-03,2017-08-12,0.0,Manufacturing,0,0.0,70,0.6553398058252428,2,1,1
5PG1KSKD,James Ascencio,GTXPro,Fasehatice,Lost,2017-06-03,2017-08-06,0.0,Telecom,0,0.0,64,0.6553398058252428,6,1,2
LDAXEBR0,Jonathan Berthelot,GTX Basic,Treequote,Won,2017-06-03,2017-06-22,639.0,Retail,1,639.0,19,0.6477272727272727,4,1,0
NGTMVX1C,Jonathan Berthelot,GTX Plus Basic,Globex Corporation,Won,2017-06-03,2017-06-21,1040.0,Retail,1,1040.0,18,0.6477272727272727,4,1,2
SFBHZLHK,Jonathan Berthelot,GTXPro,Finhigh,Won,2017-06-03,2017-09-12,4138.0,Banking,1,4138.0,101,0.6477272727272727,0,1,1
13PPMGNM,Kami Bicknell,GTX Plus Basic,Plexzap,Lost,2017-06-03,2017-08-07,0.0,Manufacturing,0,0.0,65,0.6397058823529411,2,1,2
6GY8Q8F0,Lajuana Vencill,MG Special,Funholding,Won,2017-06-03,2017-09-23,54.0,Retail,1,54.0,112,0.5497835497835498,4,1,1
5JIXFMFY,Lajuana Vencill,MG Advanced,Inity,Won,2017-06-03,2017-09-14,3438.0,Manufacturing,1,3438.0,103,0.5497835497835498,2,1,2
JBY30BSR,Markita Hansen,GTXPro,Finjob,Lost,2017-06-03,2017-08-05,0.0,Manufacturing,0,0.0,63,0.5726872246696035,2,1,1
69XL3JMB,Marty Freudenburg,GTX Plus Basic,Isdom,Won,2017-06-03,2017-08-05,1017.0,Retail,1,1017.0,63,0.6288659793814433,4,1,2
DYWMK8OF,Rosalina Dieter,MG Advanced,Singletechno,Won,2017-06-03,2017-09-19,3314.0,Retail,1,3314.0,108,0.6545454545454545,4,1,2
GG8XQD8Z,Versie Hillebrand,MG Special,Cancity,Lost,2017-06-03,2017-08-12,0.0,Public Sector,0,0.0,70,0.6666666666666666,3,1,2
URT8A7OQ,Versie Hillebrand,MG Special,Rangreen,Won,2017-06-03,2017-08-24,51.0,Energy,1,51.0,82,0.6666666666666666,1,1,0
LGO0XF4X,Vicki Laflamme,MG Special,Kan-code,Won,2017-06-03,2017-09-10,50.0,Public Sector,1,50.0,99,0.6368876080691642,3,1,2
Y46OEBEH,Violet Mclelland,MG Special,Zathunicon,Won,2017-06-03,2017-06-09,54.0,Retail,1,54.0,6,0.6321243523316062,4,1,0
G54JJCMX,Anna Snelling,GTX Plus Pro,Scottech,Lost,2017-06-04,2017-08-18,0.0,Banking,0,0.0,75,0.6190476190476191,0,1,1
BPQ0358T,Anna Snelling,MG Advanced,Rangreen,Lost,2017-06-04,2017-09-16,0.0,Energy,0,0.0,104,0.6190476190476191,1,1,2
EPH7L4K0,Boris Faz,GTXPro,Condax,Lost,2017-06-04,2017-09-05,0.0,Banking,0,0.0,93,0.6601307189542484,0,1,1
SMU4542Q,Cecily Lampkin,GTX Plus Basic,Hottechi,Lost,2017-06-04,2017-08-16,0.0,Public Sector,0,0.0,73,0.66875,3,1,1
E884CL8B,Daniell Hammack,GTXPro,Ontomedia,Won,2017-06-04,2017-06-17,4942.0,Manufacturing,1,4942.0,13,0.6096256684491979,2,1,2
4K8N65EM,Donn Cantrell,MG Special,Initech,Lost,2017-06-04,2017-08-06,0.0,Banking,0,0.0,63,0.5745454545454546,0,1,0
KVTBYOVD,Donn Cantrell,GTXPro,Kan-code,Won,2017-06-04,2017-06-14,4612.0,Public Sector,1,4612.0,10,0.5745454545454546,3,1,2
ZA6CBQAL,Donn Cantrell,GTXPro,Zotware,Won,2017-06-04,2017-06-20,4308.0,Banking,1,4308.0,16,0.5745454545454546,0,1,1
Y6YZXVTF,Donn Cantrell,MG Advanced,Massive Dynamic,Won,2017-06-04,2017-09-04,2876.0,Banking,1,2876.0,92,0.5745454545454546,0,1,1
SHETLR3T,Gladys Colclough,GTX Plus Pro,Warephase,Won,2017-06-04,2017-08-30,4990.0,Retail,1,4990.0,87,0.5818965517241379,4,1,2
EL03YRD0,Hayden Neloms,GTX Plus Basic,Scotfind,Lost,2017-06-04,2017-09-29,0.0,Telecom,0,0.0,117,0.7039473684210527,6,1,0
3KZUBSRU,Hayden Neloms,GTX Plus Basic,Sonron,Won,2017-06-04,2017-09-09,1024.0,Manufacturing,1,1024.0,97,0.7039473684210527,2,1,0
FA6JQ4V2,Kami Bicknell,MG Special,Lexiqvolax,Won,2017-06-04,2017-09-16,53.0,Public Sector,1,53.0,104,0.6397058823529411,3,1,1
N7WUBQR0,Kary Hendrixson,GTX Plus Basic,Singletechno,Lost,2017-06-04,2017-09-17,0.0,Retail,0,0.0,105,0.6238805970149254,4,1,1
9KJ89VHI,Kary Hendrixson,GTX Basic,J-Texon,Won,2017-06-04,2017-09-01,525.0,Telecom,1,525.0,89,0.6238805970149254,6,1,0
N3CN7GCZ,Kary Hendrixson,MG Special,Nam-zim,Won,2017-06-04,2017-08-27,60.0,Energy,1,60.0,84,0.6238805970149254,1,1,2
KAHKF9H1,Markita Hansen,GTX Plus Basic,Scotfind,Won,2017-06-04,2017-06-08,967.0,Telecom,1,967.0,4,0.5726872246696035,6,1,1
P4UJ64QM,Maureen Marcano,GTX Basic,Rantouch,Lost,2017-06-04,2017-08-14,0.0,Energy,0,0.0,71,0.6995305164319249,1,1,0
IHF5GR01,Reed Clapper,GTX Basic,Initech,Won,2017-06-04,2017-06-14,524.0,Banking,1,524.0,10,0.6540084388185654,0,1,1
81DUFIPO,Rosalina Dieter,MG Special,J-Texon,Won,2017-06-04,2017-09-10,57.0,Telecom,1,57.0,98,0.6545454545454545,6,1,2
58K44TMD,Rosie Papadopoulos,MG Advanced,Bubba Gump,Lost,2017-06-04,2017-06-20,0.0,Retail,0,0.0,16,0.6446280991735537,4,1,0
EEBOSTAA,Versie Hillebrand,GTX Plus Pro,Warephase,Won,2017-06-04,2017-06-13,5056.0,Retail,1,5056.0,9,0.6666666666666666,4,1,1
9DDHZUZB,Vicki Laflamme,GTX Basic,Konex,Won,2017-06-04,2017-06-08,600.0,Public Sector,1,600.0,4,0.6368876080691642,3,1,2
IWLEND3K,Cassey Cress,GTX Basic,Donware,Won,2017-06-05,2017-09-26,633.0,Banking,1,633.0,113,0.6245210727969349,0,1,1
VICY80KW,Cassey Cress,GTXPro,Vehement Capital Partners,Won,2017-06-05,2017-08-27,4994.0,Banking,1,4994.0,83,0.6245210727969349,0,1,2
H35AXY3M,Corliss Cosme,GTX Plus Basic,Kan-code,Won,2017-06-05,2017-06-10,899.0,Public Sector,1,899.0,5,0.6550218340611353,3,1,2
1UHFKBP6,Darcel Schlecht,GTXPro,Scottech,Lost,2017-06-05,2017-08-06,0.0,Banking,0,0.0,62,0.6311030741410488,0,1,0
VF7DWQIH,Darcel Schlecht,GTX Plus Pro,dambase,Won,2017-06-05,2017-08-25,5421.0,Retail,1,5421.0,81,0.6311030741410488,4,1,2
C7NW3JB2,Darcel Schlecht,GTXPro,Genco Pura Olive Oil Company,Won,2017-06-05,2017-08-23,5223.0,Manufacturing,1,5223.0,79,0.6311030741410488,2,1,1
SUABQAC0,Darcel Schlecht,GTXPro,Rundofase,Won,2017-06-05,2017-06-18,4794.0,Public Sector,1,4794.0,13,0.6311030741410488,3,1,2
6JWA8DFJ,Darcel Schlecht,GTXPro,Toughzap,Won,2017-06-05,2017-09-06,4903.0,Retail,1,4903.0,93,0.6311030741410488,4,1,2
OEBJXZN6,Darcel Schlecht,MG Advanced,Dontechi,Won,2017-06-05,2017-08-13,3625.0,Shipping,1,3625.0,69,0.6311030741410488,5,1,0
QMUBRAT2,Gladys Colclough,GTX Basic,Globex Corporation,Lost,2017-06-05,2017-08-28,0.0,Retail,0,0.0,84,0.5818965517241379,4,1,2
W5P1OLUL,Jonathan Berthelot,GTX Basic,Rundofase,Won,2017-06-05,2017-08-03,554.0,Public Sector,1,554.0,59,0.6477272727272727,3,1,2
JP4H1WG4,Kami Bicknell,GTX Basic,Singletechno,Lost,2017-06-05,2017-09-03,0.0,Retail,0,0.0,90,0.6397058823529411,4,1,1
580XZTEO,Kami Bicknell,GTX Basic,Sunnamplex,Lost,2017-06-05,2017-06-11,0.0,Public Sector,0,0.0,6,0.6397058823529411,3,1,0
MASS6JEE,Kary Hendrixson,GTXPro,Hatfan,Won,2017-06-05,2017-09-05,5039.0,Public Sector,1,5039.0,92,0.6238805970149254,3,1,0
XNC9UMYH,Markita Hansen,GTX Plus Basic,Faxquote,Won,2017-06-05,2017-08-30,1169.0,Telecom,1,1169.0,86,0.5726872246696035,6,1,0
AUEAKRQV,Marty Freudenburg,GTXPro,Toughzap,Won,2017-06-05,2017-09-19,5055.0,Retail,1,5055.0,106,0.6288659793814433,4,1,2
08Q8A6M9,Marty Freudenburg,MG Special,Scottech,Won,2017-06-05,2017-06-22,60.0,Banking,1,60.0,17,0.6288659793814433,0,1,0
6F8IL0XV,Maureen Marcano,GTX Plus Basic,Condax,Lost,2017-06-05,2017-08-27,0.0,Banking,0,0.0,83,0.6995305164319249,0,1,2
NTHLG5DT,Maureen Marcano,GTX Basic,Golddex,Won,2017-06-05,2017-09-08,595.0,Manufacturing,1,595.0,95,0.6995305164319249,2,1,2
Y5OZ7VOF,Maureen Marcano,MG Advanced,Plexzap,Won,2017-06-05,2017-06-21,3227.0,Manufacturing,1,3227.0,16,0.6995305164319249,2,1,1
9HLQVY37,Moses Frase,GTX Plus Basic,Konmatfix,Lost,2017-06-05,2017-06-11,0.0,Shipping,0,0.0,6,0.6615384615384615,5,1,1
8C3LOLPY,Moses Frase,GTX Plus Basic,Ron-tech,Lost,2017-06-05,2017-08-14,0.0,Manufacturing,0,0.0,70,0.6615384615384615,2,1,1
QMJHLT1V,Moses Frase,MG Special,Hottechi,Won,2017-06-05,2017-09-20,59.0,Public Sector,1,59.0,107,0.6615384615384615,3,1,1
Q5JU0LZJ,Niesha Huffines,GTX Basic,Inity,Won,2017-06-05,2017-09-26,479.0,Manufacturing,1,479.0,113,0.6,2,1,1
IRODLEGG,Niesha Huffines,MG Advanced,Globex Corporation,Won,2017-06-05,2017-09-14,3449.0,Retail,1,3449.0,101,0.6,4,1,2
HTA6XLY3,Reed Clapper,MG Special,Massive Dynamic,Won,2017-06-05,2017-09-24,54.0,Banking,1,54.0,111,0.6540084388185654,0,1,2
XW7J3TI2,Vicki Laflamme,MG Advanced,Hatfan,Lost,2017-06-05,2017-08-14,0.0,Public Sector,0,0.0,70,0.6368876080691642,3,1,0
1BV5JLZV,Vicki Laflamme,MG Special,Doncon,Won,2017-06-05,2017-09-01,59.0,Shipping,1,59.0,88,0.6368876080691642,5,1,2
84D18IA1,Violet Mclelland,MG Special,Acme Corporation,Lost,2017-06-05,2017-08-01,0.0,Shipping,0,0.0,57,0.6321243523316062,5,1,2
41IM8V9E,Zane Levy,GTX Basic,Finjob,Lost,2017-06-05,2017-09-27,0.0,Manufacturing,0,0.0,114,0.6168582375478927,2,1,1
NXFAXN16,Anna Snelling,MG Special,Streethex,Won,2017-06-06,2017-09-27,55.0,Banking,1,55.0,113,0.6190476190476191,0,1,2
FXXEZ5U2,Cassey Cress,MG Advanced,Initech,Won,2017-06-06,2017-08-09,3042.0,Banking,1,3042.0,64,0.6245210727969349,0,1,1
3F81XLI7,Corliss Cosme,GTXPro,Ganjaflex,Won,2017-06-06,2017-08-11,4230.0,Retail,1,4230.0,66,0.6550218340611353,4,1,0
ID4LC9V5,Daniell Hammack,GTX Plus Basic,Initech,Won,2017-06-06,2017-08-15,979.0,Banking,1,979.0,70,0.6096256684491979,0,1,0
IPQFYK0E,Daniell Hammack,GTX Plus Basic,Zotware,Won,2017-06-06,2017-06-17,1064.0,Banking,1,1064.0,11,0.6096256684491979,0,1,2
UU0F81HS,Daniell Hammack,GTXPro,Xx-zobam,Won,2017-06-06,2017-08-20,5166.0,Manufacturing,1,5166.0,75,0.6096256684491979,2,1,0
7SBDZJF4,Donn Cantrell,GTX Plus Basic,Bioplex,Won,2017-06-06,2017-08-23,1036.0,Retail,1,1036.0,78,0.5745454545454546,4,1,2
7UI7YX03,Elease Gluck,GTXPro,Hottechi,Won,2017-06-06,2017-08-06,4330.0,Public Sector,1,4330.0,61,0.6349206349206349,3,1,0
BNYWSG6W,Gladys Colclough,MG Advanced,Hottechi,Won,2017-06-06,2017-09-13,3598.0,Public Sector,1,3598.0,99,0.5818965517241379,3,1,1
RC1YCAEP,James Ascencio,GTX Basic,Goodsilron,Won,2017-06-06,2017-08-16,431.0,Energy,1,431.0,71,0.6553398058252428,1,1,1
H6TY7RBJ,Jonathan Berthelot,GTX Plus Basic,Funholding,Lost,2017-06-06,2017-08-28,0.0,Retail,0,0.0,83,0.6477272727272727,4,1,1
MU6NOSH1,Jonathan Berthelot,GTX Basic,Funholding,Won,2017-06-06,2017-06-17,624.0,Retail,1,624.0,11,0.6477272727272727,4,1,1
OFIORN0G,Jonathan Berthelot,GTX Plus Basic,Finhigh,Won,2017-06-06,2017-06-11,1140.0,Banking,1,1140.0,5,0.6477272727272727,0,1,2
PMHOZRJN,Kami Bicknell,MG Special,Condax,Won,2017-06-06,2017-09-17,62.0,Banking,1,62.0,103,0.6397058823529411,0,1,0
7Z3Q8UYS,Kary Hendrixson,GTX Basic,Fasehatice,Lost,2017-06-06,2017-08-01,0.0,Telecom,0,0.0,56,0.6238805970149254,6,1,2
YT9PLSVL,Lajuana Vencill,GTX Basic,Streethex,Won,2017-06-06,2017-09-15,584.0,Banking,1,584.0,101,0.5497835497835498,0,1,1
BQINW2LB,Markita Hansen,MG Special,Lexiqvolax,Lost,2017-06-06,2017-09-09,0.0,Public Sector,0,0.0,95,0.5726872246696035,3,1,2
BLFMYCVF,Markita Hansen,MG Special,Goodsilron,Won,2017-06-06,2017-08-19,57.0,Energy,1,57.0,74,0.5726872246696035,1,1,0
379SDV6Y,Niesha Huffines,GTX Plus Basic,Statholdings,Won,2017-06-06,2017-08-05,1267.0,Manufacturing,1,1267.0,60,0.6,2,1,2
FE2AE2YO,Reed Clapper,GTXPro,Umbrella Corporation,Lost,2017-06-06,2017-06-11,0.0,Public Sector,0,0.0,5,0.6540084388185654,3,1,0
2756CEOQ,Vicki Laflamme,MG Special,Plusstrip,Won,2017-06-06,2017-09-16,55.0,Public Sector,1,55.0,102,0.6368876080691642,3,1,2
Z4CFFZAW,Violet Mclelland,MG Special,Opentech,Won,2017-06-06,2017-09-10,63.0,Retail,1,63.0,96,0.6321243523316062,4,1,0
I967JINR,Wilburn Farren,GTXPro,Donquadtech,Won,2017-06-06,2017-09-05,3961.0,Shipping,1,3961.0,91,0.6962025316455697,5,1,0
IE18U4NO,Wilburn Farren,MG Special,Zathunicon,Won,2017-06-06,2017-08-26,45.0,Retail,1,45.0,81,0.6962025316455697,4,1,1
JNIMHE7Y,Anna Snelling,MG Special,Warephase,Won,2017-06-07,2017-08-20,61.0,Retail,1,61.0,74,0.6190476190476191,4,1,0
KUKJQX9Y,Cassey Cress,MG Advanced,Bubba Gump,Lost,2017-06-07,2017-09-08,0.0,Retail,0,0.0,93,0.6245210727969349,4,1,1
QCIG6H19,Darcel Schlecht,GTX Plus Basic,Isdom,Won,2017-06-07,2017-08-31,1114.0,Retail,1,1114.0,85,0.6311030741410488,4,1,1
R7IIOFBH,Garret Kinder,GTX Basic,Kan-code,Won,2017-06-07,2017-08-05,566.0,Public Sector,1,566.0,59,0.6097560975609756,3,1,1
Q7ST5E1W,Gladys Colclough,MG Advanced,dambase,Lost,2017-06-07,2017-08-20,0.0,Retail,0,0.0,74,0.5818965517241379,4,1,2
6MTURF7Q,Hayden Neloms,MG Special,Green-Plus,Won,2017-06-07,2017-06-21,56.0,Retail,1,56.0,14,0.7039473684210527,4,1,2
MWT1ZV0Y,Jonathan Berthelot,GTX Basic,Ron-tech,Won,2017-06-07,2017-06-18,627.0,Manufacturing,1,627.0,11,0.6477272727272727,2,1,2
B7Q6Q7S2,Markita Hansen,GTX Plus Basic,Dalttechnology,Won,2017-06-07,2017-08-16,1101.0,Shipping,1,1101.0,70,0.5726872246696035,5,1,2
3DYZN86H,Markita Hansen,MG Advanced,Hottechi,Won,2017-06-07,2017-09-17,2979.0,Public Sector,1,2979.0,102,0.5726872246696035,3,1,0
QYKTG5QA,Marty Freudenburg,MG Advanced,Isdom,Lost,2017-06-07,2017-09-04,0.0,Retail,0,0.0,89,0.6288659793814433,4,1,0
67CKCI5G,Reed Clapper,GTXPro,Gekko & Co,Lost,2017-06-07,2017-08-05,0.0,Telecom,0,0.0,59,0.6540084388185654,6,1,2
2O1IK8VR,Versie Hillebrand,MG Advanced,Warephase,Won,2017-06-07,2017-06-17,3662.0,Retail,1,3662.0,10,0.6666666666666666,4,1,0
N8NQK8K7,Zane Levy,GTXPro,Dalttechnology,Lost,2017-06-07,2017-08-22,0.0,Shipping,0,0.0,76,0.6168582375478927,5,1,0
V93EX6XU,Zane Levy,GTXPro,Nam-zim,Won,2017-06-07,2017-08-17,5185.0,Energy,1,5185.0,71,0.6168582375478927,1,1,1
5QNUZYIL,Boris Faz,MG Advanced,Umbrella Corporation,Won,2017-06-08,2017-06-24,3681.0,Public Sector,1,3681.0,16,0.6601307189542484,3,1,1
WX63AIMZ,Cecily Lampkin,MG Special,Dontechi,Won,2017-06-08,2017-06-18,59.0,Shipping,1,59.0,10,0.66875,5,1,1
09P7O0LQ,Cecily Lampkin,MG Special,Finhigh,Won,2017-06-08,2017-09-13,60.0,Banking,1,60.0,97,0.66875,0,1,1
GYS3APR7,Corliss Cosme,GTX Basic,Bluth Company,Won,2017-06-08,2017-08-05,602.0,Energy,1,602.0,58,0.6550218340611353,1,1,0
9VF00HWL,Corliss Cosme,GTX Basic,Xx-zobam,Won,2017-06-08,2017-08-12,515.0,Manufacturing,1,515.0,65,0.6550218340611353,2,1,2
UTJGDR3K,Darcel Schlecht,GTXPro,Streethex,Lost,2017-06-08,2017-08-25,0.0,Banking,0,0.0,78,0.6311030741410488,0,1,0
MD0SRXG4,Darcel Schlecht,GTX Plus Pro,Ron-tech,Won,2017-06-08,2017-06-21,5175.0,Manufacturing,1,5175.0,13,0.6311030741410488,2,1,0
E0ITYYTG,Donn Cantrell,GTXPro,Acme Corporation,Lost,2017-06-08,2017-08-27,0.0,Shipping,0,0.0,80,0.5745454545454546,5,1,0
PGK5K24U,Donn Cantrell,GTXPro,Plussunin,Won,2017-06-08,2017-08-28,4780.0,Energy,1,4780.0,81,0.5745454545454546,1,1,1
X46ZXX2S,Jonathan Berthelot,GTX Plus Basic,Globex Corporation,Lost,2017-06-08,2017-08-11,0.0,Retail,0,0.0,64,0.6477272727272727,4,1,1
4QP55BTO,Jonathan Berthelot,GTX Basic,Globex Corporation,Won,2017-06-08,2017-06-16,614.0,Retail,1,614.0,8,0.6477272727272727,4,1,1
G6X1B2K5,Jonathan Berthelot,GTX Basic,Rangreen,Won,2017-06-08,2017-09-13,532.0,Energy,1,532.0,97,0.6477272727272727,1,1,2
0YCAS0B9,Jonathan Berthelot,GTX Plus Pro,Finhigh,Won,2017-06-08,2017-08-27,6096.0,Banking,1,6096.0,80,0.6477272727272727,0,1,0
6UZVABQR,Kary Hendrixson,GTX Basic,Hottechi,Won,2017-06-08,2017-08-17,486.0,Public Sector,1,486.0,70,0.6238805970149254,3,1,2
9NTDQ8ZC,Lajuana Vencill,GTX Basic,Funholding,Won,2017-06-08,2017-08-17,566.0,Retail,1,566.0,70,0.5497835497835498,4,1,1
FCCI80H2,Markita Hansen,MG Special,Singletechno,Lost,2017-06-08,2017-06-22,0.0,Retail,0,0.0,14,0.5726872246696035,4,1,2
ALQRAPZR,Markita Hansen,GTX Plus Basic,Green-Plus,Won,2017-06-08,2017-06-16,923.0,Retail,1,923.0,8,0.5726872246696035,4,1,0
7SPRU76Q,Markita Hansen,GTXPro,Hottechi,Won,2017-06-08,2017-09-30,4744.0,Public Sector,1,4744.0,114,0.5726872246696035,3,1,0
JEMEGXUG,Marty Freudenburg,GTX Basic,Warephase,Won,2017-06-08,2017-08-19,517.0,Retail,1,517.0,72,0.6288659793814433,4,1,1
GVHIFUN1,Marty Freudenburg,GTX Plus Basic,Zumgoity,Won,2017-06-08,2017-06-14,881.0,Public Sector,1,881.0,6,0.6288659793814433,3,1,1
RBB3C85Q,Marty Freudenburg,GTXPro,Gogozoom,Won,2017-06-08,2017-06-24,4272.0,Telecom,1,4272.0,16,0.6288659793814433,6,1,2
WFP9J5J7,Maureen Marcano,GTXPro,Finjob,Lost,2017-06-08,2017-08-26,0.0,Manufacturing,0,0.0,79,0.6995305164319249,2,1,1
8I4915WD,Maureen Marcano,GTX Plus Basic,Lexiqvolax,Won,2017-06-08,2017-09-02,805.0,Public Sector,1,805.0,86,0.6995305164319249,3,1,1
L831D7DF,Versie Hillebrand,MG Special,Funholding,Lost,2017-06-08,2017-08-18,0.0,Retail,0,0.0,71,0.6666666666666666,4,1,0
839DCVT2,Versie Hillebrand,MG Special,Codehow,Won,2017-06-08,2017-09-13,55.0,Telecom,1,55.0,97,0.6666666666666666,6,1,1
EJ0EF8S1,Vicki Laflamme,GTX Basic,Sunnamplex,Won,2017-06-08,2017-06-15,507.0,Public Sector,1,507.0,7,0.6368876080691642,3,1,1
0ORRC53X,Zane Levy,GTX Basic,Finjob,Won,2017-06-08,2017-09-08,520.0,Manufacturing,1,520.0,92,0.6168582375478927,2,1,0
3QTN3F5T,Anna Snelling,MG Advanced,Isdom,Won,2017-06-09,2017-08-15,3470.0,Retail,1,3470.0,67,0.6190476190476191,4,1,0
SY6BWRRO,Boris Faz,GTXPro,Vehement Capital Partners,Lost,2017-06-09,2017-08-14,0.0,Banking,0,0.0,66,0.6601307189542484,0,1,2
JW5SYMNS,Cassey Cress,GTX Plus Basic,Zotware,Won,2017-06-09,2017-08-22,1176.0,Banking,1,1176.0,74,0.6245210727969349,0,1,1
VP2CW520,Darcel Schlecht,GTX Plus Basic,Treequote,Lost,2017-06-09,2017-08-26,0.0,Retail,0,0.0,78,0.6311030741410488,4,1,0
2F0RUQ0B,Donn Cantrell,GTXPro,Zotware,Won,2017-06-09,2017-08-02,4517.0,Banking,1,4517.0,54,0.5745454545454546,0,1,2
XUP62FUM,James Ascencio,GTX Plus Pro,Rantouch,Won,2017-06-09,2017-08-16,5125.0,Energy,1,5125.0,68,0.6553398058252428,1,1,2
MUIT1E0M,Kami Bicknell,GTXPro,Kan-code,Won,2017-06-09,2017-06-19,5339.0,Public Sector,1,5339.0,10,0.6397058823529411,3,1,1
D7XNUYJD,Kary Hendrixson,GTXPro,Plusstrip,Lost,2017-06-09,2017-08-19,0.0,Public Sector,0,0.0,71,0.6238805970149254,3,1,1
ORG6MXKF,Markita Hansen,GTX Plus Basic,Condax,Won,2017-06-09,2017-06-26,1135.0,Banking,1,1135.0,17,0.5726872246696035,0,1,2
VS4UFFLH,Maureen Marcano,MG Special,Kan-code,Won,2017-06-09,2017-09-05,52.0,Public Sector,1,52.0,88,0.6995305164319249,3,1,0
VUYQCXTY,Moses Frase,GTX Plus Basic,Bioholding,Won,2017-06-09,2017-08-04,1017.0,Banking,1,1017.0,56,0.6615384615384615,0,1,2
YFJKP42F,Moses Frase,MG Advanced,Codehow,Won,2017-06-09,2017-06-27,3681.0,Telecom,1,3681.0,18,0.6615384615384615,6,1,1
OES8ZX7B,Niesha Huffines,GTX Plus Basic,Rundofase,Lost,2017-06-09,2017-08-04,0.0,Public Sector,0,0.0,56,0.6,3,1,0
V9FD3EYK,Reed Clapper,GTXPro,Mathtouch,Won,2017-06-09,2017-09-22,4370.0,Energy,1,4370.0,105,0.6540084388185654,1,1,0
3C9CWV6J,Cassey Cress,MG Advanced,Iselectrics,Won,2017-06-10,2017-06-14,3772.0,Energy,1,3772.0,4,0.6245210727969349,1,1,2
NDGQ0H91,Cassey Cress,MG Advanced,Sumace,Won,2017-06-10,2017-06-28,2871.0,Energy,1,2871.0,18,0.6245210727969349,1,1,1
OU9O62Y7,Cecily Lampkin,GTX Plus Pro,Cancity,Won,2017-06-10,2017-08-04,4749.0,Public Sector,1,4749.0,55,0.66875,3,1,2
LFQCLMMG,Corliss Cosme,MG Special,Ganjaflex,Lost,2017-06-10,2017-08-27,0.0,Retail,0,0.0,78,0.6550218340611353,4,1,2
3ZG0719M,Darcel Schlecht,GTX Plus Basic,Ron-tech,Won,2017-06-10,2017-08-26,1075.0,Manufacturing,1,1075.0,77,0.6311030741410488,2,1,2
EMIAKHPF,Donn Cantrell,GTX Plus Pro,Kinnamplus,Won,2017-06-10,2017-09-21,5051.0,Telecom,1,5051.0,103,0.5745454545454546,6,1,0
MKEVYIDI,Jonathan Berthelot,GTX Plus Basic,Isdom,Won,2017-06-10,2017-06-17,834.0,Retail,1,834.0,7,0.6477272727272727,4,1,0
IFNT8NLL,Kami Bicknell,MG Special,Green-Plus,Lost,2017-06-10,2017-08-07,0.0,Retail,0,0.0,58,0.6397058823529411,4,1,1
EWRVDN3U,Marty Freudenburg,MG Advanced,Toughzap,Lost,2017-06-10,2017-09-19,0.0,Retail,0,0.0,101,0.6288659793814433,4,1,1
WEGC0W05,Marty Freudenburg,MG Special,Rangreen,Won,2017-06-10,2017-06-19,54.0,Energy,1,54.0,9,0.6288659793814433,1,1,2
HZ283240,Niesha Huffines,GTX Basic,Streethex,Lost,2017-06-10,2017-09-07,0.0,Banking,0,0.0,89,0.6,0,1,2
3J1W4LM0,Niesha Huffines,GTX Basic,Domzoom,Won,2017-06-10,2017-06-21,527.0,Retail,1,527.0,11,0.6,4,1,2
1RIY3IBH,Niesha Huffines,MG Advanced,Globex Corporation,Won,2017-06-10,2017-06-12,2724.0,Retail,1,2724.0,2,0.6,4,1,1
6NZH6X7G,Reed Clapper,GTX Plus Pro,Betasoloin,Lost,2017-06-10,2017-06-21,0.0,Banking,0,0.0,11,0.6540084388185654,0,1,0
DJ2GWNGZ,Reed Clapper,GTX Basic,Kinnamplus,Won,2017-06-10,2017-09-05,551.0,Telecom,1,551.0,87,0.6540084388185654,6,1,0
S02S3TVE,Vicki Laflamme,GTX Plus Basic,Plusstrip,Won,2017-06-10,2017-06-21,1118.0,Public Sector,1,1118.0,11,0.6368876080691642,3,1,2
34YT99YN,Vicki Laflamme,GTX Plus Pro,Dalttechnology,Won,2017-06-10,2017-08-23,6094.0,Shipping,1,6094.0,74,0.6368876080691642,5,1,2
N33B6LND,Wilburn Farren,MG Special,Gekko & Co,Lost,2017-06-10,2017-08-22,0.0,Telecom,0,0.0,73,0.6962025316455697,6,1,2
C7NBDKVV,Zane Levy,GTX Basic,Nam-zim,Won,2017-06-10,2017-08-06,556.0,Energy,1,556.0,57,0.6168582375478927,1,1,2
9YVSYSE8,Anna Snelling,GTX Basic,Globex Corporation,Lost,2017-06-11,2017-09-16,0.0,Retail,0,0.0,97,0.6190476190476191,4,1,1
VUF34IPC,Anna Snelling,MG Special,Rangreen,Won,2017-06-11,2017-09-13,49.0,Energy,1,49.0,94,0.6190476190476191,1,1,0
ONUWPAJM,Cassey Cress,GTX Plus Basic,Silis,Lost,2017-06-11,2017-09-11,0.0,Public Sector,0,0.0,92,0.6245210727969349,3,1,2
A50JWKFS,Cecily Lampkin,GTX Plus Basic,Streethex,Won,2017-06-11,2017-09-25,1001.0,Banking,1,1001.0,106,0.66875,0,1,1
JP72AC6I,Corliss Cosme,MG Advanced,The New York Inquirer,Won,2017-06-11,2017-09-16,3777.0,Banking,1,3777.0,97,0.6550218340611353,0,1,2
9SZTURAF,Daniell Hammack,GTX Plus Basic,Initech,Won,2017-06-11,2017-08-17,892.0,Banking,1,892.0,67,0.6096256684491979,0,1,2
LB8UE159,Daniell Hammack,GTX Plus Pro,Iselectrics,Won,2017-06-11,2017-06-19,5353.0,Energy,1,5353.0,8,0.6096256684491979,1,1,0
QYWZZ16B,Darcel Schlecht,GTXPro,Betatech,Won,2017-06-11,2017-06-24,4410.0,Public Sector,1,4410.0,13,0.6311030741410488,3,1,2
IJNOVBGU,Darcel Schlecht,MG Advanced,Konmatfix,Won,2017-06-11,2017-09-03,3768.0,Shipping,1,3768.0,84,0.6311030741410488,5,1,0
KYL4UFG5,Donn Cantrell,GTX Basic,Bluth Company,Lost,2017-06-11,2017-08-29,0.0,Energy,0,0.0,79,0.5745454545454546,1,1,0
QFBITAKR,James Ascencio,GTX Basic,J-Texon,Won,2017-06-11,2017-08-10,507.0,Telecom,1,507.0,60,0.6553398058252428,6,1,0
VSZ4UVVN,Jonathan Berthelot,GTX Plus Basic,Zumgoity,Won,2017-06-11,2017-09-20,1144.0,Public Sector,1,1144.0,101,0.6477272727272727,3,1,1
31C5DVJT,Kary Hendrixson,MG Special,Cheers,Won,2017-06-11,2017-09-22,44.0,Telecom,1,44.0,103,0.6238805970149254,6,1,1
EG3KHGPL,Lajuana Vencill,MG Advanced,Treequote,Won,2017-06-11,2017-06-27,3470.0,Retail,1,3470.0,16,0.5497835497835498,4,1,0
LSJ2A8ZX,Markita Hansen,GTK 500,Cheers,Won,2017-06-11,2017-09-26,29166.0,Telecom,1,29166.0,107,0.5726872246696035,6,1,2
9D06AK8T,Markita Hansen,GTX Plus Basic,Kan-code,Won,2017-06-11,2017-08-10,1045.0,Public Sector,1,1045.0,60,0.5726872246696035,3,1,0
PPXIWYMT,Maureen Marcano,GTX Plus Basic,Fasehatice,Won,2017-06-11,2017-09-12,951.0,Telecom,1,951.0,93,0.6995305164319249,6,1,2
YWKJW726,Versie Hillebrand,MG Special,Stanredtax,Won,2017-06-11,2017-08-20,43.0,Retail,1,43.0,70,0.6666666666666666,4,1,0
ZVT9J7V1,Versie Hillebrand,MG Special,Zumgoity,Won,2017-06-11,2017-06-15,55.0,Public Sector,1,55.0,4,0.6666666666666666,3,1,2
NOBIC0PD,Cassey Cress,GTXPro,Kan-code,Won,2017-06-12,2017-08-17,4294.0,Public Sector,1,4294.0,66,0.6245210727969349,3,1,1
UKECBJV5,Cecily Lampkin,GTX Plus Pro,Streethex,Won,2017-06-12,2017-08-29,4961.0,Banking,1,4961.0,78,0.66875,0,1,2
UWVT8M2Y,Corliss Cosme,GTX Basic,Iselectrics,Lost,2017-06-12,2017-08-18,0.0,Energy,0,0.0,67,0.6550218340611353,1,1,0
FU00L2Y2,Daniell Hammack,GTXPro,Ontomedia,Won,2017-06-12,2017-09-23,4506.0,Manufacturing,1,4506.0,103,0.6096256684491979,2,1,1
518D68L9,Donn Cantrell,GTXPro,Zencorporation,Lost,2017-06-12,2017-06-26,0.0,Shipping,0,0.0,14,0.5745454545454546,5,1,2
AOZKTGZG,Elease Gluck,GTX Basic,Singletechno,Won,2017-06-12,2017-08-22,608.0,Retail,1,608.0,71,0.6349206349206349,4,1,2
TKN1L8EX,Garret Kinder,GTX Plus Basic,Zathunicon,Won,2017-06-12,2017-09-20,851.0,Retail,1,851.0,100,0.6097560975609756,4,1,2
9GQ6HQLK,Gladys Colclough,GTX Plus Basic,Inity,Won,2017-06-12,2017-09-20,1143.0,Manufacturing,1,1143.0,100,0.5818965517241379,2,1,2
0RL4RHQJ,Gladys Colclough,GTX Plus Pro,Globex Corporation,Won,2017-06-12,2017-06-25,6365.0,Retail,1,6365.0,13,0.5818965517241379,4,1,2
ZE9WX1Q9,Hayden Neloms,MG Special,Fasehatice,Won,2017-06-12,2017-08-21,54.0,Telecom,1,54.0,70,0.7039473684210527,6,1,1
QY6MB3QJ,Kary Hendrixson,GTX Basic,Sunnamplex,Lost,2017-06-12,2017-08-14,0.0,Public Sector,0,0.0,63,0.6238805970149254,3,1,1
RUYLZD4O,Kary Hendrixson,GTXPro,Sonron,Won,2017-06-12,2017-06-29,4798.0,Manufacturing,1,4798.0,17,0.6238805970149254,2,1,1
BOVKZHAZ,Markita Hansen,MG Special,Doncon,Lost,2017-06-12,2017-08-29,0.0,Shipping,0,0.0,78,0.5726872246696035,5,1,1
3X5BD9NU,Markita Hansen,GTXPro,Fasehatice,Won,2017-06-12,2017-06-25,4733.0,Telecom,1,4733.0,13,0.5726872246696035,6,1,0
YT8YYRTU,Maureen Marcano,GTX Plus Basic,Cheers,Won,2017-06-12,2017-08-29,1250.0,Telecom,1,1250.0,78,0.6995305164319249,6,1,1
6V7OMXY5,Maureen Marcano,GTX Plus Pro,Faxquote,Won,2017-06-12,2017-09-01,5966.0,Telecom,1,5966.0,81,0.6995305164319249,6,1,2
0TR3RU8A,Niesha Huffines,MG Special,Domzoom,Won,2017-06-12,2017-09-10,61.0,Retail,1,61.0,90,0.6,4,1,2
GTOKTXRA,Vicki Laflamme,MG Special,Scotfind,Won,2017-06-12,2017-09-20,48.0,Telecom,1,48.0,100,0.6368876080691642,6,1,1
PBJ01MRE,Violet Mclelland,MG Special,Zathunicon,Won,2017-06-12,2017-09-21,53.0,Retail,1,53.0,101,0.6321243523316062,4,1,2
L2NXQFPN,Zane Levy,MG Special,Cheers,Lost,2017-06-12,2017-06-20,0.0,Telecom,0,0.0,8,0.6168582375478927,6,1,1
0XWCTQL2,Zane Levy,MG Special,Doncon,Won,2017-06-12,2017-08-18,51.0,Shipping,1,51.0,67,0.6168582375478927,5,1,2
SY72RAK2,Zane Levy,MG Advanced,Cheers,Won,2017-06-12,2017-09-04,3314.0,Telecom,1,3314.0,84,0.6168582375478927,6,1,0
38YQ4771,Anna Snelling,MG Advanced,Treequote,Lost,2017-06-13,2017-08-20,0.0,Retail,0,0.0,68,0.6190476190476191,4,1,0
K7FBRQCA,Anna Snelling,MG Special,Genco Pura Olive Oil Company,Won,2017-06-13,2017-09-25,64.0,Manufacturing,1,64.0,104,0.6190476190476191,2,1,1
F4V2FXK0,Anna Snelling,MG Special,Isdom,Won,2017-06-13,2017-06-24,58.0,Retail,1,58.0,11,0.6190476190476191,4,1,1
FZNEISTX,Cassey Cress,GTX Plus Basic,Mathtouch,Lost,2017-06-13,2017-08-22,0.0,Energy,0,0.0,70,0.6245210727969349,1,1,1
S34T8KPW,Cassey Cress,GTX Plus Pro,Massive Dynamic,Won,2017-06-13,2017-08-04,4598.0,Banking,1,4598.0,52,0.6245210727969349,0,1,2
5F40OSXS,Cassey Cress,MG Advanced,Mathtouch,Won,2017-06-13,2017-06-19,3424.0,Energy,1,3424.0,6,0.6245210727969349,1,1,1
AILF7GOP,Cassey Cress,MG Advanced,Umbrella Corporation,Won,2017-06-13,2017-09-30,3399.0,Public Sector,1,3399.0,109,0.6245210727969349,3,1,0
LMJINVRQ,Daniell Hammack,GTX Plus Basic,Betasoloin,Lost,2017-06-13,2017-09-07,0.0,Banking,0,0.0,86,0.6096256684491979,0,1,2
MHPI0ZW1,Darcel Schlecht,GTX Basic,Konmatfix,Lost,2017-06-13,2017-09-04,0.0,Shipping,0,0.0,83,0.6311030741410488,5,1,1
WJ81WITC,Darcel Schlecht,GTX Plus Pro,Betatech,Lost,2017-06-13,2017-08-16,0.0,Public Sector,0,0.0,64,0.6311030741410488,3,1,2
AIAX4W1O,Darcel Schlecht,GTXPro,Treequote,Won,2017-06-13,2017-09-10,5322.0,Retail,1,5322.0,89,0.6311030741410488,4,1,2
DFSRHCXU,Donn Cantrell,GTX Basic,Donquadtech,Won,2017-06-13,2017-08-28,496.0,Shipping,1,496.0,76,0.5745454545454546,5,1,1
1VFUCUWA,Garret Kinder,MG Advanced,Bubba Gump,Won,2017-06-13,2017-08-27,3279.0,Retail,1,3279.0,75,0.6097560975609756,4,1,2
3IIDRUGI,Gladys Colclough,MG Special,Scottech,Lost,2017-06-13,2017-09-28,0.0,Banking,0,0.0,107,0.5818965517241379,0,1,0
3VLKZISJ,James Ascencio,MG Special,Scotfind,Won,2017-06-13,2017-06-27,68.0,Telecom,1,68.0,14,0.6553398058252428,6,1,0
2GN2TRVV,Jonathan Berthelot,GTX Basic,Treequote,Lost,2017-06-13,2017-08-23,0.0,Retail,0,0.0,71,0.6477272727272727,4,1,2
9C9GO9XO,Niesha Huffines,GTX Plus Basic,Funholding,Lost,2017-06-13,2017-08-21,0.0,Retail,0,0.0,69,0.6,4,1,1
ULES5Z21,Versie Hillebrand,MG Special,Bioholding,Won,2017-06-13,2017-06-15,59.0,Banking,1,59.0,2,0.6666666666666666,0,1,2
IITSDWWL,Vicki Laflamme,MG Advanced,Fasehatice,Won,2017-06-13,2017-06-26,3205.0,Telecom,1,3205.0,13,0.6368876080691642,6,1,0
8GYH6R9J,Wilburn Farren,GTX Basic,Mathtouch,Lost,2017-06-13,2017-06-27,0.0,Energy,0,0.0,14,0.6962025316455697,1,1,2
8X890G2T,Anna Snelling,MG Special,Globex Corporation,Won,2017-06-14,2017-06-23,55.0,Retail,1,55.0,9,0.6190476190476191,4,1,2
74YVUL52,Cassey Cress,GTX Basic,Bubba Gump,Lost,2017-06-14,2017-09-17,0.0,Retail,0,0.0,95,0.6245210727969349,4,1,0
HH4I6PAY,Corliss Cosme,GTX Basic,Ganjaflex,Won,2017-06-14,2017-09-02,525.0,Retail,1,525.0,80,0.6550218340611353,4,1,2
TAGD6XU9,Darcel Schlecht,MG Advanced,Isdom,Won,2017-06-14,2017-08-25,3455.0,Retail,1,3455.0,72,0.6311030741410488,4,1,2
IIREXAQX,Elease Gluck,MG Advanced,Faxquote,Won,2017-06-14,2017-06-25,3110.0,Telecom,1,3110.0,11,0.6349206349206349,6,1,1
8GISH3I9,Garret Kinder,MG Special,Kinnamplus,Lost,2017-06-14,2017-06-27,0.0,Telecom,0,0.0,13,0.6097560975609756,6,1,1
6M89XBL0,Hayden Neloms,GTX Plus Pro,Scotfind,Won,2017-06-14,2017-09-11,5053.0,Telecom,1,5053.0,89,0.7039473684210527,6,1,0
YT2QLCVS,Hayden Neloms,MG Advanced,Groovestreet,Won,2017-06-14,2017-06-28,3539.0,Retail,1,3539.0,14,0.7039473684210527,4,1,0
4ICL09BD,Jonathan Berthelot,GTX Basic,Rundofase,Won,2017-06-14,2017-08-23,580.0,Public Sector,1,580.0,70,0.6477272727272727,3,1,0
YWWVWOO4,Kami Bicknell,MG Advanced,Rantouch,Lost,2017-06-14,2017-06-20,0.0,Energy,0,0.0,6,0.6397058823529411,1,1,1
8TTFFCIK,Lajuana Vencill,MG Advanced,Warephase,Won,2017-06-14,2017-06-17,3468.0,Retail,1,3468.0,3,0.5497835497835498,4,1,0
OG13XT4P,Niesha Huffines,MG Special,Ron-tech,Won,2017-06-14,2017-09-19,54.0,Manufacturing,1,54.0,97,0.6,2,1,0
ZYRRGSQK,Reed Clapper,MG Advanced,Bluth Company,Lost,2017-06-14,2017-06-27,0.0,Energy,0,0.0,13,0.6540084388185654,1,1,0
0LDX9VLO,Versie Hillebrand,MG Special,Scottech,Lost,2017-06-14,2017-08-11,0.0,Banking,0,0.0,58,0.6666666666666666,0,1,1
XFFFWJQH,Violet Mclelland,MG Special,Gekko & Co,Lost,2017-06-14,2017-08-20,0.0,Telecom,0,0.0,67,0.6321243523316062,6,1,2
KRSNQKC6,Boris Faz,GTX Plus Pro,Zotware,Won,2017-06-15,2017-06-28,6040.0,Banking,1,6040.0,13,0.6601307189542484,0,1,0
YY39ZQNV,Cassey Cress,GTXPro,The New York Inquirer,Won,2017-06-15,2017-09-01,5857.0,Banking,1,5857.0,78,0.6245210727969349,0,1,2
YHVY1LHH,Cecily Lampkin,MG Advanced,dambase,Won,2017-06-15,2017-06-25,3785.0,Retail,1,3785.0,10,0.66875,4,1,0
2BG4ZR42,Corliss Cosme,GTX Plus Basic,Zathunicon,Lost,2017-06-15,2017-09-19,0.0,Retail,0,0.0,96,0.6550218340611353,4,1,2
QQCIN1M4,Daniell Hammack,GTX Basic,Initech,Won,2017-06-15,2017-06-26,420.0,Banking,1,420.0,11,0.6096256684491979,0,1,1
KIMW6PXN,Daniell Hammack,GTXPro,Xx-zobam,Won,2017-06-15,2017-06-20,4939.0,Manufacturing,1,4939.0,5,0.6096256684491979,2,1,1
AKFNIQR0,Darcel Schlecht,GTXPro,Scottech,Won,2017-06-15,2017-06-30,4564.0,Banking,1,4564.0,15,0.6311030741410488,0,1,0
D5LEL3HF,Darcel Schlecht,MG Advanced,Rangreen,Won,2017-06-15,2017-09-09,2683.0,Energy,1,2683.0,86,0.6311030741410488,1,1,2
6X4EEUGA,Elease Gluck,GTK 500,Cheers,Won,2017-06-15,2017-06-30,25464.0,Telecom,1,25464.0,15,0.6349206349206349,6,1,1
KTSB1KYT,Jonathan Berthelot,GTX Basic,Hottechi,Won,2017-06-15,2017-09-09,460.0,Public Sector,1,460.0,86,0.6477272727272727,3,1,0
RB7IA4JX,Jonathan Berthelot,GTX Basic,Rundofase,Won,2017-06-15,2017-06-28,546.0,Public Sector,1,546.0,13,0.6477272727272727,3,1,0
M4HY664H,Jonathan Berthelot,GTX Plus Basic,Conecom,Won,2017-06-15,2017-09-25,918.0,Shipping,1,918.0,102,0.6477272727272727,5,1,1
D2C191IK,Lajuana Vencill,MG Advanced,Domzoom,Lost,2017-06-15,2017-06-29,0.0,Retail,0,0.0,14,0.5497835497835498,4,1,1
I2V3EPW7,Lajuana Vencill,MG Advanced,Toughzap,Won,2017-06-15,2017-08-02,3018.0,Retail,1,3018.0,48,0.5497835497835498,4,1,0
RB8LSFVK,Markita Hansen,MG Special,Sonron,Won,2017-06-15,2017-08-24,52.0,Manufacturing,1,52.0,70,0.5726872246696035,2,1,2
7SYJDW4L,Reed Clapper,MG Special,Bioplex,Won,2017-06-15,2017-08-04,50.0,Retail,1,50.0,50,0.6540084388185654,4,1,2
O7E0302B,Rosie Papadopoulos,GTX Basic,Xx-zobam,Won,2017-06-15,2017-09-13,524.0,Manufacturing,1,524.0,90,0.6446280991735537,2,1,2
U11XXNCF,Rosie Papadopoulos,MG Advanced,Xx-zobam,Won,2017-06-15,2017-06-29,3306.0,Manufacturing,1,3306.0,14,0.6446280991735537,2,1,0
73FYEJQV,Vicki Laflamme,MG Special,Hatfan,Won,2017-06-15,2017-06-22,54.0,Public Sector,1,54.0,7,0.6368876080691642,3,1,1
C4CQ8FZL,Vicki Laflamme,MG Special,Hottechi,Won,2017-06-15,2017-06-28,53.0,Public Sector,1,53.0,13,0.6368876080691642,3,1,0
OJ1WKIVY,Wilburn Farren,GTX Basic,Zencorporation,Won,2017-06-15,2017-08-29,514.0,Shipping,1,514.0,75,0.6962025316455697,5,1,1
N9ZXCBTU,Daniell Hammack,GTX Plus Basic,Konex,Won,2017-06-16,2017-06-25,985.0,Public Sector,1,985.0,9,0.6096256684491979,3,1,2
RLHNJZBW,Darcel Schlecht,GTXPro,Conecom,Won,2017-06-16,2017-08-11,5843.0,Shipping,1,5843.0,56,0.6311030741410488,5,1,2
GKHTT70P,Darcel Schlecht,GTXPro,Genco Pura Olive Oil Company,Won,2017-06-16,2017-09-17,4577.0,Manufacturing,1,4577.0,93,0.6311030741410488,2,1,1
GL8PN4LQ,Darcel Schlecht,MG Advanced,Isdom,Won,2017-06-16,2017-06-24,3323.0,Retail,1,3323.0,8,0.6311030741410488,4,1,1
TTVQT1YD,Donn Cantrell,MG Advanced,Betasoloin,Lost,2017-06-16,2017-08-31,0.0,Banking,0,0.0,76,0.5745454545454546,0,1,0
NOHEK8PU,Donn Cantrell,GTX Basic,Ontomedia,Won,2017-06-16,2017-09-17,483.0,Manufacturing,1,483.0,93,0.5745454545454546,2,1,2
56AN1DXW,Garret Kinder,GTX Basic,Initech,Lost,2017-06-16,2017-08-22,0.0,Banking,0,0.0,67,0.6097560975609756,0,1,0
WB44DF28,Garret Kinder,GTXPro,Vehement Capital Partners,Won,2017-06-16,2017-09-18,5206.0,Banking,1,5206.0,94,0.6097560975609756,0,1,0
DJ60T39C,Gladys Colclough,MG Advanced,Finhigh,Won,2017-06-16,2017-09-04,3621.0,Banking,1,3621.0,80,0.5818965517241379,0,1,0
52H2CE10,Kami Bicknell,GTXPro,Faxquote,Won,2017-06-16,2017-06-25,4756.0,Telecom,1,4756.0,9,0.6397058823529411,6,1,2
PVDGIYSB,Lajuana Vencill,GTX Plus Basic,Isdom,Lost,2017-06-16,2017-08-29,0.0,Retail,0,0.0,74,0.5497835497835498,4,1,0
F57Z7KJF,Lajuana Vencill,MG Advanced,Stanredtax,Won,2017-06-16,2017-06-24,3228.0,Retail,1,3228.0,8,0.5497835497835498,4,1,0
ZGSQMEQ9,Niesha Huffines,GTX Plus Basic,Bioholding,Won,2017-06-16,2017-09-17,1063.0,Banking,1,1063.0,93,0.6,0,1,0
FM1RH52B,Reed Clapper,GTX Plus Basic,Yearin,Lost,2017-06-16,2017-08-19,0.0,Retail,0,0.0,64,0.6540084388185654,4,1,0
3NM7A8SX,Zane Levy,MG Advanced,Newex,Won,2017-06-16,2017-06-27,4234.0,Energy,1,4234.0,11,0.6168582375478927,1,1,0
1XWQZ1F8,Cassey Cress,GTX Plus Basic,Plussunin,Won,2017-06-17,2017-09-16,1198.0,Energy,1,1198.0,91,0.6245210727969349,1,1,0
LXGNXNX1,Corliss Cosme,GTXPro,Sumace,Won,2017-06-17,2017-09-09,4960.0,Energy,1,4960.0,84,0.6550218340611353,1,1,2
YQK2K6U5,Darcel Schlecht,GTX Basic,Betatech,Won,2017-06-17,2017-08-22,576.0,Public Sector,1,576.0,66,0.6311030741410488,3,1,0
FROU0UKW,Darcel Schlecht,GTX Plus Pro,Globex Corporation,Won,2017-06-17,2017-08-25,5614.0,Retail,1,5614.0,69,0.6311030741410488,4,1,1
SD8JJSKT,Darcel Schlecht,MG Advanced,Streethex,Won,2017-06-17,2017-08-30,3422.0,Banking,1,3422.0,74,0.6311030741410488,0,1,0
LCWP23CI,James Ascencio,GTX Plus Pro,Finjob,Won,2017-06-17,2017-06-24,5306.0,Manufacturing,1,5306.0,7,0.6553398058252428,2,1,0
XQ4FN1KA,Kary Hendrixson,GTXPro,Golddex,Lost,2017-06-17,2017-09-06,0.0,Manufacturing,0,0.0,81,0.6238805970149254,2,1,2
9BTSKY01,Lajuana Vencill,MG Special,Inity,Won,2017-06-17,2017-09-19,60.0,Manufacturing,1,60.0,94,0.5497835497835498,2,1,2
CQZSFN7C,Markita Hansen,GTK 500,Konex,Lost,2017-06-17,2017-08-15,0.0,Public Sector,0,0.0,59,0.5726872246696035,3,1,1
81LMZHD1,Moses Frase,GTX Plus Pro,Bioholding,Won,2017-06-17,2017-08-16,5018.0,Banking,1,5018.0,60,0.6615384615384615,0,1,1
1J5Y9X1H,Vicki Laflamme,MG Advanced,Groovestreet,Won,2017-06-17,2017-09-17,3295.0,Retail,1,3295.0,92,0.6368876080691642,4,1,2
6LC0XB2D,Anna Snelling,MG Special,Rundofase,Won,2017-06-18,2017-08-29,61.0,Public Sector,1,61.0,72,0.6190476190476191,3,1,2
YKC8JUSY,Boris Faz,GTX Plus Pro,Mathtouch,Lost,2017-06-18,2017-07-01,0.0,Energy,0,0.0,13,0.6601307189542484,1,1,0
PAQTBHVA,Cassey Cress,MG Special,Zathunicon,Won,2017-06-18,2017-09-23,59.0,Retail,1,59.0,97,0.6245210727969349,4,1,2
JRWBU9BS,Daniell Hammack,GTXPro,Mathtouch,Won,2017-06-18,2017-06-26,3720.0,Energy,1,3720.0,8,0.6096256684491979,1,1,1
DXF00KY4,Darcel Schlecht,MG Advanced,Isdom,Lost,2017-06-18,2017-08-15,0.0,Retail,0,0.0,58,0.6311030741410488,4,1,0
K6ZDH79M,Darcel Schlecht,GTXPro,Funholding,Won,2017-06-18,2017-08-16,5088.0,Retail,1,5088.0,59,0.6311030741410488,4,1,1
GKL9QV5B,Elease Gluck,GTX Plus Pro,Scotfind,Won,2017-06-18,2017-06-28,6666.0,Telecom,1,6666.0,10,0.6349206349206349,6,1,0
1V3IQVOF,Gladys Colclough,GTX Plus Basic,Ron-tech,Lost,2017-06-18,2017-08-02,0.0,Manufacturing,0,0.0,45,0.5818965517241379,2,1,2
BH7EXL5M,Gladys Colclough,GTXPro,Isdom,Won,2017-06-18,2017-06-23,5115.0,Retail,1,5115.0,5,0.5818965517241379,4,1,1
K0HLZM4Q,Jonathan Berthelot,GTX Basic,Stanredtax,Lost,2017-06-18,2017-08-21,0.0,Retail,0,0.0,64,0.6477272727272727,4,1,0
BTNSR87A,Jonathan Berthelot,GTX Plus Basic,Isdom,Won,2017-06-18,2017-07-01,1149.0,Retail,1,1149.0,13,0.6477272727272727,4,1,0
L58MN75X,Jonathan Berthelot,GTXPro,Bioholding,Won,2017-06-18,2017-09-15,5220.0,Banking,1,5220.0,89,0.6477272727272727,0,1,2
SWV0JUQJ,Jonathan Berthelot,MG Special,Stanredtax,Won,2017-06-18,2017-06-22,60.0,Retail,1,60.0,4,0.6477272727272727,4,1,2
910IXBKP,Kami Bicknell,GTX Basic,Lexiqvolax,Won,2017-06-18,2017-06-22,551.0,Public Sector,1,551.0,4,0.6397058823529411,3,1,2
NTNYA5PE,Markita Hansen,GTX Basic,Cheers,Won,2017-06-18,2017-09-28,505.0,Telecom,1,505.0,102,0.5726872246696035,6,1,1
AHRCT8IP,Marty Freudenburg,GTX Basic,Warephase,Lost,2017-06-18,2017-09-03,0.0,Retail,0,0.0,77,0.6288659793814433,4,1,0
ESH4HX52,Marty Freudenburg,GTX Plus Pro,Globex Corporation,Won,2017-06-18,2017-08-21,5472.0,Retail,1,5472.0,64,0.6288659793814433,4,1,2
P8LGQH9G,Niesha Huffines,GTXPro,Genco Pura Olive Oil Company,Lost,2017-06-18,2017-06-21,0.0,Manufacturing,0,0.0,3,0.6,2,1,1
VT1LZKEY,Vicki Laflamme,GTX Basic,Fasehatice,Lost,2017-06-18,2017-08-29,0.0,Telecom,0,0.0,72,0.6368876080691642,6,1,1
0WC2J3UP,Anna Snelling,GTX Basic,Funholding,Lost,2017-06-19,2017-08-28,0.0,Retail,0,0.0,70,0.6190476190476191,4,1,1
VWSFZUNS,Anna Snelling,GTX Plus Pro,Hottechi,Won,2017-06-19,2017-08-24,5271.0,Public Sector,1,5271.0,66,0.6190476190476191,3,1,2
F3UB81V7,Boris Faz,MG Special,Bioplex,Won,2017-06-19,2017-08-23,49.0,Retail,1,49.0,65,0.6601307189542484,4,1,2
SEX08VFB,Cassey Cress,MG Advanced,Opentech,Lost,2017-06-19,2017-06-30,0.0,Retail,0,0.0,11,0.6245210727969349,4,1,0
FLANUQCV,Corliss Cosme,GTX Plus Basic,Initech,Won,2017-06-19,2017-09-21,1236.0,Banking,1,1236.0,94,0.6550218340611353,0,1,0
8MKXIQQK,Daniell Hammack,GTXPro,Zencorporation,Won,2017-06-19,2017-06-21,5388.0,Shipping,1,5388.0,2,0.6096256684491979,5,1,2
NDMY5PPT,Darcel Schlecht,GTXPro,Conecom,Lost,2017-06-19,2017-08-27,0.0,Shipping,0,0.0,69,0.6311030741410488,5,1,1
E4H6CBPJ,Darcel Schlecht,GTXPro,Funholding,Won,2017-06-19,2017-09-26,5449.0,Retail,1,5449.0,99,0.6311030741410488,4,1,1
1FAMR9UR,Darcel Schlecht,GTXPro,Funholding,Won,2017-06-19,2017-06-25,5030.0,Retail,1,5030.0,6,0.6311030741410488,4,1,1
SYJKN818,Darcel Schlecht,GTXPro,Hottechi,Won,2017-06-19,2017-08-22,5195.0,Public Sector,1,5195.0,64,0.6311030741410488,3,1,0
VMTPCY5G,Hayden Neloms,MG Special,Condax,Won,2017-06-19,2017-06-25,55.0,Banking,1,55.0,6,0.7039473684210527,0,1,1
CV0BDYMP,Hayden Neloms,MG Special,Fasehatice,Won,2017-06-19,2017-09-29,62.0,Telecom,1,62.0,102,0.7039473684210527,6,1,0
7DI7A7G7,James Ascencio,GTX Basic,Sunnamplex,Won,2017-06-19,2017-08-19,459.0,Public Sector,1,459.0,61,0.6553398058252428,3,1,0
WE7YS7HD,Kami Bicknell,GTX Basic,Y-corporation,Lost,2017-06-19,2017-08-25,0.0,Manufacturing,0,0.0,67,0.6397058823529411,2,1,1
4DLOXD13,Kami Bicknell,GTX Plus Basic,Y-corporation,Won,2017-06-19,2017-08-07,1097.0,Manufacturing,1,1097.0,49,0.6397058823529411,2,1,1
XN63KZRZ,Kami Bicknell,GTX Plus Pro,Plexzap,Won,2017-06-19,2017-09-29,5033.0,Manufacturing,1,5033.0,102,0.6397058823529411,2,1,2
WSG25BZ9,Kary Hendrixson,GTXPro,Blackzim,Won,2017-06-19,2017-09-22,4966.0,Telecom,1,4966.0,95,0.6238805970149254,6,1,2
6GL2LRUH,Kary Hendrixson,MG Special,Finjob,Won,2017-06-19,2017-06-24,52.0,Manufacturing,1,52.0,5,0.6238805970149254,2,1,1
K0G1IB3Q,Markita Hansen,MG Special,Doncon,Won,2017-06-19,2017-06-27,54.0,Shipping,1,54.0,8,0.5726872246696035,5,1,0
UYJDOT4Q,Maureen Marcano,GTX Plus Pro,Sonron,Won,2017-06-19,2017-09-12,5816.0,Manufacturing,1,5816.0,85,0.6995305164319249,2,1,0
VOSSIXSY,Maureen Marcano,MG Special,Condax,Won,2017-06-19,2017-09-03,53.0,Banking,1,53.0,76,0.6995305164319249,0,1,0
ILUMUKG8,Maureen Marcano,MG Advanced,Plexzap,Won,2017-06-19,2017-08-15,3994.0,Manufacturing,1,3994.0,57,0.6995305164319249,2,1,0
DYUWF61W,Moses Frase,GTX Plus Pro,Warephase,Lost,2017-06-19,2017-06-28,0.0,Retail,0,0.0,9,0.6615384615384615,4,1,0
NUNQGOUW,Moses Frase,MG Special,Statholdings,Won,2017-06-19,2017-09-04,57.0,Manufacturing,1,57.0,77,0.6615384615384615,2,1,2
CKT1GTY2,Reed Clapper,MG Special,Condax,Lost,2017-06-19,2017-07-02,0.0,Banking,0,0.0,13,0.6540084388185654,0,1,1
FUHP1IXR,Rosalina Dieter,MG Advanced,Scotfind,Won,2017-06-19,2017-08-05,3752.0,Telecom,1,3752.0,47,0.6545454545454545,6,1,2
TJEEFJG8,Rosie Papadopoulos,GTXPro,Condax,Won,2017-06-19,2017-09-21,4759.0,Banking,1,4759.0,94,0.6446280991735537,0,1,0
ABRQIWS9,Versie Hillebrand,GTX Basic,Statholdings,Won,2017-06-19,2017-08-24,555.0,Manufacturing,1,555.0,66,0.6666666666666666,2,1,0
B3K4Z5L0,Violet Mclelland,GTX Basic,Umbrella Corporation,Lost,2017-06-19,2017-06-24,0.0,Public Sector,0,0.0,5,0.6321243523316062,3,1,0
IVCON5CU,Zane Levy,GTX Plus Basic,Konex,Won,2017-06-19,2017-09-20,1213.0,Public Sector,1,1213.0,93,0.6168582375478927,3,1,0
RQXFD7FW,Zane Levy,GTXPro,Sonron,Won,2017-06-19,2017-09-08,4428.0,Manufacturing,1,4428.0,81,0.6168582375478927,2,1,1
LUP7FYS5,Boris Faz,GTX Plus Pro,Xx-zobam,Lost,2017-06-20,2017-07-02,0.0,Manufacturing,0,0.0,12,0.6601307189542484,2,1,0
REVQ7DSW,Cassey Cress,GTXPro,Konex,Lost,2017-06-20,2017-08-08,0.0,Public Sector,0,0.0,49,0.6245210727969349,3,1,1
YSNODM63,Cecily Lampkin,GTX Plus Pro,Streethex,Lost,2017-06-20,2017-06-27,0.0,Banking,0,0.0,7,0.66875,0,1,0
PN3T4FUG,Corliss Cosme,GTX Basic,Xx-zobam,Lost,2017-06-20,2017-09-21,0.0,Manufacturing,0,0.0,93,0.6550218340611353,2,1,1
AQ3HBL9S,Daniell Hammack,GTXPro,Iselectrics,Lost,2017-06-20,2017-06-25,0.0,Energy,0,0.0,5,0.6096256684491979,1,1,2
VE4LZ8F5,Daniell Hammack,MG Special,Kan-code,Won,2017-06-20,2017-08-25,62.0,Public Sector,1,62.0,66,0.6096256684491979,3,1,0
Q5R1PYJS,Darcel Schlecht,GTXPro,Bioholding,Lost,2017-06-20,2017-09-11,0.0,Banking,0,0.0,83,0.6311030741410488,0,1,1
5AOWZ6AG,Donn Cantrell,MG Advanced,Silis,Won,2017-06-20,2017-08-09,3546.0,Public Sector,1,3546.0,50,0.5745454545454546,3,1,2
3AIA6RL3,Jonathan Berthelot,GTX Plus Basic,Hottechi,Won,2017-06-20,2017-08-20,1132.0,Public Sector,1,1132.0,61,0.6477272727272727,3,1,0
OXPNURPT,Kami Bicknell,GTX Basic,Cheers,Lost,2017-06-20,2017-08-13,0.0,Telecom,0,0.0,54,0.6397058823529411,6,1,0
9TRVSW35,Maureen Marcano,MG Special,Condax,Won,2017-06-20,2017-08-19,57.0,Banking,1,57.0,60,0.6995305164319249,0,1,0
GTH3VIDW,Maureen Marcano,MG Special,Fasehatice,Won,2017-06-20,2017-06-23,61.0,Telecom,1,61.0,3,0.6995305164319249,6,1,1
WFNKJ2LT,Maureen Marcano,MG Special,Plusstrip,Won,2017-06-20,2017-07-01,57.0,Public Sector,1,57.0,11,0.6995305164319249,3,1,1
P7GCDFU8,Reed Clapper,GTX Basic,Massive Dynamic,Won,2017-06-20,2017-09-14,649.0,Banking,1,649.0,86,0.6540084388185654,0,1,2
O22J2QPD,Rosie Papadopoulos,GTXPro,Donware,Lost,2017-06-20,2017-08-15,0.0,Banking,0,0.0,56,0.6446280991735537,0,1,1
ACOJBA02,Versie Hillebrand,GTX Plus Pro,Finhigh,Won,2017-06-20,2017-07-01,4813.0,Banking,1,4813.0,11,0.6666666666666666,0,1,1
2FGEGLVU,Vicki Laflamme,MG Special,Doncon,Lost,2017-06-20,2017-06-23,0.0,Shipping,0,0.0,3,0.6368876080691642,5,1,0
FQB53DQH,Vicki Laflamme,MG Special,Blackzim,Won,2017-06-20,2017-07-01,51.0,Telecom,1,51.0,11,0.6368876080691642,6,1,0
1C2V9RAO,Vicki Laflamme,MG Advanced,Goodsilron,Won,2017-06-20,2017-09-13,3241.0,Energy,1,3241.0,85,0.6368876080691642,1,1,0
MNTTYFR6,Violet Mclelland,MG Special,Initech,Lost,2017-06-20,2017-08-04,0.0,Banking,0,0.0,45,0.6321243523316062,0,1,0
7FN6LV2E,Violet Mclelland,GTX Basic,Sumace,Won,2017-06-20,2017-09-12,592.0,Energy,1,592.0,84,0.6321243523316062,1,1,0
V8I2CE9V,Wilburn Farren,GTX Basic,Zotware,Won,2017-06-20,2017-09-20,506.0,Banking,1,506.0,92,0.6962025316455697,0,1,0
1FXXXLJY,Zane Levy,GTX Basic,Labdrill,Lost,2017-06-20,2017-09-25,0.0,Energy,0,0.0,97,0.6168582375478927,1,1,0
NYI5VMXK,Anna Snelling,MG Advanced,Codehow,Won,2017-06-21,2017-09-06,3571.0,Telecom,1,3571.0,77,0.6190476190476191,6,1,2
OJ1NQRDS,Cassey Cress,GTX Basic,The New York Inquirer,Lost,2017-06-21,2017-08-30,0.0,Banking,0,0.0,70,0.6245210727969349,0,1,2
Z9W748SJ,Cassey Cress,MG Special,Iselectrics,Won,2017-06-21,2017-07-03,60.0,Energy,1,60.0,12,0.6245210727969349,1,1,2
LWX9V7HI,Cassey Cress,MG Special,Konex,Won,2017-06-21,2017-09-15,59.0,Public Sector,1,59.0,86,0.6245210727969349,3,1,2
PAQOPSR0,Corliss Cosme,GTX Basic,Silis,Won,2017-06-21,2017-06-25,551.0,Public Sector,1,551.0,4,0.6550218340611353,3,1,0
AFQG21L7,Darcel Schlecht,GTXPro,Funholding,Lost,2017-06-21,2017-07-01,0.0,Retail,0,0.0,10,0.6311030741410488,4,1,2
RQJKAR7E,Darcel Schlecht,GTXPro,Isdom,Lost,2017-06-21,2017-07-02,0.0,Retail,0,0.0,11,0.6311030741410488,4,1,0
6BV9IARK,Darcel Schlecht,GTXPro,Isdom,Won,2017-06-21,2017-07-01,4826.0,Retail,1,4826.0,10,0.6311030741410488,4,1,2
NTGU3NYS,Elease Gluck,MG Special,Green-Plus,Won,2017-06-21,2017-09-30,58.0,Retail,1,58.0,101,0.6349206349206349,4,1,1
3F5AAJZB,Garret Kinder,GTXPro,Gekko & Co,Won,2017-06-21,2017-06-26,5622.0,Telecom,1,5622.0,5,0.6097560975609756,6,1,2
RJH0CL3Z,Gladys Colclough,MG Special,Hottechi,Lost,2017-06-21,2017-07-02,0.0,Public Sector,0,0.0,11,0.5818965517241379,3,1,2
EK0KWGQX,Gladys Colclough,MG Advanced,Dontechi,Won,2017-06-21,2017-08-27,3177.0,Shipping,1,3177.0,67,0.5818965517241379,5,1,0
K33NPCAY,Kami Bicknell,MG Special,Fasehatice,Won,2017-06-21,2017-08-11,56.0,Telecom,1,56.0,51,0.6397058823529411,6,1,2
1LLRNE8G,Maureen Marcano,GTX Plus Basic,Kan-code,Won,2017-06-21,2017-09-22,990.0,Public Sector,1,990.0,93,0.6995305164319249,3,1,1
EFWND7VS,Niesha Huffines,GTX Basic,Warephase,Won,2017-06-21,2017-09-30,587.0,Retail,1,587.0,101,0.6,4,1,0
IR2D4ZG5,Rosie Papadopoulos,GTX Plus Pro,Bioplex,Won,2017-06-21,2017-06-27,6229.0,Retail,1,6229.0,6,0.6446280991735537,4,1,0
BYBZJBC9,Versie Hillebrand,MG Special,Warephase,Lost,2017-06-21,2017-08-02,0.0,Retail,0,0.0,42,0.6666666666666666,4,1,2
BO8DSRV7,Vicki Laflamme,GTX Plus Basic,Xx-holding,Won,2017-06-21,2017-09-23,1027.0,Telecom,1,1027.0,94,0.6368876080691642,6,1,0
LD1HNIUL,Vicki Laflamme,MG Advanced,Scotfind,Won,2017-06-21,2017-06-23,3559.0,Telecom,1,3559.0,2,0.6368876080691642,6,1,0
RX39Z0P1,Zane Levy,GTX Basic,Green-Plus,Won,2017-06-21,2017-08-28,506.0,Retail,1,506.0,68,0.6168582375478927,4,1,0
PFHUAJ47,Anna Snelling,MG Special,Gogozoom,Lost,2017-06-22,2017-07-03,0.0,Telecom,0,0.0,11,0.6190476190476191,6,1,0
CKJZ86N6,Anna Snelling,MG Advanced,Genco Pura Olive Oil Company,Lost,2017-06-22,2017-08-11,0.0,Manufacturing,0,0.0,50,0.6190476190476191,2,1,0
ASC1OWNE,Anna Snelling,GTX Plus Pro,Stanredtax,Won,2017-06-22,2017-09-12,6250.0,Retail,1,6250.0,82,0.6190476190476191,4,1,0
WCEPUBH5,Cecily Lampkin,MG Advanced,Hottechi,Won,2017-06-22,2017-09-12,3510.0,Public Sector,1,3510.0,82,0.66875,3,1,1
VMIMPP6H,Daniell Hammack,GTX Plus Basic,Umbrella Corporation,Won,2017-06-22,2017-09-11,1078.0,Public Sector,1,1078.0,81,0.6096256684491979,3,1,2
B0XO4WY7,Donn Cantrell,GTX Basic,Massive Dynamic,Won,2017-06-22,2017-07-02,553.0,Banking,1,553.0,10,0.5745454545454546,0,1,1
VYPIKMKO,Jonathan Berthelot,GTX Basic,Toughzap,Won,2017-06-22,2017-08-27,612.0,Retail,1,612.0,66,0.6477272727272727,4,1,0
VCD47XNB,Jonathan Berthelot,GTX Plus Basic,Funholding,Won,2017-06-22,2017-06-26,1033.0,Retail,1,1033.0,4,0.6477272727272727,4,1,0
8QH99OEZ,Jonathan Berthelot,GTX Plus Basic,Inity,Won,2017-06-22,2017-09-13,1051.0,Manufacturing,1,1051.0,83,0.6477272727272727,2,1,2
1DMERFNB,Kary Hendrixson,GTX Basic,Y-corporation,Won,2017-06-22,2017-09-22,628.0,Manufacturing,1,628.0,92,0.6238805970149254,2,1,1
FR8FT0ZX,Markita Hansen,GTX Plus Pro,Green-Plus,Won,2017-06-22,2017-09-04,4916.0,Retail,1,4916.0,74,0.5726872246696035,4,1,2
DG7LABPD,Marty Freudenburg,MG Advanced,Stanredtax,Won,2017-06-22,2017-09-28,3590.0,Retail,1,3590.0,98,0.6288659793814433,4,1,1
ZMYUFTS9,Moses Frase,MG Advanced,Domzoom,Won,2017-06-22,2017-08-16,3207.0,Retail,1,3207.0,55,0.6615384615384615,4,1,0
P60EK5NN,Moses Frase,MG Advanced,Zumgoity,Won,2017-06-22,2017-09-21,2739.0,Public Sector,1,2739.0,91,0.6615384615384615,3,1,2
YRYMSUE3,Niesha Huffines,GTX Basic,Gogozoom,Won,2017-06-22,2017-07-03,557.0,Telecom,1,557.0,11,0.6,6,1,2
UZOTC90C,Reed Clapper,GTXPro,Yearin,Won,2017-06-22,2017-06-30,5302.0,Retail,1,5302.0,8,0.6540084388185654,4,1,0
5AAN00N1,Versie Hillebrand,MG Special,Domzoom,Lost,2017-06-22,2017-08-26,0.0,Retail,0,0.0,65,0.6666666666666666,4,1,2
JFHKBG40,Versie Hillebrand,MG Advanced,Zumgoity,Won,2017-06-22,2017-07-01,3465.0,Public Sector,1,3465.0,9,0.6666666666666666,3,1,1
RJD0D0GD,Zane Levy,GTXPro,Zoomit,Won,2017-06-22,2017-09-06,4356.0,Energy,1,4356.0,76,0.6168582375478927,1,1,1
L9IXFTIL,Boris Faz,GTXPro,Gekko & Co,Won,2017-06-23,2017-09-21,5301.0,Telecom,1,5301.0,90,0.6601307189542484,6,1,1
HPBCTTV3,Cecily Lampkin,MG Advanced,Rangreen,Lost,2017-06-23,2017-07-04,0.0,Energy,0,0.0,11,0.66875,1,1,1
48FB5MD2,Cecily Lampkin,MG Special,Treequote,Won,2017-06-23,2017-07-05,66.0,Retail,1,66.0,12,0.66875,4,1,0
EJZM1INM,Corliss Cosme,GTX Basic,Vehement Capital Partners,Lost,2017-06-23,2017-07-03,0.0,Banking,0,0.0,10,0.6550218340611353,0,1,2
FKNT3I12,Corliss Cosme,GTXPro,Acme Corporation,Lost,2017-06-23,2017-07-01,0.0,Shipping,0,0.0,8,0.6550218340611353,5,1,1
BLY5FD3N,Corliss Cosme,GTX Plus Pro,Iselectrics,Won,2017-06-23,2017-07-01,5640.0,Energy,1,5640.0,8,0.6550218340611353,1,1,0
LXLU6LFC,Daniell Hammack,MG Advanced,Kinnamplus,Lost,2017-06-23,2017-08-30,0.0,Telecom,0,0.0,68,0.6096256684491979,6,1,2
A60QAIT3,Daniell Hammack,GTX Plus Basic,Kan-code,Won,2017-06-23,2017-09-28,1291.0,Public Sector,1,1291.0,97,0.6096256684491979,3,1,2
RQ3BV2I5,Daniell Hammack,GTXPro,Mathtouch,Won,2017-06-23,2017-09-27,3729.0,Energy,1,3729.0,96,0.6096256684491979,1,1,0
W8CSV90F,Darcel Schlecht,GTXPro,Treequote,Lost,2017-06-23,2017-08-23,0.0,Retail,0,0.0,61,0.6311030741410488,4,1,0
0W6S0ODT,Gladys Colclough,MG Special,Conecom,Won,2017-06-23,2017-07-03,49.0,Shipping,1,49.0,10,0.5818965517241379,5,1,1
408AHOYL,Hayden Neloms,MG Advanced,Singletechno,Lost,2017-06-23,2017-07-03,0.0,Retail,0,0.0,10,0.7039473684210527,4,1,2
557JX4BM,Hayden Neloms,GTX Plus Basic,Plusstrip,Won,2017-06-23,2017-09-12,1099.0,Public Sector,1,1099.0,81,0.7039473684210527,3,1,2
QPZFP9WT,Kary Hendrixson,GTXPro,Labdrill,Lost,2017-06-23,2017-07-04,0.0,Energy,0,0.0,11,0.6238805970149254,1,1,0
L5T284M7,Lajuana Vencill,MG Advanced,Condax,Lost,2017-06-23,2017-07-03,0.0,Banking,0,0.0,10,0.5497835497835498,0,1,2
G17TENJ4,Marty Freudenburg,MG Advanced,Konmatfix,Lost,2017-06-23,2017-09-22,0.0,Shipping,0,0.0,91,0.6288659793814433,5,1,1
VRSTX620,Niesha Huffines,GTX Plus Basic,Condax,Won,2017-06-23,2017-07-02,932.0,Banking,1,932.0,9,0.6,0,1,2
Y9VWZ93C,Reed Clapper,GTX Basic,Silis,Lost,2017-06-23,2017-07-01,0.0,Public Sector,0,0.0,8,0.6540084388185654,3,1,0
Y6IIUECA,Reed Clapper,GTX Plus Basic,Donquadtech,Won,2017-06-23,2017-07-04,880.0,Shipping,1,880.0,11,0.6540084388185654,5,1,0
LXWQDEU3,Reed Clapper,GTXPro,Ganjaflex,Won,2017-06-23,2017-09-18,4801.0,Retail,1,4801.0,87,0.6540084388185654,4,1,1
P1E4KWF7,Rosie Papadopoulos,MG Special,Konex,Won,2017-06-23,2017-07-01,59.0,Public Sector,1,59.0,8,0.6446280991735537,3,1,1
BN84DD6H,Versie Hillebrand,MG Special,Finhigh,Lost,2017-06-23,2017-07-05,0.0,Banking,0,0.0,12,0.6666666666666666,0,1,2
R8MZ10BW,Versie Hillebrand,MG Special,Ron-tech,Won,2017-06-23,2017-09-29,52.0,Manufacturing,1,52.0,98,0.6666666666666666,2,1,2
PI8RROK0,Versie Hillebrand,MG Advanced,Stanredtax,Won,2017-06-23,2017-09-21,2949.0,Retail,1,2949.0,90,0.6666666666666666,4,1,0
GID40O2B,Vicki Laflamme,GTXPro,Doncon,Lost,2017-06-23,2017-07-06,0.0,Shipping,0,0.0,13,0.6368876080691642,5,1,1
KDRIBXNQ,Violet Mclelland,MG Special,Konex,Won,2017-06-23,2017-08-15,50.0,Public Sector,1,50.0,53,0.6321243523316062,3,1,1
TCK6V290,Violet Mclelland,MG Advanced,Plussunin,Won,2017-06-23,2017-06-30,3863.0,Energy,1,3863.0,7,0.6321243523316062,1,1,1
VFZ5GB3W,Zane Levy,GTX Basic,Golddex,Lost,2017-06-23,2017-07-04,0.0,Manufacturing,0,0.0,11,0.6168582375478927,2,1,2
UKSS5YPE,Anna Snelling,MG Special,Stanredtax,Won,2017-06-24,2017-07-02,64.0,Retail,1,64.0,8,0.6190476190476191,4,1,1
RDDUG8VD,Corliss Cosme,GTX Plus Basic,Umbrella Corporation,Lost,2017-06-24,2017-07-03,0.0,Public Sector,0,0.0,9,0.6550218340611353,3,1,0
Z3QJESWJ,Corliss Cosme,GTX Plus Pro,Kinnamplus,Won,2017-06-24,2017-08-22,5038.0,Telecom,1,5038.0,59,0.6550218340611353,6,1,0
PYIQ65W0,Corliss Cosme,GTXPro,Zotware,Won,2017-06-24,2017-07-02,5088.0,Banking,1,5088.0,8,0.6550218340611353,0,1,2
RGRUF328,Gladys Colclough,MG Special,Statholdings,Won,2017-06-24,2017-08-14,48.0,Manufacturing,1,48.0,51,0.5818965517241379,2,1,2
TLSSOOVB,Hayden Neloms,GTX Plus Basic,Dalttechnology,Lost,2017-06-24,2017-07-04,0.0,Shipping,0,0.0,10,0.7039473684210527,5,1,1
2YBEN3MV,Kary Hendrixson,GTX Plus Basic,Green-Plus,Lost,2017-06-24,2017-09-08,0.0,Retail,0,0.0,76,0.6238805970149254,4,1,2
EFA9E6WV,Kary Hendrixson,GTX Plus Pro,Lexiqvolax,Won,2017-06-24,2017-09-30,5056.0,Public Sector,1,5056.0,98,0.6238805970149254,3,1,0
YTSX7IW3,Markita Hansen,MG Special,Blackzim,Won,2017-06-24,2017-07-02,59.0,Telecom,1,59.0,8,0.5726872246696035,6,1,1
86DMJ7GA,Maureen Marcano,GTX Plus Basic,Cheers,Lost,2017-06-24,2017-08-20,0.0,Telecom,0,0.0,57,0.6995305164319249,6,1,0
CMD0758L,Maureen Marcano,GTX Basic,Faxquote,Won,2017-06-24,2017-08-21,562.0,Telecom,1,562.0,58,0.6995305164319249,6,1,1
CM5MFWCO,Moses Frase,MG Special,Codehow,Won,2017-06-24,2017-09-10,63.0,Telecom,1,63.0,78,0.6615384615384615,6,1,2
0MNAGD91,Moses Frase,MG Advanced,Betatech,Won,2017-06-24,2017-07-05,3355.0,Public Sector,1,3355.0,11,0.6615384615384615,3,1,1
9S749GJD,Violet Mclelland,MG Advanced,Bluth Company,Lost,2017-06-24,2017-07-05,0.0,Energy,0,0.0,11,0.6321243523316062,1,1,1
LBZY9VUG,Violet Mclelland,MG Special,Massive Dynamic,Won,2017-06-24,2017-09-17,55.0,Banking,1,55.0,85,0.6321243523316062,0,1,0
6UUTR15S,Zane Levy,GTX Plus Pro,Newex,Won,2017-06-24,2017-09-23,4059.0,Energy,1,4059.0,91,0.6168582375478927,1,1,0
DVPYKS4A,Cassey Cress,MG Advanced,Bubba Gump,Lost,2017-06-25,2017-07-04,0.0,Retail,0,0.0,9,0.6245210727969349,4,1,1
9SRU5CI6,Cecily Lampkin,GTX Plus Basic,Codehow,Won,2017-06-25,2017-08-09,1128.0,Telecom,1,1128.0,45,0.66875,6,1,2
GZ5M7MIQ,Darcel Schlecht,GTX Plus Basic,Conecom,Lost,2017-06-25,2017-07-01,0.0,Shipping,0,0.0,6,0.6311030741410488,5,1,2
CM2GVLV6,Darcel Schlecht,GTX Plus Pro,Ron-tech,Won,2017-06-25,2017-07-08,5536.0,Manufacturing,1,5536.0,13,0.6311030741410488,2,1,0
NZB45UZX,Darcel Schlecht,GTXPro,Genco Pura Olive Oil Company,Won,2017-06-25,2017-09-03,4964.0,Manufacturing,1,4964.0,70,0.6311030741410488,2,1,2
T2J83GFD,Darcel Schlecht,MG Special,Domzoom,Won,2017-06-25,2017-07-03,54.0,Retail,1,54.0,8,0.6311030741410488,4,1,0
28S2Z15A,Darcel Schlecht,MG Special,Ron-tech,Won,2017-06-25,2017-08-02,56.0,Manufacturing,1,56.0,38,0.6311030741410488,2,1,2
WOJBLO4B,Donn Cantrell,GTX Plus Pro,Vehement Capital Partners,Lost,2017-06-25,2017-07-02,0.0,Banking,0,0.0,7,0.5745454545454546,0,1,1
788SW6EX,Donn Cantrell,GTXPro,Gekko & Co,Lost,2017-06-25,2017-08-19,0.0,Telecom,0,0.0,55,0.5745454545454546,6,1,0
EUOA0E47,Donn Cantrell,MG Advanced,Zotware,Won,2017-06-25,2017-07-05,3423.0,Banking,1,3423.0,10,0.5745454545454546,0,1,0
S9ZUMLSY,Elease Gluck,MG Special,J-Texon,Lost,2017-06-25,2017-09-13,0.0,Telecom,0,0.0,80,0.6349206349206349,6,1,1
0UCQUW6U,Garret Kinder,MG Advanced,Umbrella Corporation,Lost,2017-06-25,2017-07-07,0.0,Public Sector,0,0.0,12,0.6097560975609756,3,1,0
07FRJ44N,Gladys Colclough,GTX Plus Pro,Cancity,Lost,2017-06-25,2017-07-03,0.0,Public Sector,0,0.0,8,0.5818965517241379,3,1,2
NMN9DVEV,Gladys Colclough,GTX Plus Basic,Rangreen,Won,2017-06-25,2017-09-14,1102.0,Energy,1,1102.0,81,0.5818965517241379,1,1,2
95V8BLR2,Kami Bicknell,GTX Basic,Goodsilron,Won,2017-06-25,2017-09-22,519.0,Energy,1,519.0,89,0.6397058823529411,1,1,0
BDGB4NS0,Kary Hendrixson,GTX Plus Pro,Hatfan,Lost,2017-06-25,2017-07-02,0.0,Public Sector,0,0.0,7,0.6238805970149254,3,1,2
SPHS260Y,Kary Hendrixson,MG Special,Hatfan,Lost,2017-06-25,2017-08-27,0.0,Public Sector,0,0.0,63,0.6238805970149254,3,1,0
O9L7KMPU,Lajuana Vencill,GTX Plus Basic,Isdom,Lost,2017-06-25,2017-08-27,0.0,Retail,0,0.0,63,0.5497835497835498,4,1,1
FGES2PQ2,Lajuana Vencill,MG Advanced,Bioholding,Lost,2017-06-25,2017-07-04,0.0,Banking,0,0.0,9,0.5497835497835498,0,1,0
81DXTTI5,Lajuana Vencill,GTX Plus Pro,Isdom,Won,2017-06-25,2017-07-03,5536.0,Retail,1,5536.0,8,0.5497835497835498,4,1,1
JGG9CO2Y,Marty Freudenburg,GTX Plus Pro,Betatech,Lost,2017-06-25,2017-08-14,0.0,Public Sector,0,0.0,50,0.6288659793814433,3,1,2
95B6AKI1,Marty Freudenburg,GTX Plus Basic,Warephase,Won,2017-06-25,2017-07-02,839.0,Retail,1,839.0,7,0.6288659793814433,4,1,1
N1G2CFCB,Maureen Marcano,GTX Basic,Dalttechnology,Won,2017-06-25,2017-09-06,500.0,Shipping,1,500.0,73,0.6995305164319249,5,1,2
40VSPND6,Moses Frase,MG Advanced,Rangreen,Won,2017-06-25,2017-09-24,3679.0,Energy,1,3679.0,91,0.6615384615384615,1,1,0
QWYRCDA8,Niesha Huffines,GTX Plus Basic,Treequote,Lost,2017-06-25,2017-07-05,0.0,Retail,0,0.0,10,0.6,4,1,2
00ZD3M4J,Reed Clapper,GTXPro,Plussunin,Lost,2017-06-25,2017-07-04,0.0,Energy,0,0.0,9,0.6540084388185654,1,1,0
CJZFFC91,Versie Hillebrand,MG Special,Codehow,Lost,2017-06-25,2017-08-07,0.0,Telecom,0,0.0,43,0.6666666666666666,6,1,0
3PD8YBPK,Vicki Laflamme,GTX Basic,Scotfind,Lost,2017-06-25,2017-07-04,0.0,Telecom,0,0.0,9,0.6368876080691642,6,1,1
KBG5R0WH,Vicki Laflamme,GTX Plus Pro,Blackzim,Lost,2017-06-25,2017-07-02,0.0,Telecom,0,0.0,7,0.6368876080691642,6,1,1
7RPM84Y4,Vicki Laflamme,MG Advanced,Goodsilron,Won,2017-06-25,2017-06-30,3815.0,Energy,1,3815.0,5,0.6368876080691642,1,1,1
LFN6XPK7,Vicki Laflamme,MG Advanced,Sunnamplex,Won,2017-06-25,2017-06-27,2753.0,Public Sector,1,2753.0,2,0.6368876080691642,3,1,1
18LZY55R,Violet Mclelland,MG Special,Xx-zobam,Won,2017-06-25,2017-07-02,60.0,Manufacturing,1,60.0,7,0.6321243523316062,2,1,2
E88W1Z0H,Zane Levy,GTX Basic,Kan-code,Lost,2017-06-25,2017-07-02,0.0,Public Sector,0,0.0,7,0.6168582375478927,3,1,2
UQALCAIV,Zane Levy,GTX Plus Basic,Rantouch,Won,2017-06-25,2017-07-03,1137.0,Energy,1,1137.0,8,0.6168582375478927,1,1,2
6E2Y3HKI,Boris Faz,GTX Plus Pro,Yearin,Won,2017-06-26,2017-07-04,5201.0,Retail,1,5201.0,8,0.6601307189542484,4,1,0
YWKFH7VT,Cassey Cress,GTX Basic,Mathtouch,Lost,2017-06-26,2017-09-27,0.0,Energy,0,0.0,93,0.6245210727969349,1,1,2
MF4299DQ,Cassey Cress,MG Advanced,Bluth Company,Lost,2017-06-26,2017-07-03,0.0,Energy,0,0.0,7,0.6245210727969349,1,1,2
ZRZI054E,Cecily Lampkin,GTX Basic,Toughzap,Won,2017-06-26,2017-07-06,612.0,Retail,1,612.0,10,0.66875,4,1,2
CN69EYQ1,Corliss Cosme,GTX Plus Pro,Donquadtech,Won,2017-06-26,2017-09-11,4905.0,Shipping,1,4905.0,77,0.6550218340611353,5,1,1
KX80WC22,Daniell Hammack,MG Special,The New York Inquirer,Lost,2017-06-26,2017-07-07,0.0,Banking,0,0.0,11,0.6096256684491979,0,1,2
YQ6VELF1,Darcel Schlecht,GTXPro,Streethex,Lost,2017-06-26,2017-07-03,0.0,Banking,0,0.0,7,0.6311030741410488,0,1,0
NX4ODZY2,Darcel Schlecht,GTX Plus Basic,Streethex,Won,2017-06-26,2017-08-31,1028.0,Banking,1,1028.0,66,0.6311030741410488,0,1,1
L2QMWU4H,Darcel Schlecht,GTX Plus Pro,Codehow,Won,2017-06-26,2017-09-12,4430.0,Telecom,1,4430.0,78,0.6311030741410488,6,1,0
0MPEK4ZA,Donn Cantrell,GTX Plus Basic,Donquadtech,Lost,2017-06-26,2017-09-18,0.0,Shipping,0,0.0,84,0.5745454545454546,5,1,2
TP0SU68U,Donn Cantrell,GTX Plus Basic,Opentech,Lost,2017-06-26,2017-07-09,0.0,Retail,0,0.0,13,0.5745454545454546,4,1,1
8U7LNL7U,Donn Cantrell,GTXPro,Zathunicon,Lost,2017-06-26,2017-07-03,0.0,Retail,0,0.0,7,0.5745454545454546,4,1,0
XVYL67FL,Donn Cantrell,GTX Basic,Bioplex,Won,2017-06-26,2017-07-06,541.0,Retail,1,541.0,10,0.5745454545454546,4,1,2
AIN2RE2H,Elease Gluck,GTXPro,Groovestreet,Lost,2017-06-26,2017-07-05,0.0,Retail,0,0.0,9,0.6349206349206349,4,1,0
G1303HIC,Gladys Colclough,GTXPro,Cancity,Won,2017-06-26,2017-07-02,5081.0,Public Sector,1,5081.0,6,0.5818965517241379,3,1,0
HVDQ4EEA,Gladys Colclough,MG Advanced,Rangreen,Won,2017-06-26,2017-06-28,3478.0,Energy,1,3478.0,2,0.5818965517241379,1,1,0
2RB900SL,James Ascencio,GTXPro,J-Texon,Won,2017-06-26,2017-09-15,5541.0,Telecom,1,5541.0,81,0.6553398058252428,6,1,2
AUS25SFH,Jonathan Berthelot,GTX Basic,Cancity,Won,2017-06-26,2017-07-03,504.0,Public Sector,1,504.0,7,0.6477272727272727,3,1,2
O6DSGX6P,Lajuana Vencill,GTX Basic,Bioholding,Lost,2017-06-26,2017-08-10,0.0,Banking,0,0.0,45,0.5497835497835498,0,1,0
2MBFRRGW,Lajuana Vencill,GTX Basic,Dontechi,Lost,2017-06-26,2017-07-03,0.0,Shipping,0,0.0,7,0.5497835497835498,5,1,1
Q3HYAWDW,Markita Hansen,MG Advanced,Golddex,Won,2017-06-26,2017-08-24,3838.0,Manufacturing,1,3838.0,59,0.5726872246696035,2,1,1
94TA0AWF,Marty Freudenburg,GTX Plus Pro,Scottech,Won,2017-06-26,2017-08-26,5217.0,Banking,1,5217.0,61,0.6288659793814433,0,1,2
G1XX0IB4,Marty Freudenburg,GTX Plus Pro,Streethex,Won,2017-06-26,2017-07-05,4181.0,Banking,1,4181.0,9,0.6288659793814433,0,1,2
VIMY08JH,Maureen Marcano,GTX Basic,Hatfan,Won,2017-06-26,2017-07-06,518.0,Public Sector,1,518.0,10,0.6995305164319249,3,1,2
WPTNE0QN,Moses Frase,GTX Basic,Streethex,Won,2017-06-26,2017-09-17,533.0,Banking,1,533.0,83,0.6615384615384615,0,1,2
DLGW8Y7B,Rosalina Dieter,MG Advanced,Singletechno,Won,2017-06-26,2017-08-03,3855.0,Retail,1,3855.0,38,0.6545454545454545,4,1,2
YSOUU0T0,Vicki Laflamme,GTX Basic,Plusstrip,Lost,2017-06-26,2017-07-07,0.0,Public Sector,0,0.0,11,0.6368876080691642,3,1,1
HM4TKVET,Zane Levy,GTX Basic,Nam-zim,Won,2017-06-26,2017-07-04,617.0,Energy,1,617.0,8,0.6168582375478927,1,1,2
Q81Q0PJK,Anna Snelling,GTX Plus Basic,Warephase,Won,2017-06-27,2017-07-06,991.0,Retail,1,991.0,9,0.6190476190476191,4,1,0
3BEPEWRS,Cassey Cress,GTXPro,Opentech,Lost,2017-06-27,2017-08-24,0.0,Retail,0,0.0,58,0.6245210727969349,4,1,0
Y5HR9J3G,Cecily Lampkin,GTX Basic,Domzoom,Won,2017-06-27,2017-08-01,513.0,Retail,1,513.0,35,0.66875,4,1,1
STYLQ47K,Corliss Cosme,GTX Plus Pro,Ganjaflex,Won,2017-06-27,2017-07-07,5121.0,Retail,1,5121.0,10,0.6550218340611353,4,1,0
W07JMUG9,Daniell Hammack,MG Advanced,Kan-code,Lost,2017-06-27,2017-07-01,0.0,Public Sector,0,0.0,4,0.6096256684491979,3,1,1
L8CG1IQO,Darcel Schlecht,GTX Basic,Condax,Lost,2017-06-27,2017-07-06,0.0,Banking,0,0.0,9,0.6311030741410488,0,1,1
6CFONO4W,Darcel Schlecht,GTXPro,Zumgoity,Won,2017-06-27,2017-07-06,4635.0,Public Sector,1,4635.0,9,0.6311030741410488,3,1,0
AMGC18DS,Donn Cantrell,GTX Plus Pro,Zotware,Lost,2017-06-27,2017-09-08,0.0,Banking,0,0.0,73,0.5745454545454546,0,1,2
RKT3WVBC,Garret Kinder,GTX Basic,Iselectrics,Won,2017-06-27,2017-09-20,470.0,Energy,1,470.0,85,0.6097560975609756,1,1,0
H5ZSM3IR,Gladys Colclough,MG Special,Isdom,Lost,2017-06-27,2017-09-01,0.0,Retail,0,0.0,66,0.5818965517241379,4,1,0
07WKR17A,Gladys Colclough,GTX Plus Pro,Treequote,Won,2017-06-27,2017-09-17,6193.0,Retail,1,6193.0,82,0.5818965517241379,4,1,1
7GM1XD9W,James Ascencio,GTXPro,Faxquote,Won,2017-06-27,2017-09-16,4277.0,Telecom,1,4277.0,81,0.6553398058252428,6,1,0
QM6GJ78P,Kami Bicknell,MG Special,Blackzim,Won,2017-06-27,2017-07-07,59.0,Telecom,1,59.0,10,0.6397058823529411,6,1,1
L582YMSV,Kary Hendrixson,GTXPro,Xx-holding,Lost,2017-06-27,2017-09-08,0.0,Telecom,0,0.0,73,0.6238805970149254,6,1,2
EQS3UNXX,Markita Hansen,GTX Basic,Condax,Lost,2017-06-27,2017-07-06,0.0,Banking,0,0.0,9,0.5726872246696035,0,1,2
DZR5L7XQ,Markita Hansen,GTXPro,Green-Plus,Lost,2017-06-27,2017-07-05,0.0,Retail,0,0.0,8,0.5726872246696035,4,1,2
DQ0DSK7P,Marty Freudenburg,GTX Plus Basic,Globex Corporation,Won,2017-06-27,2017-07-02,1176.0,Retail,1,1176.0,5,0.6288659793814433,4,1,0
CGEXH2QO,Moses Frase,GTX Plus Pro,Finhigh,Lost,2017-06-27,2017-07-08,0.0,Banking,0,0.0,11,0.6615384615384615,0,1,1
MIX6JTSN,Moses Frase,GTX Basic,Statholdings,Won,2017-06-27,2017-07-05,541.0,Manufacturing,1,541.0,8,0.6615384615384615,2,1,2
9KYX5G9K,Niesha Huffines,GTX Plus Pro,Domzoom,Won,2017-06-27,2017-07-01,4766.0,Retail,1,4766.0,4,0.6,4,1,1
FG29YOWT,Reed Clapper,MG Advanced,Iselectrics,Lost,2017-06-27,2017-09-06,0.0,Energy,0,0.0,71,0.6540084388185654,1,1,1
KWYKKVJC,Reed Clapper,GTXPro,Vehement Capital Partners,Won,2017-06-27,2017-07-01,4785.0,Banking,1,4785.0,4,0.6540084388185654,0,1,2
T7TDUK3T,Versie Hillebrand,MG Advanced,Rangreen,Won,2017-06-27,2017-09-12,3046.0,Energy,1,3046.0,77,0.6666666666666666,1,1,2
42YPT5L7,Versie Hillebrand,MG Advanced,Ron-tech,Won,2017-06-27,2017-07-04,3548.0,Manufacturing,1,3548.0,7,0.6666666666666666,2,1,1
99I4V65G,Vicki Laflamme,MG Advanced,Rantouch,Lost,2017-06-27,2017-07-06,0.0,Energy,0,0.0,9,0.6368876080691642,1,1,2
ACZQMAR4,Vicki Laflamme,MG Advanced,Rantouch,Won,2017-06-27,2017-07-07,3615.0,Energy,1,3615.0,10,0.6368876080691642,1,1,1
TP9IE6PV,Anna Snelling,GTX Basic,Genco Pura Olive Oil Company,Won,2017-06-28,2017-09-11,631.0,Manufacturing,1,631.0,75,0.6190476190476191,2,1,1
E5CD0W5M,Cassey Cress,GTX Basic,Kan-code,Lost,2017-06-28,2017-07-01,0.0,Public Sector,0,0.0,3,0.6245210727969349,3,1,2
HKH717ED,Cecily Lampkin,GTX Basic,Hottechi,Lost,2017-06-28,2017-08-11,0.0,Public Sector,0,0.0,44,0.66875,3,1,0
DAW2JTP5,Cecily Lampkin,MG Special,Genco Pura Olive Oil Company,Lost,2017-06-28,2017-07-07,0.0,Manufacturing,0,0.0,9,0.66875,2,1,2
HBMOSBAK,Daniell Hammack,GTXPro,Massive Dynamic,Lost,2017-06-28,2017-08-14,0.0,Banking,0,0.0,47,0.6096256684491979,0,1,0
V0V6O05H,Darcel Schlecht,GTXPro,Condax,Lost,2017-06-28,2017-07-07,0.0,Banking,0,0.0,9,0.6311030741410488,0,1,1
3DY60YA7,Darcel Schlecht,GTXPro,Stanredtax,Lost,2017-06-28,2017-07-06,0.0,Retail,0,0.0,8,0.6311030741410488,4,1,1
8H19L55Y,Darcel Schlecht,GTXPro,Streethex,Won,2017-06-28,2017-07-07,4162.0,Banking,1,4162.0,9,0.6311030741410488,0,1,0
TPNU79C1,Darcel Schlecht,MG Special,Toughzap,Won,2017-06-28,2017-09-29,54.0,Retail,1,54.0,93,0.6311030741410488,4,1,1
TFQR150O,Donn Cantrell,GTXPro,Iselectrics,Won,2017-06-28,2017-07-02,5064.0,Energy,1,5064.0,4,0.5745454545454546,1,1,0
9MM27P8C,Elease Gluck,MG Advanced,Kan-code,Lost,2017-06-28,2017-07-07,0.0,Public Sector,0,0.0,9,0.6349206349206349,3,1,0
MMWD47ZY,Gladys Colclough,GTX Plus Basic,Konmatfix,Lost,2017-06-28,2017-08-29,0.0,Shipping,0,0.0,62,0.5818965517241379,5,1,1
JFIBKWMQ,Gladys Colclough,MG Special,Konmatfix,Lost,2017-06-28,2017-07-09,0.0,Shipping,0,0.0,11,0.5818965517241379,5,1,0
6FUPOO3I,Gladys Colclough,MG Advanced,Conecom,Won,2017-06-28,2017-07-07,3865.0,Shipping,1,3865.0,9,0.5818965517241379,5,1,2
29VR6EL4,Hayden Neloms,MG Advanced,Konex,Lost,2017-06-28,2017-09-14,0.0,Public Sector,0,0.0,78,0.7039473684210527,3,1,2
L45N3D2E,James Ascencio,GTXPro,Plexzap,Lost,2017-06-28,2017-07-04,0.0,Manufacturing,0,0.0,6,0.6553398058252428,2,1,1
K1OBT27J,James Ascencio,GTX Basic,Xx-holding,Won,2017-06-28,2017-08-10,553.0,Telecom,1,553.0,43,0.6553398058252428,6,1,1
OZL7CDMQ,Jonathan Berthelot,GTX Plus Basic,Finhigh,Lost,2017-06-28,2017-07-03,0.0,Banking,0,0.0,5,0.6477272727272727,0,1,0
LZ6PSZ4T,Jonathan Berthelot,MG Advanced,Dontechi,Lost,2017-06-28,2017-07-05,0.0,Shipping,0,0.0,7,0.6477272727272727,5,1,0
5CFCTZ5K,Jonathan Berthelot,GTX Basic,Ron-tech,Won,2017-06-28,2017-09-02,501.0,Manufacturing,1,501.0,66,0.6477272727272727,2,1,0
EG5M02ZV,Kary Hendrixson,GTX Basic,J-Texon,Won,2017-06-28,2017-09-27,539.0,Telecom,1,539.0,91,0.6238805970149254,6,1,0
5UKQ16DK,Kary Hendrixson,GTX Plus Basic,Singletechno,Won,2017-06-28,2017-07-04,1028.0,Retail,1,1028.0,6,0.6238805970149254,4,1,2
C9M5B1N6,Kary Hendrixson,GTXPro,Nam-zim,Won,2017-06-28,2017-09-13,3951.0,Energy,1,3951.0,77,0.6238805970149254,1,1,2
ZS4PKX65,Lajuana Vencill,GTX Basic,Finhigh,Won,2017-06-28,2017-08-11,560.0,Banking,1,560.0,44,0.5497835497835498,0,1,1
PYLS9RJH,Markita Hansen,GTX Plus Pro,Goodsilron,Lost,2017-06-28,2017-07-05,0.0,Energy,0,0.0,7,0.5726872246696035,1,1,0
X2ZONP2D,Moses Frase,GTX Plus Pro,Betatech,Lost,2017-06-28,2017-08-24,0.0,Public Sector,0,0.0,57,0.6615384615384615,3,1,0
Y5CP83V4,Moses Frase,GTX Basic,Isdom,Won,2017-06-28,2017-09-30,530.0,Retail,1,530.0,94,0.6615384615384615,4,1,1
9Y2HDGST,Versie Hillebrand,GTX Basic,Dontechi,Won,2017-06-28,2017-07-02,462.0,Shipping,1,462.0,4,0.6666666666666666,5,1,0
7R0G2LC1,Vicki Laflamme,GTX Plus Basic,Blackzim,Won,2017-06-28,2017-09-07,1211.0,Telecom,1,1211.0,71,0.6368876080691642,6,1,0
8FX574BJ,Vicki Laflamme,GTXPro,Scotfind,Won,2017-06-28,2017-07-03,4264.0,Telecom,1,4264.0,5,0.6368876080691642,6,1,0
AU5Q1XCW,Vicki Laflamme,MG Advanced,Faxquote,Won,2017-06-28,2017-09-09,3104.0,Telecom,1,3104.0,73,0.6368876080691642,6,1,0
CUMYWQYP,Violet Mclelland,MG Special,Gekko & Co,Won,2017-06-28,2017-09-30,56.0,Telecom,1,56.0,94,0.6321243523316062,6,1,0
29ZDUK49,Anna Snelling,GTX Plus Basic,Betatech,Won,2017-06-29,2017-07-10,1047.0,Public Sector,1,1047.0,11,0.6190476190476191,3,1,1
VLVP8FPJ,Cassey Cress,MG Advanced,Iselectrics,Lost,2017-06-29,2017-07-08,0.0,Energy,0,0.0,9,0.6245210727969349,1,1,0
SNGS64S7,Darcel Schlecht,GTXPro,Statholdings,Lost,2017-06-29,2017-07-06,0.0,Manufacturing,0,0.0,7,0.6311030741410488,2,1,1
CMCVD0N8,Darcel Schlecht,GTXPro,Warephase,Won,2017-06-29,2017-07-08,5321.0,Retail,1,5321.0,9,0.6311030741410488,4,1,0
NNKWGFDH,Darcel Schlecht,MG Special,Globex Corporation,Won,2017-06-29,2017-07-06,57.0,Retail,1,57.0,7,0.6311030741410488,4,1,2
YC6QEUJN,Garret Kinder,GTX Plus Basic,Kan-code,Won,2017-06-29,2017-07-08,950.0,Public Sector,1,950.0,9,0.6097560975609756,3,1,2
794XWMYE,Garret Kinder,MG Special,Mathtouch,Won,2017-06-29,2017-09-07,61.0,Energy,1,61.0,70,0.6097560975609756,1,1,2
FHK0BBGK,Garret Kinder,MG Special,Xx-zobam,Won,2017-06-29,2017-07-08,62.0,Manufacturing,1,62.0,9,0.6097560975609756,2,1,2
461LIUS7,Gladys Colclough,GTX Plus Basic,Isdom,Won,2017-06-29,2017-07-07,1105.0,Retail,1,1105.0,8,0.5818965517241379,4,1,1
Y9SCLUH8,Jonathan Berthelot,GTX Plus Basic,Ron-tech,Won,2017-06-29,2017-09-02,835.0,Manufacturing,1,835.0,65,0.6477272727272727,2,1,1
J75Y9C75,Kami Bicknell,GTX Plus Basic,Rantouch,Won,2017-06-29,2017-08-28,1104.0,Energy,1,1104.0,60,0.6397058823529411,1,1,0
PUP6JDT9,Kami Bicknell,MG Advanced,Kan-code,Won,2017-06-29,2017-09-12,3464.0,Public Sector,1,3464.0,75,0.6397058823529411,3,1,2
88AA2RK1,Kary Hendrixson,GTX Basic,Sonron,Lost,2017-06-29,2017-07-06,0.0,Manufacturing,0,0.0,7,0.6238805970149254,2,1,1
4F222JU9,Lajuana Vencill,MG Special,Scottech,Lost,2017-06-29,2017-08-31,0.0,Banking,0,0.0,63,0.5497835497835498,0,1,0
CBYRECX6,Lajuana Vencill,MG Advanced,Streethex,Lost,2017-06-29,2017-07-06,0.0,Banking,0,0.0,7,0.5497835497835498,0,1,0
QXT65QTI,Markita Hansen,GTX Basic,Hottechi,Lost,2017-06-29,2017-07-10,0.0,Public Sector,0,0.0,11,0.5726872246696035,3,1,1
8RTR1VMP,Markita Hansen,MG Special,Condax,Lost,2017-06-29,2017-07-06,0.0,Banking,0,0.0,7,0.5726872246696035,0,1,2
T7RA32XV,Markita Hansen,MG Special,Singletechno,Lost,2017-06-29,2017-07-06,0.0,Retail,0,0.0,7,0.5726872246696035,4,1,0
8IYVJKT4,Maureen Marcano,GTXPro,Dalttechnology,Lost,2017-06-29,2017-07-10,0.0,Shipping,0,0.0,11,0.6995305164319249,5,1,2
G087QT6R,Moses Frase,MG Advanced,Rundofase,Won,2017-06-29,2017-07-06,3676.0,Public Sector,1,3676.0,7,0.6615384615384615,3,1,2
JT1UUOXN,Niesha Huffines,GTXPro,Konmatfix,Lost,2017-06-29,2017-07-08,0.0,Shipping,0,0.0,9,0.6,5,1,2
PUTILZZG,Niesha Huffines,GTX Basic,Treequote,Won,2017-06-29,2017-08-09,568.0,Retail,1,568.0,41,0.6,4,1,0
QU7MSL36,Reed Clapper,GTXPro,Plussunin,Won,2017-06-29,2017-07-09,4837.0,Energy,1,4837.0,10,0.6540084388185654,1,1,2
FEGSJ8QI,Rosalina Dieter,GTXPro,Sonron,Won,2017-06-29,2017-08-19,4936.0,Manufacturing,1,4936.0,51,0.6545454545454545,2,1,0
1SKIPYI7,Rosalina Dieter,MG Special,Groovestreet,Won,2017-06-29,2017-09-03,55.0,Retail,1,55.0,66,0.6545454545454545,4,1,2
66Q03Q2P,Versie Hillebrand,GTX Basic,Konmatfix,Won,2017-06-29,2017-07-10,466.0,Shipping,1,466.0,11,0.6666666666666666,5,1,0
Z1NWKS9A,Vicki Laflamme,MG Special,Finjob,Lost,2017-06-29,2017-07-05,0.0,Manufacturing,0,0.0,6,0.6368876080691642,2,1,2
ZZCKQ2JV,Vicki Laflamme,GTXPro,Newex,Won,2017-06-29,2017-07-04,4856.0,Energy,1,4856.0,5,0.6368876080691642,1,1,1
F3G00C56,Vicki Laflamme,MG Advanced,Plexzap,Won,2017-06-29,2017-07-08,3562.0,Manufacturing,1,3562.0,9,0.6368876080691642,2,1,2
9824T94P,Violet Mclelland,GTXPro,Mathtouch,Won,2017-06-29,2017-07-09,5159.0,Energy,1,5159.0,10,0.6321243523316062,1,1,2
B8TD9HCN,Violet Mclelland,MG Advanced,Kinnamplus,Won,2017-06-29,2017-07-11,3172.0,Telecom,1,3172.0,12,0.6321243523316062,6,1,0
PEFTXK4Q,Wilburn Farren,MG Advanced,Kinnamplus,Won,2017-06-29,2017-09-10,3350.0,Telecom,1,3350.0,73,0.6962025316455697,6,1,0
LUIEQRMQ,Zane Levy,GTX Basic,Goodsilron,Won,2017-06-29,2017-07-10,595.0,Energy,1,595.0,11,0.6168582375478927,1,1,2
8QOUXQEV,Anna Snelling,GTX Basic,Betatech,Won,2017-06-30,2017-09-27,560.0,Public Sector,1,560.0,89,0.6190476190476191,3,1,1
6SC26SGG,Boris Faz,GTX Plus Basic,Yearin,Won,2017-06-30,2017-07-02,1167.0,Retail,1,1167.0,2,0.6601307189542484,4,1,1
GITEQ8VZ,Cassey Cress,GTX Plus Pro,Initech,Lost,2017-06-30,2017-07-10,0.0,Banking,0,0.0,10,0.6245210727969349,0,1,0
2Y9R7T2W,Cassey Cress,MG Advanced,Betasoloin,Won,2017-06-30,2017-09-26,3280.0,Banking,1,3280.0,88,0.6245210727969349,0,1,1
8U5GBXK1,Cecily Lampkin,MG Advanced,Genco Pura Olive Oil Company,Won,2017-06-30,2017-09-15,3427.0,Manufacturing,1,3427.0,77,0.66875,2,1,2
THI3LNT0,Corliss Cosme,GTX Basic,Silis,Lost,2017-06-30,2017-07-12,0.0,Public Sector,0,0.0,12,0.6550218340611353,3,1,0
KTLIR2ZX,Daniell Hammack,GTX Plus Basic,Plussunin,Lost,2017-06-30,2017-07-08,0.0,Energy,0,0.0,8,0.6096256684491979,1,1,2
G2EECJNG,Daniell Hammack,GTX Plus Basic,Iselectrics,Won,2017-06-30,2017-09-27,940.0,Energy,1,940.0,89,0.6096256684491979,1,1,0
UZN5JBF3,Darcel Schlecht,GTX Basic,Warephase,Won,2017-06-30,2017-09-29,565.0,Retail,1,565.0,91,0.6311030741410488,4,1,0
2CZVRGQ4,Darcel Schlecht,GTXPro,Conecom,Won,2017-06-30,2017-07-06,4749.0,Shipping,1,4749.0,6,0.6311030741410488,5,1,0
K5D2IP27,Elease Gluck,MG Special,Labdrill,Won,2017-06-30,2017-07-09,51.0,Energy,1,51.0,9,0.6349206349206349,1,1,0
PTKOWYW6,Gladys Colclough,MG Special,Statholdings,Lost,2017-06-30,2017-08-28,0.0,Manufacturing,0,0.0,59,0.5818965517241379,2,1,1
G3DIX74Y,James Ascencio,GTXPro,Y-corporation,Lost,2017-06-30,2017-07-08,0.0,Manufacturing,0,0.0,8,0.6553398058252428,2,1,2
4F8MNVNP,Jonathan Berthelot,GTX Basic,Warephase,Lost,2017-06-30,2017-07-07,0.0,Retail,0,0.0,7,0.6477272727272727,4,1,2
7UL8T1BZ,Markita Hansen,MG Special,Doncon,Lost,2017-06-30,2017-07-01,0.0,Shipping,0,0.0,1,0.5726872246696035,5,1,2
4HP16LRH,Marty Freudenburg,MG Advanced,Konmatfix,Won,2017-06-30,2017-07-09,3699.0,Shipping,1,3699.0,9,0.6288659793814433,5,1,0
MNTHSHH6,Maureen Marcano,GTX Plus Pro,Cheers,Won,2017-06-30,2017-07-07,5909.0,Telecom,1,5909.0,7,0.6995305164319249,6,1,1
Q7C5MJ4W,Moses Frase,GTX Basic,Condax,Lost,2017-06-30,2017-11-01,0.0,Banking,0,0.0,124,0.6615384615384615,0,1,2
ON9H54WD,Niesha Huffines,GTXPro,Dontechi,Lost,2017-06-30,2017-07-01,0.0,Shipping,0,0.0,1,0.6,5,1,1
8M3H9UME,Reed Clapper,GTX Plus Pro,Condax,Lost,2017-06-30,2017-07-07,0.0,Banking,0,0.0,7,0.6540084388185654,0,1,0
5J1C46RJ,Reed Clapper,GTX Plus Pro,Massive Dynamic,Won,2017-06-30,2017-09-19,5927.0,Banking,1,5927.0,81,0.6540084388185654,0,1,2
0BSYDRMT,Reed Clapper,MG Special,Bluth Company,Won,2017-06-30,2017-09-18,60.0,Energy,1,60.0,80,0.6540084388185654,1,1,1
NKERC6IA,Reed Clapper,MG Advanced,Zencorporation,Won,2017-06-30,2017-07-11,3351.0,Shipping,1,3351.0,11,0.6540084388185654,5,1,0
H6AN87LE,Rosalina Dieter,MG Special,Nam-zim,Won,2017-06-30,2017-07-09,64.0,Energy,1,64.0,9,0.6545454545454545,1,1,1
1SSFC7XZ,Rosie Papadopoulos,MG Advanced,Donquadtech,Lost,2017-06-30,2017-07-02,0.0,Shipping,0,0.0,2,0.6446280991735537,5,1,2
0XK80WX8,Versie Hillebrand,MG Special,dambase,Won,2017-06-30,2017-07-11,47.0,Retail,1,47.0,11,0.6666666666666666,4,1,2
X4ARE2PT,Versie Hillebrand,MG Special,Dontechi,Won,2017-06-30,2017-07-01,53.0,Shipping,1,53.0,1,0.6666666666666666,5,1,0
KCIFANLK,Vicki Laflamme,GTX Basic,Y-corporation,Lost,2017-06-30,2017-07-12,0.0,Manufacturing,0,0.0,12,0.6368876080691642,2,1,0
J7U29ZM5,Violet Mclelland,GTX Basic,Acme Corporation,Lost,2017-06-30,2017-09-23,0.0,Shipping,0,0.0,85,0.6321243523316062,5,1,0
3KVXBQ5V,Boris Faz,GTX Plus Basic,Acme Corporation,Lost,2017-07-01,2017-08-15,0.0,Shipping,0,0.0,45,0.6601307189542484,5,1,1
7T9J42UX,Cecily Lampkin,GTX Plus Pro,Globex Corporation,Won,2017-07-01,2017-07-11,4391.0,Retail,1,4391.0,10,0.66875,4,1,1
2J649YC5,Darcel Schlecht,GTX Plus Basic,Statholdings,Won,2017-07-01,2017-07-11,1308.0,Manufacturing,1,1308.0,10,0.6311030741410488,2,1,1
9N66Q1VO,Darcel Schlecht,GTXPro,Rangreen,Won,2017-07-01,2017-09-23,4888.0,Energy,1,4888.0,84,0.6311030741410488,1,1,0
ZWXKCHOO,Donn Cantrell,GTX Basic,Condax,Won,2017-07-01,2017-09-25,535.0,Banking,1,535.0,86,0.5745454545454546,0,1,2
I8OUZNDS,Elease Gluck,GTX Plus Pro,Dalttechnology,Lost,2017-07-01,2017-11-03,0.0,Shipping,0,0.0,125,0.6349206349206349,5,1,2
CJZLM3WA,Garret Kinder,MG Special,Betasoloin,Lost,2017-07-01,2017-09-16,0.0,Banking,0,0.0,77,0.6097560975609756,0,1,1
4QTD5X53,Gladys Colclough,MG Advanced,Isdom,Won,2017-07-01,2017-07-06,3252.0,Retail,1,3252.0,5,0.5818965517241379,4,1,1
LQXWWZGN,Jonathan Berthelot,GTX Basic,Hottechi,Lost,2017-07-01,2017-07-03,0.0,Public Sector,0,0.0,2,0.6477272727272727,3,1,2
NT510FGZ,Jonathan Berthelot,MG Special,Toughzap,Lost,2017-07-01,2017-08-27,0.0,Retail,0,0.0,57,0.6477272727272727,4,1,2
2IQ0ZY9W,Jonathan Berthelot,GTX Basic,Scottech,Won,2017-07-01,2017-07-11,574.0,Banking,1,574.0,10,0.6477272727272727,0,1,1
N3TUSU37,Jonathan Berthelot,GTX Plus Basic,Codehow,Won,2017-07-01,2017-08-11,1012.0,Telecom,1,1012.0,41,0.6477272727272727,6,1,1
O6LVMQ5R,Kary Hendrixson,GTX Basic,Dalttechnology,Won,2017-07-01,2017-07-07,576.0,Shipping,1,576.0,6,0.6238805970149254,5,1,2
072ELFQF,Lajuana Vencill,MG Advanced,Isdom,Lost,2017-07-01,2017-07-03,0.0,Retail,0,0.0,2,0.5497835497835498,4,1,0
CDFKC6E0,Markita Hansen,MG Special,Sonron,Lost,2017-07-01,2017-07-03,0.0,Manufacturing,0,0.0,2,0.5726872246696035,2,1,1
Z005FB1N,Markita Hansen,MG Advanced,Hottechi,Lost,2017-07-01,2017-07-08,0.0,Public Sector,0,0.0,7,0.5726872246696035,3,1,2
LYAFXO9B,Markita Hansen,GTX Basic,J-Texon,Won,2017-07-01,2017-07-12,592.0,Telecom,1,592.0,11,0.5726872246696035,6,1,2
SNY2UWJ2,Markita Hansen,GTXPro,Doncon,Won,2017-07-01,2017-07-09,4859.0,Shipping,1,4859.0,8,0.5726872246696035,5,1,2
UFIAFP10,Markita Hansen,MG Special,Green-Plus,Won,2017-07-01,2017-07-02,50.0,Retail,1,50.0,1,0.5726872246696035,4,1,2
MG7CZFIG,Markita Hansen,MG Advanced,Konex,Won,2017-07-01,2017-09-30,3225.0,Public Sector,1,3225.0,91,0.5726872246696035,3,1,0
H4U50AEW,Marty Freudenburg,GTX Plus Pro,Stanredtax,Won,2017-07-01,2017-07-09,5422.0,Retail,1,5422.0,8,0.6288659793814433,4,1,2
8PU9FIQS,Marty Freudenburg,MG Advanced,Domzoom,Won,2017-07-01,2017-07-11,3657.0,Retail,1,3657.0,10,0.6288659793814433,4,1,1
FBQN3UM3,Maureen Marcano,GTX Plus Basic,Fasehatice,Lost,2017-07-01,2017-07-07,0.0,Telecom,0,0.0,6,0.6995305164319249,6,1,0
MJ12SZ89,Maureen Marcano,GTX Plus Pro,Goodsilron,Won,2017-07-01,2017-07-10,4974.0,Energy,1,4974.0,9,0.6995305164319249,1,1,2
B6F9PSRN,Maureen Marcano,GTXPro,Lexiqvolax,Won,2017-07-01,2017-08-07,4689.0,Public Sector,1,4689.0,37,0.6995305164319249,3,1,0
RLDIPPFT,Niesha Huffines,GTX Plus Basic,Toughzap,Lost,2017-07-01,2017-07-10,0.0,Retail,0,0.0,9,0.6,4,1,1
TKKSOBRC,Niesha Huffines,MG Special,Warephase,Won,2017-07-01,2017-07-12,50.0,Retail,1,50.0,11,0.6,4,1,2
FCWU08BA,Reed Clapper,GTXPro,Mathtouch,Lost,2017-07-01,2017-07-03,0.0,Energy,0,0.0,2,0.6540084388185654,1,1,1
AX63HIS9,Reed Clapper,GTXPro,Kan-code,Won,2017-07-01,2017-08-23,4611.0,Public Sector,1,4611.0,53,0.6540084388185654,3,1,2
1F8MPXZQ,Versie Hillebrand,MG Advanced,Stanredtax,Lost,2017-07-01,2017-07-13,0.0,Retail,0,0.0,12,0.6666666666666666,4,1,2
YY3ACGA2,Vicki Laflamme,GTX Basic,Kan-code,Won,2017-07-01,2017-07-11,571.0,Public Sector,1,571.0,10,0.6368876080691642,3,1,2
6MQA3YYW,Violet Mclelland,MG Special,Umbrella Corporation,Lost,2017-07-01,2017-07-03,0.0,Public Sector,0,0.0,2,0.6321243523316062,3,1,2
IM5AGXLX,Wilburn Farren,GTX Plus Pro,Betasoloin,Lost,2017-07-01,2017-08-06,0.0,Banking,0,0.0,36,0.6962025316455697,0,1,2
313EIVW4,Anna Snelling,GTX Plus Basic,Bioholding,Lost,2017-07-02,2017-07-10,0.0,Banking,0,0.0,8,0.6190476190476191,0,1,0
NNAYAA7T,Anna Snelling,MG Advanced,Stanredtax,Lost,2017-07-02,2017-07-13,0.0,Retail,0,0.0,11,0.6190476190476191,4,1,2
019I751P,Anna Snelling,GTX Plus Basic,Statholdings,Won,2017-07-02,2017-07-09,1180.0,Manufacturing,1,1180.0,7,0.6190476190476191,2,1,2
5TRALM9T,Boris Faz,GTX Plus Pro,Vehement Capital Partners,Lost,2017-07-02,2017-09-17,0.0,Banking,0,0.0,77,0.6601307189542484,0,1,0
LWC0UJWD,Cassey Cress,GTX Basic,Bioplex,Lost,2017-07-02,2017-07-03,0.0,Retail,0,0.0,1,0.6245210727969349,4,1,0
PI0FYKXU,Cassey Cress,GTX Plus Pro,Zathunicon,Won,2017-07-02,2017-07-04,5274.0,Retail,1,5274.0,2,0.6245210727969349,4,1,0
I7QSO0VZ,Cecily Lampkin,GTX Basic,Rundofase,Won,2017-07-02,2017-07-04,480.0,Public Sector,1,480.0,2,0.66875,3,1,0
5AU1SJA7,Corliss Cosme,GTXPro,Ontomedia,Won,2017-07-02,2017-07-08,4830.0,Manufacturing,1,4830.0,6,0.6550218340611353,2,1,0
S9N98QU9,Daniell Hammack,GTX Plus Pro,Bluth Company,Lost,2017-07-02,2017-07-03,0.0,Energy,0,0.0,1,0.6096256684491979,1,1,0
A9Q7ERA4,Darcel Schlecht,GTX Plus Pro,Finhigh,Won,2017-07-02,2017-07-04,5333.0,Banking,1,5333.0,2,0.6311030741410488,0,1,2
RY8Z6RH2,Elease Gluck,MG Advanced,Condax,Lost,2017-07-02,2017-07-11,0.0,Banking,0,0.0,9,0.6349206349206349,0,1,2
9J8O59QW,Gladys Colclough,GTX Plus Pro,Stanredtax,Lost,2017-07-02,2017-08-24,0.0,Retail,0,0.0,53,0.5818965517241379,4,1,1
KWVYR0LQ,Gladys Colclough,MG Advanced,Codehow,Lost,2017-07-02,2017-07-03,0.0,Telecom,0,0.0,1,0.5818965517241379,6,1,2
0D95JSVW,James Ascencio,GTX Plus Pro,Hatfan,Won,2017-07-02,2017-09-16,6192.0,Public Sector,1,6192.0,76,0.6553398058252428,3,1,2
74JAOLQU,Kami Bicknell,GTX Basic,Rantouch,Lost,2017-07-02,2017-08-16,0.0,Energy,0,0.0,45,0.6397058823529411,1,1,0
CMLYDJFN,Kami Bicknell,GTX Basic,Plexzap,Won,2017-07-02,2017-08-11,490.0,Manufacturing,1,490.0,40,0.6397058823529411,2,1,0
TFQEGZ1X,Lajuana Vencill,GTX Basic,Ron-tech,Lost,2017-07-02,2017-07-04,0.0,Manufacturing,0,0.0,2,0.5497835497835498,2,1,2
5COSD90U,Markita Hansen,GTX Basic,Konex,Lost,2017-07-02,2017-07-09,0.0,Public Sector,0,0.0,7,0.5726872246696035,3,1,1
6TBAKLMX,Niesha Huffines,GTX Plus Basic,Funholding,Won,2017-07-02,2017-09-23,1157.0,Retail,1,1157.0,83,0.6,4,1,0
B50V1XGA,Vicki Laflamme,MG Advanced,Fasehatice,Lost,2017-07-02,2017-08-31,0.0,Telecom,0,0.0,60,0.6368876080691642,6,1,2
SOW7H1RP,Vicki Laflamme,MG Advanced,Lexiqvolax,Lost,2017-07-02,2017-07-03,0.0,Public Sector,0,0.0,1,0.6368876080691642,3,1,2
OHJGW03I,Violet Mclelland,MG Special,Yearin,Won,2017-07-02,2017-07-13,55.0,Retail,1,55.0,11,0.6321243523316062,4,1,1
R6KPUAH7,Zane Levy,MG Advanced,Sunnamplex,Lost,2017-07-02,2017-07-06,0.0,Public Sector,0,0.0,4,0.6168582375478927,3,1,1
AJQC76NI,Zane Levy,GTXPro,Doncon,Won,2017-07-02,2017-08-26,4655.0,Shipping,1,4655.0,55,0.6168582375478927,5,1,0
PH5GSB37,Boris Faz,GTXPro,Massive Dynamic,Won,2017-07-03,2017-08-26,5833.0,Banking,1,5833.0,54,0.6601307189542484,0,1,1
9OLZU3WB,Cecily Lampkin,MG Special,Condax,Won,2017-07-03,2017-09-23,47.0,Banking,1,47.0,82,0.66875,0,1,2
JDXET5H9,Cecily Lampkin,MG Special,Warephase,Won,2017-07-03,2017-08-31,51.0,Retail,1,51.0,59,0.66875,4,1,2
8RE1600O,Darcel Schlecht,GTXPro,Inity,Lost,2017-07-03,2017-07-04,0.0,Manufacturing,0,0.0,1,0.6311030741410488,2,1,1
NGMC9NSG,Darcel Schlecht,MG Advanced,Gogozoom,Lost,2017-07-03,2017-07-12,0.0,Telecom,0,0.0,9,0.6311030741410488,6,1,1
G6FKELQV,Donn Cantrell,GTX Basic,Initech,Lost,2017-07-03,2017-09-25,0.0,Banking,0,0.0,84,0.5745454545454546,0,1,1
IKNMU8HM,Donn Cantrell,GTX Plus Pro,Plussunin,Lost,2017-07-03,2017-09-10,0.0,Energy,0,0.0,69,0.5745454545454546,1,1,1
AHIDE6VS,Donn Cantrell,GTX Basic,Kan-code,Won,2017-07-03,2017-07-12,540.0,Public Sector,1,540.0,9,0.5745454545454546,3,1,0
YZJLPVJG,Donn Cantrell,GTX Plus Pro,Konex,Won,2017-07-03,2017-07-04,4915.0,Public Sector,1,4915.0,1,0.5745454545454546,3,1,1
GOSCKNUX,James Ascencio,GTX Plus Pro,Rantouch,Lost,2017-07-03,2017-07-04,0.0,Energy,0,0.0,1,0.6553398058252428,1,1,0
GC3IVG7S,James Ascencio,GTX Plus Pro,Singletechno,Lost,2017-07-03,2017-07-05,0.0,Retail,0,0.0,2,0.6553398058252428,4,1,2
S81YI4QH,James Ascencio,GTX Plus Pro,Sunnamplex,Lost,2017-07-03,2017-07-10,0.0,Public Sector,0,0.0,7,0.6553398058252428,3,1,1
M3MJY0CK,James Ascencio,GTX Plus Pro,Lexiqvolax,Won,2017-07-03,2017-09-27,6693.0,Public Sector,1,6693.0,86,0.6553398058252428,3,1,0
H2HNTSIP,Jonathan Berthelot,MG Advanced,Hottechi,Won,2017-07-03,2017-07-05,3101.0,Public Sector,1,3101.0,2,0.6477272727272727,3,1,1
8APZZ20T,Kami Bicknell,GTX Plus Basic,Y-corporation,Lost,2017-07-03,2017-08-15,0.0,Manufacturing,0,0.0,43,0.6397058823529411,2,1,2
RABLXW5E,Kami Bicknell,MG Special,Hatfan,Won,2017-07-03,2017-09-02,56.0,Public Sector,1,56.0,61,0.6397058823529411,3,1,2
TJTOVN5K,Kary Hendrixson,GTX Plus Basic,Cheers,Won,2017-07-03,2017-07-12,935.0,Telecom,1,935.0,9,0.6238805970149254,6,1,2
1IG94UUQ,Kary Hendrixson,GTX Plus Basic,Singletechno,Won,2017-07-03,2017-07-13,1133.0,Retail,1,1133.0,10,0.6238805970149254,4,1,1
MN8UHP5B,Kary Hendrixson,GTXPro,Y-corporation,Won,2017-07-03,2017-08-12,4904.0,Manufacturing,1,4904.0,40,0.6238805970149254,2,1,1
D7JDQB12,Lajuana Vencill,MG Advanced,Bioholding,Won,2017-07-03,2017-09-23,2857.0,Banking,1,2857.0,82,0.5497835497835498,0,1,0
GWI45VGH,Lajuana Vencill,MG Advanced,Dontechi,Won,2017-07-03,2017-09-02,3118.0,Shipping,1,3118.0,61,0.5497835497835498,5,1,2
G3TZD0CB,Marty Freudenburg,GTX Plus Basic,Funholding,Won,2017-07-03,2017-07-11,1204.0,Retail,1,1204.0,8,0.6288659793814433,4,1,1
1PAPS9QO,Maureen Marcano,MG Advanced,Y-corporation,Lost,2017-07-03,2017-07-09,0.0,Manufacturing,0,0.0,6,0.6995305164319249,2,1,2
WXCEZ7JY,Moses Frase,GTX Basic,Conecom,Won,2017-07-03,2017-09-06,376.0,Shipping,1,376.0,65,0.6615384615384615,5,1,2
WR45SVGN,Versie Hillebrand,GTX Basic,Toughzap,Won,2017-07-03,2017-11-02,511.0,Retail,1,511.0,122,0.6666666666666666,4,1,0
WAFSPTW6,Vicki Laflamme,GTX Basic,Lexiqvolax,Won,2017-07-03,2017-07-14,491.0,Public Sector,1,491.0,11,0.6368876080691642,3,1,0
5FYPINRL,Violet Mclelland,MG Special,Donware,Lost,2017-07-03,2017-07-16,0.0,Banking,0,0.0,13,0.6321243523316062,0,1,0
VLPSQ076,Wilburn Farren,MG Advanced,Betasoloin,Lost,2017-07-03,2017-07-12,0.0,Banking,0,0.0,9,0.6962025316455697,0,1,0
3AX6QBR3,Wilburn Farren,MG Advanced,Donquadtech,Won,2017-07-03,2017-09-07,3101.0,Shipping,1,3101.0,66,0.6962025316455697,5,1,2
ZY3AVAK0,Zane Levy,MG Special,Y-corporation,Lost,2017-07-03,2017-08-22,0.0,Manufacturing,0,0.0,50,0.6168582375478927,2,1,0
FVCL72VU,Anna Snelling,GTX Plus Pro,Cancity,Lost,2017-07-04,2017-07-14,0.0,Public Sector,0,0.0,10,0.6190476190476191,3,1,0
24OSGLGF,Anna Snelling,MG Special,Dontechi,Won,2017-07-04,2017-07-06,56.0,Shipping,1,56.0,2,0.6190476190476191,5,1,0
31NQQEEO,Cassey Cress,GTX Basic,Opentech,Lost,2017-07-04,2017-09-11,0.0,Retail,0,0.0,69,0.6245210727969349,4,1,0
ADRU5BLP,Darcel Schlecht,GTX Plus Basic,Inity,Lost,2017-07-04,2017-07-12,0.0,Manufacturing,0,0.0,8,0.6311030741410488,2,1,2
AUPXRV8O,Darcel Schlecht,GTX Plus Basic,Ron-tech,Won,2017-07-04,2017-09-05,1300.0,Manufacturing,1,1300.0,63,0.6311030741410488,2,1,0
CI00UV0Y,Darcel Schlecht,GTXPro,Rundofase,Won,2017-07-04,2017-07-05,4544.0,Public Sector,1,4544.0,1,0.6311030741410488,3,1,2
VH3C0A8F,Donn Cantrell,GTX Basic,Mathtouch,Lost,2017-07-04,2017-07-05,0.0,Energy,0,0.0,1,0.5745454545454546,1,1,1
1E5MFGR7,Donn Cantrell,GTX Basic,Plussunin,Lost,2017-07-04,2017-09-26,0.0,Energy,0,0.0,84,0.5745454545454546,1,1,2
TS2JEK3E,Donn Cantrell,GTX Basic,Betasoloin,Won,2017-07-04,2017-09-23,531.0,Banking,1,531.0,81,0.5745454545454546,0,1,2
4R0TB2CL,Donn Cantrell,GTXPro,Bubba Gump,Won,2017-07-04,2017-07-13,4669.0,Retail,1,4669.0,9,0.5745454545454546,4,1,0
5OJ3QR1W,Gladys Colclough,MG Special,Inity,Lost,2017-07-04,2017-11-03,0.0,Manufacturing,0,0.0,122,0.5818965517241379,2,1,1
R162LSFR,Kami Bicknell,GTXPro,Goodsilron,Lost,2017-07-04,2017-07-06,0.0,Energy,0,0.0,2,0.6397058823529411,1,1,1
X7J3O7TC,Kary Hendrixson,GTX Basic,Dalttechnology,Lost,2017-07-04,2017-07-11,0.0,Shipping,0,0.0,7,0.6238805970149254,5,1,1
Q7RV0YW6,Kary Hendrixson,GTX Plus Basic,Green-Plus,Lost,2017-07-04,2017-07-10,0.0,Retail,0,0.0,6,0.6238805970149254,4,1,1
S5E8MBO3,Markita Hansen,GTX Basic,Plexzap,Lost,2017-07-04,2017-09-19,0.0,Manufacturing,0,0.0,77,0.5726872246696035,2,1,2
QE6A49LE,Moses Frase,MG Special,Hottechi,Lost,2017-07-04,2017-07-11,0.0,Public Sector,0,0.0,7,0.6615384615384615,3,1,1
XGMMHWZC,Moses Frase,GTX Basic,Domzoom,Won,2017-07-04,2017-09-25,475.0,Retail,1,475.0,83,0.6615384615384615,4,1,2
7MK55ULJ,Moses Frase,GTX Plus Basic,Ron-tech,Won,2017-07-04,2017-07-05,1102.0,Manufacturing,1,1102.0,1,0.6615384615384615,2,1,2
0VZIDVCC,Moses Frase,MG Special,Zumgoity,Won,2017-07-04,2017-07-09,55.0,Public Sector,1,55.0,5,0.6615384615384615,3,1,2
D1XYQH35,Niesha Huffines,GTX Basic,Treequote,Lost,2017-07-04,2017-07-15,0.0,Retail,0,0.0,11,0.6,4,1,1
XAR2VX09,Versie Hillebrand,MG Special,Scottech,Lost,2017-07-04,2017-07-06,0.0,Banking,0,0.0,2,0.6666666666666666,0,1,0
YTQH4YM9,Versie Hillebrand,MG Special,Cancity,Won,2017-07-04,2017-07-05,63.0,Public Sector,1,63.0,1,0.6666666666666666,3,1,0
KMLW6GXY,Vicki Laflamme,MG Advanced,Kan-code,Lost,2017-07-04,2017-07-12,0.0,Public Sector,0,0.0,8,0.6368876080691642,3,1,1
IG734VZK,Vicki Laflamme,GTX Plus Pro,Plusstrip,Won,2017-07-04,2017-07-14,5971.0,Public Sector,1,5971.0,10,0.6368876080691642,3,1,0
W3C2KLXD,Wilburn Farren,GTX Plus Pro,Ganjaflex,Won,2017-07-04,2017-08-27,5710.0,Retail,1,5710.0,54,0.6962025316455697,4,1,0
8Z1SIQSI,Zane Levy,GTXPro,Rantouch,Lost,2017-07-04,2017-07-09,0.0,Energy,0,0.0,5,0.6168582375478927,1,1,2
IZJR1WDM,Zane Levy,MG Special,Plexzap,Won,2017-07-04,2017-09-21,52.0,Manufacturing,1,52.0,79,0.6168582375478927,2,1,2
5MRPZ44K,Anna Snelling,GTX Basic,Domzoom,Won,2017-07-05,2017-08-28,522.0,Retail,1,522.0,54,0.6190476190476191,4,1,1
W0LFL18P,Cassey Cress,GTX Plus Basic,Iselectrics,Lost,2017-07-05,2017-07-12,0.0,Energy,0,0.0,7,0.6245210727969349,1,1,1
5H9ELV2H,Cassey Cress,GTX Plus Pro,Zathunicon,Lost,2017-07-05,2017-07-13,0.0,Retail,0,0.0,8,0.6245210727969349,4,1,0
KDDN1E4O,Cassey Cress,GTX Plus Basic,Betasoloin,Won,2017-07-05,2017-07-14,1109.0,Banking,1,1109.0,9,0.6245210727969349,0,1,2
S8JALB62,Cassey Cress,MG Advanced,The New York Inquirer,Won,2017-07-05,2017-07-06,3508.0,Banking,1,3508.0,1,0.6245210727969349,0,1,1
2HPCHBIL,Corliss Cosme,GTX Plus Pro,Bluth Company,Lost,2017-07-05,2017-07-14,0.0,Energy,0,0.0,9,0.6550218340611353,1,1,1
Q9JV7YXX,Daniell Hammack,GTX Plus Basic,Plussunin,Lost,2017-07-05,2017-07-16,0.0,Energy,0,0.0,11,0.6096256684491979,1,1,1
J3N73B00,Darcel Schlecht,GTXPro,Hottechi,Won,2017-07-05,2017-08-29,4346.0,Public Sector,1,4346.0,55,0.6311030741410488,3,1,1
STG85Q0N,Donn Cantrell,GTX Basic,Kinnamplus,Lost,2017-07-05,2017-07-06,0.0,Telecom,0,0.0,1,0.5745454545454546,6,1,1
VMI5QYS3,Donn Cantrell,GTXPro,Xx-zobam,Lost,2017-07-05,2017-07-09,0.0,Manufacturing,0,0.0,4,0.5745454545454546,2,1,1
09W047QT,Donn Cantrell,GTXPro,Umbrella Corporation,Won,2017-07-05,2017-08-10,4565.0,Public Sector,1,4565.0,36,0.5745454545454546,3,1,0
VXOZC2CN,Garret Kinder,GTX Plus Basic,Vehement Capital Partners,Won,2017-07-05,2017-09-29,1319.0,Banking,1,1319.0,86,0.6097560975609756,0,1,2
JAMW5SWB,James Ascencio,GTXPro,Hottechi,Won,2017-07-05,2017-07-06,5157.0,Public Sector,1,5157.0,1,0.6553398058252428,3,1,2
WCKKFSVL,Jonathan Berthelot,MG Advanced,Dontechi,Lost,2017-07-05,2017-07-06,0.0,Shipping,0,0.0,1,0.6477272727272727,5,1,1
GVCWDG9Y,Jonathan Berthelot,GTXPro,Globex Corporation,Won,2017-07-05,2017-07-17,4213.0,Retail,1,4213.0,12,0.6477272727272727,4,1,2
UEXJN3Y6,Kami Bicknell,GTX Plus Basic,Konex,Won,2017-07-05,2017-07-12,1230.0,Public Sector,1,1230.0,7,0.6397058823529411,3,1,2
MCQGU5EA,Kary Hendrixson,GTX Basic,Sunnamplex,Won,2017-07-05,2017-07-15,443.0,Public Sector,1,443.0,10,0.6238805970149254,3,1,2
M0IN22XH,Kary Hendrixson,GTX Plus Basic,Zoomit,Won,2017-07-05,2017-09-26,1043.0,Energy,1,1043.0,83,0.6238805970149254,1,1,1
8HWWW76K,Lajuana Vencill,GTX Basic,dambase,Lost,2017-07-05,2017-07-07,0.0,Retail,0,0.0,2,0.5497835497835498,4,1,1
707CQDQK,Markita Hansen,MG Special,Groovestreet,Lost,2017-07-05,2017-08-23,0.0,Retail,0,0.0,49,0.5726872246696035,4,1,2
4PTCB3CS,Marty Freudenburg,MG Advanced,Globex Corporation,Lost,2017-07-05,2017-07-13,0.0,Retail,0,0.0,8,0.6288659793814433,4,1,2
IEB855X8,Marty Freudenburg,MG Advanced,Codehow,Won,2017-07-05,2017-08-08,3458.0,Telecom,1,3458.0,34,0.6288659793814433,6,1,1
IDA8D96H,Maureen Marcano,GTX Plus Pro,Zoomit,Lost,2017-07-05,2017-07-13,0.0,Energy,0,0.0,8,0.6995305164319249,1,1,0
DLQNAOWB,Rosalina Dieter,MG Special,Plusstrip,Lost,2017-07-05,2017-07-07,0.0,Public Sector,0,0.0,2,0.6545454545454545,3,1,2
R9V8QAPK,Rosie Papadopoulos,MG Special,Kan-code,Won,2017-07-05,2017-07-14,58.0,Public Sector,1,58.0,9,0.6446280991735537,3,1,0
P6KXSJPD,Versie Hillebrand,MG Special,Codehow,Lost,2017-07-05,2017-07-10,0.0,Telecom,0,0.0,5,0.6666666666666666,6,1,2
KM0RKC4Q,Vicki Laflamme,GTX Basic,Hottechi,Lost,2017-07-05,2017-07-06,0.0,Public Sector,0,0.0,1,0.6368876080691642,3,1,0
58TUIJ6D,Zane Levy,GTXPro,Cheers,Lost,2017-07-05,2017-07-17,0.0,Telecom,0,0.0,12,0.6168582375478927,6,1,0
BXOIQHTS,Zane Levy,GTX Basic,Y-corporation,Won,2017-07-05,2017-09-20,658.0,Manufacturing,1,658.0,77,0.6168582375478927,2,1,0
CC3B5DSU,Anna Snelling,GTX Plus Pro,Treequote,Lost,2017-07-06,2017-07-16,0.0,Retail,0,0.0,10,0.6190476190476191,4,1,1
GLM4XZLI,Cassey Cress,GTX Plus Pro,Donware,Lost,2017-07-06,2017-07-07,0.0,Banking,0,0.0,1,0.6245210727969349,0,1,0
K8VBNOW9,Cassey Cress,GTX Plus Pro,Plussunin,Won,2017-07-06,2017-09-01,4791.0,Energy,1,4791.0,57,0.6245210727969349,1,1,0
3GEDSDVN,Cecily Lampkin,GTX Basic,Inity,Won,2017-07-06,2017-07-08,590.0,Manufacturing,1,590.0,2,0.66875,2,1,0
R0ZYAJFM,Cecily Lampkin,GTX Plus Pro,Isdom,Won,2017-07-06,2017-07-14,5629.0,Retail,1,5629.0,8,0.66875,4,1,2
R8X2RVQ2,Corliss Cosme,GTXPro,Vehement Capital Partners,Lost,2017-07-06,2017-07-15,0.0,Banking,0,0.0,9,0.6550218340611353,0,1,0
DFG6OP8T,Daniell Hammack,GTX Plus Pro,Massive Dynamic,Lost,2017-07-06,2017-07-18,0.0,Banking,0,0.0,12,0.6096256684491979,0,1,2
JB4MECWM,Daniell Hammack,GTXPro,Xx-zobam,Lost,2017-07-06,2017-07-07,0.0,Manufacturing,0,0.0,1,0.6096256684491979,2,1,0
CDGA1SD7,Darcel Schlecht,GTXPro,Streethex,Won,2017-07-06,2017-09-12,4323.0,Banking,1,4323.0,68,0.6311030741410488,0,1,0
SBILEY2W,Darcel Schlecht,GTXPro,Treequote,Won,2017-07-06,2017-07-12,5085.0,Retail,1,5085.0,6,0.6311030741410488,4,1,1
JMTKEPXF,Donn Cantrell,MG Advanced,Zotware,Won,2017-07-06,2017-07-17,2996.0,Banking,1,2996.0,11,0.5745454545454546,0,1,2
937CNF5D,Garret Kinder,GTXPro,Condax,Won,2017-07-06,2017-07-14,4682.0,Banking,1,4682.0,8,0.6097560975609756,0,1,0
EQ399D3M,Hayden Neloms,MG Advanced,Sonron,Won,2017-07-06,2017-07-14,3250.0,Manufacturing,1,3250.0,8,0.7039473684210527,2,1,2
DOVNGYN4,Kami Bicknell,GTX Basic,Green-Plus,Lost,2017-07-06,2017-07-12,0.0,Retail,0,0.0,6,0.6397058823529411,4,1,2
A0IS9TWV,Kary Hendrixson,GTXPro,Kan-code,Lost,2017-07-06,2017-07-16,0.0,Public Sector,0,0.0,10,0.6238805970149254,3,1,1
E7TDBIDS,Kary Hendrixson,GTXPro,Kan-code,Won,2017-07-06,2017-09-06,5323.0,Public Sector,1,5323.0,62,0.6238805970149254,3,1,1
TIFPUXSQ,Marty Freudenburg,GTX Basic,Condax,Lost,2017-07-06,2017-07-07,0.0,Banking,0,0.0,1,0.6288659793814433,0,1,1
LXDCC260,Marty Freudenburg,GTX Plus Pro,Funholding,Won,2017-07-06,2017-07-07,5966.0,Retail,1,5966.0,1,0.6288659793814433,4,1,1
1Z72JRDI,Maureen Marcano,MG Advanced,Labdrill,Won,2017-07-06,2017-07-16,3452.0,Energy,1,3452.0,10,0.6995305164319249,1,1,1
XTBADYHW,Moses Frase,MG Special,Toughzap,Lost,2017-07-06,2017-07-17,0.0,Retail,0,0.0,11,0.6615384615384615,4,1,1
PPDU7OWD,Moses Frase,MG Advanced,Stanredtax,Lost,2017-07-06,2017-07-13,0.0,Retail,0,0.0,7,0.6615384615384615,4,1,1
CJ05Q2G5,Rosalina Dieter,GTX Basic,Labdrill,Lost,2017-07-06,2017-07-11,0.0,Energy,0,0.0,5,0.6545454545454545,1,1,1
MON3JWUF,Vicki Laflamme,GTX Basic,Faxquote,Won,2017-07-06,2017-07-13,583.0,Telecom,1,583.0,7,0.6368876080691642,6,1,0
SFMKU2FV,Violet Mclelland,MG Special,Ontomedia,Lost,2017-07-06,2017-07-16,0.0,Manufacturing,0,0.0,10,0.6321243523316062,2,1,2
9FH2VYQQ,Zane Levy,GTX Plus Basic,Goodsilron,Lost,2017-07-06,2017-07-13,0.0,Energy,0,0.0,7,0.6168582375478927,1,1,1
PMVKMS6A,Zane Levy,GTX Basic,J-Texon,Won,2017-07-06,2017-09-27,507.0,Telecom,1,507.0,83,0.6168582375478927,6,1,1
E62A05BH,Anna Snelling,GTX Basic,Inity,Lost,2017-07-07,2017-07-15,0.0,Manufacturing,0,0.0,8,0.6190476190476191,2,1,2
U3GCADFV,Anna Snelling,MG Special,Rangreen,Lost,2017-07-07,2017-07-13,0.0,Energy,0,0.0,6,0.6190476190476191,1,1,0
611J0LEK,Boris Faz,GTX Basic,Betasoloin,Won,2017-07-07,2017-07-09,574.0,Banking,1,574.0,2,0.6601307189542484,0,1,2
ZWA2ES4F,Cassey Cress,MG Special,Opentech,Won,2017-07-07,2017-09-07,48.0,Retail,1,48.0,62,0.6245210727969349,4,1,2
LNT5B9XY,Cecily Lampkin,MG Special,Statholdings,Lost,2017-07-07,2017-07-17,0.0,Manufacturing,0,0.0,10,0.66875,2,1,1
CPQ348W9,Cecily Lampkin,GTX Basic,Isdom,Won,2017-07-07,2017-07-15,458.0,Retail,1,458.0,8,0.66875,4,1,2
UZ0MRAFU,Cecily Lampkin,GTX Plus Pro,Codehow,Won,2017-07-07,2017-09-18,5455.0,Telecom,1,5455.0,73,0.66875,6,1,2
VFO5EK6R,Corliss Cosme,GTX Basic,Silis,Lost,2017-07-07,2017-07-14,0.0,Public Sector,0,0.0,7,0.6550218340611353,3,1,1
GE5SORJX,Corliss Cosme,GTX Plus Pro,Kan-code,Won,2017-07-07,2017-09-17,5666.0,Public Sector,1,5666.0,72,0.6550218340611353,3,1,1
03O9FNTZ,Daniell Hammack,GTX Plus Basic,Bluth Company,Won,2017-07-07,2017-07-09,1107.0,Energy,1,1107.0,2,0.6096256684491979,1,1,1
FIQIRK37,Daniell Hammack,GTXPro,Acme Corporation,Won,2017-07-07,2017-07-08,4089.0,Shipping,1,4089.0,1,0.6096256684491979,5,1,1
M6J6VNVQ,Donn Cantrell,GTX Basic,Ontomedia,Won,2017-07-07,2017-09-08,498.0,Manufacturing,1,498.0,63,0.5745454545454546,2,1,2
S767XDO3,Elease Gluck,MG Advanced,Hatfan,Lost,2017-07-07,2017-09-07,0.0,Public Sector,0,0.0,62,0.6349206349206349,3,1,2
ZPKCSV3R,Jonathan Berthelot,MG Special,Dontechi,Won,2017-07-07,2017-07-11,64.0,Shipping,1,64.0,4,0.6477272727272727,5,1,0
CLA3RTMS,Kami Bicknell,MG Advanced,Xx-holding,Lost,2017-07-07,2017-07-09,0.0,Telecom,0,0.0,2,0.6397058823529411,6,1,0
OJWV4RT2,Kary Hendrixson,GTX Basic,Konex,Lost,2017-07-07,2017-07-09,0.0,Public Sector,0,0.0,2,0.6238805970149254,3,1,2
PMQCN4PR,Kary Hendrixson,GTX Basic,Finjob,Won,2017-07-07,2017-07-09,565.0,Manufacturing,1,565.0,2,0.6238805970149254,2,1,0
CBIFB5BB,Kary Hendrixson,GTX Basic,Kan-code,Won,2017-07-07,2017-07-17,579.0,Public Sector,1,579.0,10,0.6238805970149254,3,1,2
BSVZWUXR,Lajuana Vencill,MG Special,Hottechi,Won,2017-07-07,2017-09-11,56.0,Public Sector,1,56.0,66,0.5497835497835498,3,1,0
PU2UJDTV,Markita Hansen,GTXPro,Scotfind,Won,2017-07-07,2017-09-05,4063.0,Telecom,1,4063.0,60,0.5726872246696035,6,1,1
LN9NU0A8,Marty Freudenburg,GTX Plus Basic,Inity,Won,2017-07-07,2017-07-17,1193.0,Manufacturing,1,1193.0,10,0.6288659793814433,2,1,0
KD27RNU9,Moses Frase,GTX Basic,Scottech,Lost,2017-07-07,2017-07-15,0.0,Banking,0,0.0,8,0.6615384615384615,0,1,1
FN50OJHN,Niesha Huffines,GTX Plus Basic,Betatech,Won,2017-07-07,2017-07-11,1088.0,Public Sector,1,1088.0,4,0.6,3,1,1
YA68AAQK,Reed Clapper,GTX Plus Basic,Xx-zobam,Lost,2017-07-07,2017-09-17,0.0,Manufacturing,0,0.0,72,0.6540084388185654,2,1,1
90K2ZTKB,Rosalina Dieter,MG Special,Xx-holding,Won,2017-07-07,2017-09-11,58.0,Telecom,1,58.0,66,0.6545454545454545,6,1,1
1M0THQSZ,Vicki Laflamme,MG Advanced,Golddex,Lost,2017-07-07,2017-07-09,0.0,Manufacturing,0,0.0,2,0.6368876080691642,2,1,0
Y1GEH2EG,Vicki Laflamme,GTX Plus Pro,Green-Plus,Won,2017-07-07,2017-07-13,4466.0,Retail,1,4466.0,6,0.6368876080691642,4,1,2
593L4BNI,Violet Mclelland,GTX Basic,Kinnamplus,Lost,2017-07-07,2017-07-14,0.0,Telecom,0,0.0,7,0.6321243523316062,6,1,1
83EZC8YK,Violet Mclelland,MG Advanced,Xx-zobam,Lost,2017-07-07,2017-07-15,0.0,Manufacturing,0,0.0,8,0.6321243523316062,2,1,0
4MTCQ31T,Anna Snelling,MG Special,Gogozoom,Won,2017-07-08,2017-11-06,55.0,Telecom,1,55.0,121,0.6190476190476191,6,1,1
TJYNW3C7,Cassey Cress,GTX Plus Basic,Donware,Lost,2017-07-08,2017-07-15,0.0,Banking,0,0.0,7,0.6245210727969349,0,1,0
COGZW25D,Cassey Cress,GTX Plus Basic,Konex,Won,2017-07-08,2017-07-16,861.0,Public Sector,1,861.0,8,0.6245210727969349,3,1,0
O83AR1CC,Corliss Cosme,MG Advanced,Plussunin,Lost,2017-07-08,2017-07-09,0.0,Energy,0,0.0,1,0.6550218340611353,1,1,0
BOG3D6D7,Corliss Cosme,GTXPro,Umbrella Corporation,Won,2017-07-08,2017-07-19,5137.0,Public Sector,1,5137.0,11,0.6550218340611353,3,1,2
J03H7OQF,Darcel Schlecht,MG Special,Betatech,Won,2017-07-08,2017-07-16,54.0,Public Sector,1,54.0,8,0.6311030741410488,3,1,0
DJXM9LIW,Donn Cantrell,GTX Plus Basic,Kinnamplus,Won,2017-07-08,2017-07-14,1020.0,Telecom,1,1020.0,6,0.5745454545454546,6,1,0
6XH71PH8,Donn Cantrell,GTX Plus Basic,Yearin,Won,2017-07-08,2017-09-28,1136.0,Retail,1,1136.0,82,0.5745454545454546,4,1,2
AW1U6QKR,Donn Cantrell,MG Special,Konex,Won,2017-07-08,2017-07-14,55.0,Public Sector,1,55.0,6,0.5745454545454546,3,1,2
MAVEITJH,Elease Gluck,GTXPro,Groovestreet,Won,2017-07-08,2017-09-09,5097.0,Retail,1,5097.0,63,0.6349206349206349,4,1,0
GUJNYTXN,Garret Kinder,GTX Basic,Kinnamplus,Won,2017-07-08,2017-07-09,483.0,Telecom,1,483.0,1,0.6097560975609756,6,1,2
ELLLRB7A,James Ascencio,GTX Basic,Zoomit,Won,2017-07-08,2017-08-29,587.0,Energy,1,587.0,52,0.6553398058252428,1,1,1
F4EHCQIC,James Ascencio,GTX Plus Pro,Kan-code,Won,2017-07-08,2017-07-16,5284.0,Public Sector,1,5284.0,8,0.6553398058252428,3,1,1
EHC9KQDN,Jonathan Berthelot,GTX Basic,Scottech,Lost,2017-07-08,2017-07-09,0.0,Banking,0,0.0,1,0.6477272727272727,0,1,2
MBLFZPU2,Jonathan Berthelot,GTX Basic,Warephase,Lost,2017-07-08,2017-09-12,0.0,Retail,0,0.0,66,0.6477272727272727,4,1,2
L0SOZL9A,Kary Hendrixson,MG Advanced,Y-corporation,Lost,2017-07-08,2017-09-28,0.0,Manufacturing,0,0.0,82,0.6238805970149254,2,1,0
00XBYXIB,Kary Hendrixson,GTX Plus Basic,Green-Plus,Won,2017-07-08,2017-07-09,993.0,Retail,1,993.0,1,0.6238805970149254,4,1,2
ASN7OCWQ,Markita Hansen,GTX Basic,Groovestreet,Lost,2017-07-08,2017-07-15,0.0,Retail,0,0.0,7,0.5726872246696035,4,1,0
SHS9HQX4,Maureen Marcano,GTXPro,Finjob,Won,2017-07-08,2017-09-19,4642.0,Manufacturing,1,4642.0,73,0.6995305164319249,2,1,1
JYEQFGS5,Reed Clapper,GTXPro,Umbrella Corporation,Lost,2017-07-08,2017-07-17,0.0,Public Sector,0,0.0,9,0.6540084388185654,3,1,2
S9DVJGUO,Reed Clapper,GTXPro,Kan-code,Won,2017-07-08,2017-07-15,4530.0,Public Sector,1,4530.0,7,0.6540084388185654,3,1,0
0YPN92QB,Rosalina Dieter,MG Special,Y-corporation,Lost,2017-07-08,2017-07-10,0.0,Manufacturing,0,0.0,2,0.6545454545454545,2,1,0
UIA0FO51,Rosie Papadopoulos,MG Advanced,Xx-zobam,Won,2017-07-08,2017-07-09,3569.0,Manufacturing,1,3569.0,1,0.6446280991735537,2,1,1
48J7F1A2,Vicki Laflamme,MG Advanced,Hottechi,Won,2017-07-08,2017-08-31,3276.0,Public Sector,1,3276.0,54,0.6368876080691642,3,1,2
SFIMNCPZ,Violet Mclelland,MG Advanced,Mathtouch,Lost,2017-07-08,2017-07-10,0.0,Energy,0,0.0,2,0.6321243523316062,1,1,1
57NT8T8S,Zane Levy,GTX Basic,Finjob,Lost,2017-07-08,2017-07-16,0.0,Manufacturing,0,0.0,8,0.6168582375478927,2,1,0
7GLF1GBJ,Zane Levy,GTX Plus Basic,Green-Plus,Lost,2017-07-08,2017-07-16,0.0,Retail,0,0.0,8,0.6168582375478927,4,1,0
YST07PM6,Zane Levy,GTX Plus Pro,Doncon,Lost,2017-07-08,2017-07-17,0.0,Shipping,0,0.0,9,0.6168582375478927,5,1,2
HPU7RQG6,Zane Levy,GTX Plus Pro,Rantouch,Lost,2017-07-08,2017-07-15,0.0,Energy,0,0.0,7,0.6168582375478927,1,1,0
6Z1XK6YR,Zane Levy,GTXPro,Hatfan,Lost,2017-07-08,2017-11-09,0.0,Public Sector,0,0.0,124,0.6168582375478927,3,1,2
045D5MZO,Zane Levy,GTX Plus Pro,Kan-code,Won,2017-07-08,2017-07-17,5576.0,Public Sector,1,5576.0,9,0.6168582375478927,3,1,1
K1UREXI5,Anna Snelling,GTX Basic,Genco Pura Olive Oil Company,Won,2017-07-09,2017-09-16,460.0,Manufacturing,1,460.0,69,0.6190476190476191,2,1,2
M7Y1LHHA,Boris Faz,GTX Basic,Zathunicon,Won,2017-07-09,2017-07-16,457.0,Retail,1,457.0,7,0.6601307189542484,4,1,2
WP6SUIMC,Cassey Cress,MG Advanced,Silis,Lost,2017-07-09,2017-07-15,0.0,Public Sector,0,0.0,6,0.6245210727969349,3,1,0
SGI5I4X1,Corliss Cosme,GTX Basic,Gekko & Co,Won,2017-07-09,2017-07-10,665.0,Telecom,1,665.0,1,0.6550218340611353,6,1,0
U07VUUGP,Corliss Cosme,GTX Plus Basic,Zathunicon,Won,2017-07-09,2017-07-15,1122.0,Retail,1,1122.0,6,0.6550218340611353,4,1,2
SEC6K7X2,Corliss Cosme,GTX Plus Pro,Umbrella Corporation,Won,2017-07-09,2017-07-18,5578.0,Public Sector,1,5578.0,9,0.6550218340611353,3,1,0
MXVBWIE5,Darcel Schlecht,GTX Basic,Rundofase,Won,2017-07-09,2017-09-08,460.0,Public Sector,1,460.0,61,0.6311030741410488,3,1,0
794F5VJB,Donn Cantrell,GTX Plus Basic,Donware,Won,2017-07-09,2017-08-31,1133.0,Banking,1,1133.0,53,0.5745454545454546,0,1,0
TNEB1XNK,Donn Cantrell,GTX Plus Basic,Gekko & Co,Won,2017-07-09,2017-09-18,1194.0,Telecom,1,1194.0,71,0.5745454545454546,6,1,2
P60PIE95,Donn Cantrell,GTX Plus Pro,Yearin,Won,2017-07-09,2017-09-16,5861.0,Retail,1,5861.0,69,0.5745454545454546,4,1,0
QKOAWRXD,Gladys Colclough,GTX Basic,Dontechi,Lost,2017-07-09,2017-07-17,0.0,Shipping,0,0.0,8,0.5818965517241379,5,1,2
NC7V5K1T,Gladys Colclough,GTX Plus Basic,Stanredtax,Won,2017-07-09,2017-08-28,1194.0,Retail,1,1194.0,50,0.5818965517241379,4,1,0
XTAPYDDI,Gladys Colclough,GTXPro,Funholding,Won,2017-07-09,2017-07-11,4440.0,Retail,1,4440.0,2,0.5818965517241379,4,1,1
0CTHPQGT,Jonathan Berthelot,MG Special,Cancity,Won,2017-07-09,2017-07-19,53.0,Public Sector,1,53.0,10,0.6477272727272727,3,1,0
N9KFOKLS,Kami Bicknell,GTX Basic,Sonron,Lost,2017-07-09,2017-07-14,0.0,Manufacturing,0,0.0,5,0.6397058823529411,2,1,0
02SSRMSA,Lajuana Vencill,GTX Plus Basic,Inity,Won,2017-07-09,2017-07-13,1192.0,Manufacturing,1,1192.0,4,0.5497835497835498,2,1,2
HBJPBF3P,Marty Freudenburg,MG Special,Conecom,Won,2017-07-09,2017-09-01,54.0,Shipping,1,54.0,54,0.6288659793814433,5,1,2
E6D2DBXF,Moses Frase,MG Advanced,Ron-tech,Lost,2017-07-09,2017-07-13,0.0,Manufacturing,0,0.0,4,0.6615384615384615,2,1,0
OUMM04QV,Moses Frase,GTX Plus Pro,Warephase,Won,2017-07-09,2017-07-18,4651.0,Retail,1,4651.0,9,0.6615384615384615,4,1,1
TZQWGMG7,Niesha Huffines,GTX Plus Pro,Rangreen,Lost,2017-07-09,2017-07-19,0.0,Energy,0,0.0,10,0.6,1,1,0
66KFPHBT,Niesha Huffines,GTX Plus Pro,Betatech,Won,2017-07-09,2017-09-24,5944.0,Public Sector,1,5944.0,77,0.6,3,1,0
WL4TLMUC,Reed Clapper,MG Advanced,Gekko & Co,Lost,2017-07-09,2017-07-17,0.0,Telecom,0,0.0,8,0.6540084388185654,6,1,1
HXMJ5048,Vicki Laflamme,MG Advanced,Green-Plus,Lost,2017-07-09,2017-07-17,0.0,Retail,0,0.0,8,0.6368876080691642,4,1,2
6178B4JM,Anna Snelling,GTX Plus Basic,Domzoom,Won,2017-07-10,2017-07-17,962.0,Retail,1,962.0,7,0.6190476190476191,4,1,0
WC7KCJ2N,Boris Faz,GTX Plus Basic,Silis,Won,2017-07-10,2017-07-21,1063.0,Public Sector,1,1063.0,11,0.6601307189542484,3,1,2
5GBVA3ZZ,Cassey Cress,MG Advanced,Zencorporation,Lost,2017-07-10,2017-07-23,0.0,Shipping,0,0.0,13,0.6245210727969349,5,1,2
B7WWPCO6,Cecily Lampkin,GTX Basic,Gogozoom,Lost,2017-07-10,2017-07-23,0.0,Telecom,0,0.0,13,0.66875,6,1,1
152DN1FE,Darcel Schlecht,GTX Plus Basic,Cancity,Lost,2017-07-10,2017-07-12,0.0,Public Sector,0,0.0,2,0.6311030741410488,3,1,1
3NJHQZT6,Darcel Schlecht,MG Special,Streethex,Lost,2017-07-10,2017-07-17,0.0,Banking,0,0.0,7,0.6311030741410488,0,1,2
9GOWJ93R,Darcel Schlecht,MG Advanced,Domzoom,Won,2017-07-10,2017-09-03,2572.0,Retail,1,2572.0,55,0.6311030741410488,4,1,0
QAB3H9H5,Gladys Colclough,GTXPro,Globex Corporation,Lost,2017-07-10,2017-07-11,0.0,Retail,0,0.0,1,0.5818965517241379,4,1,2
9B9VDAFU,Gladys Colclough,GTXPro,Warephase,Won,2017-07-10,2017-07-18,4631.0,Retail,1,4631.0,8,0.5818965517241379,4,1,0
L9F6QP4P,Gladys Colclough,MG Advanced,Isdom,Won,2017-07-10,2017-07-19,3230.0,Retail,1,3230.0,9,0.5818965517241379,4,1,0
1D5AYQO6,Hayden Neloms,MG Special,Condax,Won,2017-07-10,2017-07-19,59.0,Banking,1,59.0,9,0.7039473684210527,0,1,1
6WR7JQ3C,James Ascencio,MG Advanced,Labdrill,Won,2017-07-10,2017-11-03,3624.0,Energy,1,3624.0,116,0.6553398058252428,1,1,0
Y2XXRYMX,Kami Bicknell,GTX Plus Basic,Labdrill,Lost,2017-07-10,2017-11-11,0.0,Energy,0,0.0,124,0.6397058823529411,1,1,0
Z9DK5289,Kami Bicknell,GTXPro,Golddex,Lost,2017-07-10,2017-07-12,0.0,Manufacturing,0,0.0,2,0.6397058823529411,2,1,2
MN34I4DD,Kami Bicknell,GTX Plus Pro,Hatfan,Won,2017-07-10,2017-09-22,5848.0,Public Sector,1,5848.0,74,0.6397058823529411,3,1,1
9CQ6TMET,Kami Bicknell,MG Special,Dalttechnology,Won,2017-07-10,2017-07-11,42.0,Shipping,1,42.0,1,0.6397058823529411,5,1,0
N54HHLC4,Kary Hendrixson,GTX Plus Pro,Sunnamplex,Lost,2017-07-10,2017-07-12,0.0,Public Sector,0,0.0,2,0.6238805970149254,3,1,0
TPP1IGKV,Kary Hendrixson,GTXPro,Nam-zim,Lost,2017-07-10,2017-07-17,0.0,Energy,0,0.0,7,0.6238805970149254,1,1,1
9USDNUBL,Markita Hansen,GTX Plus Pro,Hatfan,Lost,2017-07-10,2017-08-29,0.0,Public Sector,0,0.0,50,0.5726872246696035,3,1,2
Q82O5QTN,Marty Freudenburg,MG Advanced,Rangreen,Lost,2017-07-10,2017-07-12,0.0,Energy,0,0.0,2,0.6288659793814433,1,1,1
2HVDAY4L,Moses Frase,MG Special,Cancity,Lost,2017-07-10,2017-07-21,0.0,Public Sector,0,0.0,11,0.6615384615384615,3,1,1
0FGWN6O0,Moses Frase,GTX Basic,Isdom,Won,2017-07-10,2017-07-19,588.0,Retail,1,588.0,9,0.6615384615384615,4,1,0
FQXZBTEG,Reed Clapper,GTX Plus Basic,Zencorporation,Lost,2017-07-10,2017-07-18,0.0,Shipping,0,0.0,8,0.6540084388185654,5,1,0
8IGYTN3H,Reed Clapper,MG Special,Yearin,Won,2017-07-10,2017-07-17,54.0,Retail,1,54.0,7,0.6540084388185654,4,1,2
OTNZ5ZCN,Vicki Laflamme,GTXPro,Singletechno,Won,2017-07-10,2017-09-06,5099.0,Retail,1,5099.0,58,0.6368876080691642,4,1,0
7O2ISWVB,Zane Levy,GTX Plus Pro,Plexzap,Lost,2017-07-10,2017-07-15,0.0,Manufacturing,0,0.0,5,0.6168582375478927,2,1,0
QUAD5082,Boris Faz,MG Advanced,Konex,Lost,2017-07-11,2017-07-21,0.0,Public Sector,0,0.0,10,0.6601307189542484,3,1,1
P6H45Y25,Cecily Lampkin,GTX Basic,Scottech,Lost,2017-07-11,2017-09-16,0.0,Banking,0,0.0,67,0.66875,0,1,0
28EVFB8G,Cecily Lampkin,GTX Plus Basic,Treequote,Lost,2017-07-11,2017-07-13,0.0,Retail,0,0.0,2,0.66875,4,1,2
VV5LDD24,Corliss Cosme,MG Advanced,Silis,Lost,2017-07-11,2017-07-13,0.0,Public Sector,0,0.0,2,0.6550218340611353,3,1,1
SF3KBDJF,Daniell Hammack,GTXPro,Silis,Lost,2017-07-11,2017-08-18,0.0,Public Sector,0,0.0,38,0.6096256684491979,3,1,2
DKUVKTIT,Daniell Hammack,GTX Plus Pro,Initech,Won,2017-07-11,2017-07-19,4881.0,Banking,1,4881.0,8,0.6096256684491979,0,1,1
OYUUU6B9,Darcel Schlecht,GTX Basic,Bioholding,Lost,2017-07-11,2017-11-09,0.0,Banking,0,0.0,121,0.6311030741410488,0,1,0
IIVNXACR,Darcel Schlecht,GTXPro,Codehow,Lost,2017-07-11,2017-07-12,0.0,Telecom,0,0.0,1,0.6311030741410488,6,1,1
OWBGBQ4G,Darcel Schlecht,GTXPro,Stanredtax,Lost,2017-07-11,2017-07-18,0.0,Retail,0,0.0,7,0.6311030741410488,4,1,1
X2EH33CU,Gladys Colclough,MG Advanced,Genco Pura Olive Oil Company,Won,2017-07-11,2017-07-12,2878.0,Manufacturing,1,2878.0,1,0.5818965517241379,2,1,0
GNT6EM5M,Hayden Neloms,MG Special,Xx-holding,Lost,2017-07-11,2017-07-12,0.0,Telecom,0,0.0,1,0.7039473684210527,6,1,0
U3ZMURXR,Hayden Neloms,MG Advanced,Finjob,Won,2017-07-11,2017-09-08,3121.0,Manufacturing,1,3121.0,59,0.7039473684210527,2,1,2
4UTOXXV4,James Ascencio,GTX Plus Pro,Golddex,Lost,2017-07-11,2017-07-12,0.0,Manufacturing,0,0.0,1,0.6553398058252428,2,1,2
KHWG1W75,James Ascencio,MG Special,Goodsilron,Won,2017-07-11,2017-07-18,57.0,Energy,1,57.0,7,0.6553398058252428,1,1,0
MWAW08I7,Jonathan Berthelot,GTX Basic,Treequote,Won,2017-07-11,2017-07-12,576.0,Retail,1,576.0,1,0.6477272727272727,4,1,0
0QV1LRME,Jonathan Berthelot,GTX Plus Basic,Konmatfix,Won,2017-07-11,2017-07-18,1258.0,Shipping,1,1258.0,7,0.6477272727272727,5,1,0
63GAY8GB,Kami Bicknell,GTX Plus Basic,Singletechno,Lost,2017-07-11,2017-08-22,0.0,Retail,0,0.0,42,0.6397058823529411,4,1,1
GXHAIS33,Kary Hendrixson,GTX Basic,Doncon,Lost,2017-07-11,2017-09-29,0.0,Shipping,0,0.0,80,0.6238805970149254,5,1,1
VBRZZAP8,Kary Hendrixson,GTX Basic,Hottechi,Won,2017-07-11,2017-07-20,491.0,Public Sector,1,491.0,9,0.6238805970149254,3,1,1
JR76K5YA,Markita Hansen,GTX Basic,Sunnamplex,Won,2017-07-11,2017-08-23,494.0,Public Sector,1,494.0,43,0.5726872246696035,3,1,0
Z3TX2K6F,Maureen Marcano,GTXPro,Dalttechnology,Lost,2017-07-11,2017-07-20,0.0,Shipping,0,0.0,9,0.6995305164319249,5,1,2
RGUC0V54,Maureen Marcano,GTX Plus Basic,Zoomit,Won,2017-07-11,2017-09-19,882.0,Energy,1,882.0,70,0.6995305164319249,1,1,0
M93A8LTF,Reed Clapper,GTX Plus Basic,Konex,Won,2017-07-11,2017-07-20,1076.0,Public Sector,1,1076.0,9,0.6540084388185654,3,1,1
CQW6TYOX,Rosalina Dieter,GTK 500,Cheers,Lost,2017-07-11,2017-07-18,0.0,Telecom,0,0.0,7,0.6545454545454545,6,1,1
P7H8UY1P,Rosalina Dieter,MG Special,Dalttechnology,Lost,2017-07-11,2017-09-21,0.0,Shipping,0,0.0,72,0.6545454545454545,5,1,0
6XLFG3VK,Rosalina Dieter,MG Special,Zoomit,Won,2017-07-11,2017-07-19,57.0,Energy,1,57.0,8,0.6545454545454545,1,1,0
9ZPY98PB,Vicki Laflamme,GTX Basic,Nam-zim,Lost,2017-07-11,2017-07-13,0.0,Energy,0,0.0,2,0.6368876080691642,1,1,1
YRXDI9E8,Vicki Laflamme,MG Advanced,Cheers,Lost,2017-07-11,2017-11-05,0.0,Telecom,0,0.0,117,0.6368876080691642,6,1,1
1JB82QZ0,Vicki Laflamme,MG Advanced,Sonron,Lost,2017-07-11,2017-07-12,0.0,Manufacturing,0,0.0,1,0.6368876080691642,2,1,1
G5GPTVMU,Anna Snelling,GTX Plus Basic,Bioholding,Lost,2017-07-12,2017-08-31,0.0,Banking,0,0.0,50,0.6190476190476191,0,1,0
856VG3CS,Boris Faz,GTX Plus Basic,Plussunin,Won,2017-07-12,2017-09-28,1100.0,Energy,1,1100.0,78,0.6601307189542484,1,1,1
J80ZEYYM,Cassey Cress,MG Advanced,Donquadtech,Won,2017-07-12,2017-09-18,3630.0,Shipping,1,3630.0,68,0.6245210727969349,5,1,1
T51ULXCZ,Darcel Schlecht,GTXPro,Bioholding,Lost,2017-07-12,2017-07-23,0.0,Banking,0,0.0,11,0.6311030741410488,0,1,2
3S73ZUQH,Darcel Schlecht,MG Advanced,Betatech,Lost,2017-07-12,2017-07-21,0.0,Public Sector,0,0.0,9,0.6311030741410488,3,1,0
JUU6C7NO,Donn Cantrell,GTX Plus Basic,Ontomedia,Lost,2017-07-12,2017-09-27,0.0,Manufacturing,0,0.0,77,0.5745454545454546,2,1,2
8SNDBWPP,Donn Cantrell,GTX Plus Pro,Massive Dynamic,Lost,2017-07-12,2017-09-28,0.0,Banking,0,0.0,78,0.5745454545454546,0,1,2
0PH153YF,Gladys Colclough,GTXPro,Condax,Lost,2017-07-12,2017-07-13,0.0,Banking,0,0.0,1,0.5818965517241379,0,1,1
YNYZNOWR,Hayden Neloms,MG Advanced,Cheers,Lost,2017-07-12,2017-07-25,0.0,Telecom,0,0.0,13,0.7039473684210527,6,1,0
HUNM56HY,Hayden Neloms,MG Advanced,Sunnamplex,Won,2017-07-12,2017-07-23,3741.0,Public Sector,1,3741.0,11,0.7039473684210527,3,1,1
SIONXEMH,Hayden Neloms,MG Advanced,Y-corporation,Won,2017-07-12,2017-07-14,2905.0,Manufacturing,1,2905.0,2,0.7039473684210527,2,1,0
JX08Z5L5,James Ascencio,GTX Plus Basic,Singletechno,Lost,2017-07-12,2017-07-25,0.0,Retail,0,0.0,13,0.6553398058252428,4,1,2
BUJ1TX7Y,Maureen Marcano,GTX Plus Basic,Finjob,Won,2017-07-12,2017-09-14,1023.0,Manufacturing,1,1023.0,64,0.6995305164319249,2,1,0
6C70OX62,Maureen Marcano,MG Advanced,Y-corporation,Won,2017-07-12,2017-09-24,3257.0,Manufacturing,1,3257.0,74,0.6995305164319249,2,1,1
V9WVYEE9,Moses Frase,GTX Plus Pro,Codehow,Lost,2017-07-12,2017-07-20,0.0,Telecom,0,0.0,8,0.6615384615384615,6,1,1
3N6BHLN6,Niesha Huffines,GTX Plus Basic,Streethex,Won,2017-07-12,2017-08-20,960.0,Banking,1,960.0,39,0.6,0,1,1
SQWCQRGY,Reed Clapper,GTXPro,Silis,Lost,2017-07-12,2017-07-14,0.0,Public Sector,0,0.0,2,0.6540084388185654,3,1,0
32K5LEDV,Reed Clapper,GTX Plus Pro,Silis,Won,2017-07-12,2017-07-18,5538.0,Public Sector,1,5538.0,6,0.6540084388185654,3,1,2
XW1ONOVO,Boris Faz,MG Advanced,Kan-code,Won,2017-07-13,2017-07-23,3420.0,Public Sector,1,3420.0,10,0.6601307189542484,3,1,2
100W6J9A,Darcel Schlecht,GTXPro,Treequote,Lost,2017-07-13,2017-07-19,0.0,Retail,0,0.0,6,0.6311030741410488,4,1,0
YYRYSVOO,Darcel Schlecht,GTXPro,Bioholding,Won,2017-07-13,2017-07-16,5382.0,Banking,1,5382.0,3,0.6311030741410488,0,1,1
P7AX4B3N,Elease Gluck,MG Special,Sonron,Lost,2017-07-13,2017-07-24,0.0,Manufacturing,0,0.0,11,0.6349206349206349,2,1,2
GC1TSADL,Elease Gluck,GTXPro,Faxquote,Won,2017-07-13,2017-07-18,5703.0,Telecom,1,5703.0,5,0.6349206349206349,6,1,1
QF1I965E,Garret Kinder,MG Advanced,Mathtouch,Won,2017-07-13,2017-09-30,3340.0,Energy,1,3340.0,79,0.6097560975609756,1,1,0
P93UCMW8,Hayden Neloms,MG Advanced,Hottechi,Lost,2017-07-13,2017-07-15,0.0,Public Sector,0,0.0,2,0.7039473684210527,3,1,1
YKBRF0NG,Kary Hendrixson,GTX Plus Basic,Nam-zim,Won,2017-07-13,2017-08-09,1014.0,Energy,1,1014.0,27,0.6238805970149254,1,1,2
OP2DIRC2,Lajuana Vencill,GTX Basic,Inity,Won,2017-07-13,2017-07-19,536.0,Manufacturing,1,536.0,6,0.5497835497835498,2,1,2
VIHXI2JA,Markita Hansen,GTX Plus Basic,Konex,Lost,2017-07-13,2017-07-14,0.0,Public Sector,0,0.0,1,0.5726872246696035,3,1,1
IC4J0BIZ,Niesha Huffines,GTX Basic,Codehow,Won,2017-07-13,2017-07-24,550.0,Telecom,1,550.0,11,0.6,6,1,0
BNMJAOF4,Niesha Huffines,GTX Basic,Gogozoom,Won,2017-07-13,2017-09-28,469.0,Telecom,1,469.0,77,0.6,6,1,1
VSWHUBD0,Niesha Huffines,GTX Basic,Ron-tech,Won,2017-07-13,2017-07-14,585.0,Manufacturing,1,585.0,1,0.6,2,1,0
7ZWN0JO9,Niesha Huffines,GTX Plus Basic,Scottech,Won,2017-07-13,2017-08-29,943.0,Banking,1,943.0,47,0.6,0,1,1
KLPVD6LR,Reed Clapper,GTX Basic,Bioplex,Lost,2017-07-13,2017-07-21,0.0,Retail,0,0.0,8,0.6540084388185654,4,1,2
U3M8XTMY,Reed Clapper,GTX Plus Basic,Plussunin,Won,2017-07-13,2017-08-01,1319.0,Energy,1,1319.0,19,0.6540084388185654,1,1,0
P89VI9EN,Reed Clapper,GTXPro,Bubba Gump,Won,2017-07-13,2017-07-22,5873.0,Retail,1,5873.0,9,0.6540084388185654,4,1,0
SPUXDRGN,Vicki Laflamme,MG Advanced,Kan-code,Lost,2017-07-13,2017-08-28,0.0,Public Sector,0,0.0,46,0.6368876080691642,3,1,0
PDIYRBQJ,Zane Levy,GTX Plus Basic,Lexiqvolax,Lost,2017-07-13,2017-07-15,0.0,Public Sector,0,0.0,2,0.6168582375478927,3,1,2
185PGG0J,Anna Snelling,MG Special,Treequote,Won,2017-07-14,2017-07-17,44.0,Retail,1,44.0,3,0.6190476190476191,4,1,1
QQ5LW9HV,Boris Faz,MG Advanced,Plussunin,Lost,2017-07-14,2017-07-26,0.0,Energy,0,0.0,12,0.6601307189542484,1,1,2
8EF4D82U,Boris Faz,GTXPro,Mathtouch,Won,2017-07-14,2017-09-14,3834.0,Energy,1,3834.0,62,0.6601307189542484,1,1,0
GFMLCHB0,Cassey Cress,GTX Plus Basic,Zathunicon,Lost,2017-07-14,2017-07-21,0.0,Retail,0,0.0,7,0.6245210727969349,4,1,1
TFS537LA,Cassey Cress,GTX Plus Pro,Iselectrics,Lost,2017-07-14,2017-07-15,0.0,Energy,0,0.0,1,0.6245210727969349,1,1,2
2X86737Q,Cecily Lampkin,GTX Plus Pro,Inity,Won,2017-07-14,2017-07-16,5537.0,Manufacturing,1,5537.0,2,0.66875,2,1,0
HSZOPWWT,Corliss Cosme,GTX Basic,Donware,Won,2017-07-14,2017-09-15,530.0,Banking,1,530.0,63,0.6550218340611353,0,1,0
1KVGSF08,Corliss Cosme,GTX Plus Pro,Konex,Won,2017-07-14,2017-09-23,4989.0,Public Sector,1,4989.0,71,0.6550218340611353,3,1,2
UDFMSH1S,Darcel Schlecht,GTX Plus Pro,Streethex,Lost,2017-07-14,2017-07-25,0.0,Banking,0,0.0,11,0.6311030741410488,0,1,2
516C0X9F,Darcel Schlecht,GTX Plus Basic,Statholdings,Won,2017-07-14,2017-07-26,1144.0,Manufacturing,1,1144.0,12,0.6311030741410488,2,1,2
DPAEMTHC,Donn Cantrell,GTX Basic,Konex,Lost,2017-07-14,2017-07-15,0.0,Public Sector,0,0.0,1,0.5745454545454546,3,1,0
A6T69X6T,Elease Gluck,MG Advanced,Xx-holding,Lost,2017-07-14,2017-09-08,0.0,Telecom,0,0.0,56,0.6349206349206349,6,1,2
DDD515FB,Hayden Neloms,MG Advanced,Xx-holding,Won,2017-07-14,2017-07-15,3362.0,Telecom,1,3362.0,1,0.7039473684210527,6,1,0
6GKGGY0U,James Ascencio,GTXPro,Green-Plus,Lost,2017-07-14,2017-07-25,0.0,Retail,0,0.0,11,0.6553398058252428,4,1,2
8M6TB2ZX,James Ascencio,GTX Plus Pro,Goodsilron,Won,2017-07-14,2017-07-21,5013.0,Energy,1,5013.0,7,0.6553398058252428,1,1,0
BABQISCH,Kami Bicknell,GTX Basic,Hatfan,Lost,2017-07-14,2017-07-15,0.0,Public Sector,0,0.0,1,0.6397058823529411,3,1,0
T46KPPNB,Kary Hendrixson,GTX Plus Basic,Blackzim,Lost,2017-07-14,2017-07-16,0.0,Telecom,0,0.0,2,0.6238805970149254,6,1,1
9CE6F4NZ,Kary Hendrixson,GTX Basic,Plusstrip,Won,2017-07-14,2017-08-27,431.0,Public Sector,1,431.0,44,0.6238805970149254,3,1,2
Z9KNL9A1,Kary Hendrixson,GTXPro,Groovestreet,Won,2017-07-14,2017-07-24,5161.0,Retail,1,5161.0,10,0.6238805970149254,4,1,2
7JBR36G8,Lajuana Vencill,GTX Basic,Genco Pura Olive Oil Company,Won,2017-07-14,2017-07-16,579.0,Manufacturing,1,579.0,2,0.5497835497835498,2,1,0
EYTBRK2B,Lajuana Vencill,MG Advanced,Warephase,Won,2017-07-14,2017-07-24,3411.0,Retail,1,3411.0,10,0.5497835497835498,4,1,0
KFXZNC4N,Markita Hansen,MG Special,Xx-holding,Lost,2017-07-14,2017-09-11,0.0,Telecom,0,0.0,59,0.5726872246696035,6,1,0
SJ62BMK5,Markita Hansen,MG Advanced,Plusstrip,Won,2017-07-14,2017-07-15,3973.0,Public Sector,1,3973.0,1,0.5726872246696035,3,1,1
YDJV1DFE,Niesha Huffines,MG Advanced,Ron-tech,Lost,2017-07-14,2017-11-09,0.0,Manufacturing,0,0.0,118,0.6,2,1,1
GHDAXC7T,Reed Clapper,GTX Plus Basic,Zathunicon,Won,2017-07-14,2017-07-15,1029.0,Retail,1,1029.0,1,0.6540084388185654,4,1,0
FQQ2JJZ1,Rosie Papadopoulos,MG Special,Gekko & Co,Won,2017-07-14,2017-07-23,59.0,Telecom,1,59.0,9,0.6446280991735537,6,1,2
NCJJBWU3,Versie Hillebrand,MG Special,Globex Corporation,Lost,2017-07-14,2017-07-22,0.0,Retail,0,0.0,8,0.6666666666666666,4,1,2
8SGMUWET,Vicki Laflamme,GTX Basic,Goodsilron,Won,2017-07-14,2017-09-29,534.0,Energy,1,534.0,77,0.6368876080691642,1,1,1
3KVS08NL,Violet Mclelland,MG Special,Iselectrics,Won,2017-07-14,2017-07-15,48.0,Energy,1,48.0,1,0.6321243523316062,1,1,1
CLIIR1T0,Zane Levy,MG Special,Finjob,Won,2017-07-14,2017-07-25,57.0,Manufacturing,1,57.0,11,0.6168582375478927,2,1,0
PHXX81YF,Daniell Hammack,GTX Plus Pro,Donware,Lost,2017-07-15,2017-07-17,0.0,Banking,0,0.0,2,0.6096256684491979,0,1,2
6K7LDRKR,Darcel Schlecht,GTX Plus Pro,Stanredtax,Won,2017-07-15,2017-11-11,4009.0,Retail,1,4009.0,119,0.6311030741410488,4,1,0
J6UOUH6Y,Darcel Schlecht,MG Advanced,dambase,Won,2017-07-15,2017-09-03,3255.0,Retail,1,3255.0,50,0.6311030741410488,4,1,1
2EYTB3PX,Donn Cantrell,MG Advanced,Condax,Won,2017-07-15,2017-07-25,3724.0,Banking,1,3724.0,10,0.5745454545454546,0,1,2
1U945R0D,Elease Gluck,MG Advanced,Dalttechnology,Lost,2017-07-15,2017-07-16,0.0,Shipping,0,0.0,1,0.6349206349206349,5,1,2
FX4D649Y,Hayden Neloms,GTX Plus Basic,Fasehatice,Lost,2017-07-15,2017-07-24,0.0,Telecom,0,0.0,9,0.7039473684210527,6,1,1
4QBSY3CB,James Ascencio,GTX Plus Basic,Golddex,Lost,2017-07-15,2017-08-26,0.0,Manufacturing,0,0.0,42,0.6553398058252428,2,1,0
ZWVRS27V,Jonathan Berthelot,MG Special,Rundofase,Lost,2017-07-15,2017-11-04,0.0,Public Sector,0,0.0,112,0.6477272727272727,3,1,0
8BBXNESQ,Kary Hendrixson,GTX Plus Pro,Labdrill,Lost,2017-07-15,2017-07-22,0.0,Energy,0,0.0,7,0.6238805970149254,1,1,2
3JJ7YI88,Lajuana Vencill,MG Special,Gogozoom,Lost,2017-07-15,2017-07-16,0.0,Telecom,0,0.0,1,0.5497835497835498,6,1,1
AKMDEG3I,Markita Hansen,MG Advanced,Faxquote,Lost,2017-07-15,2017-07-17,0.0,Telecom,0,0.0,2,0.5726872246696035,6,1,2
568NS3GO,Markita Hansen,MG Advanced,Cheers,Won,2017-07-15,2017-08-27,2791.0,Telecom,1,2791.0,43,0.5726872246696035,6,1,1
TQLO6QP6,Niesha Huffines,MG Advanced,Cancity,Won,2017-07-15,2017-09-02,3501.0,Public Sector,1,3501.0,49,0.6,3,1,0
DLVEVD9O,Reed Clapper,GTX Plus Pro,Yearin,Lost,2017-07-15,2017-07-27,0.0,Retail,0,0.0,12,0.6540084388185654,4,1,1
C75RV9DY,Reed Clapper,GTX Basic,Ganjaflex,Won,2017-07-15,2017-07-16,555.0,Retail,1,555.0,1,0.6540084388185654,4,1,0
EUQCW0ZA,Rosalina Dieter,GTX Basic,Lexiqvolax,Won,2017-07-15,2017-07-23,650.0,Public Sector,1,650.0,8,0.6545454545454545,3,1,1
CEOMZE9H,Vicki Laflamme,GTX Basic,Nam-zim,Lost,2017-07-15,2017-07-26,0.0,Energy,0,0.0,11,0.6368876080691642,1,1,2
TT5QRQTF,Vicki Laflamme,MG Special,Konex,Won,2017-07-15,2017-07-21,61.0,Public Sector,1,61.0,6,0.6368876080691642,3,1,0
5NXD4U83,Vicki Laflamme,MG Special,Newex,Won,2017-07-15,2017-07-17,54.0,Energy,1,54.0,2,0.6368876080691642,1,1,2
1IL51ZIW,Violet Mclelland,MG Special,Condax,Lost,2017-07-15,2017-07-22,0.0,Banking,0,0.0,7,0.6321243523316062,0,1,2
CM33NN0P,Wilburn Farren,MG Advanced,Silis,Lost,2017-07-15,2017-07-23,0.0,Public Sector,0,0.0,8,0.6962025316455697,3,1,0
P3QQIMTA,Anna Snelling,GTX Basic,Rundofase,Lost,2017-07-16,2017-07-24,0.0,Public Sector,0,0.0,8,0.6190476190476191,3,1,0
WB1CQNJU,Anna Snelling,MG Advanced,Funholding,Lost,2017-07-16,2017-07-17,0.0,Retail,0,0.0,1,0.6190476190476191,4,1,2
OQYDQCTM,Anna Snelling,MG Special,Rangreen,Won,2017-07-16,2017-07-25,59.0,Energy,1,59.0,9,0.6190476190476191,1,1,2
M1VNX1D7,Cassey Cress,GTXPro,Acme Corporation,Won,2017-07-16,2017-07-28,5318.0,Shipping,1,5318.0,12,0.6245210727969349,5,1,2
TWO2Q99P,Cecily Lampkin,GTX Plus Pro,Conecom,Won,2017-07-16,2017-09-30,5753.0,Shipping,1,5753.0,76,0.66875,5,1,2
72UVDOKU,Cecily Lampkin,MG Special,Konmatfix,Won,2017-07-16,2017-07-24,62.0,Shipping,1,62.0,8,0.66875,5,1,0
DMSQ0TSG,Cecily Lampkin,MG Advanced,Isdom,Won,2017-07-16,2017-08-12,3146.0,Retail,1,3146.0,27,0.66875,4,1,0
FEWIDJGH,Darcel Schlecht,GTX Basic,Rundofase,Won,2017-07-16,2017-07-18,538.0,Public Sector,1,538.0,2,0.6311030741410488,3,1,2
AUZM3MLU,Darcel Schlecht,GTX Plus Basic,Betatech,Won,2017-07-16,2017-09-18,1071.0,Public Sector,1,1071.0,64,0.6311030741410488,3,1,1
GS2CLR52,Darcel Schlecht,GTXPro,Betatech,Won,2017-07-16,2017-07-17,4488.0,Public Sector,1,4488.0,1,0.6311030741410488,3,1,1
HYP3SXPV,Darcel Schlecht,MG Advanced,Isdom,Won,2017-07-16,2017-08-02,2837.0,Retail,1,2837.0,17,0.6311030741410488,4,1,0
9G93P7SV,Donn Cantrell,MG Advanced,Kan-code,Won,2017-07-16,2017-09-30,3593.0,Public Sector,1,3593.0,76,0.5745454545454546,3,1,2
7XSAHM67,Elease Gluck,GTX Basic,Hottechi,Won,2017-07-16,2017-09-28,583.0,Public Sector,1,583.0,74,0.6349206349206349,3,1,2
N7MDRJ01,Jonathan Berthelot,GTX Basic,Isdom,Lost,2017-07-16,2017-07-25,0.0,Retail,0,0.0,9,0.6477272727272727,4,1,0
4ID56TXX,Jonathan Berthelot,MG Advanced,Genco Pura Olive Oil Company,Lost,2017-07-16,2017-07-28,0.0,Manufacturing,0,0.0,12,0.6477272727272727,2,1,1
ZOX0FW5W,Kami Bicknell,GTXPro,Scotfind,Lost,2017-07-16,2017-07-23,0.0,Telecom,0,0.0,7,0.6397058823529411,6,1,1
4SFRUL8J,Kami Bicknell,MG Advanced,Labdrill,Lost,2017-07-16,2017-07-22,0.0,Energy,0,0.0,6,0.6397058823529411,1,1,1
UB2UAI38,Kami Bicknell,GTX Plus Basic,Singletechno,Won,2017-07-16,2017-07-21,1109.0,Retail,1,1109.0,5,0.6397058823529411,4,1,0
B00OD1IF,Kami Bicknell,GTX Plus Basic,Zoomit,Won,2017-07-16,2017-07-23,1106.0,Energy,1,1106.0,7,0.6397058823529411,1,1,1
OGO6SNTQ,Kary Hendrixson,GTX Plus Pro,Plusstrip,Lost,2017-07-16,2017-07-24,0.0,Public Sector,0,0.0,8,0.6238805970149254,3,1,0
I6ZC5V1K,Kary Hendrixson,GTX Plus Pro,Labdrill,Won,2017-07-16,2017-07-26,5008.0,Energy,1,5008.0,10,0.6238805970149254,1,1,0
1N3G9WG2,Kary Hendrixson,GTXPro,Y-corporation,Won,2017-07-16,2017-07-19,5621.0,Manufacturing,1,5621.0,3,0.6238805970149254,2,1,2
JHNXPUNX,Lajuana Vencill,GTX Basic,Rangreen,Won,2017-07-16,2017-07-17,550.0,Energy,1,550.0,1,0.5497835497835498,1,1,1
NPHD3ZTC,Moses Frase,GTX Basic,Rangreen,Won,2017-07-16,2017-09-03,574.0,Energy,1,574.0,49,0.6615384615384615,1,1,0
06KTPHYC,Rosalina Dieter,MG Advanced,Hottechi,Lost,2017-07-16,2017-07-24,0.0,Public Sector,0,0.0,8,0.6545454545454545,3,1,1
YCA44Q4U,Wilburn Farren,MG Special,Kinnamplus,Won,2017-07-16,2017-07-25,52.0,Telecom,1,52.0,9,0.6962025316455697,6,1,1
FR4GTSEQ,Zane Levy,GTX Basic,Xx-holding,Won,2017-07-16,2017-09-15,477.0,Telecom,1,477.0,61,0.6168582375478927,6,1,2
S46ZLF3G,Anna Snelling,GTX Basic,Betatech,Lost,2017-07-17,2017-07-26,0.0,Public Sector,0,0.0,9,0.6190476190476191,3,1,1
WHZEK68G,Anna Snelling,MG Special,Streethex,Lost,2017-07-17,2017-07-22,0.0,Banking,0,0.0,5,0.6190476190476191,0,1,2
DAJBIHBZ,Cassey Cress,MG Advanced,Silis,Lost,2017-07-17,2017-07-28,0.0,Public Sector,0,0.0,11,0.6245210727969349,3,1,0
P6BJ24ZP,Cassey Cress,GTX Plus Basic,Plussunin,Won,2017-07-17,2017-07-20,1202.0,Energy,1,1202.0,3,0.6245210727969349,1,1,1
XORHQFNJ,Cecily Lampkin,MG Advanced,Funholding,Lost,2017-07-17,2017-08-05,0.0,Retail,0,0.0,19,0.66875,4,1,0
ZFRPQV2M,Cecily Lampkin,MG Special,Funholding,Won,2017-07-17,2017-11-03,51.0,Retail,1,51.0,109,0.66875,4,1,1
RVRBCZAI,Daniell Hammack,GTX Plus Basic,Kan-code,Lost,2017-07-17,2017-07-18,0.0,Public Sector,0,0.0,1,0.6096256684491979,3,1,0
2897DN4S,Darcel Schlecht,GTX Plus Basic,Finhigh,Lost,2017-07-17,2017-07-18,0.0,Banking,0,0.0,1,0.6311030741410488,0,1,1
1DIL2X16,Darcel Schlecht,GTXPro,Rundofase,Lost,2017-07-17,2017-07-28,0.0,Public Sector,0,0.0,11,0.6311030741410488,3,1,1
BMQEY089,Darcel Schlecht,GTX Plus Basic,Scottech,Won,2017-07-17,2017-09-16,1203.0,Banking,1,1203.0,61,0.6311030741410488,0,1,1
CYOJ4G39,Darcel Schlecht,GTXPro,Isdom,Won,2017-07-17,2017-07-19,5673.0,Retail,1,5673.0,2,0.6311030741410488,4,1,1
5IOG6X00,Donn Cantrell,GTX Plus Pro,Gekko & Co,Won,2017-07-17,2017-09-08,6205.0,Telecom,1,6205.0,53,0.5745454545454546,6,1,1
QG6BCBXM,Elease Gluck,GTX Plus Pro,Sonron,Lost,2017-07-17,2017-08-03,0.0,Manufacturing,0,0.0,17,0.6349206349206349,2,1,1
CAXTE48L,Hayden Neloms,MG Advanced,Cheers,Won,2017-07-17,2017-07-24,3363.0,Telecom,1,3363.0,7,0.7039473684210527,6,1,1
OO3BM7A9,Hayden Neloms,MG Advanced,Konex,Won,2017-07-17,2017-11-03,3700.0,Public Sector,1,3700.0,109,0.7039473684210527,3,1,1
NYPU55W4,James Ascencio,GTXPro,Kan-code,Lost,2017-07-17,2017-11-01,0.0,Public Sector,0,0.0,107,0.6553398058252428,3,1,1
VE334W2U,Jonathan Berthelot,GTX Basic,Codehow,Won,2017-07-17,2017-09-23,546.0,Telecom,1,546.0,68,0.6477272727272727,6,1,0
AX7WS66G,Jonathan Berthelot,GTX Basic,Toughzap,Won,2017-07-17,2017-07-24,617.0,Retail,1,617.0,7,0.6477272727272727,4,1,2
OB8UCQ17,Jonathan Berthelot,GTX Basic,Warephase,Won,2017-07-17,2017-07-26,490.0,Retail,1,490.0,9,0.6477272727272727,4,1,1
BV4JZ4G8,Kami Bicknell,GTX Basic,Konex,Lost,2017-07-17,2017-07-19,0.0,Public Sector,0,0.0,2,0.6397058823529411,3,1,2
8CV5MZWW,Kami Bicknell,GTX Basic,Nam-zim,Lost,2017-07-17,2017-07-21,0.0,Energy,0,0.0,4,0.6397058823529411,1,1,1
3L965RUK,Kary Hendrixson,MG Advanced,Kan-code,Won,2017-07-17,2017-07-26,3665.0,Public Sector,1,3665.0,9,0.6238805970149254,3,1,1
RZ8HI1Y5,Lajuana Vencill,GTX Plus Basic,Warephase,Lost,2017-07-17,2017-07-24,0.0,Retail,0,0.0,7,0.5497835497835498,4,1,0
IYKSBD0U,Markita Hansen,MG Advanced,Hatfan,Lost,2017-07-17,2017-07-18,0.0,Public Sector,0,0.0,1,0.5726872246696035,3,1,0
YVGDC8L2,Marty Freudenburg,MG Special,Rangreen,Won,2017-07-17,2017-07-26,53.0,Energy,1,53.0,9,0.6288659793814433,1,1,2
JZU0JH07,Maureen Marcano,GTX Plus Basic,Finjob,Lost,2017-07-17,2017-09-28,0.0,Manufacturing,0,0.0,73,0.6995305164319249,2,1,0
ZEWNPF3K,Maureen Marcano,GTX Plus Basic,Singletechno,Won,2017-07-17,2017-11-13,1075.0,Retail,1,1075.0,119,0.6995305164319249,4,1,0
6T64JWH9,Maureen Marcano,GTXPro,Sonron,Won,2017-07-17,2017-07-25,4683.0,Manufacturing,1,4683.0,8,0.6995305164319249,2,1,2
E7RTG575,Niesha Huffines,GTX Plus Basic,Statholdings,Won,2017-07-17,2017-07-27,1114.0,Manufacturing,1,1114.0,10,0.6,2,1,0
I9U5PCM3,Reed Clapper,GTXPro,Betasoloin,Won,2017-07-17,2017-11-17,5452.0,Banking,1,5452.0,123,0.6540084388185654,0,1,1
H1Y2W48V,Rosalina Dieter,GTXPro,Groovestreet,Won,2017-07-17,2017-09-07,5561.0,Retail,1,5561.0,52,0.6545454545454545,4,1,2
YFNRXR7X,Rosie Papadopoulos,MG Special,Plussunin,Won,2017-07-17,2017-07-25,57.0,Energy,1,57.0,8,0.6446280991735537,1,1,2
9MZPL59I,Versie Hillebrand,MG Special,Streethex,Lost,2017-07-17,2017-08-03,0.0,Banking,0,0.0,17,0.6666666666666666,0,1,1
1RL933VJ,Vicki Laflamme,GTXPro,Kan-code,Lost,2017-07-17,2017-09-22,0.0,Public Sector,0,0.0,67,0.6368876080691642,3,1,0
GAE0E4RI,Vicki Laflamme,MG Advanced,Cheers,Lost,2017-07-17,2017-07-29,0.0,Telecom,0,0.0,12,0.6368876080691642,6,1,2
VBN56JMP,Vicki Laflamme,GTX Basic,Goodsilron,Won,2017-07-17,2017-07-18,496.0,Energy,1,496.0,1,0.6368876080691642,1,1,2
7ITUU2YO,Vicki Laflamme,GTXPro,Lexiqvolax,Won,2017-07-17,2017-09-17,5054.0,Public Sector,1,5054.0,62,0.6368876080691642,3,1,1
NDLX894H,Violet Mclelland,MG Special,Bluth Company,Lost,2017-07-17,2017-07-18,0.0,Energy,0,0.0,1,0.6321243523316062,1,1,1
6ALH2N0I,Violet Mclelland,MG Special,Gekko & Co,Won,2017-07-17,2017-08-20,55.0,Telecom,1,55.0,34,0.6321243523316062,6,1,0
G8XGVIG2,Zane Levy,GTX Plus Basic,Lexiqvolax,Lost,2017-07-17,2017-07-26,0.0,Public Sector,0,0.0,9,0.6168582375478927,3,1,2
HCR2GJ3O,Zane Levy,GTXPro,Xx-holding,Lost,2017-07-17,2017-07-27,0.0,Telecom,0,0.0,10,0.6168582375478927,6,1,0
QABD6SAS,Zane Levy,GTX Plus Basic,Singletechno,Won,2017-07-17,2017-09-21,1064.0,Retail,1,1064.0,66,0.6168582375478927,4,1,0
GUJCRHYU,Zane Levy,GTXPro,Goodsilron,Won,2017-07-17,2017-07-28,5268.0,Energy,1,5268.0,11,0.6168582375478927,1,1,1
SHKTBB71,Anna Snelling,MG Special,Condax,Won,2017-07-18,2017-07-27,54.0,Banking,1,54.0,9,0.6190476190476191,0,1,2
G0L0B1QC,Cassey Cress,MG Advanced,Opentech,Won,2017-07-18,2017-07-28,3407.0,Retail,1,3407.0,10,0.6245210727969349,4,1,2
3YC624RD,Daniell Hammack,GTX Basic,Bubba Gump,Lost,2017-07-18,2017-08-05,0.0,Retail,0,0.0,18,0.6096256684491979,4,1,2
715TBGPE,Darcel Schlecht,GTXPro,Rundofase,Lost,2017-07-18,2017-08-30,0.0,Public Sector,0,0.0,43,0.6311030741410488,3,1,1
1Q3JQFAU,Darcel Schlecht,MG Special,dambase,Lost,2017-07-18,2017-07-26,0.0,Retail,0,0.0,8,0.6311030741410488,4,1,1
O3K5RKMI,Darcel Schlecht,GTX Plus Basic,Treequote,Won,2017-07-18,2017-07-19,752.0,Retail,1,752.0,1,0.6311030741410488,4,1,1
75P6HFA0,Darcel Schlecht,MG Advanced,Statholdings,Won,2017-07-18,2017-09-03,3727.0,Manufacturing,1,3727.0,47,0.6311030741410488,2,1,1
NE0XCH5E,Elease Gluck,MG Special,Condax,Lost,2017-07-18,2017-07-31,0.0,Banking,0,0.0,13,0.6349206349206349,0,1,1
W01768VM,Elease Gluck,GTX Basic,Zoomit,Won,2017-07-18,2017-07-28,532.0,Energy,1,532.0,10,0.6349206349206349,1,1,2
38CPLDAR,Garret Kinder,GTX Plus Pro,Xx-zobam,Lost,2017-07-18,2017-07-30,0.0,Manufacturing,0,0.0,12,0.6097560975609756,2,1,0
TZRNKT72,Gladys Colclough,GTX Plus Pro,Hottechi,Lost,2017-07-18,2017-07-23,0.0,Public Sector,0,0.0,5,0.5818965517241379,3,1,2
4LXAW8CH,Gladys Colclough,GTX Plus Pro,Inity,Lost,2017-07-18,2017-08-07,0.0,Manufacturing,0,0.0,20,0.5818965517241379,2,1,0
GOGIZWW6,Gladys Colclough,MG Advanced,Condax,Won,2017-07-18,2017-09-27,3139.0,Banking,1,3139.0,71,0.5818965517241379,0,1,1
DOPOI0R5,Hayden Neloms,MG Advanced,Finjob,Won,2017-07-18,2017-07-28,3403.0,Manufacturing,1,3403.0,10,0.7039473684210527,2,1,0
69V1WQLK,James Ascencio,GTX Plus Pro,Plusstrip,Won,2017-07-18,2017-07-27,5440.0,Public Sector,1,5440.0,9,0.6553398058252428,3,1,2
FEDXQCKJ,Marty Freudenburg,GTX Plus Pro,Globex Corporation,Won,2017-07-18,2017-07-26,5698.0,Retail,1,5698.0,8,0.6288659793814433,4,1,2
RSP75BOI,Moses Frase,GTX Plus Pro,Streethex,Lost,2017-07-18,2017-07-19,0.0,Banking,0,0.0,1,0.6615384615384615,0,1,0
CKDPWHTZ,Moses Frase,GTX Basic,Genco Pura Olive Oil Company,Won,2017-07-18,2017-07-28,563.0,Manufacturing,1,563.0,10,0.6615384615384615,2,1,1
ECBFFQL0,Niesha Huffines,GTX Basic,Stanredtax,Lost,2017-07-18,2017-07-28,0.0,Retail,0,0.0,10,0.6,4,1,1
Z8HW4Z9W,Rosie Papadopoulos,GTX Basic,Kan-code,Lost,2017-07-18,2017-07-26,0.0,Public Sector,0,0.0,8,0.6446280991735537,3,1,2
0KVZKA5T,Vicki Laflamme,MG Special,Konex,Lost,2017-07-18,2017-07-25,0.0,Public Sector,0,0.0,7,0.6368876080691642,3,1,0
944H7LRC,Vicki Laflamme,GTX Plus Pro,Sonron,Won,2017-07-18,2017-07-27,4673.0,Manufacturing,1,4673.0,9,0.6368876080691642,2,1,1
F0OWRRLN,Vicki Laflamme,MG Advanced,Konex,Won,2017-07-18,2017-07-28,3405.0,Public Sector,1,3405.0,10,0.6368876080691642,3,1,1
P4RLJHR3,Violet Mclelland,GTX Basic,Umbrella Corporation,Won,2017-07-18,2017-11-15,566.0,Public Sector,1,566.0,120,0.6321243523316062,3,1,2
M10S36W3,Wilburn Farren,GTX Plus Pro,Konex,Won,2017-07-18,2017-11-06,5559.0,Public Sector,1,5559.0,111,0.6962025316455697,3,1,1
HT8UEA0H,Zane Levy,GTXPro,Scotfind,Lost,2017-07-18,2017-07-25,0.0,Telecom,0,0.0,7,0.6168582375478927,6,1,0
GR6C7GQ9,Zane Levy,GTXPro,Goodsilron,Won,2017-07-18,2017-09-16,4797.0,Energy,1,4797.0,60,0.6168582375478927,1,1,2
G11DEJSL,Anna Snelling,MG Special,Dontechi,Lost,2017-07-19,2017-07-30,0.0,Shipping,0,0.0,11,0.6190476190476191,5,1,2
BP45IP77,Anna Snelling,MG Special,Betatech,Won,2017-07-19,2017-07-25,53.0,Public Sector,1,53.0,6,0.6190476190476191,3,1,0
3XJI7AD8,Cassey Cress,MG Advanced,Zotware,Lost,2017-07-19,2017-09-27,0.0,Banking,0,0.0,70,0.6245210727969349,0,1,2
XP7YG96H,Corliss Cosme,GTX Plus Basic,Donquadtech,Won,2017-07-19,2017-07-30,955.0,Shipping,1,955.0,11,0.6550218340611353,5,1,1
GP4JNSJY,Daniell Hammack,GTX Plus Pro,Yearin,Lost,2017-07-19,2017-07-30,0.0,Retail,0,0.0,11,0.6096256684491979,4,1,1
EBVL81O5,Darcel Schlecht,GTXPro,Betatech,Lost,2017-07-19,2017-07-22,0.0,Public Sector,0,0.0,3,0.6311030741410488,3,1,0
NDHQMBA0,Darcel Schlecht,GTX Plus Basic,Globex Corporation,Won,2017-07-19,2017-08-03,1060.0,Retail,1,1060.0,15,0.6311030741410488,4,1,1
XV03TJV1,Darcel Schlecht,GTXPro,Gogozoom,Won,2017-07-19,2017-07-26,5401.0,Telecom,1,5401.0,7,0.6311030741410488,6,1,0
FQ5A489H,Garret Kinder,GTX Plus Pro,Kan-code,Won,2017-07-19,2017-07-26,4895.0,Public Sector,1,4895.0,7,0.6097560975609756,3,1,0
3PZ6Y6AJ,Gladys Colclough,GTX Plus Pro,Treequote,Won,2017-07-19,2017-07-21,4907.0,Retail,1,4907.0,2,0.5818965517241379,4,1,1
564Y2IOV,Hayden Neloms,MG Advanced,Y-corporation,Lost,2017-07-19,2017-07-29,0.0,Manufacturing,0,0.0,10,0.7039473684210527,2,1,0
W7VULS00,Hayden Neloms,GTX Plus Basic,Sunnamplex,Won,2017-07-19,2017-09-30,1170.0,Public Sector,1,1170.0,73,0.7039473684210527,3,1,1
PLW3NMLJ,Hayden Neloms,MG Advanced,Faxquote,Won,2017-07-19,2017-07-28,2718.0,Telecom,1,2718.0,9,0.7039473684210527,6,1,2
MMVGTXDB,James Ascencio,MG Special,Plusstrip,Lost,2017-07-19,2017-08-30,0.0,Public Sector,0,0.0,42,0.6553398058252428,3,1,2
6UCZ36IC,Kami Bicknell,GTX Basic,Kan-code,Lost,2017-07-19,2017-11-04,0.0,Public Sector,0,0.0,108,0.6397058823529411,3,1,0
4IC989F8,Kary Hendrixson,GTX Basic,Green-Plus,Lost,2017-07-19,2017-07-30,0.0,Retail,0,0.0,11,0.6238805970149254,4,1,1
Y5FM7TJT,Kary Hendrixson,MG Special,Plexzap,Lost,2017-07-19,2017-07-21,0.0,Manufacturing,0,0.0,2,0.6238805970149254,2,1,1
OB3K0SVW,Kary Hendrixson,GTX Basic,Goodsilron,Won,2017-07-19,2017-08-08,624.0,Energy,1,624.0,20,0.6238805970149254,1,1,2
WWOCI25Z,Lajuana Vencill,GTX Plus Pro,Isdom,Lost,2017-07-19,2017-07-30,0.0,Retail,0,0.0,11,0.5497835497835498,4,1,2
1UFFP5T3,Lajuana Vencill,MG Advanced,Cancity,Lost,2017-07-19,2017-08-02,0.0,Public Sector,0,0.0,14,0.5497835497835498,3,1,1
ALMZ6ZUI,Lajuana Vencill,GTX Basic,Genco Pura Olive Oil Company,Won,2017-07-19,2017-07-29,537.0,Manufacturing,1,537.0,10,0.5497835497835498,2,1,0
B4UIGJRX,Lajuana Vencill,GTX Plus Basic,Dontechi,Won,2017-07-19,2017-07-30,1089.0,Shipping,1,1089.0,11,0.5497835497835498,5,1,2
ZCAEQT06,Lajuana Vencill,MG Advanced,Codehow,Won,2017-07-19,2017-07-27,3352.0,Telecom,1,3352.0,8,0.5497835497835498,6,1,0
XBO6IN0E,Markita Hansen,GTXPro,Rantouch,Lost,2017-07-19,2017-11-01,0.0,Energy,0,0.0,105,0.5726872246696035,1,1,0
U1SBKB0U,Markita Hansen,GTX Basic,Singletechno,Won,2017-07-19,2017-07-23,535.0,Retail,1,535.0,4,0.5726872246696035,4,1,2
8S7IAR2D,Marty Freudenburg,GTX Basic,Rangreen,Won,2017-07-19,2017-09-25,571.0,Energy,1,571.0,68,0.6288659793814433,1,1,0
RWQKOD1W,Maureen Marcano,MG Advanced,Cheers,Won,2017-07-19,2017-09-29,3535.0,Telecom,1,3535.0,72,0.6995305164319249,6,1,0
6TOOTFQV,Moses Frase,MG Advanced,Bioholding,Won,2017-07-19,2017-07-27,3985.0,Banking,1,3985.0,8,0.6615384615384615,0,1,1
I776MNA8,Rosie Papadopoulos,MG Advanced,Massive Dynamic,Won,2017-07-19,2017-07-21,3568.0,Banking,1,3568.0,2,0.6446280991735537,0,1,0
VG17J29L,Versie Hillebrand,MG Special,Bioholding,Lost,2017-07-19,2017-07-29,0.0,Banking,0,0.0,10,0.6666666666666666,0,1,1
F7R8ICT8,Versie Hillebrand,MG Special,Funholding,Won,2017-07-19,2017-07-27,65.0,Retail,1,65.0,8,0.6666666666666666,4,1,2
KULR6FMD,Versie Hillebrand,MG Special,Funholding,Won,2017-07-19,2017-07-25,47.0,Retail,1,47.0,6,0.6666666666666666,4,1,2
KOG75BRP,Anna Snelling,GTX Plus Basic,Ron-tech,Lost,2017-07-20,2017-11-11,0.0,Manufacturing,0,0.0,114,0.6190476190476191,2,1,1
SV3T5L5N,Anna Snelling,GTX Plus Basic,Ron-tech,Won,2017-07-20,2017-07-21,1160.0,Manufacturing,1,1160.0,1,0.6190476190476191,2,1,2
THRXY3SV,Anna Snelling,GTX Plus Pro,Stanredtax,Won,2017-07-20,2017-08-23,5847.0,Retail,1,5847.0,34,0.6190476190476191,4,1,0
9BFHDZOK,Boris Faz,MG Advanced,Kan-code,Lost,2017-07-20,2017-07-30,0.0,Public Sector,0,0.0,10,0.6601307189542484,3,1,0
IHOU09D6,Boris Faz,GTX Plus Basic,Yearin,Won,2017-07-20,2017-09-20,1029.0,Retail,1,1029.0,62,0.6601307189542484,4,1,0
BJWS06GX,Corliss Cosme,GTX Plus Pro,Ontomedia,Lost,2017-07-20,2017-07-21,0.0,Manufacturing,0,0.0,1,0.6550218340611353,2,1,2
4IVW7F68,Corliss Cosme,GTXPro,Donquadtech,Lost,2017-07-20,2017-07-31,0.0,Shipping,0,0.0,11,0.6550218340611353,5,1,0
ROSYV895,Daniell Hammack,MG Advanced,Konex,Lost,2017-07-20,2017-11-09,0.0,Public Sector,0,0.0,112,0.6096256684491979,3,1,2
3V7Q3G52,Darcel Schlecht,GTXPro,Funholding,Lost,2017-07-20,2017-07-28,0.0,Retail,0,0.0,8,0.6311030741410488,4,1,0
4U3OSLNM,Darcel Schlecht,GTXPro,Gogozoom,Lost,2017-07-20,2017-07-28,0.0,Telecom,0,0.0,8,0.6311030741410488,6,1,1
LX4D50OF,Darcel Schlecht,GTXPro,Rangreen,Lost,2017-07-20,2017-08-04,0.0,Energy,0,0.0,15,0.6311030741410488,1,1,2
CWBHL1S7,Darcel Schlecht,GTXPro,Stanredtax,Lost,2017-07-20,2017-07-28,0.0,Retail,0,0.0,8,0.6311030741410488,4,1,2
FCBBJJIJ,Darcel Schlecht,MG Advanced,Bioholding,Lost,2017-07-20,2017-07-23,0.0,Banking,0,0.0,3,0.6311030741410488,0,1,0
1D1L6FJX,Darcel Schlecht,GTXPro,Treequote,Won,2017-07-20,2017-08-17,5058.0,Retail,1,5058.0,28,0.6311030741410488,4,1,2
L2P99XIG,Donn Cantrell,GTX Plus Basic,Gekko & Co,Lost,2017-07-20,2017-09-21,0.0,Telecom,0,0.0,63,0.5745454545454546,6,1,2
DEN2BPRR,Donn Cantrell,GTXPro,Silis,Lost,2017-07-20,2017-09-27,0.0,Public Sector,0,0.0,69,0.5745454545454546,3,1,1
1QGOH13Z,Donn Cantrell,GTXPro,Zathunicon,Lost,2017-07-20,2017-07-28,0.0,Retail,0,0.0,8,0.5745454545454546,4,1,1
PCTOIQZA,Gladys Colclough,MG Advanced,Rangreen,Won,2017-07-20,2017-11-14,3552.0,Energy,1,3552.0,117,0.5818965517241379,1,1,0
8AK1G9IT,Hayden Neloms,GTX Plus Pro,Kan-code,Won,2017-07-20,2017-11-08,5526.0,Public Sector,1,5526.0,111,0.7039473684210527,3,1,1
AEMGFUYH,Kary Hendrixson,GTXPro,Plexzap,Won,2017-07-20,2017-07-26,4428.0,Manufacturing,1,4428.0,6,0.6238805970149254,2,1,0
6GLF0PU0,Maureen Marcano,GTX Basic,Singletechno,Won,2017-07-20,2017-07-27,523.0,Retail,1,523.0,7,0.6995305164319249,4,1,0
908W84Y6,Reed Clapper,GTX Plus Basic,Mathtouch,Lost,2017-07-20,2017-07-22,0.0,Energy,0,0.0,2,0.6540084388185654,1,1,0
48CVYAIE,Reed Clapper,GTX Plus Pro,Plussunin,Lost,2017-07-20,2017-07-30,0.0,Energy,0,0.0,10,0.6540084388185654,1,1,2
ULY6LFT1,Rosie Papadopoulos,GTXPro,Mathtouch,Won,2017-07-20,2017-07-31,5392.0,Energy,1,5392.0,11,0.6446280991735537,1,1,1
IYDR200I,Vicki Laflamme,GTX Basic,Finjob,Lost,2017-07-20,2017-07-27,0.0,Manufacturing,0,0.0,7,0.6368876080691642,2,1,0
2QHB4SYK,Violet Mclelland,MG Special,Zencorporation,Won,2017-07-20,2017-07-28,55.0,Shipping,1,55.0,8,0.6321243523316062,5,1,1
JNDSA5B4,Anna Snelling,GTX Basic,Treequote,Lost,2017-07-21,2017-11-06,0.0,Retail,0,0.0,108,0.6190476190476191,4,1,0
L3DT2WVO,Boris Faz,GTXPro,Gekko & Co,Won,2017-07-21,2017-11-20,4197.0,Telecom,1,4197.0,122,0.6601307189542484,6,1,1
OCMCRBJR,Boris Faz,MG Advanced,Mathtouch,Won,2017-07-21,2017-09-18,3830.0,Energy,1,3830.0,59,0.6601307189542484,1,1,1
II0SKLFO,Cassey Cress,GTX Basic,Donware,Won,2017-07-21,2017-07-30,494.0,Banking,1,494.0,9,0.6245210727969349,0,1,0
LIYJSU0E,Daniell Hammack,GTX Plus Pro,Konex,Won,2017-07-21,2017-07-22,5118.0,Public Sector,1,5118.0,1,0.6096256684491979,3,1,2
SEDTNUD7,Darcel Schlecht,GTX Plus Basic,Toughzap,Won,2017-07-21,2017-07-28,1000.0,Retail,1,1000.0,7,0.6311030741410488,4,1,1
9UO306XU,Darcel Schlecht,GTXPro,Conecom,Won,2017-07-21,2017-07-26,5347.0,Shipping,1,5347.0,5,0.6311030741410488,5,1,2
GN16L9RW,Donn Cantrell,GTX Basic,Ganjaflex,Lost,2017-07-21,2017-07-22,0.0,Retail,0,0.0,1,0.5745454545454546,4,1,2
GVRA1VJJ,Donn Cantrell,GTX Basic,Sumace,Lost,2017-07-21,2017-07-29,0.0,Energy,0,0.0,8,0.5745454545454546,1,1,0
TBXMDI2Q,Donn Cantrell,GTX Plus Pro,Plussunin,Won,2017-07-21,2017-08-23,5340.0,Energy,1,5340.0,33,0.5745454545454546,1,1,0
L6CE1E4L,Gladys Colclough,GTX Basic,Streethex,Lost,2017-07-21,2017-11-17,0.0,Banking,0,0.0,119,0.5818965517241379,0,1,0
RNCYPVJO,Gladys Colclough,MG Advanced,Stanredtax,Won,2017-07-21,2017-07-31,2970.0,Retail,1,2970.0,10,0.5818965517241379,4,1,1
9UTOQBAH,James Ascencio,GTXPro,Rantouch,Lost,2017-07-21,2017-07-28,0.0,Energy,0,0.0,7,0.6553398058252428,1,1,0
PAUXUGK3,Kary Hendrixson,GTX Plus Basic,Sonron,Won,2017-07-21,2017-07-30,997.0,Manufacturing,1,997.0,9,0.6238805970149254,2,1,0
HWY9HTK2,Lajuana Vencill,GTX Plus Basic,Funholding,Lost,2017-07-21,2017-07-29,0.0,Retail,0,0.0,8,0.5497835497835498,4,1,1
983QHALZ,Lajuana Vencill,MG Advanced,Stanredtax,Lost,2017-07-21,2017-07-30,0.0,Retail,0,0.0,9,0.5497835497835498,4,1,1
P5B6BZWO,Moses Frase,GTX Basic,Finhigh,Won,2017-07-21,2017-07-30,526.0,Banking,1,526.0,9,0.6615384615384615,0,1,0
F7ZPP0C4,Niesha Huffines,GTX Plus Pro,Codehow,Lost,2017-07-21,2017-07-28,0.0,Telecom,0,0.0,7,0.6,6,1,0
N0UCNVKJ,Niesha Huffines,GTX Basic,Dontechi,Won,2017-07-21,2017-07-30,418.0,Shipping,1,418.0,9,0.6,5,1,0
5OAWTEIU,Niesha Huffines,MG Special,Streethex,Won,2017-07-21,2017-07-28,54.0,Banking,1,54.0,7,0.6,0,1,0
55NG8O95,Rosalina Dieter,GTX Basic,Groovestreet,Won,2017-07-21,2017-09-07,622.0,Retail,1,622.0,48,0.6545454545454545,4,1,2
DL3Q5HAD,Rosie Papadopoulos,GTX Plus Pro,Umbrella Corporation,Won,2017-07-21,2017-08-23,4930.0,Public Sector,1,4930.0,33,0.6446280991735537,3,1,2
0T9EBKZL,Versie Hillebrand,MG Special,Scottech,Won,2017-07-21,2017-07-28,51.0,Banking,1,51.0,7,0.6666666666666666,0,1,0
6KOHYTT4,Versie Hillebrand,MG Advanced,Betatech,Won,2017-07-21,2017-07-30,3167.0,Public Sector,1,3167.0,9,0.6666666666666666,3,1,2
3L8ECZK8,Versie Hillebrand,MG Advanced,Globex Corporation,Won,2017-07-21,2017-09-27,3038.0,Retail,1,3038.0,68,0.6666666666666666,4,1,1
JAH8NGC2,Vicki Laflamme,MG Advanced,Xx-holding,Won,2017-07-21,2017-09-24,2851.0,Telecom,1,2851.0,65,0.6368876080691642,6,1,2
93818DZF,Zane Levy,GTX Basic,Dalttechnology,Lost,2017-07-21,2017-11-18,0.0,Shipping,0,0.0,120,0.6168582375478927,5,1,2
7B3DXNZL,Zane Levy,GTXPro,Doncon,Won,2017-07-21,2017-07-22,5283.0,Shipping,1,5283.0,1,0.6168582375478927,5,1,0
DZAFN4I1,Zane Levy,MG Special,Doncon,Won,2017-07-21,2017-07-23,49.0,Shipping,1,49.0,2,0.6168582375478927,5,1,2
RZYCBSQN,Anna Snelling,GTX Plus Basic,Condax,Lost,2017-07-22,2017-07-29,0.0,Banking,0,0.0,7,0.6190476190476191,0,1,2
84BIAFGY,Anna Snelling,MG Advanced,Statholdings,Lost,2017-07-22,2017-11-03,0.0,Manufacturing,0,0.0,104,0.6190476190476191,2,1,2
YQACOZV4,Cassey Cress,GTX Plus Basic,Xx-zobam,Lost,2017-07-22,2017-09-12,0.0,Manufacturing,0,0.0,52,0.6245210727969349,2,1,2
DNIX6FCG,Cassey Cress,MG Special,Gekko & Co,Lost,2017-07-22,2017-07-27,0.0,Telecom,0,0.0,5,0.6245210727969349,6,1,1
6U7RD3TG,Cassey Cress,MG Advanced,Initech,Won,2017-07-22,2017-07-23,3684.0,Banking,1,3684.0,1,0.6245210727969349,0,1,0
610D6711,Cassey Cress,MG Advanced,Silis,Won,2017-07-22,2017-11-23,2986.0,Public Sector,1,2986.0,124,0.6245210727969349,3,1,0
3Z5NBGAT,Cecily Lampkin,MG Special,Stanredtax,Won,2017-07-22,2017-07-23,50.0,Retail,1,50.0,1,0.66875,4,1,1
WNRDPS5I,Corliss Cosme,GTXPro,Donware,Lost,2017-07-22,2017-08-02,0.0,Banking,0,0.0,11,0.6550218340611353,0,1,2
ZUSDWKSM,Corliss Cosme,GTXPro,Ganjaflex,Lost,2017-07-22,2017-07-29,0.0,Retail,0,0.0,7,0.6550218340611353,4,1,1
NK1TQTYO,Darcel Schlecht,GTXPro,Streethex,Lost,2017-07-22,2017-07-24,0.0,Banking,0,0.0,2,0.6311030741410488,0,1,2
676KO0LG,Darcel Schlecht,GTX Plus Basic,Gogozoom,Won,2017-07-22,2017-07-29,927.0,Telecom,1,927.0,7,0.6311030741410488,6,1,1
D6PFP040,Darcel Schlecht,GTXPro,dambase,Won,2017-07-22,2017-09-05,5113.0,Retail,1,5113.0,45,0.6311030741410488,4,1,0
MHMD41XY,Elease Gluck,MG Special,Blackzim,Won,2017-07-22,2017-07-23,51.0,Telecom,1,51.0,1,0.6349206349206349,6,1,0
LRLER1XS,Hayden Neloms,MG Special,Finjob,Won,2017-07-22,2017-09-14,64.0,Manufacturing,1,64.0,54,0.7039473684210527,2,1,0
4RWE00T8,Jonathan Berthelot,GTX Basic,Rundofase,Lost,2017-07-22,2017-11-05,0.0,Public Sector,0,0.0,106,0.6477272727272727,3,1,2
P3XN6SXX,Jonathan Berthelot,GTX Plus Basic,Domzoom,Lost,2017-07-22,2017-07-24,0.0,Retail,0,0.0,2,0.6477272727272727,4,1,2
L65X2CDL,Jonathan Berthelot,GTXPro,Hottechi,Lost,2017-07-22,2017-11-12,0.0,Public Sector,0,0.0,113,0.6477272727272727,3,1,1
12HRYJQH,Kary Hendrixson,GTX Basic,Konex,Won,2017-07-22,2017-07-23,442.0,Public Sector,1,442.0,1,0.6238805970149254,3,1,1
5ZA8MURX,Markita Hansen,GTXPro,Fasehatice,Lost,2017-07-22,2017-07-30,0.0,Telecom,0,0.0,8,0.5726872246696035,6,1,0
Y7AC2LSL,Markita Hansen,MG Advanced,Blackzim,Won,2017-07-22,2017-09-30,3015.0,Telecom,1,3015.0,70,0.5726872246696035,6,1,2
ME2X1TEG,Marty Freudenburg,MG Advanced,Cancity,Lost,2017-07-22,2017-07-24,0.0,Public Sector,0,0.0,2,0.6288659793814433,3,1,1
30KP0JMN,Maureen Marcano,GTX Plus Pro,Xx-holding,Lost,2017-07-22,2017-07-23,0.0,Telecom,0,0.0,1,0.6995305164319249,6,1,2
BG156UAV,Moses Frase,MG Advanced,Condax,Lost,2017-07-22,2017-07-23,0.0,Banking,0,0.0,1,0.6615384615384615,0,1,2
S7T5AHQH,Moses Frase,GTX Plus Basic,Stanredtax,Won,2017-07-22,2017-07-23,1174.0,Retail,1,1174.0,1,0.6615384615384615,4,1,0
48UPZJ45,Niesha Huffines,MG Advanced,Rangreen,Won,2017-07-22,2017-09-28,3696.0,Energy,1,3696.0,68,0.6,1,1,0
T0SO96YG,Reed Clapper,GTX Basic,Mathtouch,Lost,2017-07-22,2017-07-30,0.0,Energy,0,0.0,8,0.6540084388185654,1,1,2
YCQABCDI,Reed Clapper,MG Advanced,Betasoloin,Won,2017-07-22,2017-11-03,3252.0,Banking,1,3252.0,104,0.6540084388185654,0,1,2
8JZ4R9BW,Versie Hillebrand,MG Special,Genco Pura Olive Oil Company,Lost,2017-07-22,2017-11-04,0.0,Manufacturing,0,0.0,105,0.6666666666666666,2,1,2
PTFOEUO4,Versie Hillebrand,MG Special,Globex Corporation,Lost,2017-07-22,2017-07-23,0.0,Retail,0,0.0,1,0.6666666666666666,4,1,2
ZCCBTBIQ,Vicki Laflamme,GTXPro,Doncon,Lost,2017-07-22,2017-07-23,0.0,Shipping,0,0.0,1,0.6368876080691642,5,1,0
1TJ6WP5R,Vicki Laflamme,MG Special,Hottechi,Won,2017-07-22,2017-09-23,65.0,Public Sector,1,65.0,63,0.6368876080691642,3,1,1
WHF75273,Cassey Cress,GTX Plus Basic,Yearin,Won,2017-07-23,2017-09-05,904.0,Retail,1,904.0,44,0.6245210727969349,4,1,0
AH58AQ3B,Cecily Lampkin,GTX Basic,Toughzap,Won,2017-07-23,2017-07-24,541.0,Retail,1,541.0,1,0.66875,4,1,1
292W4P09,Corliss Cosme,GTX Basic,Kinnamplus,Won,2017-07-23,2017-07-25,630.0,Telecom,1,630.0,2,0.6550218340611353,6,1,2
MG0LTCCE,Daniell Hammack,GTX Plus Basic,Xx-zobam,Won,2017-07-23,2017-07-30,1231.0,Manufacturing,1,1231.0,7,0.6096256684491979,2,1,1
ANNUH4KM,Darcel Schlecht,GTX Basic,Domzoom,Won,2017-07-23,2017-11-20,556.0,Retail,1,556.0,120,0.6311030741410488,4,1,0
L3V8UK9H,Darcel Schlecht,GTX Plus Basic,Stanredtax,Won,2017-07-23,2017-07-31,1070.0,Retail,1,1070.0,8,0.6311030741410488,4,1,0
2CRE26AC,Elease Gluck,MG Special,Newex,Won,2017-07-23,2017-07-25,57.0,Energy,1,57.0,2,0.6349206349206349,1,1,2
3J1LNCA4,Hayden Neloms,GTX Plus Basic,Hatfan,Lost,2017-07-23,2017-07-31,0.0,Public Sector,0,0.0,8,0.7039473684210527,3,1,0
4PDYHVX1,James Ascencio,GTX Plus Pro,J-Texon,Won,2017-07-23,2017-07-25,4824.0,Telecom,1,4824.0,2,0.6553398058252428,6,1,2
BICJY3FZ,Jonathan Berthelot,GTX Plus Pro,Streethex,Won,2017-07-23,2017-11-19,6049.0,Banking,1,6049.0,119,0.6477272727272727,0,1,0
4P12PLQA,Kami Bicknell,MG Special,Doncon,Won,2017-07-23,2017-07-28,58.0,Shipping,1,58.0,5,0.6397058823529411,5,1,0
4942W0E7,Kami Bicknell,MG Advanced,Konex,Won,2017-07-23,2017-08-20,3335.0,Public Sector,1,3335.0,28,0.6397058823529411,3,1,2
TGTJ0NBT,Kary Hendrixson,GTX Plus Basic,Doncon,Lost,2017-07-23,2017-07-30,0.0,Shipping,0,0.0,7,0.6238805970149254,5,1,1
W8W6N0LL,Markita Hansen,GTXPro,Kan-code,Lost,2017-07-23,2017-11-07,0.0,Public Sector,0,0.0,107,0.5726872246696035,3,1,0
SEF4LOIS,Marty Freudenburg,GTX Plus Basic,Dontechi,Lost,2017-07-23,2017-07-25,0.0,Shipping,0,0.0,2,0.6288659793814433,5,1,1
BNIU5YZ2,Marty Freudenburg,GTX Plus Basic,Toughzap,Won,2017-07-23,2017-08-07,1006.0,Retail,1,1006.0,15,0.6288659793814433,4,1,0
CPK36NED,Marty Freudenburg,MG Advanced,Streethex,Won,2017-07-23,2017-08-02,3367.0,Banking,1,3367.0,10,0.6288659793814433,0,1,0
VYWQ3U5S,Maureen Marcano,GTX Basic,Finjob,Lost,2017-07-23,2017-11-10,0.0,Manufacturing,0,0.0,110,0.6995305164319249,2,1,0
HDWQM6JT,Maureen Marcano,GTX Plus Basic,Sonron,Lost,2017-07-23,2017-07-28,0.0,Manufacturing,0,0.0,5,0.6995305164319249,2,1,0
T0MUE2H7,Moses Frase,MG Special,Statholdings,Lost,2017-07-23,2017-08-06,0.0,Manufacturing,0,0.0,14,0.6615384615384615,2,1,1
ZDRRL61D,Niesha Huffines,GTX Plus Basic,Cancity,Lost,2017-07-23,2017-07-25,0.0,Public Sector,0,0.0,2,0.6,3,1,1
YRWX35AS,Reed Clapper,GTXPro,Ontomedia,Lost,2017-07-23,2017-07-31,0.0,Manufacturing,0,0.0,8,0.6540084388185654,2,1,0
YT5I3AUS,Reed Clapper,GTX Basic,Xx-zobam,Won,2017-07-23,2017-07-31,494.0,Manufacturing,1,494.0,8,0.6540084388185654,2,1,0
IS8Z2CQA,Reed Clapper,GTXPro,Ontomedia,Won,2017-07-23,2017-07-30,4434.0,Manufacturing,1,4434.0,7,0.6540084388185654,2,1,1
LPR6G7AE,Versie Hillebrand,MG Special,Treequote,Lost,2017-07-23,2017-07-28,0.0,Retail,0,0.0,5,0.6666666666666666,4,1,2
CJAQVPDP,Versie Hillebrand,MG Advanced,Zumgoity,Lost,2017-07-23,2017-09-05,0.0,Public Sector,0,0.0,44,0.6666666666666666,3,1,2
757V8R2Z,Violet Mclelland,MG Special,Initech,Won,2017-07-23,2017-09-01,54.0,Banking,1,54.0,40,0.6321243523316062,0,1,1
7KUYF1U3,Violet Mclelland,MG Special,Kan-code,Won,2017-07-23,2017-08-06,48.0,Public Sector,1,48.0,14,0.6321243523316062,3,1,0
7QE84GCH,Violet Mclelland,MG Advanced,Donware,Won,2017-07-23,2017-09-12,2855.0,Banking,1,2855.0,51,0.6321243523316062,0,1,0
1WA46LC9,Wilburn Farren,GTX Basic,Kinnamplus,Won,2017-07-23,2017-07-30,538.0,Telecom,1,538.0,7,0.6962025316455697,6,1,2
L9CJZZ59,Zane Levy,GTX Plus Pro,J-Texon,Lost,2017-07-23,2017-09-29,0.0,Telecom,0,0.0,68,0.6168582375478927,6,1,2
JWUWBI4D,Anna Snelling,GTX Plus Pro,Funholding,Lost,2017-07-24,2017-09-03,0.0,Retail,0,0.0,41,0.6190476190476191,4,1,1
GHB3UIDV,Corliss Cosme,GTX Basic,Zotware,Won,2017-07-24,2017-07-26,458.0,Banking,1,458.0,2,0.6550218340611353,0,1,2
23R03LTJ,Darcel Schlecht,GTX Plus Basic,Warephase,Won,2017-07-24,2017-08-07,996.0,Retail,1,996.0,14,0.6311030741410488,4,1,1
AHUTOSMS,Darcel Schlecht,GTXPro,Genco Pura Olive Oil Company,Won,2017-07-24,2017-07-31,4772.0,Manufacturing,1,4772.0,7,0.6311030741410488,2,1,2
2T3QDLXY,Donn Cantrell,GTXPro,Initech,Won,2017-07-24,2017-07-26,4490.0,Banking,1,4490.0,2,0.5745454545454546,0,1,2
J5DVK5F3,Donn Cantrell,MG Advanced,Gekko & Co,Won,2017-07-24,2017-11-02,3260.0,Telecom,1,3260.0,101,0.5745454545454546,6,1,2
M3PCMYJ0,Elease Gluck,GTX Basic,Doncon,Won,2017-07-24,2017-08-06,584.0,Shipping,1,584.0,13,0.6349206349206349,5,1,0
H5RRJOD9,Elease Gluck,MG Advanced,Kan-code,Won,2017-07-24,2017-07-30,3371.0,Public Sector,1,3371.0,6,0.6349206349206349,3,1,0
BUQ655AB,Gladys Colclough,GTXPro,Condax,Won,2017-07-24,2017-09-27,4868.0,Banking,1,4868.0,65,0.5818965517241379,0,1,0
QDNA6HW3,Gladys Colclough,MG Advanced,Rangreen,Won,2017-07-24,2017-08-07,3271.0,Energy,1,3271.0,14,0.5818965517241379,1,1,2
T0VHKKCN,Jonathan Berthelot,GTXPro,Treequote,Lost,2017-07-24,2017-07-25,0.0,Retail,0,0.0,1,0.6477272727272727,4,1,1
7R0TEEHW,Lajuana Vencill,MG Special,Condax,Lost,2017-07-24,2017-08-28,0.0,Banking,0,0.0,35,0.5497835497835498,0,1,1
CA3BRUJO,Marty Freudenburg,GTX Plus Basic,Konmatfix,Won,2017-07-24,2017-07-25,1171.0,Shipping,1,1171.0,1,0.6288659793814433,5,1,1
U5K1Y35J,Moses Frase,MG Special,Inity,Won,2017-07-24,2017-07-25,58.0,Manufacturing,1,58.0,1,0.6615384615384615,2,1,1
Y7TVU9AY,Niesha Huffines,GTX Basic,Streethex,Lost,2017-07-24,2017-11-06,0.0,Banking,0,0.0,105,0.6,0,1,0
ZNZCBGN7,Rosie Papadopoulos,GTXPro,Yearin,Lost,2017-07-24,2017-07-26,0.0,Retail,0,0.0,2,0.6446280991735537,4,1,0
IT2UBEW4,Rosie Papadopoulos,MG Special,Zotware,Won,2017-07-24,2017-07-25,59.0,Banking,1,59.0,1,0.6446280991735537,0,1,2
X19CKKZ1,Versie Hillebrand,MG Special,Hottechi,Won,2017-07-24,2017-07-31,50.0,Public Sector,1,50.0,7,0.6666666666666666,3,1,2
DZOLKFK6,Vicki Laflamme,GTX Plus Pro,Hatfan,Lost,2017-07-24,2017-11-21,0.0,Public Sector,0,0.0,120,0.6368876080691642,3,1,1
H5E0GSHQ,Violet Mclelland,MG Special,Kinnamplus,Lost,2017-07-24,2017-07-30,0.0,Telecom,0,0.0,6,0.6321243523316062,6,1,0
CBPVAIQ7,Boris Faz,GTX Basic,Opentech,Lost,2017-07-25,2017-08-03,0.0,Retail,0,0.0,9,0.6601307189542484,4,1,1
JND57DH5,Boris Faz,MG Special,Iselectrics,Won,2017-07-25,2017-08-01,48.0,Energy,1,48.0,7,0.6601307189542484,1,1,2
8PUH80YZ,Cassey Cress,GTX Basic,Bubba Gump,Won,2017-07-25,2017-08-21,511.0,Retail,1,511.0,27,0.6245210727969349,4,1,2
22WVAXR2,Cassey Cress,GTX Plus Basic,Massive Dynamic,Won,2017-07-25,2017-07-29,1311.0,Banking,1,1311.0,4,0.6245210727969349,0,1,1
MA9SBSLE,Cecily Lampkin,MG Special,Dontechi,Lost,2017-07-25,2017-07-27,0.0,Shipping,0,0.0,2,0.66875,5,1,2
PKRDEUWE,Corliss Cosme,GTX Basic,Kan-code,Lost,2017-07-25,2017-08-02,0.0,Public Sector,0,0.0,8,0.6550218340611353,3,1,1
LJ5FQGLZ,Daniell Hammack,GTX Plus Pro,Plussunin,Won,2017-07-25,2017-07-27,6100.0,Energy,1,6100.0,2,0.6096256684491979,1,1,0
KMJMLQ4P,Daniell Hammack,MG Special,Silis,Won,2017-07-25,2017-08-01,61.0,Public Sector,1,61.0,7,0.6096256684491979,3,1,1
94E71JAP,Darcel Schlecht,GTX Plus Basic,Isdom,Lost,2017-07-25,2017-11-13,0.0,Retail,0,0.0,111,0.6311030741410488,4,1,0
VBVO5X8W,Darcel Schlecht,GTXPro,dambase,Lost,2017-07-25,2017-08-08,0.0,Retail,0,0.0,14,0.6311030741410488,4,1,0
6UUZ4IJ5,Darcel Schlecht,GTX Basic,Ron-tech,Won,2017-07-25,2017-08-03,528.0,Manufacturing,1,528.0,9,0.6311030741410488,2,1,2
6EXXL6M4,Darcel Schlecht,GTX Basic,Stanredtax,Won,2017-07-25,2017-07-31,581.0,Retail,1,581.0,6,0.6311030741410488,4,1,2
L9BTE2RA,Darcel Schlecht,GTX Plus Pro,Toughzap,Won,2017-07-25,2017-09-29,5947.0,Retail,1,5947.0,66,0.6311030741410488,4,1,2
EVU2E5ZZ,Donn Cantrell,MG Advanced,Gekko & Co,Lost,2017-07-25,2017-08-02,0.0,Telecom,0,0.0,8,0.5745454545454546,6,1,1
PBTSZ2Q2,Gladys Colclough,GTXPro,Isdom,Lost,2017-07-25,2017-11-05,0.0,Retail,0,0.0,103,0.5818965517241379,4,1,1
D28ANNYX,Kami Bicknell,GTX Basic,Green-Plus,Won,2017-07-25,2017-12-02,508.0,Retail,1,508.0,130,0.6397058823529411,4,1,2
30OFYJUN,Lajuana Vencill,GTX Basic,Dontechi,Lost,2017-07-25,2017-07-31,0.0,Shipping,0,0.0,6,0.5497835497835498,5,1,1
10ICDVM2,Lajuana Vencill,GTX Basic,Konmatfix,Won,2017-07-25,2017-07-30,537.0,Shipping,1,537.0,5,0.5497835497835498,5,1,2
KUAZF4E7,Markita Hansen,GTX Plus Basic,Blackzim,Lost,2017-07-25,2017-11-27,0.0,Telecom,0,0.0,125,0.5726872246696035,6,1,1
IVANA47K,Marty Freudenburg,GTX Plus Basic,Cancity,Won,2017-07-25,2017-07-27,1031.0,Public Sector,1,1031.0,2,0.6288659793814433,3,1,0
4KP2GEFF,Niesha Huffines,GTX Plus Basic,dambase,Won,2017-07-25,2017-11-03,1077.0,Retail,1,1077.0,101,0.6,4,1,0
WOB1ULFR,Versie Hillebrand,MG Advanced,Dontechi,Won,2017-07-25,2017-11-04,3306.0,Shipping,1,3306.0,102,0.6666666666666666,5,1,2
7IKDD9UG,Violet Mclelland,GTX Basic,Bioplex,Won,2017-07-25,2017-07-26,491.0,Retail,1,491.0,1,0.6321243523316062,4,1,1
59SUBXGP,Anna Snelling,MG Special,Streethex,Won,2017-07-26,2017-12-02,53.0,Banking,1,53.0,129,0.6190476190476191,0,1,1
TFL3C3JS,Cassey Cress,GTX Plus Pro,Initech,Won,2017-07-26,2017-09-27,5228.0,Banking,1,5228.0,63,0.6245210727969349,0,1,0
EM3NYEYC,Cecily Lampkin,GTX Plus Pro,Domzoom,Lost,2017-07-26,2017-07-31,0.0,Retail,0,0.0,5,0.66875,4,1,0
KPFV2AAL,Darcel Schlecht,GTXPro,Streethex,Lost,2017-07-26,2017-11-17,0.0,Banking,0,0.0,114,0.6311030741410488,0,1,2
V2JOV5MF,Darcel Schlecht,GTXPro,Domzoom,Won,2017-07-26,2017-07-27,4677.0,Retail,1,4677.0,1,0.6311030741410488,4,1,0
DEVXF86R,Donn Cantrell,GTX Plus Basic,Acme Corporation,Lost,2017-07-26,2017-09-29,0.0,Shipping,0,0.0,65,0.5745454545454546,5,1,2
VA9AGU75,Donn Cantrell,GTXPro,Kan-code,Lost,2017-07-26,2017-09-26,0.0,Public Sector,0,0.0,62,0.5745454545454546,3,1,0
0MKW8IPC,Donn Cantrell,GTX Basic,Xx-zobam,Won,2017-07-26,2017-07-28,554.0,Manufacturing,1,554.0,2,0.5745454545454546,2,1,0
P8P9MKJL,Gladys Colclough,GTX Plus Pro,dambase,Won,2017-07-26,2017-09-23,5548.0,Retail,1,5548.0,59,0.5818965517241379,4,1,1
S7PY8R2V,Gladys Colclough,MG Advanced,Funholding,Won,2017-07-26,2017-07-28,3809.0,Retail,1,3809.0,2,0.5818965517241379,4,1,0
75WYC9TY,Jonathan Berthelot,GTX Basic,Globex Corporation,Lost,2017-07-26,2017-07-30,0.0,Retail,0,0.0,4,0.6477272727272727,4,1,0
CEWDZ3ZD,Kary Hendrixson,MG Special,Scotfind,Won,2017-07-26,2017-08-10,53.0,Telecom,1,53.0,15,0.6238805970149254,6,1,2
F56MSU4B,Lajuana Vencill,MG Advanced,Betatech,Lost,2017-07-26,2017-07-30,0.0,Public Sector,0,0.0,4,0.5497835497835498,3,1,0
BR18O9U1,Marty Freudenburg,GTX Plus Basic,Ron-tech,Won,2017-07-26,2017-07-28,1044.0,Manufacturing,1,1044.0,2,0.6288659793814433,2,1,2
88CM27UB,Maureen Marcano,GTXPro,Kan-code,Lost,2017-07-26,2017-07-30,0.0,Public Sector,0,0.0,4,0.6995305164319249,3,1,0
BE0RAJF5,Vicki Laflamme,GTXPro,Faxquote,Lost,2017-07-26,2017-08-06,0.0,Telecom,0,0.0,11,0.6368876080691642,6,1,0
KO7UWLAU,Wilburn Farren,MG Advanced,Xx-zobam,Won,2017-07-26,2017-07-28,3596.0,Manufacturing,1,3596.0,2,0.6962025316455697,2,1,2
4SJGBWQL,Zane Levy,GTX Plus Basic,Hottechi,Lost,2017-07-26,2017-07-27,0.0,Public Sector,0,0.0,1,0.6168582375478927,3,1,1
AWFSNZ2U,Zane Levy,GTX Plus Basic,Singletechno,Won,2017-07-26,2017-12-01,1091.0,Retail,1,1091.0,128,0.6168582375478927,4,1,2
S3E48VE0,Zane Levy,GTXPro,Plexzap,Won,2017-07-26,2017-09-26,6000.0,Manufacturing,1,6000.0,62,0.6168582375478927,2,1,2
SCR1IKLQ,Anna Snelling,GTX Plus Pro,Bioholding,Won,2017-07-27,2017-07-29,5068.0,Banking,1,5068.0,2,0.6190476190476191,0,1,2
IF8PILJR,Anna Snelling,MG Special,Globex Corporation,Won,2017-07-27,2017-07-29,46.0,Retail,1,46.0,2,0.6190476190476191,4,1,1
2K52EH11,Cassey Cress,MG Advanced,Vehement Capital Partners,Lost,2017-07-27,2017-12-12,0.0,Banking,0,0.0,138,0.6245210727969349,0,1,0
HTY5G7DI,Cecily Lampkin,MG Advanced,Scottech,Won,2017-07-27,2017-08-02,3025.0,Banking,1,3025.0,6,0.66875,0,1,2
TX88GTDE,Corliss Cosme,GTX Plus Basic,Donware,Lost,2017-07-27,2017-07-29,0.0,Banking,0,0.0,2,0.6550218340611353,0,1,2
2GQH9FKJ,Darcel Schlecht,GTXPro,dambase,Won,2017-07-27,2017-08-09,4790.0,Retail,1,4790.0,13,0.6311030741410488,4,1,1
MW3K8553,Darcel Schlecht,GTXPro,Zumgoity,Won,2017-07-27,2017-08-23,4861.0,Public Sector,1,4861.0,27,0.6311030741410488,3,1,2
E41SDK40,Gladys Colclough,GTX Basic,Cancity,Lost,2017-07-27,2017-09-15,0.0,Public Sector,0,0.0,50,0.5818965517241379,3,1,0
RDFUGEA2,James Ascencio,GTX Basic,Hottechi,Won,2017-07-27,2017-09-15,586.0,Public Sector,1,586.0,50,0.6553398058252428,3,1,1
I8TEUO2C,Kami Bicknell,GTX Basic,Scotfind,Won,2017-07-27,2017-08-10,514.0,Telecom,1,514.0,14,0.6397058823529411,6,1,0
BY1TB6D2,Markita Hansen,GTXPro,Konex,Won,2017-07-27,2017-07-28,4209.0,Public Sector,1,4209.0,1,0.5726872246696035,3,1,0
2AMVTZLM,Marty Freudenburg,MG Special,Genco Pura Olive Oil Company,Lost,2017-07-27,2017-08-01,0.0,Manufacturing,0,0.0,5,0.6288659793814433,2,1,1
8IOAX81S,Marty Freudenburg,GTX Plus Basic,Domzoom,Won,2017-07-27,2017-08-07,965.0,Retail,1,965.0,11,0.6288659793814433,4,1,2
EYWL3H5G,Rosalina Dieter,GTX Plus Pro,Newex,Lost,2017-07-27,2017-07-28,0.0,Energy,0,0.0,1,0.6545454545454545,1,1,0
YUGFGRUT,Vicki Laflamme,GTX Basic,Groovestreet,Won,2017-07-27,2017-08-06,651.0,Retail,1,651.0,10,0.6368876080691642,4,1,0
O6B0YK1X,Anna Snelling,MG Advanced,Conecom,Lost,2017-07-28,2017-08-03,0.0,Shipping,0,0.0,6,0.6190476190476191,5,1,0
NLWICKPS,Cassey Cress,GTX Plus Basic,Umbrella Corporation,Lost,2017-07-28,2017-11-07,0.0,Public Sector,0,0.0,102,0.6245210727969349,3,1,0
Z6FPHRV7,Corliss Cosme,GTX Basic,Ganjaflex,Won,2017-07-28,2017-11-11,550.0,Retail,1,550.0,106,0.6550218340611353,4,1,1
LJ59Y2TK,Darcel Schlecht,GTXPro,Ron-tech,Lost,2017-07-28,2017-07-29,0.0,Manufacturing,0,0.0,1,0.6311030741410488,2,1,1
80S3ED8B,Darcel Schlecht,GTX Basic,Conecom,Won,2017-07-28,2017-08-23,589.0,Shipping,1,589.0,26,0.6311030741410488,5,1,0
2IKGOPW1,Darcel Schlecht,GTXPro,Inity,Won,2017-07-28,2017-07-30,4387.0,Manufacturing,1,4387.0,2,0.6311030741410488,2,1,2
7Y10BR02,Darcel Schlecht,GTXPro,Streethex,Won,2017-07-28,2017-07-30,4555.0,Banking,1,4555.0,2,0.6311030741410488,0,1,0
4L8RQVL9,Donn Cantrell,GTXPro,Massive Dynamic,Lost,2017-07-28,2017-08-06,0.0,Banking,0,0.0,9,0.5745454545454546,0,1,2
9T954T67,Elease Gluck,GTX Basic,Green-Plus,Won,2017-07-28,2017-07-29,514.0,Retail,1,514.0,1,0.6349206349206349,4,1,0
CEOEM2MY,Hayden Neloms,GTX Plus Basic,Nam-zim,Lost,2017-07-28,2017-07-29,0.0,Energy,0,0.0,1,0.7039473684210527,1,1,2
I5FVCO24,Jonathan Berthelot,GTXPro,Cancity,Won,2017-07-28,2017-07-29,4671.0,Public Sector,1,4671.0,1,0.6477272727272727,3,1,0
WTG4IAG0,Kami Bicknell,MG Special,Labdrill,Lost,2017-07-28,2017-07-29,0.0,Energy,0,0.0,1,0.6397058823529411,1,1,2
NFKUICVA,Kami Bicknell,GTX Basic,Singletechno,Won,2017-07-28,2017-11-15,518.0,Retail,1,518.0,110,0.6397058823529411,4,1,0
8UCQBI6J,Marty Freudenburg,GTXPro,Cancity,Won,2017-07-28,2017-07-29,4172.0,Public Sector,1,4172.0,1,0.6288659793814433,3,1,0
Q8Q4R3SW,Moses Frase,GTX Plus Pro,dambase,Lost,2017-07-28,2017-08-10,0.0,Retail,0,0.0,13,0.6615384615384615,4,1,2
BZNGP0DN,Reed Clapper,MG Special,Massive Dynamic,Won,2017-07-28,2017-08-10,53.0,Banking,1,53.0,13,0.6540084388185654,0,1,1
Z31RDLIF,Rosie Papadopoulos,MG Advanced,Gekko & Co,Lost,2017-07-28,2017-11-27,0.0,Telecom,0,0.0,122,0.6446280991735537,6,1,2
E4KNZB95,Versie Hillebrand,MG Special,Bioholding,Won,2017-07-28,2017-08-19,53.0,Banking,1,53.0,22,0.6666666666666666,0,1,1
PJDA3RWU,Versie Hillebrand,MG Special,Condax,Won,2017-07-28,2017-08-03,60.0,Banking,1,60.0,6,0.6666666666666666,0,1,0
YUORNX7C,Versie Hillebrand,MG Special,Inity,Won,2017-07-28,2017-11-01,53.0,Manufacturing,1,53.0,96,0.6666666666666666,2,1,2
0WJLKMUA,Violet Mclelland,GTXPro,Acme Corporation,Lost,2017-07-28,2017-07-29,0.0,Shipping,0,0.0,1,0.6321243523316062,5,1,2
7XP06LUZ,Wilburn Farren,MG Special,Zathunicon,Lost,2017-07-28,2017-12-02,0.0,Retail,0,0.0,127,0.6962025316455697,4,1,2
5BT0Y4MB,Zane Levy,GTX Basic,Green-Plus,Lost,2017-07-28,2017-07-30,0.0,Retail,0,0.0,2,0.6168582375478927,4,1,1
WCCEBK6E,Anna Snelling,GTX Plus Pro,Isdom,Won,2017-07-29,2017-08-05,4603.0,Retail,1,4603.0,7,0.6190476190476191,4,1,1
5SCMRQ9N,Cecily Lampkin,GTX Basic,Finhigh,Won,2017-07-29,2017-09-05,610.0,Banking,1,610.0,38,0.66875,0,1,0
A3I4JHP0,Daniell Hammack,GTX Plus Basic,Konex,Won,2017-07-29,2017-08-06,1189.0,Public Sector,1,1189.0,8,0.6096256684491979,3,1,1
DOVFYIIO,Donn Cantrell,GTXPro,Massive Dynamic,Lost,2017-07-29,2017-07-30,0.0,Banking,0,0.0,1,0.5745454545454546,0,1,1
BC53PQMQ,Donn Cantrell,GTX Plus Pro,Sumace,Won,2017-07-29,2017-07-31,5480.0,Energy,1,5480.0,2,0.5745454545454546,1,1,0
AU1OZUN8,Elease Gluck,MG Special,Sonron,Won,2017-07-29,2017-11-02,56.0,Manufacturing,1,56.0,96,0.6349206349206349,2,1,2
09GK47AY,Garret Kinder,GTX Plus Basic,Ontomedia,Lost,2017-07-29,2017-08-02,0.0,Manufacturing,0,0.0,4,0.6097560975609756,2,1,2
D6CRJSEP,Garret Kinder,GTX Plus Basic,Zotware,Won,2017-07-29,2017-09-16,983.0,Banking,1,983.0,49,0.6097560975609756,0,1,0
5G9WEZTP,Garret Kinder,GTXPro,Massive Dynamic,Won,2017-07-29,2017-08-16,5319.0,Banking,1,5319.0,18,0.6097560975609756,0,1,2
KRK5YFGW,James Ascencio,GTXPro,Konex,Won,2017-07-29,2017-08-08,4941.0,Public Sector,1,4941.0,10,0.6553398058252428,3,1,1
GJQFUUWI,James Ascencio,MG Advanced,Sunnamplex,Won,2017-07-29,2017-08-02,3260.0,Public Sector,1,3260.0,4,0.6553398058252428,3,1,0
7SO4NKFP,Kami Bicknell,GTX Plus Basic,Hottechi,Lost,2017-07-29,2017-08-03,0.0,Public Sector,0,0.0,5,0.6397058823529411,3,1,0
VZ1ETER5,Kami Bicknell,GTX Plus Pro,Goodsilron,Won,2017-07-29,2017-07-31,4842.0,Energy,1,4842.0,2,0.6397058823529411,1,1,0
YOFRJU68,Kami Bicknell,MG Advanced,Blackzim,Won,2017-07-29,2017-09-29,3463.0,Telecom,1,3463.0,62,0.6397058823529411,6,1,2
F9V6EWDG,Lajuana Vencill,GTX Basic,Konmatfix,Lost,2017-07-29,2017-08-01,0.0,Shipping,0,0.0,3,0.5497835497835498,5,1,0
5EFR0VAZ,Maureen Marcano,GTX Basic,Newex,Lost,2017-07-29,2017-07-30,0.0,Energy,0,0.0,1,0.6995305164319249,1,1,0
4MTIOMFQ,Reed Clapper,GTXPro,Mathtouch,Won,2017-07-29,2017-08-08,4252.0,Energy,1,4252.0,10,0.6540084388185654,1,1,0
J096XFZG,Rosie Papadopoulos,GTXPro,Zotware,Won,2017-07-29,2017-09-04,4906.0,Banking,1,4906.0,37,0.6446280991735537,0,1,2
4U2Z53VS,Versie Hillebrand,MG Special,Inity,Lost,2017-07-29,2017-08-10,0.0,Manufacturing,0,0.0,12,0.6666666666666666,2,1,1
6YMJLH2F,Anna Snelling,GTX Plus Pro,Finhigh,Lost,2017-07-30,2017-08-07,0.0,Banking,0,0.0,8,0.6190476190476191,0,1,0
D6U1NYBU,Corliss Cosme,MG Advanced,Umbrella Corporation,Won,2017-07-30,2017-11-18,3113.0,Public Sector,1,3113.0,111,0.6550218340611353,3,1,1
9Q2SYGPP,Daniell Hammack,GTX Plus Basic,Bluth Company,Won,2017-07-30,2017-08-10,1097.0,Energy,1,1097.0,11,0.6096256684491979,1,1,2
EY73E4ZB,Darcel Schlecht,MG Advanced,Hottechi,Lost,2017-07-30,2017-08-05,0.0,Public Sector,0,0.0,6,0.6311030741410488,3,1,2
KQLS98VW,Darcel Schlecht,GTX Plus Basic,Condax,Won,2017-07-30,2017-12-04,1245.0,Banking,1,1245.0,127,0.6311030741410488,0,1,2
LKQL4GRO,Darcel Schlecht,GTX Plus Basic,Scottech,Won,2017-07-30,2017-08-04,1160.0,Banking,1,1160.0,5,0.6311030741410488,0,1,2
4DKUZ8JE,Darcel Schlecht,MG Special,Bioholding,Won,2017-07-30,2017-07-31,53.0,Banking,1,53.0,1,0.6311030741410488,0,1,1
V3QM4V7G,Donn Cantrell,GTXPro,Initech,Lost,2017-07-30,2017-08-11,0.0,Banking,0,0.0,12,0.5745454545454546,0,1,0
LZWH2OGW,Gladys Colclough,MG Advanced,Funholding,Lost,2017-07-30,2017-08-06,0.0,Retail,0,0.0,7,0.5818965517241379,4,1,2
R7JSQI5U,Hayden Neloms,MG Advanced,Newex,Lost,2017-07-30,2017-07-31,0.0,Energy,0,0.0,1,0.7039473684210527,1,1,2
S5NZI5UN,James Ascencio,GTXPro,Cheers,Won,2017-07-30,2017-09-10,5031.0,Telecom,1,5031.0,42,0.6553398058252428,6,1,1
XQQ3JS90,Jonathan Berthelot,GTXPro,Rangreen,Won,2017-07-30,2017-07-31,5741.0,Energy,1,5741.0,1,0.6477272727272727,1,1,1
5SED9K1C,Kami Bicknell,GTX Plus Basic,Plusstrip,Won,2017-07-30,2017-08-09,1038.0,Public Sector,1,1038.0,10,0.6397058823529411,3,1,2
810GB47D,Kary Hendrixson,GTX Basic,Condax,Lost,2017-07-30,2017-08-05,0.0,Banking,0,0.0,6,0.6238805970149254,0,1,0
GZCWRMIR,Kary Hendrixson,GTX Basic,J-Texon,Lost,2017-07-30,2017-11-20,0.0,Telecom,0,0.0,113,0.6238805970149254,6,1,0
PST4NDK4,Lajuana Vencill,GTX Basic,Funholding,Won,2017-07-30,2017-08-09,502.0,Retail,1,502.0,10,0.5497835497835498,4,1,2
8U9DLK26,Maureen Marcano,GTXPro,Nam-zim,Won,2017-07-30,2017-07-31,4913.0,Energy,1,4913.0,1,0.6995305164319249,1,1,1
DDWSCXZA,Moses Frase,MG Advanced,Rundofase,Won,2017-07-30,2017-09-19,3457.0,Public Sector,1,3457.0,51,0.6615384615384615,3,1,2
T2UA7F7Z,Reed Clapper,GTX Plus Pro,Opentech,Won,2017-07-30,2017-08-08,5204.0,Retail,1,5204.0,9,0.6540084388185654,4,1,2
FOGOYZ75,Rosie Papadopoulos,MG Advanced,Plussunin,Won,2017-07-30,2017-08-07,3019.0,Energy,1,3019.0,8,0.6446280991735537,1,1,1
I9IJS5BM,Rosie Papadopoulos,MG Advanced,Sumace,Won,2017-07-30,2017-08-18,3453.0,Energy,1,3453.0,19,0.6446280991735537,1,1,2
2HU8CPJ3,Vicki Laflamme,MG Advanced,Labdrill,Won,2017-07-30,2017-11-13,3464.0,Energy,1,3464.0,106,0.6368876080691642,1,1,2
M2UI5MKB,Violet Mclelland,MG Advanced,Zathunicon,Won,2017-07-30,2017-08-19,2937.0,Retail,1,2937.0,20,0.6321243523316062,4,1,2
HWVR6IJ7,Wilburn Farren,GTX Basic,Kan-code,Won,2017-07-30,2017-08-15,463.0,Public Sector,1,463.0,16,0.6962025316455697,3,1,1
V0XFS245,Boris Faz,GTXPro,Bluth Company,Won,2017-07-31,2017-09-11,4096.0,Energy,1,4096.0,42,0.6601307189542484,1,1,0
BBGCBEUY,Markita Hansen,GTX Plus Basic,Plexzap,Lost,2017-07-31,2017-08-04,0.0,Manufacturing,0,0.0,4,0.5726872246696035,2,1,0
6PHF576T,Markita Hansen,GTXPro,Y-corporation,Lost,2017-07-31,2017-11-23,0.0,Manufacturing,0,0.0,115,0.5726872246696035,2,1,1
XN43RX9C,Markita Hansen,MG Advanced,Sunnamplex,Won,2017-07-31,2017-08-10,3187.0,Public Sector,1,3187.0,10,0.5726872246696035,3,1,0
DOU4T9EI,Moses Frase,MG Special,Cancity,Lost,2017-07-31,2017-11-02,0.0,Public Sector,0,0.0,94,0.6615384615384615,3,1,2
XUU1PPTJ,Moses Frase,GTX Plus Pro,Rangreen,Won,2017-07-31,2017-11-10,5234.0,Energy,1,5234.0,102,0.6615384615384615,1,1,0
KZMZH8L6,Reed Clapper,GTX Plus Pro,Zotware,Won,2017-07-31,2017-09-28,6180.0,Banking,1,6180.0,59,0.6540084388185654,0,1,2
7WU2BQ2P,Versie Hillebrand,MG Special,Inity,Won,2017-07-31,2017-08-10,53.0,Manufacturing,1,53.0,10,0.6666666666666666,2,1,0
5B4H3E7V,Vicki Laflamme,MG Special,Konex,Lost,2017-07-31,2017-08-05,0.0,Public Sector,0,0.0,5,0.6368876080691642,3,1,1
6YCDG16T,Vicki Laflamme,MG Advanced,Cheers,Won,2017-07-31,2017-08-12,3687.0,Telecom,1,3687.0,12,0.6368876080691642,6,1,0
BVKAXY66,Zane Levy,GTXPro,Konex,Won,2017-07-31,2017-08-20,6069.0,Public Sector,1,6069.0,20,0.6168582375478927,3,1,0
D9VTKEEH,Anna Snelling,GTX Plus Basic,Genco Pura Olive Oil Company,Lost,2017-08-01,2017-08-11,0.0,Manufacturing,0,0.0,10,0.6190476190476191,2,1,0
7CYRCTXI,Anna Snelling,MG Advanced,Konmatfix,Won,2017-08-01,2017-08-16,3452.0,Shipping,1,3452.0,15,0.6190476190476191,5,1,1
IH4M0XTK,Cassey Cress,MG Advanced,Kinnamplus,Won,2017-08-01,2017-08-09,3156.0,Telecom,1,3156.0,8,0.6245210727969349,6,1,0
L9AZZGNK,Daniell Hammack,GTX Basic,Gekko & Co,Lost,2017-08-01,2017-08-14,0.0,Telecom,0,0.0,13,0.6096256684491979,6,1,1
MLPVWTC2,Darcel Schlecht,MG Advanced,Statholdings,Lost,2017-08-01,2017-11-23,0.0,Manufacturing,0,0.0,114,0.6311030741410488,2,1,2
6BBYA0L3,Hayden Neloms,GTX Plus Basic,Rantouch,Won,2017-08-01,2017-08-06,1157.0,Energy,1,1157.0,5,0.7039473684210527,1,1,0
S3J60BK0,James Ascencio,GTX Plus Basic,Plexzap,Won,2017-08-01,2017-11-22,1040.0,Manufacturing,1,1040.0,113,0.6553398058252428,2,1,1
IKIJHQPN,Jonathan Berthelot,MG Special,Streethex,Won,2017-08-01,2017-12-16,49.0,Banking,1,49.0,137,0.6477272727272727,0,1,1
OJ9KBQML,Lajuana Vencill,GTX Basic,Inity,Won,2017-08-01,2017-09-19,454.0,Manufacturing,1,454.0,49,0.5497835497835498,2,1,0
W66UPKL4,Markita Hansen,GTX Plus Basic,Zoomit,Won,2017-08-01,2017-11-18,1106.0,Energy,1,1106.0,109,0.5726872246696035,1,1,2
2S7CMLRJ,Maureen Marcano,GTX Plus Basic,Goodsilron,Won,2017-08-01,2017-08-08,1143.0,Energy,1,1143.0,7,0.6995305164319249,1,1,1
18KMXL8N,Maureen Marcano,GTX Plus Pro,J-Texon,Won,2017-08-01,2017-11-06,4434.0,Telecom,1,4434.0,97,0.6995305164319249,6,1,0
K44PIQTN,Vicki Laflamme,GTX Plus Basic,Rantouch,Won,2017-08-01,2017-09-26,1193.0,Energy,1,1193.0,56,0.6368876080691642,1,1,2
NWQHHVEM,Vicki Laflamme,GTXPro,Goodsilron,Won,2017-08-01,2017-08-21,5049.0,Energy,1,5049.0,20,0.6368876080691642,1,1,1
ZJ76J97A,Vicki Laflamme,GTXPro,Konex,Won,2017-08-01,2017-08-19,5300.0,Public Sector,1,5300.0,18,0.6368876080691642,3,1,1
4Q1A27SA,Vicki Laflamme,MG Advanced,Singletechno,Won,2017-08-01,2017-11-20,3597.0,Retail,1,3597.0,111,0.6368876080691642,4,1,2
GVOKY9KD,Violet Mclelland,GTXPro,Xx-zobam,Lost,2017-08-01,2017-11-11,0.0,Manufacturing,0,0.0,102,0.6321243523316062,2,1,2
FOQK8G8Y,Zane Levy,GTX Basic,Sonron,Won,2017-08-01,2017-08-06,606.0,Manufacturing,1,606.0,5,0.6168582375478927,2,1,0
OEUK1UW5,Corliss Cosme,GTX Plus Basic,Condax,Won,2017-08-02,2017-11-09,1123.0,Banking,1,1123.0,99,0.6550218340611353,0,1,0
LF45YLLR,Corliss Cosme,GTXPro,Initech,Won,2017-08-02,2017-08-12,5205.0,Banking,1,5205.0,10,0.6550218340611353,0,1,1
RYYTO9Z5,Daniell Hammack,GTX Basic,Yearin,Won,2017-08-02,2017-11-01,592.0,Retail,1,592.0,91,0.6096256684491979,4,1,2
R9VR53F3,Daniell Hammack,GTX Plus Pro,Umbrella Corporation,Won,2017-08-02,2017-08-14,6284.0,Public Sector,1,6284.0,12,0.6096256684491979,3,1,2
D5H30X5X,Gladys Colclough,MG Special,Warephase,Lost,2017-08-02,2017-11-07,0.0,Retail,0,0.0,97,0.5818965517241379,4,1,2
FLXN0TBT,Hayden Neloms,MG Advanced,Labdrill,Lost,2017-08-02,2017-08-10,0.0,Energy,0,0.0,8,0.7039473684210527,1,1,1
U8H8VGI0,James Ascencio,GTXPro,Lexiqvolax,Lost,2017-08-02,2017-11-02,0.0,Public Sector,0,0.0,92,0.6553398058252428,3,1,2
R1X6U9CU,James Ascencio,GTX Plus Pro,Kan-code,Won,2017-08-02,2017-08-05,4231.0,Public Sector,1,4231.0,3,0.6553398058252428,3,1,2
IT1XRUTD,Lajuana Vencill,GTX Plus Pro,Warephase,Lost,2017-08-02,2017-08-13,0.0,Retail,0,0.0,11,0.5497835497835498,4,1,1
VTSKKTQO,Lajuana Vencill,MG Advanced,Zumgoity,Lost,2017-08-02,2017-08-13,0.0,Public Sector,0,0.0,11,0.5497835497835498,3,1,0
3Z2AMU5T,Reed Clapper,MG Advanced,Kinnamplus,Lost,2017-08-02,2017-11-23,0.0,Telecom,0,0.0,113,0.6540084388185654,6,1,0
R0O1UYNW,Violet Mclelland,MG Special,Bluth Company,Won,2017-08-02,2017-08-10,53.0,Energy,1,53.0,8,0.6321243523316062,1,1,1
G44S6CLC,Anna Snelling,MG Special,Cancity,Won,2017-08-03,2017-08-16,52.0,Public Sector,1,52.0,13,0.6190476190476191,3,1,2
IMLB4653,Boris Faz,GTX Plus Basic,Gekko & Co,Won,2017-08-03,2017-08-22,938.0,Telecom,1,938.0,19,0.6601307189542484,6,1,1
ZE6HA778,Darcel Schlecht,MG Advanced,Inity,Lost,2017-08-03,2017-08-08,0.0,Manufacturing,0,0.0,5,0.6311030741410488,2,1,0
6KPKOR79,Donn Cantrell,GTX Plus Basic,Bioplex,Won,2017-08-03,2017-09-13,1050.0,Retail,1,1050.0,41,0.5745454545454546,4,1,0
D42GA3LC,Donn Cantrell,MG Advanced,Vehement Capital Partners,Won,2017-08-03,2017-08-11,3440.0,Banking,1,3440.0,8,0.5745454545454546,0,1,1
58J528HO,Gladys Colclough,GTXPro,Rundofase,Lost,2017-08-03,2017-08-15,0.0,Public Sector,0,0.0,12,0.5818965517241379,3,1,1
PBVC1VI7,Kary Hendrixson,GTX Plus Basic,Konex,Lost,2017-08-03,2017-11-09,0.0,Public Sector,0,0.0,98,0.6238805970149254,3,1,0
U4BPFJC5,Niesha Huffines,GTX Plus Basic,Inity,Won,2017-08-03,2017-08-21,1126.0,Manufacturing,1,1126.0,18,0.6,2,1,1
MJ3XHBY0,Reed Clapper,GTXPro,Donquadtech,Won,2017-08-03,2017-08-14,3963.0,Shipping,1,3963.0,11,0.6540084388185654,5,1,0
LT75S3LM,Reed Clapper,GTXPro,Kinnamplus,Won,2017-08-03,2017-08-11,5401.0,Telecom,1,5401.0,8,0.6540084388185654,6,1,1
B28O6RVD,Rosie Papadopoulos,MG Advanced,Silis,Lost,2017-08-03,2017-08-20,0.0,Public Sector,0,0.0,17,0.6446280991735537,3,1,1
O9MGYBG4,Rosie Papadopoulos,GTX Plus Basic,Silis,Won,2017-08-03,2017-12-02,965.0,Public Sector,1,965.0,121,0.6446280991735537,3,1,1
FLH1KDV2,Versie Hillebrand,GTX Basic,Hottechi,Won,2017-08-03,2017-11-01,534.0,Public Sector,1,534.0,90,0.6666666666666666,3,1,0
GVSAAKF4,Wilburn Farren,MG Special,Massive Dynamic,Won,2017-08-03,2017-11-21,50.0,Banking,1,50.0,110,0.6962025316455697,0,1,1
R6F1053X,Donn Cantrell,GTXPro,Konex,Won,2017-08-04,2017-08-11,5186.0,Public Sector,1,5186.0,7,0.5745454545454546,3,1,0
OB2PHGFR,Elease Gluck,MG Advanced,J-Texon,Won,2017-08-04,2017-11-04,3308.0,Telecom,1,3308.0,92,0.6349206349206349,6,1,0
Y2X0X0WQ,Gladys Colclough,MG Advanced,Finhigh,Won,2017-08-04,2017-12-07,3367.0,Banking,1,3367.0,125,0.5818965517241379,0,1,1
DZ47F0UT,Kary Hendrixson,GTX Plus Basic,Labdrill,Lost,2017-08-04,2017-08-08,0.0,Energy,0,0.0,4,0.6238805970149254,1,1,1
7WYZ9HMC,Kary Hendrixson,GTX Basic,Scotfind,Won,2017-08-04,2017-09-16,518.0,Telecom,1,518.0,43,0.6238805970149254,6,1,0
RG8P75PG,Reed Clapper,GTXPro,Initech,Lost,2017-08-04,2017-08-10,0.0,Banking,0,0.0,6,0.6540084388185654,0,1,0
P0YQ3HNN,Reed Clapper,GTX Plus Basic,Kan-code,Won,2017-08-04,2017-09-11,1128.0,Public Sector,1,1128.0,38,0.6540084388185654,3,1,2
TGI9B9AD,Reed Clapper,GTX Plus Pro,Bioplex,Won,2017-08-04,2017-12-16,6318.0,Retail,1,6318.0,134,0.6540084388185654,4,1,0
WA58C7SV,Anna Snelling,MG Advanced,Cancity,Lost,2017-08-05,2017-11-26,0.0,Public Sector,0,0.0,113,0.6190476190476191,3,1,2
EFUIZFRA,Daniell Hammack,GTXPro,Ontomedia,Won,2017-08-05,2017-09-19,4935.0,Manufacturing,1,4935.0,45,0.6096256684491979,2,1,2
D4ZMTQLE,Darcel Schlecht,GTX Plus Basic,Scottech,Won,2017-08-05,2017-12-20,1013.0,Banking,1,1013.0,137,0.6311030741410488,0,1,2
QFXZT1TV,Donn Cantrell,GTX Basic,Yearin,Won,2017-08-05,2017-12-20,573.0,Retail,1,573.0,137,0.5745454545454546,4,1,1
3Q8GSOKD,Donn Cantrell,GTX Basic,Zathunicon,Won,2017-08-05,2017-12-04,535.0,Retail,1,535.0,121,0.5745454545454546,4,1,1
7CC4DUSQ,Elease Gluck,MG Advanced,Fasehatice,Lost,2017-08-05,2017-11-29,0.0,Telecom,0,0.0,116,0.6349206349206349,6,1,0
G2KW3DWD,Lajuana Vencill,GTX Plus Basic,Condax,Won,2017-08-05,2017-11-02,1080.0,Banking,1,1080.0,89,0.5497835497835498,0,1,2
IK72767Q,Marty Freudenburg,GTX Basic,Finhigh,Won,2017-08-05,2017-12-14,609.0,Banking,1,609.0,131,0.6288659793814433,0,1,1
0F9GSZRO,Moses Frase,GTX Basic,Bioholding,Lost,2017-08-05,2017-11-11,0.0,Banking,0,0.0,98,0.6615384615384615,0,1,1
BEELPVP0,Moses Frase,MG Special,Scottech,Lost,2017-08-05,2017-08-15,0.0,Banking,0,0.0,10,0.6615384615384615,0,1,1
2DOZJ7GT,Versie Hillebrand,MG Advanced,Gogozoom,Lost,2017-08-05,2017-11-08,0.0,Telecom,0,0.0,95,0.6666666666666666,6,1,1
1V1L46NV,Versie Hillebrand,GTX Basic,Rundofase,Won,2017-08-05,2017-11-09,563.0,Public Sector,1,563.0,96,0.6666666666666666,3,1,1
SGYL0QMJ,Zane Levy,GTXPro,Plexzap,Lost,2017-08-05,2017-11-07,0.0,Manufacturing,0,0.0,94,0.6168582375478927,2,1,2
XNOQAL9G,Anna Snelling,MG Special,Betatech,Lost,2017-08-06,2017-11-29,0.0,Public Sector,0,0.0,115,0.6190476190476191,3,1,2
2PP30ME4,Corliss Cosme,GTX Plus Basic,Konex,Lost,2017-08-06,2017-11-04,0.0,Public Sector,0,0.0,90,0.6550218340611353,3,1,2
UADVV91I,Corliss Cosme,MG Special,Bluth Company,Won,2017-08-06,2017-12-01,59.0,Energy,1,59.0,117,0.6550218340611353,1,1,2
E9PMCMA3,Corliss Cosme,MG Special,Donquadtech,Won,2017-08-06,2017-11-14,54.0,Shipping,1,54.0,100,0.6550218340611353,5,1,0
EGW6AN01,Daniell Hammack,MG Advanced,Donquadtech,Lost,2017-08-06,2017-11-08,0.0,Shipping,0,0.0,94,0.6096256684491979,5,1,2
NI5XQR33,Darcel Schlecht,GTX Plus Basic,Cancity,Lost,2017-08-06,2017-08-14,0.0,Public Sector,0,0.0,8,0.6311030741410488,3,1,1
QYUZ3KVU,Donn Cantrell,MG Advanced,Mathtouch,Won,2017-08-06,2017-08-11,3114.0,Energy,1,3114.0,5,0.5745454545454546,1,1,2
5TOZM59X,Elease Gluck,MG Special,Rantouch,Won,2017-08-06,2017-08-17,60.0,Energy,1,60.0,11,0.6349206349206349,1,1,0
XWOG5DC0,Garret Kinder,GTX Basic,Donware,Lost,2017-08-06,2017-11-08,0.0,Banking,0,0.0,94,0.6097560975609756,0,1,1
IQAFSIV4,Garret Kinder,GTX Basic,Kan-code,Won,2017-08-06,2017-08-27,422.0,Public Sector,1,422.0,21,0.6097560975609756,3,1,2
EETBBG75,Garret Kinder,MG Advanced,Konex,Won,2017-08-06,2017-09-20,3971.0,Public Sector,1,3971.0,45,0.6097560975609756,3,1,2
STYAF310,Kami Bicknell,GTX Plus Basic,Faxquote,Lost,2017-08-06,2017-11-04,0.0,Telecom,0,0.0,90,0.6397058823529411,6,1,2
6W7QAH1B,Kami Bicknell,GTX Basic,Konex,Won,2017-08-06,2017-12-18,510.0,Public Sector,1,510.0,134,0.6397058823529411,3,1,1
KXLD5YKX,Kami Bicknell,MG Advanced,Scotfind,Won,2017-08-06,2017-11-19,4032.0,Telecom,1,4032.0,105,0.6397058823529411,6,1,1
ESYGBBLP,Lajuana Vencill,GTX Basic,Dontechi,Lost,2017-08-06,2017-12-10,0.0,Shipping,0,0.0,126,0.5497835497835498,5,1,0
ZDSAVCDQ,Rosie Papadopoulos,MG Special,Plussunin,Won,2017-08-06,2017-08-12,52.0,Energy,1,52.0,6,0.6446280991735537,1,1,1
QRWC159J,Boris Faz,MG Advanced,Sumace,Lost,2017-08-07,2017-12-08,0.0,Energy,0,0.0,123,0.6601307189542484,1,1,1
TXPUCPT8,Cecily Lampkin,MG Advanced,Globex Corporation,Won,2017-08-07,2017-11-17,3684.0,Retail,1,3684.0,102,0.66875,4,1,2
2ZVWE5NE,Corliss Cosme,GTX Plus Basic,Sumace,Lost,2017-08-07,2017-12-19,0.0,Energy,0,0.0,134,0.6550218340611353,1,1,1
4335LVQT,Corliss Cosme,GTX Plus Pro,Zotware,Won,2017-08-07,2017-11-19,4648.0,Banking,1,4648.0,104,0.6550218340611353,0,1,2
MJ0RRDLN,Corliss Cosme,GTXPro,Gekko & Co,Won,2017-08-07,2017-12-05,4639.0,Telecom,1,4639.0,120,0.6550218340611353,6,1,2
QAJPUEN2,Darcel Schlecht,GTXPro,Betatech,Lost,2017-08-07,2017-08-18,0.0,Public Sector,0,0.0,11,0.6311030741410488,3,1,1
4XLLUO6J,Darcel Schlecht,GTX Plus Pro,Inity,Won,2017-08-07,2017-09-17,6360.0,Manufacturing,1,6360.0,41,0.6311030741410488,2,1,0
5R408EB5,Elease Gluck,GTX Plus Basic,Singletechno,Lost,2017-08-07,2017-12-19,0.0,Retail,0,0.0,134,0.6349206349206349,4,1,0
FB0Q3FYP,Gladys Colclough,GTXPro,Inity,Won,2017-08-07,2017-09-22,4722.0,Manufacturing,1,4722.0,46,0.5818965517241379,2,1,1
JZ2VUXZQ,Hayden Neloms,GTX Plus Basic,Rantouch,Lost,2017-08-07,2017-08-26,0.0,Energy,0,0.0,19,0.7039473684210527,1,1,0
RB54V758,James Ascencio,MG Advanced,Sunnamplex,Won,2017-08-07,2017-08-17,3039.0,Public Sector,1,3039.0,10,0.6553398058252428,3,1,2
38C7HEG6,Jonathan Berthelot,GTX Plus Basic,Rundofase,Won,2017-08-07,2017-11-01,1080.0,Public Sector,1,1080.0,86,0.6477272727272727,3,1,2
FNXCNUR1,Kami Bicknell,GTX Plus Basic,Blackzim,Lost,2017-08-07,2017-11-24,0.0,Telecom,0,0.0,109,0.6397058823529411,6,1,1
DSPMSOTB,Lajuana Vencill,MG Advanced,Globex Corporation,Won,2017-08-07,2017-12-13,3063.0,Retail,1,3063.0,128,0.5497835497835498,4,1,0
AOVU3VUJ,Markita Hansen,GTX Basic,Konex,Lost,2017-08-07,2017-11-17,0.0,Public Sector,0,0.0,102,0.5726872246696035,3,1,0
6DUFMKIG,Vicki Laflamme,MG Special,J-Texon,Lost,2017-08-07,2017-08-13,0.0,Telecom,0,0.0,6,0.6368876080691642,6,1,2
R2DID6L7,Violet Mclelland,MG Special,Acme Corporation,Won,2017-08-07,2017-11-04,52.0,Shipping,1,52.0,89,0.6321243523316062,5,1,1
WHS3UZHR,Violet Mclelland,MG Special,Bluth Company,Won,2017-08-07,2017-11-09,51.0,Energy,1,51.0,94,0.6321243523316062,1,1,0
5UFQONQU,Zane Levy,GTXPro,Condax,Won,2017-08-07,2017-11-27,4480.0,Banking,1,4480.0,112,0.6168582375478927,0,1,1
RRQIGS7E,Anna Snelling,MG Special,dambase,Won,2017-08-08,2017-08-18,53.0,Retail,1,53.0,10,0.6190476190476191,4,1,0
1VFRN1GB,Cassey Cress,GTX Basic,Xx-zobam,Won,2017-08-08,2017-08-27,582.0,Manufacturing,1,582.0,19,0.6245210727969349,2,1,2
AHXFADIU,Cecily Lampkin,GTX Plus Pro,Cancity,Lost,2017-08-08,2017-11-01,0.0,Public Sector,0,0.0,85,0.66875,3,1,2
PWKFVQFA,Cecily Lampkin,MG Advanced,Warephase,Won,2017-08-08,2017-11-08,3354.0,Retail,1,3354.0,92,0.66875,4,1,1
8CAXVCDF,Daniell Hammack,MG Advanced,Donware,Lost,2017-08-08,2017-08-09,0.0,Banking,0,0.0,1,0.6096256684491979,0,1,2
0SIWRBDT,Daniell Hammack,GTX Plus Basic,Konex,Won,2017-08-08,2017-12-22,1135.0,Public Sector,1,1135.0,136,0.6096256684491979,3,1,0
VQB0ZCYJ,Donn Cantrell,GTXPro,Initech,Won,2017-08-08,2017-08-11,4859.0,Banking,1,4859.0,3,0.5745454545454546,0,1,2
6IMKESNY,Jonathan Berthelot,GTX Plus Basic,Toughzap,Won,2017-08-08,2017-08-17,1085.0,Retail,1,1085.0,9,0.6477272727272727,4,1,1
18N5WD04,Kary Hendrixson,MG Special,Singletechno,Lost,2017-08-08,2017-09-24,0.0,Retail,0,0.0,47,0.6238805970149254,4,1,1
R26IBPEJ,Lajuana Vencill,GTX Basic,Finhigh,Lost,2017-08-08,2017-11-13,0.0,Banking,0,0.0,97,0.5497835497835498,0,1,1
TCBW39GW,Marty Freudenburg,GTX Plus Basic,Zumgoity,Won,2017-08-08,2017-11-07,1196.0,Public Sector,1,1196.0,91,0.6288659793814433,3,1,0
F9QHNS68,Marty Freudenburg,GTX Plus Pro,Warephase,Won,2017-08-08,2017-08-19,5572.0,Retail,1,5572.0,11,0.6288659793814433,4,1,0
7DA7E2K7,Maureen Marcano,MG Advanced,J-Texon,Won,2017-08-08,2017-11-06,3415.0,Telecom,1,3415.0,90,0.6995305164319249,6,1,0
GTH7MXLG,Versie Hillebrand,MG Special,Scottech,Lost,2017-08-08,2017-08-15,0.0,Banking,0,0.0,7,0.6666666666666666,0,1,0
2QISWUQ9,Cassey Cress,GTX Basic,Kinnamplus,Lost,2017-08-09,2017-12-05,0.0,Telecom,0,0.0,118,0.6245210727969349,6,1,0
8CJ0DC9P,Daniell Hammack,GTX Plus Basic,Vehement Capital Partners,Lost,2017-08-09,2017-11-12,0.0,Banking,0,0.0,95,0.6096256684491979,0,1,2
S0WEFDP2,Daniell Hammack,GTX Plus Basic,Plussunin,Won,2017-08-09,2017-09-24,1176.0,Energy,1,1176.0,46,0.6096256684491979,1,1,0
PXXIJWXD,Darcel Schlecht,GTXPro,Streethex,Won,2017-08-09,2017-11-02,4313.0,Banking,1,4313.0,85,0.6311030741410488,0,1,0
AQFXE1TA,Donn Cantrell,GTXPro,Konex,Won,2017-08-09,2017-09-15,4662.0,Public Sector,1,4662.0,37,0.5745454545454546,3,1,2
N4JDVO8F,Elease Gluck,GTX Basic,Singletechno,Lost,2017-08-09,2017-08-12,0.0,Retail,0,0.0,3,0.6349206349206349,4,1,0
GXJF1O6U,Elease Gluck,MG Advanced,Cheers,Lost,2017-08-09,2017-11-18,0.0,Telecom,0,0.0,101,0.6349206349206349,6,1,1
UZTMM5MG,Garret Kinder,GTXPro,Xx-zobam,Lost,2017-08-09,2017-11-20,0.0,Manufacturing,0,0.0,103,0.6097560975609756,2,1,0
XMVJ5X59,Garret Kinder,MG Advanced,Plussunin,Won,2017-08-09,2017-11-07,2715.0,Energy,1,2715.0,90,0.6097560975609756,1,1,0
AJ3CFCFA,Hayden Neloms,GTX Plus Basic,Hatfan,Lost,2017-08-09,2017-11-19,0.0,Public Sector,0,0.0,102,0.7039473684210527,3,1,1
SX73M3HS,James Ascencio,GTX Basic,Hottechi,Won,2017-08-09,2017-12-19,511.0,Public Sector,1,511.0,132,0.6553398058252428,3,1,1
YDUL6H8V,Markita Hansen,GTX Plus Basic,Goodsilron,Won,2017-08-09,2017-12-08,1017.0,Energy,1,1017.0,121,0.5726872246696035,1,1,1
DY5RYWTV,Maureen Marcano,GTX Plus Basic,Labdrill,Lost,2017-08-09,2017-08-20,0.0,Energy,0,0.0,11,0.6995305164319249,1,1,1
3F9NDPA0,Maureen Marcano,GTX Plus Basic,Konex,Won,2017-08-09,2017-08-10,1102.0,Public Sector,1,1102.0,1,0.6995305164319249,3,1,0
UMKU4ZGE,Maureen Marcano,MG Special,Kan-code,Won,2017-08-09,2017-12-04,67.0,Public Sector,1,67.0,117,0.6995305164319249,3,1,1
56SRDF1B,Moses Frase,MG Special,Genco Pura Olive Oil Company,Won,2017-08-09,2017-09-09,59.0,Manufacturing,1,59.0,31,0.6615384615384615,2,1,1
ID7F5VGK,Niesha Huffines,GTX Plus Pro,Domzoom,Lost,2017-08-09,2017-11-25,0.0,Retail,0,0.0,108,0.6,4,1,2
6UQTAD4C,Niesha Huffines,GTX Basic,Hottechi,Won,2017-08-09,2017-12-09,569.0,Public Sector,1,569.0,122,0.6,3,1,1
HT17GEXI,Reed Clapper,GTX Basic,Xx-zobam,Won,2017-08-09,2017-12-13,517.0,Manufacturing,1,517.0,126,0.6540084388185654,2,1,1
5Q2BP80H,Wilburn Farren,GTX Basic,Iselectrics,Lost,2017-08-09,2017-11-03,0.0,Energy,0,0.0,86,0.6962025316455697,1,1,2
JVKP9OCT,Boris Faz,GTX Plus Basic,Donware,Won,2017-08-10,2017-08-22,1171.0,Banking,1,1171.0,12,0.6601307189542484,0,1,2
COJKCSVG,Corliss Cosme,GTX Basic,Kinnamplus,Lost,2017-08-10,2017-08-22,0.0,Telecom,0,0.0,12,0.6550218340611353,6,1,0
533RTCAL,Corliss Cosme,GTX Plus Basic,Donquadtech,Won,2017-08-10,2017-08-20,1143.0,Shipping,1,1143.0,10,0.6550218340611353,5,1,2
NUBMO8S7,Daniell Hammack,GTXPro,Kan-code,Won,2017-08-10,2017-12-07,5315.0,Public Sector,1,5315.0,119,0.6096256684491979,3,1,0
DNL2IICB,Darcel Schlecht,MG Advanced,Codehow,Lost,2017-08-10,2017-08-12,0.0,Telecom,0,0.0,2,0.6311030741410488,6,1,2
X7V78ZY0,Elease Gluck,MG Special,Scotfind,Won,2017-08-10,2017-08-16,49.0,Telecom,1,49.0,6,0.6349206349206349,6,1,2
5GEBBVQQ,Garret Kinder,GTX Plus Pro,Bubba Gump,Lost,2017-08-10,2017-11-06,0.0,Retail,0,0.0,88,0.6097560975609756,4,1,0
DMN53GAI,Hayden Neloms,MG Advanced,J-Texon,Won,2017-08-10,2017-08-13,3511.0,Telecom,1,3511.0,3,0.7039473684210527,6,1,2
B7VEJNPV,Jonathan Berthelot,GTXPro,Codehow,Lost,2017-08-10,2017-11-23,0.0,Telecom,0,0.0,105,0.6477272727272727,6,1,0
CR13KZ71,Kary Hendrixson,GTXPro,Y-corporation,Lost,2017-08-10,2017-11-20,0.0,Manufacturing,0,0.0,102,0.6238805970149254,2,1,2
C23N9DE9,Marty Freudenburg,GTX Plus Basic,Codehow,Won,2017-08-10,2017-08-27,1108.0,Telecom,1,1108.0,17,0.6288659793814433,6,1,1
FW7QS11M,Maureen Marcano,MG Special,Golddex,Lost,2017-08-10,2017-11-07,0.0,Manufacturing,0,0.0,89,0.6995305164319249,2,1,2
ZRBHYBW9,Maureen Marcano,MG Special,Groovestreet,Lost,2017-08-10,2017-11-03,0.0,Retail,0,0.0,85,0.6995305164319249,4,1,0
JLK580ND,Niesha Huffines,GTX Basic,Stanredtax,Lost,2017-08-10,2017-09-16,0.0,Retail,0,0.0,37,0.6,4,1,2
GN9SQ77J,Niesha Huffines,GTX Plus Pro,Inity,Won,2017-08-10,2017-08-25,5671.0,Manufacturing,1,5671.0,15,0.6,2,1,0
1S09GEOL,Rosie Papadopoulos,GTX Basic,Bubba Gump,Lost,2017-08-10,2017-09-09,0.0,Retail,0,0.0,30,0.6446280991735537,4,1,0
W0TOD23Z,Versie Hillebrand,GTX Basic,Bioholding,Won,2017-08-10,2017-09-24,546.0,Banking,1,546.0,45,0.6666666666666666,0,1,1
2SI35CTV,Vicki Laflamme,MG Special,Golddex,Won,2017-08-10,2017-12-06,57.0,Manufacturing,1,57.0,118,0.6368876080691642,2,1,1
58CZCKFN,Vicki Laflamme,MG Advanced,Doncon,Won,2017-08-10,2017-09-28,3195.0,Shipping,1,3195.0,49,0.6368876080691642,5,1,0
3E6J4YRT,Violet Mclelland,GTX Basic,Zotware,Lost,2017-08-10,2017-11-06,0.0,Banking,0,0.0,88,0.6321243523316062,0,1,2
L4QYOBFW,Anna Snelling,MG Special,Globex Corporation,Lost,2017-08-11,2017-11-06,0.0,Retail,0,0.0,87,0.6190476190476191,4,1,0
DSC7UB3W,Anna Snelling,MG Special,Globex Corporation,Lost,2017-08-11,2017-08-23,0.0,Retail,0,0.0,12,0.6190476190476191,4,1,0
ZHXBOIJ6,Anna Snelling,MG Special,Dontechi,Won,2017-08-11,2017-08-18,46.0,Shipping,1,46.0,7,0.6190476190476191,5,1,2
FBVCN3BA,Anna Snelling,MG Special,Streethex,Won,2017-08-11,2017-11-07,65.0,Banking,1,65.0,88,0.6190476190476191,0,1,2
52FDATJV,James Ascencio,GTXPro,Cheers,Lost,2017-08-11,2017-08-24,0.0,Telecom,0,0.0,13,0.6553398058252428,6,1,2
KJGZN9D4,Jonathan Berthelot,GTX Basic,Rangreen,Won,2017-08-11,2017-11-11,526.0,Energy,1,526.0,92,0.6477272727272727,1,1,2
MITXNS42,Jonathan Berthelot,GTXPro,Genco Pura Olive Oil Company,Won,2017-08-11,2017-11-10,4809.0,Manufacturing,1,4809.0,91,0.6477272727272727,2,1,0
ORJRH2SQ,Markita Hansen,GTX Plus Basic,Green-Plus,Won,2017-08-11,2017-08-14,1105.0,Retail,1,1105.0,3,0.5726872246696035,4,1,0
GFU8P2SC,Versie Hillebrand,MG Special,Bioholding,Lost,2017-08-11,2017-08-17,0.0,Banking,0,0.0,6,0.6666666666666666,0,1,1
SBCNMFUN,Vicki Laflamme,MG Special,Sunnamplex,Won,2017-08-11,2017-08-16,56.0,Public Sector,1,56.0,5,0.6368876080691642,3,1,0
JCIKEHD8,Violet Mclelland,GTX Plus Basic,Iselectrics,Lost,2017-08-11,2017-11-09,0.0,Energy,0,0.0,90,0.6321243523316062,1,1,2
GVZMMURY,Zane Levy,GTXPro,Hatfan,Lost,2017-08-11,2017-11-29,0.0,Public Sector,0,0.0,110,0.6168582375478927,3,1,1
0PUDG8KY,Cassey Cress,GTX Basic,Zathunicon,Lost,2017-08-12,2017-08-24,0.0,Retail,0,0.0,12,0.6245210727969349,4,1,2
XTCCGBYM,Cassey Cress,GTXPro,Ganjaflex,Won,2017-08-12,2017-11-10,4161.0,Retail,1,4161.0,90,0.6245210727969349,4,1,0
0UB5IQXA,Cecily Lampkin,MG Special,Codehow,Won,2017-08-12,2017-11-23,65.0,Telecom,1,65.0,103,0.66875,6,1,1
EIS1B0GM,Corliss Cosme,GTXPro,Umbrella Corporation,Lost,2017-08-12,2017-08-13,0.0,Public Sector,0,0.0,1,0.6550218340611353,3,1,2
ASVOOKMY,Corliss Cosme,GTX Basic,Zathunicon,Won,2017-08-12,2017-09-03,524.0,Retail,1,524.0,22,0.6550218340611353,4,1,1
WAPSW48Y,Darcel Schlecht,GTXPro,Ron-tech,Lost,2017-08-12,2017-11-01,0.0,Manufacturing,0,0.0,81,0.6311030741410488,2,1,1
J6TNURHV,Darcel Schlecht,GTX Basic,Inity,Won,2017-08-12,2017-11-20,481.0,Manufacturing,1,481.0,100,0.6311030741410488,2,1,0
9PG07FPP,Darcel Schlecht,GTX Basic,Treequote,Won,2017-08-12,2017-11-11,520.0,Retail,1,520.0,91,0.6311030741410488,4,1,2
U3HKMX4U,Darcel Schlecht,GTXPro,Codehow,Won,2017-08-12,2017-11-04,4582.0,Telecom,1,4582.0,84,0.6311030741410488,6,1,1
A7YPY8KI,Elease Gluck,MG Special,Fasehatice,Won,2017-08-12,2017-08-21,53.0,Telecom,1,53.0,9,0.6349206349206349,6,1,1
IFTZ75Z9,Kary Hendrixson,GTX Plus Basic,Labdrill,Lost,2017-08-12,2017-12-03,0.0,Energy,0,0.0,113,0.6238805970149254,1,1,2
E8QYYAGE,Lajuana Vencill,GTX Basic,Stanredtax,Lost,2017-08-12,2017-09-12,0.0,Retail,0,0.0,31,0.5497835497835498,4,1,1
XE0H6MOP,Maureen Marcano,GTX Basic,Hottechi,Won,2017-08-12,2017-09-22,559.0,Public Sector,1,559.0,41,0.6995305164319249,3,1,1
R0YCRJVQ,Moses Frase,MG Advanced,Isdom,Lost,2017-08-12,2017-08-17,0.0,Retail,0,0.0,5,0.6615384615384615,4,1,1
3OA6FZUD,Versie Hillebrand,MG Advanced,Treequote,Won,2017-08-12,2017-11-29,3165.0,Retail,1,3165.0,109,0.6666666666666666,4,1,2
SUOT8GB6,Vicki Laflamme,MG Advanced,Blackzim,Won,2017-08-12,2017-11-14,3779.0,Telecom,1,3779.0,94,0.6368876080691642,6,1,2
Q3TDGMAR,Violet Mclelland,MG Special,Donquadtech,Won,2017-08-12,2017-11-12,48.0,Shipping,1,48.0,92,0.6321243523316062,5,1,2
HQ2QSZUP,Anna Snelling,MG Special,Streethex,Won,2017-08-13,2017-11-02,50.0,Banking,1,50.0,81,0.6190476190476191,0,1,2
V01XCOAS,Boris Faz,MG Special,Umbrella Corporation,Lost,2017-08-13,2017-11-22,0.0,Public Sector,0,0.0,101,0.6601307189542484,3,1,0
O35V5CTW,Cassey Cress,MG Advanced,Xx-zobam,Lost,2017-08-13,2017-11-24,0.0,Manufacturing,0,0.0,103,0.6245210727969349,2,1,1
AIU1UWJZ,Corliss Cosme,GTXPro,Zotware,Won,2017-08-13,2017-08-22,4498.0,Banking,1,4498.0,9,0.6550218340611353,0,1,2
C205FMDE,Corliss Cosme,MG Special,Zencorporation,Won,2017-08-13,2017-09-01,59.0,Shipping,1,59.0,19,0.6550218340611353,5,1,1
KLIOLWPC,Daniell Hammack,GTXPro,The New York Inquirer,Lost,2017-08-13,2017-08-17,0.0,Banking,0,0.0,4,0.6096256684491979,0,1,1
OF5AZQID,Darcel Schlecht,GTXPro,Dontechi,Won,2017-08-13,2017-11-05,4810.0,Shipping,1,4810.0,84,0.6311030741410488,5,1,0
8H0UQYXW,James Ascencio,MG Advanced,Kan-code,Won,2017-08-13,2017-11-07,3972.0,Public Sector,1,3972.0,86,0.6553398058252428,3,1,2
ZW2GDFKC,Kary Hendrixson,MG Special,J-Texon,Lost,2017-08-13,2017-08-24,0.0,Telecom,0,0.0,11,0.6238805970149254,6,1,2
96MOALT0,Kary Hendrixson,GTX Basic,Konex,Won,2017-08-13,2017-08-18,573.0,Public Sector,1,573.0,5,0.6238805970149254,3,1,1
714B6OB2,Markita Hansen,GTX Plus Pro,Fasehatice,Lost,2017-08-13,2017-11-18,0.0,Telecom,0,0.0,97,0.5726872246696035,6,1,2
W6OX0S1Q,Markita Hansen,GTXPro,Goodsilron,Lost,2017-08-13,2017-08-21,0.0,Energy,0,0.0,8,0.5726872246696035,1,1,1
B5WZQP1F,Markita Hansen,GTXPro,Zoomit,Won,2017-08-13,2017-11-28,5540.0,Energy,1,5540.0,107,0.5726872246696035,1,1,1
CYBWWANG,Marty Freudenburg,MG Special,Konmatfix,Lost,2017-08-13,2017-11-25,0.0,Shipping,0,0.0,104,0.6288659793814433,5,1,0
4BUQW2T0,Maureen Marcano,GTX Plus Basic,Cheers,Won,2017-08-13,2017-08-24,1130.0,Telecom,1,1130.0,11,0.6995305164319249,6,1,0
ZHOK77B4,Reed Clapper,GTXPro,Zotware,Won,2017-08-13,2017-11-02,4743.0,Banking,1,4743.0,81,0.6540084388185654,0,1,0
TP4SDOPW,Reed Clapper,MG Advanced,Plussunin,Won,2017-08-13,2017-08-29,3732.0,Energy,1,3732.0,16,0.6540084388185654,1,1,1
BUZMB3Q4,Vicki Laflamme,MG Special,Finjob,Won,2017-08-13,2017-11-26,59.0,Manufacturing,1,59.0,105,0.6368876080691642,2,1,2
92VGMPKP,Zane Levy,GTXPro,Goodsilron,Lost,2017-08-13,2017-11-07,0.0,Energy,0,0.0,86,0.6168582375478927,1,1,0
JTXYATXL,Zane Levy,GTX Basic,Konex,Won,2017-08-13,2017-11-15,510.0,Public Sector,1,510.0,94,0.6168582375478927,3,1,2
DCOMI70R,Anna Snelling,GTX Plus Pro,Inity,Lost,2017-08-14,2017-08-20,0.0,Manufacturing,0,0.0,6,0.6190476190476191,2,1,0
5OOZTQK7,Cassey Cress,MG Advanced,Ganjaflex,Lost,2017-08-14,2017-08-22,0.0,Retail,0,0.0,8,0.6245210727969349,4,1,0
P2PVED7R,Cassey Cress,GTX Plus Basic,Kan-code,Won,2017-08-14,2017-08-30,907.0,Public Sector,1,907.0,16,0.6245210727969349,3,1,1
LFMMI05H,Cassey Cress,GTX Plus Pro,Acme Corporation,Won,2017-08-14,2017-12-21,5881.0,Shipping,1,5881.0,129,0.6245210727969349,5,1,0
99NDUEKO,Cecily Lampkin,GTX Plus Pro,Betatech,Lost,2017-08-14,2017-11-09,0.0,Public Sector,0,0.0,87,0.66875,3,1,0
2ICN8RJP,Darcel Schlecht,GTXPro,Rundofase,Won,2017-08-14,2017-11-04,3902.0,Public Sector,1,3902.0,82,0.6311030741410488,3,1,1
YKMHSGNU,Hayden Neloms,MG Advanced,Y-corporation,Lost,2017-08-14,2017-11-29,0.0,Manufacturing,0,0.0,107,0.7039473684210527,2,1,2
N0XWYRBU,Kami Bicknell,GTX Plus Pro,Goodsilron,Won,2017-08-14,2017-11-10,6186.0,Energy,1,6186.0,88,0.6397058823529411,1,1,0
HY9VGF58,Kary Hendrixson,GTX Plus Basic,Plexzap,Won,2017-08-14,2017-08-24,1094.0,Manufacturing,1,1094.0,10,0.6238805970149254,2,1,1
EPC4NBJ5,Maureen Marcano,GTX Plus Basic,Golddex,Lost,2017-08-14,2017-08-28,0.0,Manufacturing,0,0.0,14,0.6995305164319249,2,1,0
MVU1OZVS,Versie Hillebrand,MG Special,Rangreen,Won,2017-08-14,2017-11-30,53.0,Energy,1,53.0,108,0.6666666666666666,1,1,1
1BAF1ZYL,Vicki Laflamme,GTX Basic,Plexzap,Won,2017-08-14,2017-08-19,551.0,Manufacturing,1,551.0,5,0.6368876080691642,2,1,2
UV45XZWJ,Zane Levy,MG Special,Blackzim,Lost,2017-08-14,2017-08-18,0.0,Telecom,0,0.0,4,0.6168582375478927,6,1,2
3HTSMIGI,Anna Snelling,GTX Plus Basic,Betatech,Lost,2017-08-15,2017-09-27,0.0,Public Sector,0,0.0,43,0.6190476190476191,3,1,1
B5GG52AB,Anna Snelling,GTX Plus Pro,Inity,Lost,2017-08-15,2017-11-15,0.0,Manufacturing,0,0.0,92,0.6190476190476191,2,1,1
MTBQF6FE,Anna Snelling,MG Special,Globex Corporation,Won,2017-08-15,2017-11-05,57.0,Retail,1,57.0,82,0.6190476190476191,4,1,1
3S3O03ZV,Cassey Cress,GTX Basic,Gekko & Co,Won,2017-08-15,2017-08-25,552.0,Telecom,1,552.0,10,0.6245210727969349,6,1,2
62TFLOG6,Corliss Cosme,MG Advanced,Condax,Lost,2017-08-15,2017-08-28,0.0,Banking,0,0.0,13,0.6550218340611353,0,1,0
94JT388Y,Corliss Cosme,GTX Plus Pro,The New York Inquirer,Won,2017-08-15,2017-09-01,4520.0,Banking,1,4520.0,17,0.6550218340611353,0,1,2
AKC9GNVA,Corliss Cosme,GTXPro,Umbrella Corporation,Won,2017-08-15,2017-11-09,5868.0,Public Sector,1,5868.0,86,0.6550218340611353,3,1,1
0R1F3OIN,Daniell Hammack,MG Advanced,Bioplex,Won,2017-08-15,2017-08-22,2682.0,Retail,1,2682.0,7,0.6096256684491979,4,1,1
WDUOD19F,Darcel Schlecht,GTX Plus Basic,Dontechi,Lost,2017-08-15,2017-12-03,0.0,Shipping,0,0.0,110,0.6311030741410488,5,1,2
SFXFXRYV,Darcel Schlecht,GTXPro,Ron-tech,Lost,2017-08-15,2017-11-20,0.0,Manufacturing,0,0.0,97,0.6311030741410488,2,1,1
ANZJNT1Q,Darcel Schlecht,GTX Plus Basic,Rundofase,Won,2017-08-15,2017-08-25,1104.0,Public Sector,1,1104.0,10,0.6311030741410488,3,1,2
MX3QZ682,Darcel Schlecht,GTXPro,Globex Corporation,Won,2017-08-15,2017-11-09,5107.0,Retail,1,5107.0,86,0.6311030741410488,4,1,1
WMJDLTEF,Donn Cantrell,GTX Basic,Ontomedia,Won,2017-08-15,2017-11-25,533.0,Manufacturing,1,533.0,102,0.5745454545454546,2,1,0
3XUKEIQF,Donn Cantrell,GTX Plus Pro,Plussunin,Won,2017-08-15,2017-12-11,5454.0,Energy,1,5454.0,118,0.5745454545454546,1,1,0
GBQ8OLNP,Gladys Colclough,GTX Plus Pro,Warephase,Lost,2017-08-15,2017-09-05,0.0,Retail,0,0.0,21,0.5818965517241379,4,1,1
Y69M70YC,Gladys Colclough,GTXPro,dambase,Lost,2017-08-15,2017-11-01,0.0,Retail,0,0.0,78,0.5818965517241379,4,1,2
3UOIHNKR,James Ascencio,GTX Plus Pro,Plusstrip,Won,2017-08-15,2017-09-03,5533.0,Public Sector,1,5533.0,19,0.6553398058252428,3,1,0
5WVY52IX,Jonathan Berthelot,MG Special,Statholdings,Won,2017-08-15,2017-11-12,57.0,Manufacturing,1,57.0,89,0.6477272727272727,2,1,2
3K3LQ0H5,Kami Bicknell,GTX Basic,Scotfind,Won,2017-08-15,2017-08-23,557.0,Telecom,1,557.0,8,0.6397058823529411,6,1,1
3THRXZLP,Markita Hansen,GTX Plus Basic,Scotfind,Lost,2017-08-15,2017-11-12,0.0,Telecom,0,0.0,89,0.5726872246696035,6,1,2
H45TYGRR,Markita Hansen,MG Advanced,Fasehatice,Won,2017-08-15,2017-08-26,3271.0,Telecom,1,3271.0,11,0.5726872246696035,6,1,0
E4A92U26,Marty Freudenburg,GTX Plus Pro,Isdom,Lost,2017-08-15,2017-08-27,0.0,Retail,0,0.0,12,0.6288659793814433,4,1,2
JNYA5ZHI,Moses Frase,MG Special,Codehow,Lost,2017-08-15,2017-11-10,0.0,Telecom,0,0.0,87,0.6615384615384615,6,1,2
DCNA3CA1,Moses Frase,GTX Basic,Scottech,Won,2017-08-15,2017-12-18,716.0,Banking,1,716.0,125,0.6615384615384615,0,1,1
484WREJQ,Reed Clapper,GTX Plus Basic,Zencorporation,Won,2017-08-15,2017-09-03,1024.0,Shipping,1,1024.0,19,0.6540084388185654,5,1,1
6H1MBBVR,Reed Clapper,GTXPro,Mathtouch,Won,2017-08-15,2017-08-23,4545.0,Energy,1,4545.0,8,0.6540084388185654,1,1,1
2TI1UFAA,Rosie Papadopoulos,MG Special,Acme Corporation,Lost,2017-08-15,2017-11-17,0.0,Shipping,0,0.0,94,0.6446280991735537,5,1,0
BJWKG319,Vicki Laflamme,GTXPro,Faxquote,Lost,2017-08-15,2017-08-23,0.0,Telecom,0,0.0,8,0.6368876080691642,6,1,0
IDYA1X6O,Violet Mclelland,MG Special,Donquadtech,Won,2017-08-15,2017-11-23,55.0,Shipping,1,55.0,100,0.6321243523316062,5,1,1
U83R2K8I,Anna Snelling,MG Special,Treequote,Won,2017-08-16,2017-08-29,53.0,Retail,1,53.0,13,0.6190476190476191,4,1,1
PH1IKJ0W,Boris Faz,GTXPro,Kan-code,Won,2017-08-16,2017-11-26,4732.0,Public Sector,1,4732.0,102,0.6601307189542484,3,1,0
8BP0QGNP,Cassey Cress,GTX Basic,Zencorporation,Won,2017-08-16,2017-11-16,578.0,Shipping,1,578.0,92,0.6245210727969349,5,1,0
BIH4D0JL,Kami Bicknell,GTX Basic,Blackzim,Won,2017-08-16,2017-08-23,557.0,Telecom,1,557.0,7,0.6397058823529411,6,1,0
M49ZMLGL,Kami Bicknell,MG Special,Finjob,Won,2017-08-16,2017-09-04,57.0,Manufacturing,1,57.0,19,0.6397058823529411,2,1,0
OQAXHZXD,Markita Hansen,GTX Basic,Kan-code,Lost,2017-08-16,2017-08-26,0.0,Public Sector,0,0.0,10,0.5726872246696035,3,1,1
FRRJMFIJ,Rosie Papadopoulos,GTX Basic,Kan-code,Won,2017-08-16,2017-09-24,501.0,Public Sector,1,501.0,39,0.6446280991735537,3,1,0
QROXE17S,Versie Hillebrand,GTX Plus Basic,Rangreen,Won,2017-08-16,2017-08-29,1084.0,Energy,1,1084.0,13,0.6666666666666666,1,1,1
H3ZR0CQW,Versie Hillebrand,MG Special,Dontechi,Won,2017-08-16,2017-09-02,56.0,Shipping,1,56.0,17,0.6666666666666666,5,1,2
9LY4MLGO,Zane Levy,GTX Basic,Singletechno,Lost,2017-08-16,2017-11-13,0.0,Retail,0,0.0,89,0.6168582375478927,4,1,2
X2GXIKND,Anna Snelling,GTX Plus Pro,Hottechi,Won,2017-08-17,2017-11-22,5468.0,Public Sector,1,5468.0,97,0.6190476190476191,3,1,0
KP1L9SXH,Cassey Cress,GTX Basic,Zencorporation,Won,2017-08-17,2017-11-19,567.0,Shipping,1,567.0,94,0.6245210727969349,5,1,2
84OTUTQX,Corliss Cosme,GTX Plus Basic,Gekko & Co,Lost,2017-08-17,2017-11-05,0.0,Telecom,0,0.0,80,0.6550218340611353,6,1,2
DVAOMCYK,Darcel Schlecht,GTX Plus Basic,Dontechi,Won,2017-08-17,2017-11-19,1029.0,Shipping,1,1029.0,94,0.6311030741410488,5,1,2
9LJAADWH,Kary Hendrixson,GTX Basic,Fasehatice,Won,2017-08-17,2017-11-08,430.0,Telecom,1,430.0,83,0.6238805970149254,6,1,0
8BGC94TT,Maureen Marcano,GTXPro,Kan-code,Won,2017-08-17,2017-11-17,5316.0,Public Sector,1,5316.0,92,0.6995305164319249,3,1,0
P8GXMSXL,Moses Frase,MG Advanced,Ron-tech,Lost,2017-08-17,2017-08-28,0.0,Manufacturing,0,0.0,11,0.6615384615384615,2,1,2
HIOHPBO1,Rosie Papadopoulos,MG Advanced,Kan-code,Won,2017-08-17,2017-09-04,3913.0,Public Sector,1,3913.0,18,0.6446280991735537,3,1,1
ESU5NGML,Versie Hillebrand,GTX Basic,Zumgoity,Lost,2017-08-17,2017-08-24,0.0,Public Sector,0,0.0,7,0.6666666666666666,3,1,2
7NDOEFEB,Versie Hillebrand,MG Special,Toughzap,Lost,2017-08-17,2017-08-20,0.0,Retail,0,0.0,3,0.6666666666666666,4,1,0
H5SSSZ11,Vicki Laflamme,MG Advanced,Condax,Lost,2017-08-17,2017-08-18,0.0,Banking,0,0.0,1,0.6368876080691642,0,1,0
IZ8DDEIO,Vicki Laflamme,MG Advanced,Plexzap,Lost,2017-08-17,2017-11-11,0.0,Manufacturing,0,0.0,86,0.6368876080691642,2,1,0
5A4Q7X1W,Zane Levy,GTX Basic,Hottechi,Won,2017-08-17,2017-09-03,655.0,Public Sector,1,655.0,17,0.6168582375478927,3,1,2
UGXAZ29V,Zane Levy,MG Special,Groovestreet,Won,2017-08-17,2017-08-31,46.0,Retail,1,46.0,14,0.6168582375478927,4,1,1
RMUIMYJU,Boris Faz,GTX Plus Pro,Acme Corporation,Lost,2017-08-18,2017-08-26,0.0,Shipping,0,0.0,8,0.6601307189542484,5,1,0
CYIMFEWC,Cecily Lampkin,MG Advanced,dambase,Lost,2017-08-18,2017-08-24,0.0,Retail,0,0.0,6,0.66875,4,1,0
DHVOS14H,Corliss Cosme,MG Advanced,Betasoloin,Lost,2017-08-18,2017-08-31,0.0,Banking,0,0.0,13,0.6550218340611353,0,1,2
58CABL04,Corliss Cosme,GTX Plus Pro,Silis,Won,2017-08-18,2017-11-04,6372.0,Public Sector,1,6372.0,78,0.6550218340611353,3,1,1
0WERZ67T,Darcel Schlecht,GTX Plus Basic,Warephase,Won,2017-08-18,2017-11-13,986.0,Retail,1,986.0,87,0.6311030741410488,4,1,2
ENGMZL6Y,Darcel Schlecht,GTXPro,Betatech,Won,2017-08-18,2017-09-01,4817.0,Public Sector,1,4817.0,14,0.6311030741410488,3,1,0
15PJZKNT,Gladys Colclough,GTXPro,Stanredtax,Lost,2017-08-18,2017-08-31,0.0,Retail,0,0.0,13,0.5818965517241379,4,1,1
ZA2MIHIM,Hayden Neloms,GTX Plus Pro,Green-Plus,Won,2017-08-18,2017-08-20,6529.0,Retail,1,6529.0,2,0.7039473684210527,4,1,1
0GYOOM2R,Jonathan Berthelot,GTXPro,Scottech,Lost,2017-08-18,2017-08-25,0.0,Banking,0,0.0,7,0.6477272727272727,0,1,0
0SSUR0IY,Kary Hendrixson,GTX Basic,Hottechi,Lost,2017-08-18,2017-11-14,0.0,Public Sector,0,0.0,88,0.6238805970149254,3,1,1
1IY7Y42E,Kary Hendrixson,GTX Plus Pro,Condax,Won,2017-08-18,2017-11-14,4454.0,Banking,1,4454.0,88,0.6238805970149254,0,1,1
M0PGP5H2,Markita Hansen,GTX Plus Basic,Cheers,Won,2017-08-18,2017-09-14,1002.0,Telecom,1,1002.0,27,0.5726872246696035,6,1,2
PJ21R88K,Markita Hansen,MG Special,Green-Plus,Won,2017-08-18,2017-11-04,63.0,Retail,1,63.0,78,0.5726872246696035,4,1,0
E3L02XMN,Marty Freudenburg,GTX Basic,Ron-tech,Won,2017-08-18,2017-12-30,580.0,Manufacturing,1,580.0,134,0.6288659793814433,2,1,0
S3HMUXS1,Violet Mclelland,MG Special,Vehement Capital Partners,Won,2017-08-18,2017-12-07,49.0,Banking,1,49.0,111,0.6321243523316062,0,1,0
5HKITTHD,Boris Faz,GTX Plus Pro,Mathtouch,Won,2017-08-19,2017-12-03,5703.0,Energy,1,5703.0,106,0.6601307189542484,1,1,0
AZ8ACKLD,Cassey Cress,MG Special,Opentech,Lost,2017-08-19,2017-08-26,0.0,Retail,0,0.0,7,0.6245210727969349,4,1,0
ZN5CVY5V,Darcel Schlecht,GTX Basic,Finhigh,Lost,2017-08-19,2017-08-22,0.0,Banking,0,0.0,3,0.6311030741410488,0,1,1
G62CPKZO,Darcel Schlecht,MG Advanced,Dontechi,Lost,2017-08-19,2017-08-26,0.0,Shipping,0,0.0,7,0.6311030741410488,5,1,2
ONN55X1O,Donn Cantrell,GTXPro,Kan-code,Lost,2017-08-19,2017-11-11,0.0,Public Sector,0,0.0,84,0.5745454545454546,3,1,0
8N3GXBI5,Jonathan Berthelot,GTX Plus Basic,Funholding,Won,2017-08-19,2017-12-01,1148.0,Retail,1,1148.0,104,0.6477272727272727,4,1,2
IUKIZFB7,Kami Bicknell,GTX Basic,Singletechno,Lost,2017-08-19,2017-08-25,0.0,Retail,0,0.0,6,0.6397058823529411,4,1,2
TLJAFLON,Kary Hendrixson,GTX Basic,J-Texon,Lost,2017-08-19,2017-08-28,0.0,Telecom,0,0.0,9,0.6238805970149254,6,1,1
9J2JZGFJ,Kary Hendrixson,GTX Plus Basic,Groovestreet,Lost,2017-08-19,2017-11-26,0.0,Retail,0,0.0,99,0.6238805970149254,4,1,0
ON2ZRW1X,Kary Hendrixson,GTXPro,Hottechi,Won,2017-08-19,2017-12-24,4009.0,Public Sector,1,4009.0,127,0.6238805970149254,3,1,1
TXUDSYGY,Lajuana Vencill,MG Advanced,Rangreen,Won,2017-08-19,2017-11-02,3024.0,Energy,1,3024.0,75,0.5497835497835498,1,1,0
H7P5O25G,Moses Frase,MG Advanced,Funholding,Lost,2017-08-19,2017-11-20,0.0,Retail,0,0.0,93,0.6615384615384615,4,1,1
SKU6MLKY,Rosie Papadopoulos,MG Special,Xx-zobam,Lost,2017-08-19,2017-11-11,0.0,Manufacturing,0,0.0,84,0.6446280991735537,2,1,2
SYSPNKUR,Vicki Laflamme,GTXPro,Doncon,Won,2017-08-19,2017-11-27,5058.0,Shipping,1,5058.0,100,0.6368876080691642,5,1,0
O8E9L7VK,Zane Levy,GTX Basic,Cheers,Lost,2017-08-19,2017-11-25,0.0,Telecom,0,0.0,98,0.6168582375478927,6,1,2
IX65TNEI,Boris Faz,GTXPro,Ontomedia,Lost,2017-08-20,2017-09-02,0.0,Manufacturing,0,0.0,13,0.6601307189542484,2,1,2
2GVXOWDF,Cassey Cress,GTX Basic,Bluth Company,Won,2017-08-20,2017-09-11,566.0,Energy,1,566.0,22,0.6245210727969349,1,1,1
R2DKRFDD,Cassey Cress,GTX Basic,Donquadtech,Won,2017-08-20,2017-11-02,578.0,Shipping,1,578.0,74,0.6245210727969349,5,1,0
F3FJ3DYK,Darcel Schlecht,GTX Basic,Toughzap,Won,2017-08-20,2017-08-30,620.0,Retail,1,620.0,10,0.6311030741410488,4,1,2
W3W3KPBH,Darcel Schlecht,GTXPro,Finhigh,Won,2017-08-20,2017-09-03,4310.0,Banking,1,4310.0,14,0.6311030741410488,0,1,1
PVYIL0X4,Hayden Neloms,MG Advanced,Scotfind,Won,2017-08-20,2017-08-21,3448.0,Telecom,1,3448.0,1,0.7039473684210527,6,1,0
KY42W3FG,James Ascencio,GTX Basic,Hatfan,Lost,2017-08-20,2017-11-28,0.0,Public Sector,0,0.0,100,0.6553398058252428,3,1,0
05915PPX,Kami Bicknell,MG Advanced,Xx-holding,Won,2017-08-20,2017-11-19,3517.0,Telecom,1,3517.0,91,0.6397058823529411,6,1,2
87TZLMU7,Maureen Marcano,GTXPro,Kan-code,Won,2017-08-20,2017-12-25,3854.0,Public Sector,1,3854.0,127,0.6995305164319249,3,1,0
P858PP0L,Moses Frase,MG Advanced,Stanredtax,Won,2017-08-20,2017-12-17,3894.0,Retail,1,3894.0,119,0.6615384615384615,4,1,2
O916VMU7,Vicki Laflamme,MG Advanced,Rantouch,Won,2017-08-20,2017-12-22,2833.0,Energy,1,2833.0,124,0.6368876080691642,1,1,0
0SPX7FIJ,Violet Mclelland,MG Advanced,Vehement Capital Partners,Lost,2017-08-20,2017-09-06,0.0,Banking,0,0.0,17,0.6321243523316062,0,1,1
KEE51TPD,Anna Snelling,MG Special,Domzoom,Won,2017-08-21,2017-11-03,54.0,Retail,1,54.0,74,0.6190476190476191,4,1,2
8RR4WXXZ,Darcel Schlecht,GTX Plus Basic,Codehow,Lost,2017-08-21,2017-11-27,0.0,Telecom,0,0.0,98,0.6311030741410488,6,1,2
IYU5CGUM,Darcel Schlecht,GTX Basic,Funholding,Won,2017-08-21,2017-11-12,509.0,Retail,1,509.0,83,0.6311030741410488,4,1,0
669805IQ,Gladys Colclough,MG Advanced,Treequote,Won,2017-08-21,2017-12-06,3436.0,Retail,1,3436.0,107,0.5818965517241379,4,1,0
A3JRUDX3,Hayden Neloms,MG Advanced,Plusstrip,Won,2017-08-21,2017-11-27,3514.0,Public Sector,1,3514.0,98,0.7039473684210527,3,1,2
NY197B1A,Jonathan Berthelot,GTX Basic,Rangreen,Won,2017-08-21,2017-12-30,611.0,Energy,1,611.0,131,0.6477272727272727,1,1,0
6AD8WNA2,Kary Hendrixson,MG Special,Doncon,Won,2017-08-21,2017-11-08,58.0,Shipping,1,58.0,79,0.6238805970149254,5,1,1
TKENIGRA,Lajuana Vencill,MG Advanced,Finhigh,Lost,2017-08-21,2017-11-17,0.0,Banking,0,0.0,88,0.5497835497835498,0,1,0
R9ZOFUBX,Lajuana Vencill,GTX Basic,Streethex,Won,2017-08-21,2017-12-13,513.0,Banking,1,513.0,114,0.5497835497835498,0,1,1
8BZLOF0K,Markita Hansen,GTX Plus Basic,Newex,Lost,2017-08-21,2017-08-29,0.0,Energy,0,0.0,8,0.5726872246696035,1,1,1
0VFBWUG5,Moses Frase,GTX Plus Basic,Codehow,Lost,2017-08-21,2017-11-03,0.0,Telecom,0,0.0,74,0.6615384615384615,6,1,1
696VNI6G,Versie Hillebrand,MG Special,Treequote,Won,2017-08-21,2017-09-08,54.0,Retail,1,54.0,18,0.6666666666666666,4,1,1
1I1K838F,Vicki Laflamme,GTX Basic,Nam-zim,Won,2017-08-21,2017-12-23,547.0,Energy,1,547.0,124,0.6368876080691642,1,1,1
LHIM2BGF,Violet Mclelland,MG Advanced,Yearin,Lost,2017-08-21,2017-12-08,0.0,Retail,0,0.0,109,0.6321243523316062,4,1,0
2O7MVJ1T,Violet Mclelland,GTX Basic,Ganjaflex,Won,2017-08-21,2017-08-26,592.0,Retail,1,592.0,5,0.6321243523316062,4,1,1
HDW4BXVN,Wilburn Farren,MG Advanced,The New York Inquirer,Lost,2017-08-21,2017-12-11,0.0,Banking,0,0.0,112,0.6962025316455697,0,1,0
V9ORUWY8,Cassey Cress,MG Advanced,Ganjaflex,Lost,2017-08-22,2017-12-05,0.0,Retail,0,0.0,105,0.6245210727969349,4,1,1
NNLNVB7E,Corliss Cosme,GTX Plus Pro,The New York Inquirer,Won,2017-08-22,2017-11-06,5529.0,Banking,1,5529.0,76,0.6550218340611353,0,1,2
W3CLJLES,Corliss Cosme,GTXPro,Gekko & Co,Won,2017-08-22,2017-09-02,5002.0,Telecom,1,5002.0,11,0.6550218340611353,6,1,1
4ELXMIIO,Donn Cantrell,GTX Basic,Umbrella Corporation,Lost,2017-08-22,2017-09-01,0.0,Public Sector,0,0.0,10,0.5745454545454546,3,1,2
4CFMS9QT,Donn Cantrell,GTXPro,Zotware,Lost,2017-08-22,2017-11-01,0.0,Banking,0,0.0,71,0.5745454545454546,0,1,1
YVJ3V0ZI,James Ascencio,GTX Basic,Green-Plus,Won,2017-08-22,2017-12-20,476.0,Retail,1,476.0,120,0.6553398058252428,4,1,1
Q1CFR580,Markita Hansen,MG Special,Dalttechnology,Won,2017-08-22,2017-11-18,56.0,Shipping,1,56.0,88,0.5726872246696035,5,1,1
4S6FW9VM,Marty Freudenburg,GTX Plus Pro,Isdom,Lost,2017-08-22,2017-08-31,0.0,Retail,0,0.0,9,0.6288659793814433,4,1,2
PA3EXPCW,Maureen Marcano,GTX Plus Basic,Konex,Lost,2017-08-22,2017-12-01,0.0,Public Sector,0,0.0,101,0.6995305164319249,3,1,2
MPVD0JVF,Maureen Marcano,GTX Basic,Singletechno,Won,2017-08-22,2017-11-30,601.0,Retail,1,601.0,100,0.6995305164319249,4,1,1
KZQGC4TA,Maureen Marcano,GTX Plus Basic,Doncon,Won,2017-08-22,2017-12-28,1005.0,Shipping,1,1005.0,128,0.6995305164319249,5,1,0
FKOA9EF9,Moses Frase,GTX Plus Pro,Warephase,Won,2017-08-22,2017-11-11,4731.0,Retail,1,4731.0,81,0.6615384615384615,4,1,1
Y7TVYRAX,Reed Clapper,GTX Plus Pro,Bubba Gump,Lost,2017-08-22,2017-11-10,0.0,Retail,0,0.0,80,0.6540084388185654,4,1,2
04YBYVPV,Reed Clapper,GTXPro,Ganjaflex,Won,2017-08-22,2017-09-02,4649.0,Retail,1,4649.0,11,0.6540084388185654,4,1,1
2UZXS1I2,Rosie Papadopoulos,GTXPro,Umbrella Corporation,Won,2017-08-22,2017-09-01,4787.0,Public Sector,1,4787.0,10,0.6446280991735537,3,1,2
KU7COUGK,Wilburn Farren,MG Advanced,The New York Inquirer,Won,2017-08-22,2017-12-22,2994.0,Banking,1,2994.0,122,0.6962025316455697,0,1,2
23K5J6JP,Anna Snelling,MG Advanced,Funholding,Lost,2017-08-23,2017-11-08,0.0,Retail,0,0.0,77,0.6190476190476191,4,1,2
X7DYUDEB,Anna Snelling,MG Special,Condax,Won,2017-08-23,2017-11-14,58.0,Banking,1,58.0,83,0.6190476190476191,0,1,1
EMGB7S71,Cecily Lampkin,GTX Plus Basic,Betatech,Won,2017-08-23,2017-11-13,1074.0,Public Sector,1,1074.0,82,0.66875,3,1,2
EWAMDI1N,Cecily Lampkin,MG Special,Isdom,Won,2017-08-23,2017-08-26,54.0,Retail,1,54.0,3,0.66875,4,1,2
5D8MX6L9,Daniell Hammack,GTX Basic,Ganjaflex,Lost,2017-08-23,2017-11-01,0.0,Retail,0,0.0,70,0.6096256684491979,4,1,1
Q9BUCL60,Daniell Hammack,GTX Plus Basic,Ganjaflex,Won,2017-08-23,2017-12-03,1054.0,Retail,1,1054.0,102,0.6096256684491979,4,1,2
AEZIAPTN,Darcel Schlecht,GTXPro,Betatech,Won,2017-08-23,2017-11-14,4833.0,Public Sector,1,4833.0,83,0.6311030741410488,3,1,1
IAW2UHNH,Darcel Schlecht,GTXPro,Dontechi,Won,2017-08-23,2017-12-20,4744.0,Shipping,1,4744.0,119,0.6311030741410488,5,1,2
1397M445,Garret Kinder,MG Advanced,Plussunin,Lost,2017-08-23,2017-11-03,0.0,Energy,0,0.0,72,0.6097560975609756,1,1,0
5IMH88MT,James Ascencio,GTX Basic,Labdrill,Won,2017-08-23,2017-11-29,508.0,Energy,1,508.0,98,0.6553398058252428,1,1,0
I86DM1B9,Jonathan Berthelot,MG Special,Gogozoom,Won,2017-08-23,2017-11-19,57.0,Telecom,1,57.0,88,0.6477272727272727,6,1,2
HTZD5YGO,Kary Hendrixson,GTX Plus Basic,J-Texon,Lost,2017-08-23,2017-09-13,0.0,Telecom,0,0.0,21,0.6238805970149254,6,1,0
FBEP7939,Kary Hendrixson,GTXPro,Scotfind,Won,2017-08-23,2017-11-15,5280.0,Telecom,1,5280.0,84,0.6238805970149254,6,1,1
NH44FYAA,Kary Hendrixson,MG Special,Sunnamplex,Won,2017-08-23,2017-08-25,62.0,Public Sector,1,62.0,2,0.6238805970149254,3,1,0
Z6AO7S3R,Lajuana Vencill,MG Advanced,Hottechi,Lost,2017-08-23,2017-11-07,0.0,Public Sector,0,0.0,76,0.5497835497835498,3,1,2
8V3XDZ0D,Lajuana Vencill,GTX Basic,Inity,Won,2017-08-23,2017-11-21,528.0,Manufacturing,1,528.0,90,0.5497835497835498,2,1,2
18T73EHS,Maureen Marcano,GTX Plus Basic,Labdrill,Won,2017-08-23,2017-08-27,993.0,Energy,1,993.0,4,0.6995305164319249,1,1,1
RKTTVMMP,Maureen Marcano,GTX Plus Basic,Y-corporation,Won,2017-08-23,2017-09-10,1121.0,Manufacturing,1,1121.0,18,0.6995305164319249,2,1,2
UDXG59P0,Maureen Marcano,GTX Plus Pro,Faxquote,Won,2017-08-23,2017-12-03,5110.0,Telecom,1,5110.0,102,0.6995305164319249,6,1,1
VMOGUQA7,Moses Frase,MG Special,Conecom,Won,2017-08-23,2017-12-13,51.0,Shipping,1,51.0,112,0.6615384615384615,5,1,0
0L3VYSKY,Niesha Huffines,GTX Basic,Isdom,Lost,2017-08-23,2017-09-05,0.0,Retail,0,0.0,13,0.6,4,1,0
PG5S1KYF,Rosie Papadopoulos,GTX Plus Pro,Kan-code,Lost,2017-08-23,2017-12-31,0.0,Public Sector,0,0.0,130,0.6446280991735537,3,1,1
LVF6FP4A,Rosie Papadopoulos,MG Advanced,Silis,Lost,2017-08-23,2017-11-28,0.0,Public Sector,0,0.0,97,0.6446280991735537,3,1,1
RGZHQ2MJ,Versie Hillebrand,MG Special,Zumgoity,Lost,2017-08-23,2017-09-05,0.0,Public Sector,0,0.0,13,0.6666666666666666,3,1,2
3THBBYXS,Violet Mclelland,GTX Basic,Ganjaflex,Won,2017-08-23,2017-12-08,542.0,Retail,1,542.0,107,0.6321243523316062,4,1,0
XHDAW1SQ,Violet Mclelland,GTX Basic,Yearin,Won,2017-08-23,2017-12-21,576.0,Retail,1,576.0,120,0.6321243523316062,4,1,1
GIO029D3,Wilburn Farren,GTX Plus Pro,Donquadtech,Lost,2017-08-23,2017-08-31,0.0,Shipping,0,0.0,8,0.6962025316455697,5,1,0
ZVXINY4O,Donn Cantrell,GTXPro,Zotware,Lost,2017-08-24,2017-11-28,0.0,Banking,0,0.0,96,0.5745454545454546,0,1,1
M9N3HWGC,James Ascencio,GTX Basic,Zoomit,Lost,2017-08-24,2017-12-24,0.0,Energy,0,0.0,122,0.6553398058252428,1,1,0
H56FMPGG,James Ascencio,GTX Basic,Hottechi,Won,2017-08-24,2017-08-30,551.0,Public Sector,1,551.0,6,0.6553398058252428,3,1,2
IH4O3JXV,Kami Bicknell,GTX Basic,Singletechno,Won,2017-08-24,2017-09-10,597.0,Retail,1,597.0,17,0.6397058823529411,4,1,0
B6L071P2,Kary Hendrixson,GTX Plus Basic,Lexiqvolax,Won,2017-08-24,2017-11-13,948.0,Public Sector,1,948.0,81,0.6238805970149254,3,1,0
3ISHFT20,Kary Hendrixson,MG Special,Zoomit,Won,2017-08-24,2017-12-18,62.0,Energy,1,62.0,116,0.6238805970149254,1,1,0
OBFCOV33,Markita Hansen,MG Advanced,Scotfind,Won,2017-08-24,2017-12-08,4139.0,Telecom,1,4139.0,106,0.5726872246696035,6,1,0
78OETKRD,Marty Freudenburg,GTX Plus Pro,dambase,Won,2017-08-24,2017-11-03,6322.0,Retail,1,6322.0,71,0.6288659793814433,4,1,0
6IJNBKST,Maureen Marcano,GTX Basic,Konex,Lost,2017-08-24,2017-08-31,0.0,Public Sector,0,0.0,7,0.6995305164319249,3,1,2
RM4HCA1W,Niesha Huffines,MG Special,Finhigh,Lost,2017-08-24,2017-08-31,0.0,Banking,0,0.0,7,0.6,0,1,1
Y1FWLR93,Reed Clapper,GTX Plus Pro,Kan-code,Won,2017-08-24,2017-09-02,5415.0,Public Sector,1,5415.0,9,0.6540084388185654,3,1,0
ORUHS3Q2,Rosalina Dieter,GTX Basic,Sonron,Won,2017-08-24,2017-11-17,432.0,Manufacturing,1,432.0,85,0.6545454545454545,2,1,2
9RLSCMM9,Rosalina Dieter,MG Special,Condax,Won,2017-08-24,2017-08-30,53.0,Banking,1,53.0,6,0.6545454545454545,0,1,0
3QS2B6IN,Versie Hillebrand,MG Special,Rundofase,Won,2017-08-24,2017-09-03,57.0,Public Sector,1,57.0,10,0.6666666666666666,3,1,0
XCB9CPID,Versie Hillebrand,MG Special,Streethex,Won,2017-08-24,2017-12-09,56.0,Banking,1,56.0,107,0.6666666666666666,0,1,1
7EJJ9KVZ,Violet Mclelland,MG Special,Donware,Won,2017-08-24,2017-09-03,55.0,Banking,1,55.0,10,0.6321243523316062,0,1,0
M4MOGAS4,Violet Mclelland,MG Advanced,Acme Corporation,Won,2017-08-24,2017-08-25,3146.0,Shipping,1,3146.0,1,0.6321243523316062,5,1,2
ZNU9YDS9,Anna Snelling,MG Special,Stanredtax,Won,2017-08-25,2017-11-03,67.0,Retail,1,67.0,70,0.6190476190476191,4,1,2
V3VJRFBV,Cassey Cress,GTX Basic,Kan-code,Lost,2017-08-25,2017-11-03,0.0,Public Sector,0,0.0,70,0.6245210727969349,3,1,1
PDI7F0LR,Cassey Cress,MG Advanced,Ganjaflex,Won,2017-08-25,2017-12-04,2613.0,Retail,1,2613.0,101,0.6245210727969349,4,1,0
KJ93MS4W,Corliss Cosme,GTX Plus Basic,Yearin,Won,2017-08-25,2017-11-02,977.0,Retail,1,977.0,69,0.6550218340611353,4,1,2
5R1XNYTM,Daniell Hammack,MG Advanced,Bubba Gump,Lost,2017-08-25,2017-11-25,0.0,Retail,0,0.0,92,0.6096256684491979,4,1,0
PRQ96EWX,Daniell Hammack,GTXPro,Gekko & Co,Won,2017-08-25,2017-09-07,4445.0,Telecom,1,4445.0,13,0.6096256684491979,6,1,0
RUN3Z87A,Donn Cantrell,GTX Plus Basic,Donquadtech,Lost,2017-08-25,2017-11-18,0.0,Shipping,0,0.0,85,0.5745454545454546,5,1,0
9RGQ8HED,Garret Kinder,MG Special,Zotware,Won,2017-08-25,2017-12-29,54.0,Banking,1,54.0,126,0.6097560975609756,0,1,1
RSSYISWE,Hayden Neloms,MG Advanced,Labdrill,Won,2017-08-25,2017-12-01,3331.0,Energy,1,3331.0,98,0.7039473684210527,1,1,0
67ORNLJ3,Jonathan Berthelot,GTX Basic,Dontechi,Won,2017-08-25,2017-09-05,474.0,Shipping,1,474.0,11,0.6477272727272727,5,1,2
M28Z11DC,Kami Bicknell,GTX Plus Basic,Blackzim,Lost,2017-08-25,2017-08-31,0.0,Telecom,0,0.0,6,0.6397058823529411,6,1,0
DIVKSHY7,Kami Bicknell,GTX Plus Basic,Condax,Won,2017-08-25,2017-11-13,994.0,Banking,1,994.0,80,0.6397058823529411,0,1,2
RLTHGLLJ,Kami Bicknell,GTX Plus Pro,Singletechno,Won,2017-08-25,2017-11-23,4773.0,Retail,1,4773.0,90,0.6397058823529411,4,1,0
EC8A1L94,Lajuana Vencill,MG Special,dambase,Lost,2017-08-25,2017-11-25,0.0,Retail,0,0.0,92,0.5497835497835498,4,1,2
OO4Z7LB9,Niesha Huffines,GTX Plus Basic,Stanredtax,Lost,2017-08-25,2017-08-30,0.0,Retail,0,0.0,5,0.6,4,1,2
PWOX6RY8,Niesha Huffines,MG Special,Rangreen,Won,2017-08-25,2017-11-22,63.0,Energy,1,63.0,89,0.6,1,1,0
0VG9PGMI,Rosalina Dieter,GTX Plus Pro,Hatfan,Won,2017-08-25,2017-09-13,6391.0,Public Sector,1,6391.0,19,0.6545454545454545,3,1,0
LKFYC5X3,Rosie Papadopoulos,MG Special,Donware,Won,2017-08-25,2017-12-15,58.0,Banking,1,58.0,112,0.6446280991735537,0,1,2
984H5OG0,Versie Hillebrand,MG Special,Finhigh,Won,2017-08-25,2017-12-04,54.0,Banking,1,54.0,101,0.6666666666666666,0,1,1
AB39AL3A,Vicki Laflamme,GTX Plus Pro,Plexzap,Lost,2017-08-25,2017-11-22,0.0,Manufacturing,0,0.0,89,0.6368876080691642,2,1,0
1SKGHPHL,Vicki Laflamme,GTX Plus Pro,Rantouch,Won,2017-08-25,2017-11-21,5129.0,Energy,1,5129.0,88,0.6368876080691642,1,1,1
YTMPHIQY,Violet Mclelland,MG Advanced,Ganjaflex,Lost,2017-08-25,2017-08-30,0.0,Retail,0,0.0,5,0.6321243523316062,4,1,0
6HE07D76,Zane Levy,GTX Basic,Hatfan,Won,2017-08-25,2017-11-19,454.0,Public Sector,1,454.0,86,0.6168582375478927,3,1,0
64CTQ6C5,Anna Snelling,GTX Plus Pro,Bioholding,Won,2017-08-26,2017-11-02,6659.0,Banking,1,6659.0,68,0.6190476190476191,0,1,0
5J4Z0RYC,Cassey Cress,GTX Basic,Bioplex,Won,2017-08-26,2017-09-08,572.0,Retail,1,572.0,13,0.6245210727969349,4,1,0
ERWWQ79N,Corliss Cosme,GTX Plus Basic,Bubba Gump,Won,2017-08-26,2017-11-19,1046.0,Retail,1,1046.0,85,0.6550218340611353,4,1,1
08O63ECM,Donn Cantrell,MG Advanced,Gekko & Co,Won,2017-08-26,2017-12-01,3281.0,Telecom,1,3281.0,97,0.5745454545454546,6,1,0
AMGF31TA,Gladys Colclough,MG Special,Statholdings,Lost,2017-08-26,2017-09-05,0.0,Manufacturing,0,0.0,10,0.5818965517241379,2,1,2
DUJ52ZYK,Hayden Neloms,MG Advanced,Singletechno,Won,2017-08-26,2017-09-10,3462.0,Retail,1,3462.0,15,0.7039473684210527,4,1,2
N2C3ASJ9,James Ascencio,GTX Plus Pro,Scotfind,Won,2017-08-26,2017-09-06,6029.0,Telecom,1,6029.0,11,0.6553398058252428,6,1,1
62WFO2I3,Kami Bicknell,GTX Basic,Finjob,Won,2017-08-26,2017-12-04,566.0,Manufacturing,1,566.0,100,0.6397058823529411,2,1,0
55O18ALO,Kary Hendrixson,GTXPro,Fasehatice,Lost,2017-08-26,2017-11-08,0.0,Telecom,0,0.0,74,0.6238805970149254,6,1,2
ZTUJ5KQ8,Moses Frase,MG Special,Scottech,Lost,2017-08-26,2017-11-12,0.0,Banking,0,0.0,78,0.6615384615384615,0,1,1
ZQHJNTDK,Moses Frase,GTX Plus Basic,Isdom,Won,2017-08-26,2017-11-13,1042.0,Retail,1,1042.0,79,0.6615384615384615,4,1,0
K0IV66AV,Reed Clapper,GTX Basic,Betasoloin,Won,2017-08-26,2017-11-07,539.0,Banking,1,539.0,73,0.6540084388185654,0,1,2
KJ4NAGS5,Rosalina Dieter,MG Special,Kan-code,Won,2017-08-26,2017-11-16,56.0,Public Sector,1,56.0,82,0.6545454545454545,3,1,2
70A4A2GV,Versie Hillebrand,MG Special,Gogozoom,Won,2017-08-26,2017-11-28,60.0,Telecom,1,60.0,94,0.6666666666666666,6,1,1
6TND1V4T,Vicki Laflamme,MG Special,Scotfind,Lost,2017-08-26,2017-08-27,0.0,Telecom,0,0.0,1,0.6368876080691642,6,1,0
43FW6W9O,Vicki Laflamme,MG Advanced,Sunnamplex,Won,2017-08-26,2017-11-04,3966.0,Public Sector,1,3966.0,70,0.6368876080691642,3,1,0
QB4FISNE,Violet Mclelland,MG Special,Bluth Company,Lost,2017-08-26,2017-08-27,0.0,Energy,0,0.0,1,0.6321243523316062,1,1,2
41S0S9KP,Wilburn Farren,GTX Basic,Umbrella Corporation,Won,2017-08-26,2017-11-23,471.0,Public Sector,1,471.0,89,0.6962025316455697,3,1,2
JESVHYTG,Anna Snelling,GTX Basic,Cancity,Won,2017-08-27,2017-09-05,597.0,Public Sector,1,597.0,9,0.6190476190476191,3,1,2
P3HO0L6P,Anna Snelling,MG Special,Condax,Won,2017-08-27,2017-11-14,53.0,Banking,1,53.0,79,0.6190476190476191,0,1,0
6GDZDVTV,Anna Snelling,MG Special,Dontechi,Won,2017-08-27,2017-09-13,59.0,Shipping,1,59.0,17,0.6190476190476191,5,1,1
Y5A5G2L5,Cassey Cress,GTX Basic,Bubba Gump,Won,2017-08-27,2017-12-08,606.0,Retail,1,606.0,103,0.6245210727969349,4,1,1
PG4UQI8B,Donn Cantrell,GTX Plus Basic,Kan-code,Lost,2017-08-27,2017-11-20,0.0,Public Sector,0,0.0,85,0.5745454545454546,3,1,0
M40Z4KWL,Donn Cantrell,GTXPro,Zotware,Won,2017-08-27,2017-11-25,5305.0,Banking,1,5305.0,90,0.5745454545454546,0,1,1
BB46B5C7,Hayden Neloms,GTX Plus Basic,Zoomit,Lost,2017-08-27,2017-11-02,0.0,Energy,0,0.0,67,0.7039473684210527,1,1,2
TPJNVDPH,Kami Bicknell,GTX Basic,Kan-code,Lost,2017-08-27,2017-11-16,0.0,Public Sector,0,0.0,81,0.6397058823529411,3,1,1
FMMAQM87,Kami Bicknell,GTX Basic,Green-Plus,Won,2017-08-27,2017-09-09,596.0,Retail,1,596.0,13,0.6397058823529411,4,1,1
46UITTY6,Kary Hendrixson,GTX Basic,Singletechno,Won,2017-08-27,2017-11-04,545.0,Retail,1,545.0,69,0.6238805970149254,4,1,1
KK5YBPU6,Markita Hansen,GTX Basic,Labdrill,Won,2017-08-27,2017-08-29,548.0,Energy,1,548.0,2,0.5726872246696035,1,1,2
A7FCLQ42,Marty Freudenburg,MG Advanced,Finhigh,Lost,2017-08-27,2017-12-15,0.0,Banking,0,0.0,110,0.6288659793814433,0,1,0
G2C5RKTN,Reed Clapper,GTX Basic,Umbrella Corporation,Won,2017-08-27,2017-09-21,415.0,Public Sector,1,415.0,25,0.6540084388185654,3,1,2
UNSJB0L7,Vicki Laflamme,GTXPro,Singletechno,Won,2017-08-27,2017-08-28,3754.0,Retail,1,3754.0,1,0.6368876080691642,4,1,0
UJT04PL7,Zane Levy,GTX Basic,Plusstrip,Won,2017-08-27,2017-11-29,498.0,Public Sector,1,498.0,94,0.6168582375478927,3,1,0
DCIFTBM0,Boris Faz,GTX Basic,Condax,Won,2017-08-28,2017-12-21,489.0,Banking,1,489.0,115,0.6601307189542484,0,1,0
BTZ06Z6O,Boris Faz,GTX Plus Basic,Ontomedia,Won,2017-08-28,2017-09-05,1022.0,Manufacturing,1,1022.0,8,0.6601307189542484,2,1,1
S9CGS0IX,Corliss Cosme,GTX Plus Pro,Acme Corporation,Lost,2017-08-28,2017-11-07,0.0,Shipping,0,0.0,71,0.6550218340611353,5,1,1
ZTYHMEQY,Darcel Schlecht,GTX Basic,Cancity,Won,2017-08-28,2017-09-11,525.0,Public Sector,1,525.0,14,0.6311030741410488,3,1,0
IOTAHMQX,Darcel Schlecht,GTX Plus Basic,Codehow,Won,2017-08-28,2017-09-07,1252.0,Telecom,1,1252.0,10,0.6311030741410488,6,1,0
01DZ14Y0,Gladys Colclough,MG Advanced,dambase,Lost,2017-08-28,2017-11-25,0.0,Retail,0,0.0,89,0.5818965517241379,4,1,1
1T91NEIV,Gladys Colclough,MG Special,Conecom,Won,2017-08-28,2017-09-11,63.0,Shipping,1,63.0,14,0.5818965517241379,5,1,2
41B62CUB,Hayden Neloms,MG Special,J-Texon,Lost,2017-08-28,2017-11-11,0.0,Telecom,0,0.0,75,0.7039473684210527,6,1,0
G0QOVMMS,Kami Bicknell,GTX Basic,Zoomit,Won,2017-08-28,2017-12-28,474.0,Energy,1,474.0,122,0.6397058823529411,1,1,2
FG79OR5X,Kami Bicknell,GTX Plus Basic,Xx-holding,Won,2017-08-28,2017-11-19,1132.0,Telecom,1,1132.0,83,0.6397058823529411,6,1,1
QY4ZMI2F,Lajuana Vencill,GTX Plus Basic,Warephase,Lost,2017-08-28,2017-09-14,0.0,Retail,0,0.0,17,0.5497835497835498,4,1,0
VY0QPLGN,Lajuana Vencill,GTX Plus Basic,dambase,Won,2017-08-28,2017-11-12,1215.0,Retail,1,1215.0,76,0.5497835497835498,4,1,2
XP1PQSPC,Markita Hansen,GTX Plus Basic,Kan-code,Won,2017-08-28,2017-09-27,1081.0,Public Sector,1,1081.0,30,0.5726872246696035,3,1,2
K3KT8S1F,Markita Hansen,MG Special,Sonron,Won,2017-08-28,2017-11-07,49.0,Manufacturing,1,49.0,71,0.5726872246696035,2,1,2
5CIT07UC,Maureen Marcano,GTX Basic,Hottechi,Won,2017-08-28,2017-09-14,653.0,Public Sector,1,653.0,17,0.6995305164319249,3,1,1
VIZ9ZLVT,Moses Frase,GTX Plus Basic,Rundofase,Lost,2017-08-28,2017-11-30,0.0,Public Sector,0,0.0,94,0.6615384615384615,3,1,1
9ZY0QQ8Q,Moses Frase,MG Advanced,Genco Pura Olive Oil Company,Lost,2017-08-28,2017-11-27,0.0,Manufacturing,0,0.0,91,0.6615384615384615,2,1,2
0WGCUB3L,Niesha Huffines,GTX Plus Basic,Rundofase,Won,2017-08-28,2017-09-13,1105.0,Public Sector,1,1105.0,16,0.6,3,1,2
QCN2DZQQ,Reed Clapper,GTX Plus Basic,The New York Inquirer,Won,2017-08-28,2017-09-21,948.0,Banking,1,948.0,24,0.6540084388185654,0,1,1
ZAY2J4I5,Vicki Laflamme,MG Advanced,Zoomit,Lost,2017-08-28,2017-09-10,0.0,Energy,0,0.0,13,0.6368876080691642,1,1,2
J25NMK6Q,Violet Mclelland,MG Special,Bluth Company,Lost,2017-08-28,2017-11-11,0.0,Energy,0,0.0,75,0.6321243523316062,1,1,2
DZHIAZ5H,Anna Snelling,GTX Plus Basic,Streethex,Lost,2017-08-29,2017-09-05,0.0,Banking,0,0.0,7,0.6190476190476191,0,1,1
233HYDSP,Anna Snelling,MG Special,Gogozoom,Won,2017-08-29,2017-12-03,44.0,Telecom,1,44.0,96,0.6190476190476191,6,1,2
EXXFSC3O,Cassey Cress,GTXPro,Opentech,Won,2017-08-29,2017-11-15,4343.0,Retail,1,4343.0,78,0.6245210727969349,4,1,2
U68B4UQU,Cecily Lampkin,GTX Plus Pro,Treequote,Won,2017-08-29,2017-09-13,5096.0,Retail,1,5096.0,15,0.66875,4,1,2
73EBDWP4,Cecily Lampkin,GTX Plus Pro,Warephase,Won,2017-08-29,2017-09-30,4994.0,Retail,1,4994.0,32,0.66875,4,1,1
FQQ3XQNG,Corliss Cosme,GTX Plus Basic,Donquadtech,Won,2017-08-29,2017-12-01,1251.0,Shipping,1,1251.0,94,0.6550218340611353,5,1,2
C4KZVTYR,Donn Cantrell,GTX Basic,Gekko & Co,Won,2017-08-29,2017-11-11,602.0,Telecom,1,602.0,74,0.5745454545454546,6,1,1
HWXJWHGI,Donn Cantrell,GTX Basic,Sumace,Won,2017-08-29,2017-09-08,600.0,Energy,1,600.0,10,0.5745454545454546,1,1,1
W36MU0PW,Donn Cantrell,GTX Basic,Yearin,Won,2017-08-29,2017-09-09,595.0,Retail,1,595.0,11,0.5745454545454546,4,1,0
OWEMO7RD,Elease Gluck,MG Special,Sonron,Lost,2017-08-29,2017-11-25,0.0,Manufacturing,0,0.0,88,0.6349206349206349,2,1,0
9XU06EA8,Gladys Colclough,GTXPro,Codehow,Lost,2017-08-29,2017-11-01,0.0,Telecom,0,0.0,64,0.5818965517241379,6,1,2
DC2NI04U,Hayden Neloms,MG Advanced,Hottechi,Won,2017-08-29,2017-12-31,3064.0,Public Sector,1,3064.0,124,0.7039473684210527,3,1,1
BO2XRLBS,Moses Frase,MG Special,Ron-tech,Lost,2017-08-29,2017-11-16,0.0,Manufacturing,0,0.0,79,0.6615384615384615,2,1,0
V9YY2XIE,Niesha Huffines,MG Advanced,Zumgoity,Lost,2017-08-29,2017-11-28,0.0,Public Sector,0,0.0,91,0.6,3,1,2
J3K9EXW0,Reed Clapper,GTX Plus Pro,Acme Corporation,Won,2017-08-29,2017-12-25,5790.0,Shipping,1,5790.0,118,0.6540084388185654,5,1,0
N9KFQCOH,Rosie Papadopoulos,GTXPro,Vehement Capital Partners,Won,2017-08-29,2017-09-05,5688.0,Banking,1,5688.0,7,0.6446280991735537,0,1,0
GSPDR7BH,Versie Hillebrand,GTX Basic,Cancity,Won,2017-08-29,2017-11-02,672.0,Public Sector,1,672.0,65,0.6666666666666666,3,1,1
MB0XTICR,Versie Hillebrand,MG Special,Bioholding,Won,2017-08-29,2017-12-08,62.0,Banking,1,62.0,101,0.6666666666666666,0,1,1
04SQ7RNY,Vicki Laflamme,GTXPro,Fasehatice,Won,2017-08-29,2017-12-19,4577.0,Telecom,1,4577.0,112,0.6368876080691642,6,1,0
WIHGFD8B,Anna Snelling,MG Special,Funholding,Lost,2017-08-30,2017-11-19,0.0,Retail,0,0.0,81,0.6190476190476191,4,1,0
O3Q5B86F,Anna Snelling,GTX Plus Basic,Warephase,Won,2017-08-30,2017-12-26,1118.0,Retail,1,1118.0,118,0.6190476190476191,4,1,1
PE3P7M7S,Anna Snelling,MG Special,Statholdings,Won,2017-08-30,2017-09-08,55.0,Manufacturing,1,55.0,9,0.6190476190476191,2,1,2
401BY1PW,Boris Faz,GTXPro,Ganjaflex,Won,2017-08-30,2017-12-21,5052.0,Retail,1,5052.0,113,0.6601307189542484,4,1,1
9RQ8FZYQ,Boris Faz,GTXPro,Zotware,Won,2017-08-30,2017-09-04,4023.0,Banking,1,4023.0,5,0.6601307189542484,0,1,0
G7NU2YCG,Cassey Cress,MG Special,Iselectrics,Won,2017-08-30,2017-09-08,57.0,Energy,1,57.0,9,0.6245210727969349,1,1,2
R9RWFEEJ,Corliss Cosme,MG Special,Gekko & Co,Won,2017-08-30,2017-11-23,59.0,Telecom,1,59.0,85,0.6550218340611353,6,1,0
WV2OG7C3,Daniell Hammack,MG Special,Xx-zobam,Lost,2017-08-30,2017-11-18,0.0,Manufacturing,0,0.0,80,0.6096256684491979,2,1,2
LDIBOTNO,Daniell Hammack,GTXPro,Kinnamplus,Won,2017-08-30,2017-09-07,5544.0,Telecom,1,5544.0,8,0.6096256684491979,6,1,0
FC4ZD68R,Darcel Schlecht,GTXPro,Warephase,Lost,2017-08-30,2017-11-15,0.0,Retail,0,0.0,77,0.6311030741410488,4,1,2
YH6ST9KT,Darcel Schlecht,MG Special,Treequote,Lost,2017-08-30,2017-08-31,0.0,Retail,0,0.0,1,0.6311030741410488,4,1,2
9S8E95EI,Darcel Schlecht,GTXPro,Condax,Won,2017-08-30,2017-09-18,4598.0,Banking,1,4598.0,19,0.6311030741410488,0,1,0
RLHNEVYY,Darcel Schlecht,GTXPro,Conecom,Won,2017-08-30,2017-09-10,5008.0,Shipping,1,5008.0,11,0.6311030741410488,5,1,2
OFP1MLFY,Darcel Schlecht,GTXPro,Statholdings,Won,2017-08-30,2017-12-09,3932.0,Manufacturing,1,3932.0,101,0.6311030741410488,2,1,1
CQELCLO0,Donn Cantrell,GTX Plus Basic,Zathunicon,Won,2017-08-30,2017-12-29,1166.0,Retail,1,1166.0,121,0.5745454545454546,4,1,0
L351AATH,Gladys Colclough,GTX Plus Basic,Ron-tech,Lost,2017-08-30,2017-12-06,0.0,Manufacturing,0,0.0,98,0.5818965517241379,2,1,1
VBKF5FPB,Hayden Neloms,GTX Plus Basic,Dalttechnology,Won,2017-08-30,2017-09-06,1195.0,Shipping,1,1195.0,7,0.7039473684210527,5,1,0
68YAXBZN,James Ascencio,MG Special,Xx-holding,Lost,2017-08-30,2017-11-04,0.0,Telecom,0,0.0,66,0.6553398058252428,6,1,2
EFB0NFP3,Jonathan Berthelot,GTX Basic,Genco Pura Olive Oil Company,Won,2017-08-30,2017-12-23,551.0,Manufacturing,1,551.0,115,0.6477272727272727,2,1,2
CB0NZYB2,Jonathan Berthelot,GTX Basic,Globex Corporation,Won,2017-08-30,2017-09-08,623.0,Retail,1,623.0,9,0.6477272727272727,4,1,2
QKUULSVC,Kary Hendrixson,GTXPro,Kan-code,Lost,2017-08-30,2017-11-16,0.0,Public Sector,0,0.0,78,0.6238805970149254,3,1,0
8838GIT9,Kary Hendrixson,MG Special,Plexzap,Lost,2017-08-30,2017-11-05,0.0,Manufacturing,0,0.0,67,0.6238805970149254,2,1,1
5DOARVYO,Lajuana Vencill,MG Special,Genco Pura Olive Oil Company,Lost,2017-08-30,2017-09-10,0.0,Manufacturing,0,0.0,11,0.5497835497835498,2,1,1
0N2VYY6Z,Markita Hansen,GTX Basic,Labdrill,Lost,2017-08-30,2017-09-19,0.0,Energy,0,0.0,20,0.5726872246696035,1,1,0
LWCKCV0M,Markita Hansen,GTXPro,Xx-holding,Won,2017-08-30,2017-09-15,4592.0,Telecom,1,4592.0,16,0.5726872246696035,6,1,0
L40FW06K,Marty Freudenburg,GTX Basic,Condax,Won,2017-08-30,2017-12-22,555.0,Banking,1,555.0,114,0.6288659793814433,0,1,1
XXXM7BMA,Marty Freudenburg,MG Advanced,Dontechi,Won,2017-08-30,2017-11-14,3703.0,Shipping,1,3703.0,76,0.6288659793814433,5,1,1
F7S1OPQS,Maureen Marcano,GTX Plus Basic,Scotfind,Won,2017-08-30,2017-12-13,942.0,Telecom,1,942.0,105,0.6995305164319249,6,1,1
U5JFEXOI,Maureen Marcano,GTX Plus Pro,Groovestreet,Won,2017-08-30,2017-12-08,6489.0,Retail,1,6489.0,100,0.6995305164319249,4,1,1
HR3DH6DX,Niesha Huffines,GTXPro,Cancity,Lost,2017-08-30,2017-11-20,0.0,Public Sector,0,0.0,82,0.6,3,1,0
9EICLJHY,Rosalina Dieter,MG Special,Sunnamplex,Won,2017-08-30,2017-11-17,63.0,Public Sector,1,63.0,79,0.6545454545454545,3,1,0
01FNZW2T,Rosie Papadopoulos,GTXPro,Bubba Gump,Won,2017-08-30,2017-12-08,3974.0,Retail,1,3974.0,100,0.6446280991735537,4,1,2
3CS2IXT0,Versie Hillebrand,MG Special,Conecom,Won,2017-08-30,2017-11-16,66.0,Shipping,1,66.0,78,0.6666666666666666,5,1,1
O9MHRAK6,Vicki Laflamme,GTX Basic,Finjob,Won,2017-08-30,2017-12-14,532.0,Manufacturing,1,532.0,106,0.6368876080691642,2,1,2
KPW4J1CR,Zane Levy,GTX Basic,Dalttechnology,Won,2017-08-30,2017-12-21,503.0,Shipping,1,503.0,113,0.6168582375478927,5,1,0
KAPPUUYY,Anna Snelling,GTX Basic,Zumgoity,Won,2017-08-31,2017-11-24,594.0,Public Sector,1,594.0,85,0.6190476190476191,3,1,0
WRLAVDPH,Cassey Cress,GTXPro,Ganjaflex,Won,2017-08-31,2017-09-02,4958.0,Retail,1,4958.0,2,0.6245210727969349,4,1,2
1W5FOS69,Cassey Cress,GTXPro,Mathtouch,Won,2017-08-31,2017-11-30,4201.0,Energy,1,4201.0,91,0.6245210727969349,1,1,1
GFBJXXI1,Cecily Lampkin,MG Special,Streethex,Lost,2017-08-31,2017-09-13,0.0,Banking,0,0.0,13,0.66875,0,1,1
2HYR0Q4Y,Corliss Cosme,MG Advanced,Plussunin,Lost,2017-08-31,2017-11-13,0.0,Energy,0,0.0,74,0.6550218340611353,1,1,1
XVM3UK16,Daniell Hammack,GTX Plus Pro,Mathtouch,Lost,2017-08-31,2017-11-06,0.0,Energy,0,0.0,67,0.6096256684491979,1,1,1
CDAMI76Z,Darcel Schlecht,GTX Plus Pro,Finhigh,Won,2017-08-31,2017-09-10,5293.0,Banking,1,5293.0,10,0.6311030741410488,0,1,2
6M77EGH7,Donn Cantrell,MG Advanced,Ganjaflex,Won,2017-08-31,2017-11-26,4456.0,Retail,1,4456.0,87,0.5745454545454546,4,1,2
9CLDDA0W,Hayden Neloms,GTX Plus Basic,Newex,Lost,2017-08-31,2017-11-18,0.0,Energy,0,0.0,79,0.7039473684210527,1,1,0
8CQ2I2P2,Jonathan Berthelot,GTXPro,Globex Corporation,Lost,2017-08-31,2017-11-18,0.0,Retail,0,0.0,79,0.6477272727272727,4,1,1
GEFQNRF3,Jonathan Berthelot,GTX Basic,Globex Corporation,Won,2017-08-31,2017-12-20,525.0,Retail,1,525.0,111,0.6477272727272727,4,1,1
PCQUKUM5,Marty Freudenburg,GTX Plus Pro,Dontechi,Won,2017-08-31,2017-09-16,4809.0,Shipping,1,4809.0,16,0.6288659793814433,5,1,1
MZ987882,Moses Frase,GTX Plus Basic,Warephase,Won,2017-08-31,2017-12-17,1374.0,Retail,1,1374.0,108,0.6615384615384615,4,1,2
02EC1993,Moses Frase,MG Special,Scottech,Won,2017-08-31,2017-11-08,57.0,Banking,1,57.0,69,0.6615384615384615,0,1,1
UQCPNZO1,Versie Hillebrand,GTX Basic,Zumgoity,Won,2017-08-31,2017-09-15,552.0,Public Sector,1,552.0,15,0.6666666666666666,3,1,2
0NP0XPLQ,Versie Hillebrand,MG Special,Toughzap,Won,2017-08-31,2017-09-03,59.0,Retail,1,59.0,3,0.6666666666666666,4,1,1
S2WRH3QA,Versie Hillebrand,MG Advanced,Betatech,Won,2017-08-31,2017-09-30,4011.0,Public Sector,1,4011.0,30,0.6666666666666666,3,1,1
QJV1UWL5,Vicki Laflamme,MG Special,Rantouch,Won,2017-08-31,2017-12-20,54.0,Energy,1,54.0,111,0.6368876080691642,1,1,0
GNAX12Z6,Vicki Laflamme,MG Advanced,Green-Plus,Won,2017-08-31,2017-09-07,3337.0,Retail,1,3337.0,7,0.6368876080691642,4,1,1
62NZ0THZ,Violet Mclelland,MG Special,Yearin,Won,2017-08-31,2017-09-22,60.0,Retail,1,60.0,22,0.6321243523316062,4,1,1
PSKWV2JJ,Zane Levy,GTX Plus Basic,Blackzim,Won,2017-08-31,2017-11-19,1011.0,Telecom,1,1011.0,80,0.6168582375478927,6,1,0
05HLE3JL,Anna Snelling,GTX Basic,Stanredtax,Won,2017-09-01,2017-12-03,514.0,Retail,1,514.0,93,0.6190476190476191,4,1,2
CAF97SA2,Anna Snelling,GTX Plus Basic,Streethex,Won,2017-09-01,2017-11-13,1060.0,Banking,1,1060.0,73,0.6190476190476191,0,1,2
AAFPTXEB,Anna Snelling,MG Special,Treequote,Won,2017-09-01,2017-11-08,58.0,Retail,1,58.0,68,0.6190476190476191,4,1,1
D74OAJB4,Cecily Lampkin,MG Advanced,Isdom,Lost,2017-09-01,2017-12-01,0.0,Retail,0,0.0,91,0.66875,4,1,2
CQDL6WZX,Darcel Schlecht,GTXPro,Isdom,Lost,2017-09-01,2017-09-17,0.0,Retail,0,0.0,16,0.6311030741410488,4,1,1
VAV3N62C,Darcel Schlecht,GTXPro,Cancity,Won,2017-09-01,2017-09-12,4375.0,Public Sector,1,4375.0,11,0.6311030741410488,3,1,0
OK7R7I2A,Darcel Schlecht,GTXPro,Rundofase,Won,2017-09-01,2017-12-04,4819.0,Public Sector,1,4819.0,94,0.6311030741410488,3,1,0
IOMVIZR8,Gladys Colclough,GTXPro,Stanredtax,Won,2017-09-01,2017-11-04,5729.0,Retail,1,5729.0,64,0.5818965517241379,4,1,1
BTT2TM8O,Gladys Colclough,MG Advanced,Warephase,Won,2017-09-01,2017-11-06,3447.0,Retail,1,3447.0,66,0.5818965517241379,4,1,0
FYNL84HO,James Ascencio,GTX Plus Pro,Doncon,Won,2017-09-01,2017-11-13,6101.0,Shipping,1,6101.0,73,0.6553398058252428,5,1,0
ZBB9CDO4,Kami Bicknell,GTX Plus Basic,J-Texon,Won,2017-09-01,2017-09-18,1088.0,Telecom,1,1088.0,17,0.6397058823529411,6,1,1
IV5UVG0R,Kami Bicknell,GTX Plus Pro,Sunnamplex,Won,2017-09-01,2017-09-17,5431.0,Public Sector,1,5431.0,16,0.6397058823529411,3,1,1
TDHFX8SC,Kami Bicknell,MG Special,Hottechi,Won,2017-09-01,2017-12-13,50.0,Public Sector,1,50.0,103,0.6397058823529411,3,1,0
7OXU784Y,Kami Bicknell,MG Special,Konex,Won,2017-09-01,2017-11-25,62.0,Public Sector,1,62.0,85,0.6397058823529411,3,1,2
MA6F51AR,Kary Hendrixson,MG Special,Zoomit,Won,2017-09-01,2017-11-29,57.0,Energy,1,57.0,89,0.6238805970149254,1,1,2
WDT43Q6O,Niesha Huffines,GTX Plus Basic,Zumgoity,Won,2017-09-01,2017-09-14,1098.0,Public Sector,1,1098.0,13,0.6,3,1,1
XKYHE3OH,Rosie Papadopoulos,GTX Plus Basic,Umbrella Corporation,Won,2017-09-01,2017-11-16,975.0,Public Sector,1,975.0,76,0.6446280991735537,3,1,1
R65NL57V,Rosie Papadopoulos,MG Special,Plussunin,Won,2017-09-01,2017-11-05,56.0,Energy,1,56.0,65,0.6446280991735537,1,1,2
AKBRVLRZ,Versie Hillebrand,MG Special,Globex Corporation,Won,2017-09-01,2017-09-14,63.0,Retail,1,63.0,13,0.6666666666666666,4,1,0
8FZ7CWPP,Versie Hillebrand,MG Special,Isdom,Won,2017-09-01,2017-09-11,61.0,Retail,1,61.0,10,0.6666666666666666,4,1,2
EQPGDVWK,Zane Levy,GTX Basic,Labdrill,Won,2017-09-01,2017-12-03,614.0,Energy,1,614.0,93,0.6168582375478927,1,1,2
I819UEG6,Anna Snelling,MG Special,Gogozoom,Lost,2017-09-02,2017-11-04,0.0,Telecom,0,0.0,63,0.6190476190476191,6,1,2
TXZTEEUJ,Darcel Schlecht,GTXPro,Betatech,Lost,2017-09-02,2017-12-13,0.0,Public Sector,0,0.0,102,0.6311030741410488,3,1,2
XO8TRDKK,Garret Kinder,MG Special,Acme Corporation,Won,2017-09-02,2017-09-17,57.0,Shipping,1,57.0,15,0.6097560975609756,5,1,1
74YNCNQM,Gladys Colclough,MG Special,Domzoom,Won,2017-09-02,2017-12-04,58.0,Retail,1,58.0,93,0.5818965517241379,4,1,1
I5QVV9C5,Hayden Neloms,GTX Plus Basic,Hatfan,Lost,2017-09-02,2017-12-20,0.0,Public Sector,0,0.0,109,0.7039473684210527,3,1,0
SS0ZF7SG,Hayden Neloms,MG Advanced,Goodsilron,Won,2017-09-02,2017-12-15,3482.0,Energy,1,3482.0,104,0.7039473684210527,1,1,0
2GRNCODO,James Ascencio,GTX Plus Pro,Hatfan,Lost,2017-09-02,2017-11-05,0.0,Public Sector,0,0.0,64,0.6553398058252428,3,1,0
2UNAJCGN,James Ascencio,GTX Plus Pro,Singletechno,Lost,2017-09-02,2017-11-11,0.0,Retail,0,0.0,70,0.6553398058252428,4,1,0
ZP5Q4YUJ,James Ascencio,GTX Basic,Plusstrip,Won,2017-09-02,2017-11-24,529.0,Public Sector,1,529.0,83,0.6553398058252428,3,1,2
7XL4JYSB,Kary Hendrixson,MG Advanced,Blackzim,Lost,2017-09-02,2017-11-24,0.0,Telecom,0,0.0,83,0.6238805970149254,6,1,1
HEZ8H6MK,Kary Hendrixson,GTX Basic,Plusstrip,Won,2017-09-02,2017-11-08,505.0,Public Sector,1,505.0,67,0.6238805970149254,3,1,1
50AWO49B,Markita Hansen,GTX Basic,Sonron,Won,2017-09-02,2017-12-27,456.0,Manufacturing,1,456.0,116,0.5726872246696035,2,1,0
CID4Y877,Marty Freudenburg,GTX Plus Basic,Bioholding,Lost,2017-09-02,2017-12-13,0.0,Banking,0,0.0,102,0.6288659793814433,0,1,0
T20CPZ52,Marty Freudenburg,GTX Plus Basic,Stanredtax,Lost,2017-09-02,2017-11-29,0.0,Retail,0,0.0,88,0.6288659793814433,4,1,2
HVF0VLJ3,Versie Hillebrand,GTX Basic,Globex Corporation,Lost,2017-09-02,2017-11-11,0.0,Retail,0,0.0,70,0.6666666666666666,4,1,2
A86ZEF94,Versie Hillebrand,MG Special,Hottechi,Lost,2017-09-02,2017-11-30,0.0,Public Sector,0,0.0,89,0.6666666666666666,3,1,0
8OMML4E8,Vicki Laflamme,GTX Basic,Lexiqvolax,Won,2017-09-02,2017-09-16,555.0,Public Sector,1,555.0,14,0.6368876080691642,3,1,1
283Y9ULR,Vicki Laflamme,MG Special,Konex,Won,2017-09-02,2017-09-23,47.0,Public Sector,1,47.0,21,0.6368876080691642,3,1,1
C0LNV4PU,Zane Levy,GTX Basic,Finjob,Won,2017-09-02,2017-12-04,585.0,Manufacturing,1,585.0,93,0.6168582375478927,2,1,1
YB6UP71G,Anna Snelling,MG Special,Bioholding,Won,2017-09-03,2017-09-06,64.0,Banking,1,64.0,3,0.6190476190476191,0,1,0
A30VAQHM,Anna Snelling,MG Special,Inity,Won,2017-09-03,2017-11-21,58.0,Manufacturing,1,58.0,79,0.6190476190476191,2,1,1
ZH2TBHVZ,Donn Cantrell,GTX Basic,Gekko & Co,Won,2017-09-03,2017-09-08,635.0,Telecom,1,635.0,5,0.5745454545454546,6,1,2
UKJO54QY,Donn Cantrell,GTXPro,Donquadtech,Won,2017-09-03,2017-09-13,5626.0,Shipping,1,5626.0,10,0.5745454545454546,5,1,2
9868N4GB,Donn Cantrell,MG Advanced,Xx-zobam,Won,2017-09-03,2017-12-14,3595.0,Manufacturing,1,3595.0,102,0.5745454545454546,2,1,0
L5UKY73S,Gladys Colclough,GTXPro,Treequote,Lost,2017-09-03,2017-11-04,0.0,Retail,0,0.0,62,0.5818965517241379,4,1,2
7DDPLMQ5,Gladys Colclough,GTXPro,Inity,Won,2017-09-03,2017-12-02,4981.0,Manufacturing,1,4981.0,90,0.5818965517241379,2,1,0
4KVZVHNN,James Ascencio,GTX Basic,Hatfan,Won,2017-09-03,2017-09-14,524.0,Public Sector,1,524.0,11,0.6553398058252428,3,1,1
ULWQ61OZ,James Ascencio,MG Special,Nam-zim,Won,2017-09-03,2017-12-06,54.0,Energy,1,54.0,94,0.6553398058252428,1,1,1
FKU9TS06,Jonathan Berthelot,GTXPro,Funholding,Won,2017-09-03,2017-09-16,5080.0,Retail,1,5080.0,13,0.6477272727272727,4,1,1
OPFBXGFV,Markita Hansen,MG Special,Scotfind,Won,2017-09-03,2017-12-12,50.0,Telecom,1,50.0,100,0.5726872246696035,6,1,2
UCV49FYZ,Maureen Marcano,GTX Plus Pro,Nam-zim,Won,2017-09-03,2017-09-09,6656.0,Energy,1,6656.0,6,0.6995305164319249,1,1,0
F58R70DY,Reed Clapper,GTXPro,Donquadtech,Won,2017-09-03,2017-09-10,4641.0,Shipping,1,4641.0,7,0.6540084388185654,5,1,1
1H2PVLZ3,Rosalina Dieter,GTK 500,Xx-holding,Won,2017-09-03,2017-11-10,26186.0,Telecom,1,26186.0,68,0.6545454545454545,6,1,0
DV6WD759,Vicki Laflamme,MG Advanced,Newex,Won,2017-09-03,2017-09-14,4251.0,Energy,1,4251.0,11,0.6368876080691642,1,1,1
SBC67V5T,Violet Mclelland,MG Special,Ganjaflex,Won,2017-09-03,2017-09-11,51.0,Retail,1,51.0,8,0.6321243523316062,4,1,2
IDGLZJRX,Violet Mclelland,MG Special,Gekko & Co,Won,2017-09-03,2017-11-09,62.0,Telecom,1,62.0,67,0.6321243523316062,6,1,2
VYG4BHEE,Zane Levy,GTX Basic,Golddex,Lost,2017-09-03,2017-11-01,0.0,Manufacturing,0,0.0,59,0.6168582375478927,2,1,0
YFTW9Z69,Anna Snelling,MG Advanced,Stanredtax,Lost,2017-09-04,2017-11-12,0.0,Retail,0,0.0,69,0.6190476190476191,4,1,2
92IDH7MB,Anna Snelling,MG Special,Scottech,Won,2017-09-04,2017-11-21,58.0,Banking,1,58.0,78,0.6190476190476191,0,1,2
NR1JSUPQ,Boris Faz,GTX Plus Basic,Donware,Won,2017-09-04,2017-11-11,973.0,Banking,1,973.0,68,0.6601307189542484,0,1,0
ZNOARPNW,Boris Faz,GTX Plus Pro,Kinnamplus,Won,2017-09-04,2017-09-13,4954.0,Telecom,1,4954.0,9,0.6601307189542484,6,1,1
FNKZKHTJ,Cassey Cress,GTXPro,Condax,Won,2017-09-04,2017-09-06,5113.0,Banking,1,5113.0,2,0.6245210727969349,0,1,2
UAVOPRPV,Corliss Cosme,GTX Plus Pro,Xx-zobam,Won,2017-09-04,2017-12-26,4631.0,Manufacturing,1,4631.0,113,0.6550218340611353,2,1,0
VMUTS9GK,Daniell Hammack,GTX Plus Pro,Condax,Won,2017-09-04,2017-11-01,5807.0,Banking,1,5807.0,58,0.6096256684491979,0,1,2
SZPU1DSR,Darcel Schlecht,GTX Plus Basic,Hottechi,Lost,2017-09-04,2017-11-30,0.0,Public Sector,0,0.0,87,0.6311030741410488,3,1,2
9EGLQG3N,Gladys Colclough,GTX Basic,Zumgoity,Won,2017-09-04,2017-12-14,640.0,Public Sector,1,640.0,101,0.5818965517241379,3,1,2
BL23633Z,Gladys Colclough,MG Advanced,Konmatfix,Won,2017-09-04,2017-11-25,3830.0,Shipping,1,3830.0,82,0.5818965517241379,5,1,2
87G25M68,James Ascencio,GTX Plus Pro,Cheers,Won,2017-09-04,2017-12-28,5285.0,Telecom,1,5285.0,115,0.6553398058252428,6,1,0
8F3RA844,Jonathan Berthelot,GTXPro,Betatech,Lost,2017-09-04,2017-11-19,0.0,Public Sector,0,0.0,76,0.6477272727272727,3,1,0
VJ1FT11H,Kami Bicknell,GTX Basic,Xx-holding,Lost,2017-09-04,2017-11-18,0.0,Telecom,0,0.0,75,0.6397058823529411,6,1,0
TKI8MEZZ,Moses Frase,GTX Plus Basic,Domzoom,Won,2017-09-04,2017-12-31,975.0,Retail,1,975.0,118,0.6615384615384615,4,1,2
QSHP9AHU,Moses Frase,GTX Plus Basic,Funholding,Won,2017-09-04,2017-12-13,847.0,Retail,1,847.0,100,0.6615384615384615,4,1,2
MIDW7Q49,Niesha Huffines,MG Advanced,Rangreen,Won,2017-09-04,2017-12-15,2814.0,Energy,1,2814.0,102,0.6,1,1,2
PW7QNSFG,Rosalina Dieter,MG Advanced,Lexiqvolax,Won,2017-09-04,2017-11-06,3275.0,Public Sector,1,3275.0,63,0.6545454545454545,3,1,0
WGYE40NI,Versie Hillebrand,MG Special,Betatech,Won,2017-09-04,2017-12-26,41.0,Public Sector,1,41.0,113,0.6666666666666666,3,1,2
HLX6W646,Vicki Laflamme,GTX Plus Pro,Dalttechnology,Won,2017-09-04,2017-11-19,5185.0,Shipping,1,5185.0,76,0.6368876080691642,5,1,1
6VMQQKLJ,Vicki Laflamme,GTXPro,Dalttechnology,Won,2017-09-04,2017-09-15,5191.0,Shipping,1,5191.0,11,0.6368876080691642,5,1,2
FYS6IZO4,Violet Mclelland,MG Special,Mathtouch,Won,2017-09-04,2017-11-07,59.0,Energy,1,59.0,64,0.6321243523316062,1,1,1
7OSD4T24,Violet Mclelland,MG Special,Silis,Won,2017-09-04,2017-12-08,54.0,Public Sector,1,54.0,95,0.6321243523316062,3,1,2
H29A7E6X,Corliss Cosme,GTX Plus Basic,Iselectrics,Won,2017-09-05,2017-11-17,1076.0,Energy,1,1076.0,73,0.6550218340611353,1,1,0
IDN254QN,Daniell Hammack,GTX Basic,Plussunin,Won,2017-09-05,2017-11-20,490.0,Energy,1,490.0,76,0.6096256684491979,1,1,2
W3U1N1RV,Darcel Schlecht,GTX Plus Pro,dambase,Lost,2017-09-05,2017-11-24,0.0,Retail,0,0.0,80,0.6311030741410488,4,1,1
5LPKNEEI,Darcel Schlecht,GTXPro,Betatech,Lost,2017-09-05,2017-09-13,0.0,Public Sector,0,0.0,8,0.6311030741410488,3,1,1
073UCD9F,Gladys Colclough,MG Special,Betatech,Lost,2017-09-05,2017-12-10,0.0,Public Sector,0,0.0,96,0.5818965517241379,3,1,2
DCZOTU5X,Kary Hendrixson,GTX Basic,Konex,Lost,2017-09-05,2017-11-13,0.0,Public Sector,0,0.0,69,0.6238805970149254,3,1,1
KUJ5M6J3,Kary Hendrixson,GTXPro,Labdrill,Won,2017-09-05,2017-12-27,5663.0,Energy,1,5663.0,113,0.6238805970149254,1,1,1
YGUOEIEG,Markita Hansen,GTX Plus Basic,Hottechi,Lost,2017-09-05,2017-11-06,0.0,Public Sector,0,0.0,62,0.5726872246696035,3,1,0
CRL6IB5Z,Niesha Huffines,GTX Plus Basic,Rundofase,Lost,2017-09-05,2017-11-26,0.0,Public Sector,0,0.0,82,0.6,3,1,2
STVHD67J,Niesha Huffines,GTX Plus Basic,Dontechi,Won,2017-09-05,2017-09-16,1166.0,Shipping,1,1166.0,11,0.6,5,1,2
I3TDKU30,Rosalina Dieter,MG Special,Nam-zim,Lost,2017-09-05,2017-09-14,0.0,Energy,0,0.0,9,0.6545454545454545,1,1,2
YUVNXSSD,Versie Hillebrand,MG Special,Konmatfix,Lost,2017-09-05,2017-09-15,0.0,Shipping,0,0.0,10,0.6666666666666666,5,1,1
AZJXZFMR,Versie Hillebrand,MG Special,Rangreen,Lost,2017-09-05,2017-11-26,0.0,Energy,0,0.0,82,0.6666666666666666,1,1,2
2WPEOPIF,Vicki Laflamme,GTX Basic,Lexiqvolax,Won,2017-09-05,2017-12-04,491.0,Public Sector,1,491.0,90,0.6368876080691642,3,1,2
XMCRTC2K,Vicki Laflamme,GTX Plus Pro,Green-Plus,Won,2017-09-05,2017-11-07,5532.0,Retail,1,5532.0,63,0.6368876080691642,4,1,0
ZDVZB8PX,Vicki Laflamme,MG Advanced,Blackzim,Won,2017-09-05,2017-11-14,3930.0,Telecom,1,3930.0,70,0.6368876080691642,6,1,0
5JS6JI3P,Vicki Laflamme,MG Advanced,Labdrill,Won,2017-09-05,2017-11-21,2689.0,Energy,1,2689.0,77,0.6368876080691642,1,1,0
8DPUST4Y,Darcel Schlecht,GTXPro,Codehow,Won,2017-09-06,2017-11-19,5987.0,Telecom,1,5987.0,74,0.6311030741410488,6,1,1
L1QNLM08,Darcel Schlecht,GTXPro,Treequote,Won,2017-09-06,2017-12-30,5141.0,Retail,1,5141.0,115,0.6311030741410488,4,1,2
S4YQYJPM,Darcel Schlecht,MG Special,Codehow,Won,2017-09-06,2017-09-13,48.0,Telecom,1,48.0,7,0.6311030741410488,6,1,0
6BQMENQR,Donn Cantrell,GTXPro,Plussunin,Lost,2017-09-06,2017-11-03,0.0,Energy,0,0.0,58,0.5745454545454546,1,1,0
XAS0EL71,Donn Cantrell,MG Advanced,Xx-zobam,Won,2017-09-06,2017-09-20,3206.0,Manufacturing,1,3206.0,14,0.5745454545454546,2,1,0
GQNM1QP8,Elease Gluck,MG Special,Labdrill,Won,2017-09-06,2017-11-29,61.0,Energy,1,61.0,84,0.6349206349206349,1,1,2
9CK2HTJP,Garret Kinder,GTX Plus Basic,Acme Corporation,Lost,2017-09-06,2017-12-04,0.0,Shipping,0,0.0,89,0.6097560975609756,5,1,2
J96E49Z1,Gladys Colclough,GTXPro,Konmatfix,Won,2017-09-06,2017-11-22,5078.0,Shipping,1,5078.0,77,0.5818965517241379,5,1,2
X96KGPI8,Jonathan Berthelot,GTX Basic,Statholdings,Lost,2017-09-06,2017-11-19,0.0,Manufacturing,0,0.0,74,0.6477272727272727,2,1,1
JJDL1F8R,Jonathan Berthelot,GTX Basic,Streethex,Won,2017-09-06,2017-11-07,532.0,Banking,1,532.0,62,0.6477272727272727,0,1,1
0J24X1Y0,Kami Bicknell,MG Special,Lexiqvolax,Won,2017-09-06,2017-09-15,56.0,Public Sector,1,56.0,9,0.6397058823529411,3,1,0
SEYFLN8Y,Markita Hansen,GTX Plus Basic,Scotfind,Won,2017-09-06,2017-12-09,1182.0,Telecom,1,1182.0,94,0.5726872246696035,6,1,2
EID3MR9L,Marty Freudenburg,GTX Plus Pro,Funholding,Won,2017-09-06,2017-12-20,5788.0,Retail,1,5788.0,105,0.6288659793814433,4,1,0
ID2VJE8V,Versie Hillebrand,MG Special,Streethex,Lost,2017-09-06,2017-09-13,0.0,Banking,0,0.0,7,0.6666666666666666,0,1,2
T3W0Z8KP,Versie Hillebrand,MG Special,Cancity,Won,2017-09-06,2017-09-12,61.0,Public Sector,1,61.0,6,0.6666666666666666,3,1,2
2WZU46RL,Vicki Laflamme,GTXPro,Scotfind,Won,2017-09-06,2017-12-16,5115.0,Telecom,1,5115.0,101,0.6368876080691642,6,1,2
576N6HHJ,Vicki Laflamme,GTXPro,Y-corporation,Won,2017-09-06,2017-09-15,5227.0,Manufacturing,1,5227.0,9,0.6368876080691642,2,1,1
WOS93VI5,Wilburn Farren,GTX Plus Basic,Zathunicon,Won,2017-09-06,2017-12-06,1144.0,Retail,1,1144.0,91,0.6962025316455697,4,1,1
RKI7OEP9,Anna Snelling,MG Special,Statholdings,Lost,2017-09-07,2017-11-18,0.0,Manufacturing,0,0.0,72,0.6190476190476191,2,1,2
D9CS7EIY,Anna Snelling,GTX Plus Basic,Ron-tech,Won,2017-09-07,2017-12-12,1249.0,Manufacturing,1,1249.0,96,0.6190476190476191,2,1,0
J1VGTXQS,Boris Faz,GTX Plus Basic,Sumace,Won,2017-09-07,2017-12-03,1106.0,Energy,1,1106.0,87,0.6601307189542484,1,1,2
T87FD71P,Cassey Cress,GTX Plus Basic,Bubba Gump,Won,2017-09-07,2017-11-18,1251.0,Retail,1,1251.0,72,0.6245210727969349,4,1,2
P4PX93RN,Corliss Cosme,GTXPro,Plussunin,Lost,2017-09-07,2017-11-18,0.0,Energy,0,0.0,72,0.6550218340611353,1,1,0
RLJI4F93,Corliss Cosme,GTXPro,Donware,Won,2017-09-07,2017-09-18,4975.0,Banking,1,4975.0,11,0.6550218340611353,0,1,2
AE306TJU,Corliss Cosme,MG Special,Umbrella Corporation,Won,2017-09-07,2017-09-17,54.0,Public Sector,1,54.0,10,0.6550218340611353,3,1,0
D3BO9JDM,Darcel Schlecht,GTXPro,Ron-tech,Won,2017-09-07,2017-11-09,3975.0,Manufacturing,1,3975.0,63,0.6311030741410488,2,1,1
DPDUK8RG,Darcel Schlecht,MG Advanced,Codehow,Won,2017-09-07,2017-09-12,2969.0,Telecom,1,2969.0,5,0.6311030741410488,6,1,1
AR35V2L2,Garret Kinder,GTX Basic,Sumace,Won,2017-09-07,2017-09-13,558.0,Energy,1,558.0,6,0.6097560975609756,1,1,0
FAKATVRQ,Gladys Colclough,GTXPro,Isdom,Lost,2017-09-07,2017-11-29,0.0,Retail,0,0.0,83,0.5818965517241379,4,1,1
9SU2A73Y,Jonathan Berthelot,GTX Basic,Betatech,Won,2017-09-07,2017-09-18,585.0,Public Sector,1,585.0,11,0.6477272727272727,3,1,1
98R4AZA8,Kary Hendrixson,GTX Basic,Plexzap,Won,2017-09-07,2017-12-17,566.0,Manufacturing,1,566.0,101,0.6238805970149254,2,1,0
9FE75D1D,Markita Hansen,GTXPro,Scotfind,Won,2017-09-07,2017-11-16,4722.0,Telecom,1,4722.0,70,0.5726872246696035,6,1,1
S5NVSXEX,Moses Frase,GTX Plus Basic,Condax,Won,2017-09-07,2017-12-11,1033.0,Banking,1,1033.0,95,0.6615384615384615,0,1,2
C6F5DTFR,Niesha Huffines,GTX Basic,Dontechi,Won,2017-09-07,2017-12-19,587.0,Shipping,1,587.0,103,0.6,5,1,2
R4X2MOO1,Reed Clapper,GTX Plus Pro,Silis,Lost,2017-09-07,2017-11-27,0.0,Public Sector,0,0.0,81,0.6540084388185654,3,1,0
8FULX0EA,Versie Hillebrand,MG Special,Funholding,Won,2017-09-07,2017-11-02,62.0,Retail,1,62.0,56,0.6666666666666666,4,1,1
WA5NRVIG,Versie Hillebrand,MG Special,Konmatfix,Won,2017-09-07,2017-12-12,54.0,Shipping,1,54.0,96,0.6666666666666666,5,1,2
XO7D3NYR,Vicki Laflamme,GTX Basic,Condax,Won,2017-09-07,2017-11-03,499.0,Banking,1,499.0,57,0.6368876080691642,0,1,2
ZN8LHN9B,Wilburn Farren,GTX Plus Pro,Zotware,Lost,2017-09-07,2017-11-17,0.0,Banking,0,0.0,71,0.6962025316455697,0,1,1
BFH34LVO,Zane Levy,GTX Basic,Faxquote,Won,2017-09-07,2017-11-26,458.0,Telecom,1,458.0,80,0.6168582375478927,6,1,1
QHVGK8DM,Zane Levy,MG Special,Condax,Won,2017-09-07,2017-11-30,61.0,Banking,1,61.0,84,0.6168582375478927,0,1,2
BALJ5E9J,Anna Snelling,MG Special,Treequote,Lost,2017-09-08,2017-12-17,0.0,Retail,0,0.0,100,0.6190476190476191,4,1,2
3Y6REURA,Anna Snelling,GTX Plus Pro,Funholding,Won,2017-09-08,2017-09-24,5600.0,Retail,1,5600.0,16,0.6190476190476191,4,1,0
3UI5JBOA,Boris Faz,GTX Plus Pro,Umbrella Corporation,Lost,2017-09-08,2017-11-19,0.0,Public Sector,0,0.0,72,0.6601307189542484,3,1,0
8AKZH8QS,Boris Faz,GTX Plus Basic,Zotware,Won,2017-09-08,2017-12-17,1259.0,Banking,1,1259.0,100,0.6601307189542484,0,1,2
FAS1KT97,Boris Faz,GTX Plus Basic,Zotware,Won,2017-09-08,2017-09-14,1114.0,Banking,1,1114.0,6,0.6601307189542484,0,1,0
RAPX57I3,Boris Faz,MG Special,Kinnamplus,Won,2017-09-08,2017-11-25,57.0,Telecom,1,57.0,78,0.6601307189542484,6,1,2
UZ4JMG8Z,Cassey Cress,GTX Plus Basic,Donquadtech,Lost,2017-09-08,2017-11-25,0.0,Shipping,0,0.0,78,0.6245210727969349,5,1,2
PV411N8I,Cecily Lampkin,MG Special,Scottech,Lost,2017-09-08,2017-11-17,0.0,Banking,0,0.0,70,0.66875,0,1,0
C58775JM,Corliss Cosme,GTXPro,Bluth Company,Lost,2017-09-08,2017-12-30,0.0,Energy,0,0.0,113,0.6550218340611353,1,1,0
A2PIOJWL,Daniell Hammack,GTXPro,Betasoloin,Lost,2017-09-08,2017-09-19,0.0,Banking,0,0.0,11,0.6096256684491979,0,1,1
SSEOGPPI,Darcel Schlecht,MG Advanced,Funholding,Won,2017-09-08,2017-09-10,3346.0,Retail,1,3346.0,2,0.6311030741410488,4,1,1
5MFY1D4C,Donn Cantrell,GTX Basic,Kan-code,Lost,2017-09-08,2017-09-18,0.0,Public Sector,0,0.0,10,0.5745454545454546,3,1,1
PQLMEIG0,Donn Cantrell,GTX Basic,Kan-code,Lost,2017-09-08,2017-09-22,0.0,Public Sector,0,0.0,14,0.5745454545454546,3,1,2
6CV2KEKP,Donn Cantrell,MG Advanced,Ontomedia,Lost,2017-09-08,2017-09-16,0.0,Manufacturing,0,0.0,8,0.5745454545454546,2,1,0
FQD0IJBC,Elease Gluck,GTX Basic,Green-Plus,Lost,2017-09-08,2017-11-25,0.0,Retail,0,0.0,78,0.6349206349206349,4,1,2
E28C318S,James Ascencio,GTX Basic,Newex,Won,2017-09-08,2017-11-04,546.0,Energy,1,546.0,57,0.6553398058252428,1,1,0
6BUW3ZVC,Jonathan Berthelot,GTX Basic,Bioholding,Lost,2017-09-08,2017-11-04,0.0,Banking,0,0.0,57,0.6477272727272727,0,1,2
ZW5XV2QY,Kami Bicknell,GTX Basic,Cheers,Lost,2017-09-08,2017-11-14,0.0,Telecom,0,0.0,67,0.6397058823529411,6,1,1
MOSX49BG,Kami Bicknell,GTX Basic,Finjob,Won,2017-09-08,2017-11-24,596.0,Manufacturing,1,596.0,77,0.6397058823529411,2,1,1
BDEP8ZEH,Kary Hendrixson,GTX Plus Basic,Sonron,Lost,2017-09-08,2017-12-21,0.0,Manufacturing,0,0.0,104,0.6238805970149254,2,1,1
WSKZBAYI,Kary Hendrixson,GTX Plus Basic,Fasehatice,Won,2017-09-08,2017-12-08,1171.0,Telecom,1,1171.0,91,0.6238805970149254,6,1,2
19H5KFIC,Marty Freudenburg,GTX Plus Basic,Globex Corporation,Won,2017-09-08,2017-12-03,1021.0,Retail,1,1021.0,86,0.6288659793814433,4,1,0
7PCCI1U2,Reed Clapper,MG Advanced,Kan-code,Lost,2017-09-08,2017-11-17,0.0,Public Sector,0,0.0,70,0.6540084388185654,3,1,0
8XXD2LMP,Rosie Papadopoulos,GTX Plus Pro,Donquadtech,Lost,2017-09-08,2017-12-02,0.0,Shipping,0,0.0,85,0.6446280991735537,5,1,1
USNQY75J,Zane Levy,MG Special,Fasehatice,Lost,2017-09-08,2017-11-04,0.0,Telecom,0,0.0,57,0.6168582375478927,6,1,1
EI7DU48C,Zane Levy,MG Advanced,Kan-code,Lost,2017-09-08,2017-12-14,0.0,Public Sector,0,0.0,97,0.6168582375478927,3,1,1
1A1BI5VB,Boris Faz,GTXPro,Mathtouch,Won,2017-09-09,2017-09-22,4609.0,Energy,1,4609.0,13,0.6601307189542484,1,1,1
UYJVA76O,Cassey Cress,GTX Plus Basic,Zathunicon,Lost,2017-09-09,2017-11-21,0.0,Retail,0,0.0,73,0.6245210727969349,4,1,0
DR2H05BG,Cecily Lampkin,GTX Basic,Bioholding,Won,2017-09-09,2017-09-22,600.0,Banking,1,600.0,13,0.66875,0,1,2
M765WQ4W,Corliss Cosme,GTXPro,Konex,Won,2017-09-09,2017-09-13,5067.0,Public Sector,1,5067.0,4,0.6550218340611353,3,1,2
2PXZ68OA,Darcel Schlecht,GTXPro,Scottech,Won,2017-09-09,2017-12-05,5127.0,Banking,1,5127.0,87,0.6311030741410488,0,1,2
TDVM9PDL,Donn Cantrell,GTX Basic,Ganjaflex,Won,2017-09-09,2017-12-26,547.0,Retail,1,547.0,108,0.5745454545454546,4,1,2
LBYGH8WS,Garret Kinder,GTX Plus Pro,Plussunin,Lost,2017-09-09,2017-09-27,0.0,Energy,0,0.0,18,0.6097560975609756,1,1,1
OBCBK0XR,Kami Bicknell,MG Advanced,Faxquote,Lost,2017-09-09,2017-11-30,0.0,Telecom,0,0.0,82,0.6397058823529411,6,1,1
IX8AYR6F,Kami Bicknell,GTX Basic,Faxquote,Won,2017-09-09,2017-12-14,582.0,Telecom,1,582.0,96,0.6397058823529411,6,1,1
4LVXK5H1,Kami Bicknell,GTX Plus Basic,J-Texon,Won,2017-09-09,2017-09-25,1047.0,Telecom,1,1047.0,16,0.6397058823529411,6,1,2
O5CWW9P3,Lajuana Vencill,MG Special,Funholding,Lost,2017-09-09,2017-11-21,0.0,Retail,0,0.0,73,0.5497835497835498,4,1,1
DPXZ0ONG,Niesha Huffines,GTXPro,Finhigh,Lost,2017-09-09,2017-11-15,0.0,Banking,0,0.0,67,0.6,0,1,1
2LOQKW1C,Niesha Huffines,GTX Basic,Domzoom,Won,2017-09-09,2017-09-24,568.0,Retail,1,568.0,15,0.6,4,1,0
MA1LQG9S,Niesha Huffines,GTX Plus Pro,Inity,Won,2017-09-09,2017-11-27,6255.0,Manufacturing,1,6255.0,79,0.6,2,1,0
YR4EFQ4C,Reed Clapper,GTXPro,Bubba Gump,Won,2017-09-09,2017-12-03,4647.0,Retail,1,4647.0,85,0.6540084388185654,4,1,1
KB7DTUXO,Rosie Papadopoulos,GTXPro,Vehement Capital Partners,Won,2017-09-09,2017-11-08,5042.0,Banking,1,5042.0,60,0.6446280991735537,0,1,0
JMQRT3TC,Versie Hillebrand,MG Special,Dontechi,Won,2017-09-09,2017-12-31,57.0,Shipping,1,57.0,113,0.6666666666666666,5,1,0
XETHS437,Versie Hillebrand,MG Special,Rundofase,Won,2017-09-09,2017-12-07,53.0,Public Sector,1,53.0,89,0.6666666666666666,3,1,1
6EYTZB6F,Versie Hillebrand,MG Advanced,Konmatfix,Won,2017-09-09,2017-12-12,3811.0,Shipping,1,3811.0,94,0.6666666666666666,5,1,1
DXY9EZ55,Vicki Laflamme,GTX Basic,Hottechi,Won,2017-09-09,2017-12-12,456.0,Public Sector,1,456.0,94,0.6368876080691642,3,1,1
ESZPH44N,Violet Mclelland,GTXPro,Mathtouch,Lost,2017-09-09,2017-12-19,0.0,Energy,0,0.0,101,0.6321243523316062,1,1,1
ITDTMROU,Cassey Cress,MG Advanced,Xx-zobam,Won,2017-09-10,2017-12-05,3371.0,Manufacturing,1,3371.0,86,0.6245210727969349,2,1,2
IFO74RWI,Cecily Lampkin,GTX Plus Basic,Treequote,Won,2017-09-10,2017-11-29,1151.0,Retail,1,1151.0,80,0.66875,4,1,2
4O6T16XI,Cecily Lampkin,MG Advanced,Scottech,Won,2017-09-10,2017-12-25,3748.0,Banking,1,3748.0,106,0.66875,0,1,1
SUPA1RHK,Corliss Cosme,GTX Plus Pro,Umbrella Corporation,Won,2017-09-10,2017-09-15,5717.0,Public Sector,1,5717.0,5,0.6550218340611353,3,1,0
MDHD11QD,Corliss Cosme,GTXPro,Donquadtech,Won,2017-09-10,2017-09-15,5027.0,Shipping,1,5027.0,5,0.6550218340611353,5,1,1
PERK5YXJ,Daniell Hammack,GTX Plus Basic,Iselectrics,Won,2017-09-10,2017-12-13,1111.0,Energy,1,1111.0,94,0.6096256684491979,1,1,1
MUUNQNG2,Darcel Schlecht,GTX Plus Basic,Bioholding,Won,2017-09-10,2017-09-17,1159.0,Banking,1,1159.0,7,0.6311030741410488,0,1,0
J1SCD7QL,Darcel Schlecht,MG Advanced,Rangreen,Won,2017-09-10,2017-11-06,3251.0,Energy,1,3251.0,57,0.6311030741410488,1,1,2
9LILLW96,Garret Kinder,GTX Plus Pro,Bubba Gump,Lost,2017-09-10,2017-11-01,0.0,Retail,0,0.0,52,0.6097560975609756,4,1,1
R0DKB8FJ,Gladys Colclough,MG Advanced,Genco Pura Olive Oil Company,Lost,2017-09-10,2017-12-07,0.0,Manufacturing,0,0.0,88,0.5818965517241379,2,1,1
S5R9O6TL,Gladys Colclough,GTX Plus Basic,Codehow,Won,2017-09-10,2017-12-18,1083.0,Telecom,1,1083.0,99,0.5818965517241379,6,1,2
N78A330G,Gladys Colclough,MG Special,Bioholding,Won,2017-09-10,2017-11-08,54.0,Banking,1,54.0,59,0.5818965517241379,0,1,2
ZHI12PI4,Hayden Neloms,MG Advanced,Blackzim,Won,2017-09-10,2017-12-29,3302.0,Telecom,1,3302.0,110,0.7039473684210527,6,1,0
38ZR3URJ,James Ascencio,GTX Basic,Golddex,Won,2017-09-10,2017-11-25,552.0,Manufacturing,1,552.0,76,0.6553398058252428,2,1,2
6DJ817MW,James Ascencio,GTX Basic,Singletechno,Won,2017-09-10,2017-11-16,468.0,Retail,1,468.0,67,0.6553398058252428,4,1,2
9HCLI5PO,Jonathan Berthelot,GTX Basic,dambase,Lost,2017-09-10,2017-11-17,0.0,Retail,0,0.0,68,0.6477272727272727,4,1,2
PRY70ISY,Jonathan Berthelot,GTX Basic,Hottechi,Lost,2017-09-10,2017-12-04,0.0,Public Sector,0,0.0,85,0.6477272727272727,3,1,0
CS2ZS0B4,Kami Bicknell,GTX Plus Pro,Rantouch,Lost,2017-09-10,2017-09-27,0.0,Energy,0,0.0,17,0.6397058823529411,1,1,2
R7LGVRHC,Kami Bicknell,GTXPro,J-Texon,Won,2017-09-10,2017-11-12,4467.0,Telecom,1,4467.0,63,0.6397058823529411,6,1,2
3KLVZN6M,Kary Hendrixson,GTX Basic,Cheers,Won,2017-09-10,2017-12-05,538.0,Telecom,1,538.0,86,0.6238805970149254,6,1,0
WGSLK719,Kary Hendrixson,MG Advanced,Y-corporation,Won,2017-09-10,2017-12-12,3021.0,Manufacturing,1,3021.0,93,0.6238805970149254,2,1,2
0MMDQ1OR,Lajuana Vencill,GTX Basic,Codehow,Won,2017-09-10,2017-11-12,511.0,Telecom,1,511.0,63,0.5497835497835498,6,1,2
SMQV0BRI,Maureen Marcano,GTX Plus Pro,Blackzim,Won,2017-09-10,2017-09-21,5832.0,Telecom,1,5832.0,11,0.6995305164319249,6,1,0
X56STCJP,Versie Hillebrand,GTX Plus Pro,Inity,Lost,2017-09-10,2017-09-30,0.0,Manufacturing,0,0.0,20,0.6666666666666666,2,1,1
K214R7RK,Versie Hillebrand,MG Advanced,Conecom,Lost,2017-09-10,2017-11-24,0.0,Shipping,0,0.0,75,0.6666666666666666,5,1,0
NR9UD54C,Versie Hillebrand,MG Special,Warephase,Won,2017-09-10,2017-11-27,50.0,Retail,1,50.0,78,0.6666666666666666,4,1,2
GTXI4PAR,Vicki Laflamme,MG Advanced,Scotfind,Lost,2017-09-10,2017-11-24,0.0,Telecom,0,0.0,75,0.6368876080691642,6,1,2
T94JAB4C,Vicki Laflamme,MG Special,Plexzap,Won,2017-09-10,2017-11-22,58.0,Manufacturing,1,58.0,73,0.6368876080691642,2,1,2
8YOOE8I5,Violet Mclelland,GTX Basic,Umbrella Corporation,Lost,2017-09-10,2017-11-24,0.0,Public Sector,0,0.0,75,0.6321243523316062,3,1,0
8G2OTKLL,Violet Mclelland,MG Special,Mathtouch,Won,2017-09-10,2017-09-27,66.0,Energy,1,66.0,17,0.6321243523316062,1,1,2
LW0Z6TMR,Anna Snelling,GTX Basic,Finhigh,Lost,2017-09-11,2017-09-13,0.0,Banking,0,0.0,2,0.6190476190476191,0,1,2
R3NAMX4P,Anna Snelling,GTX Plus Pro,Toughzap,Lost,2017-09-11,2017-11-14,0.0,Retail,0,0.0,64,0.6190476190476191,4,1,0
VYJ20GOM,Anna Snelling,MG Special,Cancity,Won,2017-09-11,2017-11-17,44.0,Public Sector,1,44.0,67,0.6190476190476191,3,1,1
GIWI7CWJ,Boris Faz,GTX Plus Basic,Konex,Won,2017-09-11,2017-12-30,1140.0,Public Sector,1,1140.0,110,0.6601307189542484,3,1,1
VTO3SNNX,Cassey Cress,GTX Plus Pro,Zencorporation,Won,2017-09-11,2017-09-21,5245.0,Shipping,1,5245.0,10,0.6245210727969349,5,1,2
OVPNOM6O,Cecily Lampkin,GTX Plus Pro,Gogozoom,Won,2017-09-11,2017-12-04,5520.0,Telecom,1,5520.0,84,0.66875,6,1,0
6KM4E0V1,Darcel Schlecht,GTX Plus Pro,Inity,Lost,2017-09-11,2017-11-19,0.0,Manufacturing,0,0.0,69,0.6311030741410488,2,1,2
QWIPE5FB,Darcel Schlecht,GTXPro,Ron-tech,Lost,2017-09-11,2017-11-14,0.0,Manufacturing,0,0.0,64,0.6311030741410488,2,1,0
BZPU6P5P,Garret Kinder,MG Special,Yearin,Lost,2017-09-11,2017-12-23,0.0,Retail,0,0.0,103,0.6097560975609756,4,1,0
ZCFAVNF3,Gladys Colclough,MG Special,Streethex,Won,2017-09-11,2017-09-20,53.0,Banking,1,53.0,9,0.5818965517241379,0,1,1
RDMKSDT0,Kami Bicknell,GTX Plus Pro,Plusstrip,Won,2017-09-11,2017-12-10,4872.0,Public Sector,1,4872.0,90,0.6397058823529411,3,1,1
QPCY8RU0,Kary Hendrixson,GTX Basic,Doncon,Lost,2017-09-11,2017-11-24,0.0,Shipping,0,0.0,74,0.6238805970149254,5,1,0
Y93GK95W,Markita Hansen,MG Advanced,Hatfan,Won,2017-09-11,2017-09-21,3138.0,Public Sector,1,3138.0,10,0.5726872246696035,3,1,2
ZPB5KNCD,Maureen Marcano,GTX Basic,Finjob,Lost,2017-09-11,2017-09-28,0.0,Manufacturing,0,0.0,17,0.6995305164319249,2,1,1
ZDAJ4PFJ,Moses Frase,GTX Basic,Bioholding,Won,2017-09-11,2017-12-03,513.0,Banking,1,513.0,83,0.6615384615384615,0,1,2
7VHJG9J1,Reed Clapper,GTX Plus Basic,Iselectrics,Lost,2017-09-11,2017-12-28,0.0,Energy,0,0.0,108,0.6540084388185654,1,1,1
EHPG1PNC,Violet Mclelland,GTX Basic,Kan-code,Won,2017-09-11,2017-12-18,644.0,Public Sector,1,644.0,98,0.6321243523316062,3,1,1
3CJMQNT0,Zane Levy,GTXPro,Lexiqvolax,Lost,2017-09-11,2017-11-14,0.0,Public Sector,0,0.0,64,0.6168582375478927,3,1,2
1MTLDVU8,Zane Levy,GTX Basic,Newex,Won,2017-09-11,2017-09-19,560.0,Energy,1,560.0,8,0.6168582375478927,1,1,1
4Z7LYTKN,Anna Snelling,GTX Plus Pro,Treequote,Lost,2017-09-12,2017-12-06,0.0,Retail,0,0.0,85,0.6190476190476191,4,1,1
MX0QEMEB,Anna Snelling,MG Advanced,Statholdings,Lost,2017-09-12,2017-11-27,0.0,Manufacturing,0,0.0,76,0.6190476190476191,2,1,2
Y25T06D2,Anna Snelling,GTX Plus Basic,dambase,Won,2017-09-12,2017-12-26,866.0,Retail,1,866.0,105,0.6190476190476191,4,1,1
JY5LPMSJ,Boris Faz,GTX Plus Basic,Plussunin,Lost,2017-09-12,2017-09-19,0.0,Energy,0,0.0,7,0.6601307189542484,1,1,1
YND6FAFG,Corliss Cosme,MG Special,Kan-code,Lost,2017-09-12,2017-12-01,0.0,Public Sector,0,0.0,80,0.6550218340611353,3,1,1
D4PEXI47,Darcel Schlecht,GTXPro,Inity,Lost,2017-09-12,2017-11-15,0.0,Manufacturing,0,0.0,64,0.6311030741410488,2,1,2
WRSA8PVU,Darcel Schlecht,GTX Basic,Finhigh,Won,2017-09-12,2017-12-16,626.0,Banking,1,626.0,95,0.6311030741410488,0,1,0
965CJ4YG,Darcel Schlecht,GTXPro,Toughzap,Won,2017-09-12,2017-12-03,4079.0,Retail,1,4079.0,82,0.6311030741410488,4,1,2
ML5QMJPM,Garret Kinder,MG Advanced,Konex,Won,2017-09-12,2017-12-05,3497.0,Public Sector,1,3497.0,84,0.6097560975609756,3,1,0
EWEW7ZMQ,Garret Kinder,MG Advanced,Opentech,Won,2017-09-12,2017-11-16,3072.0,Retail,1,3072.0,65,0.6097560975609756,4,1,1
JY8W2PKW,Gladys Colclough,MG Advanced,Genco Pura Olive Oil Company,Lost,2017-09-12,2017-12-15,0.0,Manufacturing,0,0.0,94,0.5818965517241379,2,1,0
JFBWABB1,Hayden Neloms,MG Advanced,Labdrill,Won,2017-09-12,2017-11-26,3473.0,Energy,1,3473.0,75,0.7039473684210527,1,1,2
A0Z6FYRO,Jonathan Berthelot,GTX Basic,Conecom,Won,2017-09-12,2017-09-19,530.0,Shipping,1,530.0,7,0.6477272727272727,5,1,2
51AC0Q99,Jonathan Berthelot,GTX Plus Basic,Gogozoom,Won,2017-09-12,2017-12-16,1066.0,Telecom,1,1066.0,95,0.6477272727272727,6,1,1
897MKBP9,Jonathan Berthelot,MG Special,Cancity,Won,2017-09-12,2017-12-18,64.0,Public Sector,1,64.0,97,0.6477272727272727,3,1,0
Y5IRSKVA,Jonathan Berthelot,MG Special,Rangreen,Won,2017-09-12,2017-12-25,59.0,Energy,1,59.0,104,0.6477272727272727,1,1,1
QS440NN9,Kary Hendrixson,GTX Plus Basic,Goodsilron,Won,2017-09-12,2017-11-30,1077.0,Energy,1,1077.0,79,0.6238805970149254,1,1,1
JOKH5C6I,Kary Hendrixson,GTXPro,Sunnamplex,Won,2017-09-12,2017-11-21,4999.0,Public Sector,1,4999.0,70,0.6238805970149254,3,1,2
1MZ8GDLF,Marty Freudenburg,MG Special,Betatech,Won,2017-09-12,2017-09-21,72.0,Public Sector,1,72.0,9,0.6288659793814433,3,1,0
64SDWSQH,Maureen Marcano,GTX Plus Pro,Kan-code,Won,2017-09-12,2017-09-20,4870.0,Public Sector,1,4870.0,8,0.6995305164319249,3,1,0
XS7CNY5H,Reed Clapper,GTX Plus Basic,Initech,Lost,2017-09-12,2017-09-20,0.0,Banking,0,0.0,8,0.6540084388185654,0,1,0
U0SS8E43,Reed Clapper,GTXPro,Zencorporation,Lost,2017-09-12,2017-12-18,0.0,Shipping,0,0.0,97,0.6540084388185654,5,1,0
2MH79C2B,Versie Hillebrand,MG Special,Konmatfix,Won,2017-09-12,2017-09-26,54.0,Shipping,1,54.0,14,0.6666666666666666,5,1,1
3YZFYEMI,Versie Hillebrand,MG Special,Toughzap,Won,2017-09-12,2017-12-09,50.0,Retail,1,50.0,88,0.6666666666666666,4,1,1
BPPV8ZSB,Vicki Laflamme,MG Special,Xx-holding,Lost,2017-09-12,2017-11-01,0.0,Telecom,0,0.0,50,0.6368876080691642,6,1,2
DRJG2FVR,Violet Mclelland,GTX Plus Pro,Initech,Lost,2017-09-12,2017-09-15,0.0,Banking,0,0.0,3,0.6321243523316062,0,1,1
SWXO4J19,Zane Levy,GTX Plus Basic,Konex,Won,2017-09-12,2017-11-20,1029.0,Public Sector,1,1029.0,69,0.6168582375478927,3,1,1
07DPEL0B,Anna Snelling,GTX Basic,Cancity,Won,2017-09-13,2017-11-25,629.0,Public Sector,1,629.0,73,0.6190476190476191,3,1,2
7GDRCAJR,Cassey Cress,GTX Basic,Iselectrics,Won,2017-09-13,2017-09-24,600.0,Energy,1,600.0,11,0.6245210727969349,1,1,2
EJ8YBRD3,Corliss Cosme,GTX Basic,Konex,Lost,2017-09-13,2017-11-03,0.0,Public Sector,0,0.0,51,0.6550218340611353,3,1,2
G7HADWB0,Corliss Cosme,GTXPro,Kinnamplus,Won,2017-09-13,2017-09-18,4535.0,Telecom,1,4535.0,5,0.6550218340611353,6,1,1
M3IFAMV2,Donn Cantrell,MG Advanced,Ontomedia,Lost,2017-09-13,2017-11-29,0.0,Manufacturing,0,0.0,77,0.5745454545454546,2,1,1
65AT4VFM,Elease Gluck,MG Special,Dalttechnology,Lost,2017-09-13,2017-09-19,0.0,Shipping,0,0.0,6,0.6349206349206349,5,1,2
H6SE0L31,Gladys Colclough,GTXPro,Conecom,Won,2017-09-13,2017-09-29,4805.0,Shipping,1,4805.0,16,0.5818965517241379,5,1,2
ZQC7YA4X,Kami Bicknell,GTXPro,Kan-code,Lost,2017-09-13,2017-11-17,0.0,Public Sector,0,0.0,65,0.6397058823529411,3,1,2
J9V49YC3,Kary Hendrixson,GTX Plus Pro,Labdrill,Won,2017-09-13,2017-12-12,5158.0,Energy,1,5158.0,90,0.6238805970149254,1,1,1
H3ZS0FBT,Marty Freudenburg,GTX Basic,Cancity,Won,2017-09-13,2017-11-21,477.0,Public Sector,1,477.0,69,0.6288659793814433,3,1,1
GIIHTQGY,Maureen Marcano,GTX Plus Pro,Lexiqvolax,Won,2017-09-13,2017-11-16,4972.0,Public Sector,1,4972.0,64,0.6995305164319249,3,1,0
0LTBCZHI,Niesha Huffines,MG Advanced,Treequote,Won,2017-09-13,2017-11-30,3902.0,Retail,1,3902.0,78,0.6,4,1,1
8U0BUWUQ,Reed Clapper,GTX Plus Basic,Plussunin,Won,2017-09-13,2017-12-14,1176.0,Energy,1,1176.0,92,0.6540084388185654,1,1,1
ROD5WJDM,Reed Clapper,GTXPro,Yearin,Won,2017-09-13,2017-12-14,4140.0,Retail,1,4140.0,92,0.6540084388185654,4,1,1
86GSJWQW,Rosalina Dieter,MG Special,Golddex,Won,2017-09-13,2017-11-30,54.0,Manufacturing,1,54.0,78,0.6545454545454545,2,1,2
B7BT5DB8,Vicki Laflamme,MG Special,Dalttechnology,Won,2017-09-13,2017-11-29,51.0,Shipping,1,51.0,77,0.6368876080691642,5,1,1
NJTWATVH,Zane Levy,GTX Basic,Labdrill,Won,2017-09-13,2017-09-21,518.0,Energy,1,518.0,8,0.6168582375478927,1,1,2
ZLIQCT7V,Zane Levy,GTX Basic,Sonron,Won,2017-09-13,2017-12-06,505.0,Manufacturing,1,505.0,84,0.6168582375478927,2,1,0
0U0GUDIX,Anna Snelling,GTX Plus Pro,Stanredtax,Won,2017-09-14,2017-09-18,5421.0,Retail,1,5421.0,4,0.6190476190476191,4,1,0
MN4ZHCUZ,Cassey Cress,GTXPro,Kan-code,Won,2017-09-14,2017-11-23,3822.0,Public Sector,1,3822.0,70,0.6245210727969349,3,1,2
06H63NKF,Darcel Schlecht,GTXPro,Conecom,Lost,2017-09-14,2017-11-20,0.0,Shipping,0,0.0,67,0.6311030741410488,5,1,2
GBRQN296,Donn Cantrell,MG Advanced,Ontomedia,Won,2017-09-14,2017-12-17,3331.0,Manufacturing,1,3331.0,94,0.5745454545454546,2,1,2
RBHXB5V5,Hayden Neloms,MG Special,Zoomit,Lost,2017-09-14,2017-11-27,0.0,Energy,0,0.0,74,0.7039473684210527,1,1,1
59O0CDJE,James Ascencio,GTX Basic,Newex,Won,2017-09-14,2017-12-20,504.0,Energy,1,504.0,97,0.6553398058252428,1,1,0
RU9Y6GR1,James Ascencio,GTX Plus Basic,Plexzap,Won,2017-09-14,2017-12-10,1117.0,Manufacturing,1,1117.0,87,0.6553398058252428,2,1,2
GIZAD3ZN,James Ascencio,GTXPro,Lexiqvolax,Won,2017-09-14,2017-12-07,5230.0,Public Sector,1,5230.0,84,0.6553398058252428,3,1,1
6CXJOT2A,Kami Bicknell,GTXPro,Fasehatice,Won,2017-09-14,2017-09-16,4844.0,Telecom,1,4844.0,2,0.6397058823529411,6,1,0
Y9NTV3K5,Kami Bicknell,MG Advanced,Labdrill,Won,2017-09-14,2017-09-23,3596.0,Energy,1,3596.0,9,0.6397058823529411,1,1,1
GPVQIS5U,Kary Hendrixson,GTXPro,Plexzap,Lost,2017-09-14,2017-09-30,0.0,Manufacturing,0,0.0,16,0.6238805970149254,2,1,0
LI9RCAQ6,Kary Hendrixson,GTXPro,Scotfind,Won,2017-09-14,2017-11-01,4593.0,Telecom,1,4593.0,48,0.6238805970149254,6,1,1
DT8SWPLT,Lajuana Vencill,GTX Basic,dambase,Won,2017-09-14,2017-12-12,545.0,Retail,1,545.0,89,0.5497835497835498,4,1,0
URRBXP0V,Lajuana Vencill,MG Advanced,Rangreen,Won,2017-09-14,2017-11-08,3362.0,Energy,1,3362.0,55,0.5497835497835498,1,1,0
CNAQ6R7T,Marty Freudenburg,GTX Plus Basic,Bioholding,Won,2017-09-14,2017-12-14,1086.0,Banking,1,1086.0,91,0.6288659793814433,0,1,1
FBYWCLLS,Reed Clapper,GTX Basic,Acme Corporation,Lost,2017-09-14,2017-09-28,0.0,Shipping,0,0.0,14,0.6540084388185654,5,1,2
ZJAIST7C,Rosie Papadopoulos,GTXPro,Konex,Won,2017-09-14,2017-12-31,5153.0,Public Sector,1,5153.0,108,0.6446280991735537,3,1,0
8EQRW9H5,Versie Hillebrand,MG Special,Konmatfix,Lost,2017-09-14,2017-11-29,0.0,Shipping,0,0.0,76,0.6666666666666666,5,1,2
F0KWRLK1,Vicki Laflamme,GTXPro,Konex,Won,2017-09-14,2017-11-15,5348.0,Public Sector,1,5348.0,62,0.6368876080691642,3,1,1
HHP6R0IX,Zane Levy,GTXPro,Finjob,Won,2017-09-14,2017-11-05,5170.0,Manufacturing,1,5170.0,52,0.6168582375478927,2,1,2
XMRZQ8PR,Zane Levy,GTXPro,Scotfind,Won,2017-09-14,2017-09-25,4050.0,Telecom,1,4050.0,11,0.6168582375478927,6,1,2
77JIGDNZ,Daniell Hammack,GTX Plus Basic,Bubba Gump,Lost,2017-09-15,2017-12-07,0.0,Retail,0,0.0,83,0.6096256684491979,4,1,2
DK6L8Y0Y,Daniell Hammack,GTX Plus Basic,Vehement Capital Partners,Won,2017-09-15,2017-09-29,1221.0,Banking,1,1221.0,14,0.6096256684491979,0,1,2
KA6SVT1C,Darcel Schlecht,MG Advanced,Toughzap,Lost,2017-09-15,2017-11-16,0.0,Retail,0,0.0,62,0.6311030741410488,4,1,2
8ARRIREI,Darcel Schlecht,GTX Plus Pro,Warephase,Won,2017-09-15,2017-12-09,5669.0,Retail,1,5669.0,85,0.6311030741410488,4,1,0
W3LRLMKP,Gladys Colclough,GTX Plus Pro,Finhigh,Won,2017-09-15,2017-12-19,5385.0,Banking,1,5385.0,95,0.5818965517241379,0,1,0
HQKUH8XA,Markita Hansen,GTX Basic,Hottechi,Lost,2017-09-15,2017-12-27,0.0,Public Sector,0,0.0,103,0.5726872246696035,3,1,0
6R6T68GL,Markita Hansen,MG Special,Zoomit,Won,2017-09-15,2017-12-09,48.0,Energy,1,48.0,85,0.5726872246696035,1,1,1
PGT70Q4T,Markita Hansen,MG Advanced,Plexzap,Won,2017-09-15,2017-12-01,3663.0,Manufacturing,1,3663.0,77,0.5726872246696035,2,1,2
EMORZ8R8,Maureen Marcano,GTXPro,Groovestreet,Won,2017-09-15,2017-09-30,4695.0,Retail,1,4695.0,15,0.6995305164319249,4,1,0
V6RULHFZ,Vicki Laflamme,MG Special,Fasehatice,Lost,2017-09-15,2017-12-30,0.0,Telecom,0,0.0,106,0.6368876080691642,6,1,1
GRYWAPXY,Zane Levy,MG Advanced,Rantouch,Won,2017-09-15,2017-11-07,2712.0,Energy,1,2712.0,53,0.6168582375478927,1,1,0
ZIEI8JM3,Anna Snelling,MG Special,Ron-tech,Won,2017-09-16,2017-12-07,65.0,Manufacturing,1,65.0,82,0.6190476190476191,2,1,0
QDYFLOZW,Anna Snelling,MG Special,Statholdings,Won,2017-09-16,2017-09-23,55.0,Manufacturing,1,55.0,7,0.6190476190476191,2,1,2
55YURJ2E,Anna Snelling,MG Special,Streethex,Won,2017-09-16,2017-12-30,58.0,Banking,1,58.0,105,0.6190476190476191,0,1,1
1PORK6E3,Cassey Cress,GTX Basic,Ontomedia,Won,2017-09-16,2017-09-27,512.0,Manufacturing,1,512.0,11,0.6245210727969349,2,1,2
ENDKZ399,Corliss Cosme,GTX Plus Pro,Kan-code,Won,2017-09-16,2017-09-24,5820.0,Public Sector,1,5820.0,8,0.6550218340611353,3,1,2
VSNI41WQ,Daniell Hammack,GTX Plus Pro,Donware,Lost,2017-09-16,2017-11-30,0.0,Banking,0,0.0,75,0.6096256684491979,0,1,0
87KZX1UX,Darcel Schlecht,GTX Plus Basic,Codehow,Won,2017-09-16,2017-11-25,1179.0,Telecom,1,1179.0,70,0.6311030741410488,6,1,2
PLRBC69J,Darcel Schlecht,GTX Plus Basic,Rangreen,Won,2017-09-16,2017-09-26,1153.0,Energy,1,1153.0,10,0.6311030741410488,1,1,1
RZB6Q4FX,Donn Cantrell,GTX Plus Basic,Ganjaflex,Won,2017-09-16,2017-09-21,892.0,Retail,1,892.0,5,0.5745454545454546,4,1,2
ASK5U1TD,Donn Cantrell,GTX Plus Basic,Zathunicon,Won,2017-09-16,2017-11-22,1231.0,Retail,1,1231.0,67,0.5745454545454546,4,1,2
T49Q4GWU,Donn Cantrell,MG Advanced,Plussunin,Won,2017-09-16,2017-12-25,3091.0,Energy,1,3091.0,100,0.5745454545454546,1,1,2
JJ17IHID,Garret Kinder,GTX Basic,Xx-zobam,Won,2017-09-16,2017-11-24,547.0,Manufacturing,1,547.0,69,0.6097560975609756,2,1,0
311WKUHC,James Ascencio,MG Special,Labdrill,Lost,2017-09-16,2017-11-13,0.0,Energy,0,0.0,58,0.6553398058252428,1,1,1
JG1CD65M,James Ascencio,GTX Plus Pro,Goodsilron,Won,2017-09-16,2017-09-18,5919.0,Energy,1,5919.0,2,0.6553398058252428,1,1,0
YIK15TLW,James Ascencio,GTX Plus Pro,Groovestreet,Won,2017-09-16,2017-11-10,5745.0,Retail,1,5745.0,55,0.6553398058252428,4,1,0
RYJPSM6D,Jonathan Berthelot,GTX Basic,Stanredtax,Lost,2017-09-16,2017-11-19,0.0,Retail,0,0.0,64,0.6477272727272727,4,1,0
ZQK0JTVN,Jonathan Berthelot,GTX Basic,Streethex,Lost,2017-09-16,2017-11-26,0.0,Banking,0,0.0,71,0.6477272727272727,0,1,0
FB7OTAMV,Jonathan Berthelot,GTXPro,Warephase,Lost,2017-09-16,2017-12-22,0.0,Retail,0,0.0,97,0.6477272727272727,4,1,0
JZD1QDWA,Lajuana Vencill,MG Advanced,Cancity,Lost,2017-09-16,2017-12-06,0.0,Public Sector,0,0.0,81,0.5497835497835498,3,1,1
LOSUVU4T,Markita Hansen,GTX Plus Pro,Konex,Lost,2017-09-16,2017-12-09,0.0,Public Sector,0,0.0,84,0.5726872246696035,3,1,2
85LVQ6PB,Markita Hansen,GTX Plus Basic,Singletechno,Won,2017-09-16,2017-12-15,1252.0,Retail,1,1252.0,90,0.5726872246696035,4,1,0
02ILGBRB,Moses Frase,MG Special,dambase,Lost,2017-09-16,2017-11-21,0.0,Retail,0,0.0,66,0.6615384615384615,4,1,0
ZFIT4XWO,Moses Frase,MG Advanced,Stanredtax,Won,2017-09-16,2017-12-05,3039.0,Retail,1,3039.0,80,0.6615384615384615,4,1,1
XH69FGJJ,Niesha Huffines,GTX Basic,Treequote,Won,2017-09-16,2017-11-19,637.0,Retail,1,637.0,64,0.6,4,1,1
JU2PPGP6,Reed Clapper,GTX Basic,Acme Corporation,Lost,2017-09-16,2017-09-26,0.0,Shipping,0,0.0,10,0.6540084388185654,5,1,2
S8Y9AAWC,Rosalina Dieter,GTXPro,Zoomit,Won,2017-09-16,2017-12-08,4614.0,Energy,1,4614.0,83,0.6545454545454545,1,1,1
I2DLJ6C3,Rosie Papadopoulos,MG Special,Gekko & Co,Won,2017-09-16,2017-11-27,51.0,Telecom,1,51.0,72,0.6446280991735537,6,1,2
VEZ8OX88,Vicki Laflamme,GTX Basic,Plexzap,Lost,2017-09-16,2017-11-19,0.0,Manufacturing,0,0.0,64,0.6368876080691642,2,1,0
M3QL68T6,Vicki Laflamme,GTX Basic,Plexzap,Won,2017-09-16,2017-12-04,595.0,Manufacturing,1,595.0,79,0.6368876080691642,2,1,0
Q3K6K5V9,Vicki Laflamme,MG Special,Zoomit,Won,2017-09-16,2017-12-26,52.0,Energy,1,52.0,101,0.6368876080691642,1,1,2
PEGFPDVU,Violet Mclelland,GTXPro,Konex,Won,2017-09-16,2017-09-30,5604.0,Public Sector,1,5604.0,14,0.6321243523316062,3,1,1
NFT2Z7MM,Zane Levy,GTX Plus Basic,Dalttechnology,Lost,2017-09-16,2017-11-18,0.0,Shipping,0,0.0,63,0.6168582375478927,5,1,2
YC2GBK89,Zane Levy,GTX Plus Basic,Hatfan,Lost,2017-09-16,2017-11-12,0.0,Public Sector,0,0.0,57,0.6168582375478927,3,1,1
U008ILBM,Zane Levy,GTX Plus Basic,Plusstrip,Lost,2017-09-16,2017-11-26,0.0,Public Sector,0,0.0,71,0.6168582375478927,3,1,0
VA0I9SDD,Zane Levy,GTXPro,Konex,Won,2017-09-16,2017-09-27,5360.0,Public Sector,1,5360.0,11,0.6168582375478927,3,1,1
41HHBQRT,Cassey Cress,GTX Basic,Xx-zobam,Lost,2017-09-17,2017-12-13,0.0,Manufacturing,0,0.0,87,0.6245210727969349,2,1,2
T6BHNN1O,Cecily Lampkin,MG Special,Betatech,Lost,2017-09-17,2017-11-13,0.0,Public Sector,0,0.0,57,0.66875,3,1,2
S8DOH11H,Corliss Cosme,GTXPro,Ganjaflex,Lost,2017-09-17,2017-11-14,0.0,Retail,0,0.0,58,0.6550218340611353,4,1,0
F8F6MA24,Corliss Cosme,GTX Basic,Sumace,Won,2017-09-17,2017-12-19,538.0,Energy,1,538.0,93,0.6550218340611353,1,1,1
ZXXWIGFR,Darcel Schlecht,GTXPro,Cancity,Lost,2017-09-17,2017-12-02,0.0,Public Sector,0,0.0,76,0.6311030741410488,3,1,1
L7CFCOR6,Darcel Schlecht,GTX Plus Pro,Conecom,Won,2017-09-17,2017-11-28,5668.0,Shipping,1,5668.0,72,0.6311030741410488,5,1,1
AAUTJ747,Darcel Schlecht,GTXPro,Warephase,Won,2017-09-17,2017-12-11,5220.0,Retail,1,5220.0,85,0.6311030741410488,4,1,0
X7VUR49L,Donn Cantrell,GTXPro,Betasoloin,Won,2017-09-17,2017-09-26,5763.0,Banking,1,5763.0,9,0.5745454545454546,0,1,1
U7L0IZLB,James Ascencio,GTX Plus Pro,Sunnamplex,Lost,2017-09-17,2017-11-26,0.0,Public Sector,0,0.0,70,0.6553398058252428,3,1,2
THNEGVH2,Kary Hendrixson,GTX Plus Basic,Lexiqvolax,Won,2017-09-17,2017-11-14,948.0,Public Sector,1,948.0,58,0.6238805970149254,3,1,1
D1ANNMSO,Lajuana Vencill,GTX Basic,Rundofase,Won,2017-09-17,2017-11-19,487.0,Public Sector,1,487.0,63,0.5497835497835498,3,1,0
LMVQ6B9P,Lajuana Vencill,GTX Plus Basic,Funholding,Won,2017-09-17,2017-11-18,1072.0,Retail,1,1072.0,62,0.5497835497835498,4,1,1
OQBVGILR,Markita Hansen,MG Special,Singletechno,Won,2017-09-17,2017-12-16,56.0,Retail,1,56.0,90,0.5726872246696035,4,1,1
7IZQJIPA,Maureen Marcano,GTXPro,Kan-code,Won,2017-09-17,2017-12-27,4812.0,Public Sector,1,4812.0,101,0.6995305164319249,3,1,2
7AH7F190,Reed Clapper,GTX Basic,Betasoloin,Lost,2017-09-17,2017-11-27,0.0,Banking,0,0.0,71,0.6540084388185654,0,1,1
ME0LMBYL,Reed Clapper,GTX Plus Basic,Initech,Lost,2017-09-17,2017-12-21,0.0,Banking,0,0.0,95,0.6540084388185654,0,1,2
KODTODAA,Reed Clapper,GTX Plus Pro,Betasoloin,Lost,2017-09-17,2017-11-12,0.0,Banking,0,0.0,56,0.6540084388185654,0,1,2
RENW2N0H,Reed Clapper,GTXPro,Bioplex,Won,2017-09-17,2017-11-19,5186.0,Retail,1,5186.0,63,0.6540084388185654,4,1,0
9F407X6U,Rosalina Dieter,MG Special,Konex,Won,2017-09-17,2017-12-02,49.0,Public Sector,1,49.0,76,0.6545454545454545,3,1,2
S0MZHYQC,Zane Levy,GTXPro,Konex,Won,2017-09-17,2017-09-27,4800.0,Public Sector,1,4800.0,10,0.6168582375478927,3,1,2
HP9TUR60,Daniell Hammack,GTXPro,Initech,Won,2017-09-18,2017-12-24,5627.0,Banking,1,5627.0,97,0.6096256684491979,0,1,0
P4PKECH7,Darcel Schlecht,GTX Basic,Gogozoom,Lost,2017-09-18,2017-09-24,0.0,Telecom,0,0.0,6,0.6311030741410488,6,1,2
USL5PZ4O,Darcel Schlecht,GTXPro,Stanredtax,Won,2017-09-18,2017-12-06,3779.0,Retail,1,3779.0,79,0.6311030741410488,4,1,0
3DM5SSI5,Darcel Schlecht,GTXPro,Warephase,Won,2017-09-18,2017-11-05,5231.0,Retail,1,5231.0,48,0.6311030741410488,4,1,1
D40ALWGC,Donn Cantrell,GTX Plus Pro,Mathtouch,Lost,2017-09-18,2017-09-28,0.0,Energy,0,0.0,10,0.5745454545454546,1,1,0
524QUXI2,Donn Cantrell,GTX Plus Pro,Xx-zobam,Lost,2017-09-18,2017-11-26,0.0,Manufacturing,0,0.0,69,0.5745454545454546,2,1,2
8W35TVOQ,Hayden Neloms,MG Advanced,Faxquote,Won,2017-09-18,2017-12-02,2918.0,Telecom,1,2918.0,75,0.7039473684210527,6,1,0
3D6LLPA1,Jonathan Berthelot,GTX Plus Basic,Funholding,Lost,2017-09-18,2017-12-05,0.0,Retail,0,0.0,78,0.6477272727272727,4,1,2
58QZ1YGK,Jonathan Berthelot,GTXPro,Finhigh,Won,2017-09-18,2017-09-27,4902.0,Banking,1,4902.0,9,0.6477272727272727,0,1,1
OU42AWAE,Kami Bicknell,GTX Basic,Hatfan,Won,2017-09-18,2017-11-22,531.0,Public Sector,1,531.0,65,0.6397058823529411,3,1,0
OJOJPNL6,Kary Hendrixson,GTX Plus Pro,Singletechno,Lost,2017-09-18,2017-11-21,0.0,Retail,0,0.0,64,0.6238805970149254,4,1,1
MENKE9IV,Kary Hendrixson,GTX Basic,Singletechno,Won,2017-09-18,2017-11-30,526.0,Retail,1,526.0,73,0.6238805970149254,4,1,2
PXSDIDXO,Lajuana Vencill,GTX Basic,Ron-tech,Lost,2017-09-18,2017-11-11,0.0,Manufacturing,0,0.0,54,0.5497835497835498,2,1,2
5PIJNVMB,Lajuana Vencill,GTX Basic,Konmatfix,Won,2017-09-18,2017-11-17,485.0,Shipping,1,485.0,60,0.5497835497835498,5,1,1
ZLFKHXXI,Moses Frase,GTX Basic,Rundofase,Won,2017-09-18,2017-12-25,520.0,Public Sector,1,520.0,98,0.6615384615384615,3,1,0
WIDRX5N6,Niesha Huffines,GTX Plus Basic,Dontechi,Won,2017-09-18,2017-12-23,1020.0,Shipping,1,1020.0,96,0.6,5,1,0
HJLKGIH4,Reed Clapper,GTX Plus Basic,Mathtouch,Lost,2017-09-18,2017-12-04,0.0,Energy,0,0.0,77,0.6540084388185654,1,1,2
DF6A63B7,Reed Clapper,MG Advanced,Yearin,Lost,2017-09-18,2017-12-20,0.0,Retail,0,0.0,93,0.6540084388185654,4,1,1
T2EM55FZ,Rosie Papadopoulos,GTXPro,Donquadtech,Won,2017-09-18,2017-11-15,4205.0,Shipping,1,4205.0,58,0.6446280991735537,5,1,1
KDQL1O1A,Vicki Laflamme,GTX Basic,Dalttechnology,Lost,2017-09-18,2017-11-05,0.0,Shipping,0,0.0,48,0.6368876080691642,5,1,0
75HKH8PS,Anna Snelling,GTX Plus Basic,Funholding,Lost,2017-09-19,2017-09-30,0.0,Retail,0,0.0,11,0.6190476190476191,4,1,0
NK2CHYT1,Cecily Lampkin,GTX Plus Basic,Ron-tech,Lost,2017-09-19,2017-11-08,0.0,Manufacturing,0,0.0,50,0.66875,2,1,0
0WGAPLOI,Darcel Schlecht,GTXPro,dambase,Won,2017-09-19,2017-12-07,4990.0,Retail,1,4990.0,79,0.6311030741410488,4,1,1
GXPA5D3A,Darcel Schlecht,GTXPro,Domzoom,Won,2017-09-19,2017-09-29,5450.0,Retail,1,5450.0,10,0.6311030741410488,4,1,0
8598PVIX,Elease Gluck,MG Special,Groovestreet,Won,2017-09-19,2017-11-11,53.0,Retail,1,53.0,53,0.6349206349206349,4,1,0
VKM2BCMV,Jonathan Berthelot,GTXPro,Inity,Won,2017-09-19,2017-09-25,3678.0,Manufacturing,1,3678.0,6,0.6477272727272727,2,1,2
9N7LHW38,Kami Bicknell,GTXPro,Newex,Lost,2017-09-19,2017-09-29,0.0,Energy,0,0.0,10,0.6397058823529411,1,1,0
BKMYW792,Kami Bicknell,MG Advanced,Nam-zim,Lost,2017-09-19,2017-11-27,0.0,Energy,0,0.0,69,0.6397058823529411,1,1,0
3IBBBGM4,Kary Hendrixson,GTX Basic,Fasehatice,Won,2017-09-19,2017-11-18,555.0,Telecom,1,555.0,60,0.6238805970149254,6,1,1
T32P6LSX,Lajuana Vencill,GTX Basic,Rangreen,Won,2017-09-19,2017-12-16,492.0,Energy,1,492.0,88,0.5497835497835498,1,1,1
B944EMXZ,Marty Freudenburg,GTX Plus Basic,Codehow,Lost,2017-09-19,2017-11-23,0.0,Telecom,0,0.0,65,0.6288659793814433,6,1,2
DOY7VMYB,Marty Freudenburg,GTX Plus Basic,Warephase,Lost,2017-09-19,2017-11-10,0.0,Retail,0,0.0,52,0.6288659793814433,4,1,0
QXWLE549,Marty Freudenburg,GTX Basic,Gogozoom,Won,2017-09-19,2017-11-17,574.0,Telecom,1,574.0,59,0.6288659793814433,6,1,2
R0R0V2O5,Maureen Marcano,GTXPro,Finjob,Won,2017-09-19,2017-12-09,4709.0,Manufacturing,1,4709.0,81,0.6995305164319249,2,1,1
D3O1PCMO,Niesha Huffines,MG Advanced,Condax,Won,2017-09-19,2017-12-04,3079.0,Banking,1,3079.0,76,0.6,0,1,2
G53492IF,Reed Clapper,GTXPro,Massive Dynamic,Won,2017-09-19,2017-09-24,4369.0,Banking,1,4369.0,5,0.6540084388185654,0,1,1
KUH39HQ7,Versie Hillebrand,MG Special,Rangreen,Lost,2017-09-19,2017-09-22,0.0,Energy,0,0.0,3,0.6666666666666666,1,1,2
RW6QS352,Versie Hillebrand,GTX Plus Pro,Statholdings,Won,2017-09-19,2017-12-31,6000.0,Manufacturing,1,6000.0,103,0.6666666666666666,2,1,2
1374WYJG,Violet Mclelland,MG Advanced,Kan-code,Won,2017-09-19,2017-12-31,3248.0,Public Sector,1,3248.0,103,0.6321243523316062,3,1,0
1T8R8X79,Zane Levy,MG Advanced,Nam-zim,Won,2017-09-19,2017-11-19,4249.0,Energy,1,4249.0,61,0.6168582375478927,1,1,2
0ZXS3AIR,Boris Faz,GTX Basic,Betasoloin,Won,2017-09-20,2017-12-26,563.0,Banking,1,563.0,97,0.6601307189542484,0,1,0
SBTVPORC,Corliss Cosme,GTXPro,Gekko & Co,Won,2017-09-20,2017-09-29,5037.0,Telecom,1,5037.0,9,0.6550218340611353,6,1,0
XZKZYO55,Daniell Hammack,GTXPro,Kan-code,Won,2017-09-20,2017-12-16,4865.0,Public Sector,1,4865.0,87,0.6096256684491979,3,1,0
AMCOSQZC,Darcel Schlecht,GTXPro,Warephase,Won,2017-09-20,2017-12-18,5192.0,Retail,1,5192.0,89,0.6311030741410488,4,1,0
6C2CJX31,Donn Cantrell,GTX Plus Basic,Kan-code,Lost,2017-09-20,2017-12-23,0.0,Public Sector,0,0.0,94,0.5745454545454546,3,1,2
VQQR3OUI,Elease Gluck,MG Special,Doncon,Won,2017-09-20,2017-12-31,41.0,Shipping,1,41.0,102,0.6349206349206349,5,1,1
UWYFOEMO,Hayden Neloms,MG Special,Dalttechnology,Won,2017-09-20,2017-09-26,59.0,Shipping,1,59.0,6,0.7039473684210527,5,1,1
ZXNHUYCM,James Ascencio,GTX Plus Pro,Goodsilron,Lost,2017-09-20,2017-10-01,0.0,Energy,0,0.0,11,0.6553398058252428,1,1,1
KHG4UMKP,James Ascencio,MG Special,Blackzim,Won,2017-09-20,2017-11-24,58.0,Telecom,1,58.0,65,0.6553398058252428,6,1,2
5R7N3RKQ,Jonathan Berthelot,GTXPro,Ron-tech,Won,2017-09-20,2017-09-30,4361.0,Manufacturing,1,4361.0,10,0.6477272727272727,2,1,0
TEM0I59X,Kami Bicknell,GTX Plus Pro,Lexiqvolax,Won,2017-09-20,2017-12-09,4906.0,Public Sector,1,4906.0,80,0.6397058823529411,3,1,1
1WPZ1MCO,Markita Hansen,GTX Basic,Goodsilron,Won,2017-09-20,2017-09-29,587.0,Energy,1,587.0,9,0.5726872246696035,1,1,2
1AQKM7VU,Markita Hansen,GTXPro,Y-corporation,Won,2017-09-20,2017-11-24,4487.0,Manufacturing,1,4487.0,65,0.5726872246696035,2,1,0
VTVYSUZG,Moses Frase,MG Advanced,Cancity,Won,2017-09-20,2017-12-28,3627.0,Public Sector,1,3627.0,99,0.6615384615384615,3,1,1
6ZSAKAHX,Rosalina Dieter,GTX Plus Basic,Plexzap,Won,2017-09-20,2017-12-22,920.0,Manufacturing,1,920.0,93,0.6545454545454545,2,1,0
7TIWLFZD,Vicki Laflamme,GTX Basic,Golddex,Won,2017-09-20,2017-10-01,552.0,Manufacturing,1,552.0,11,0.6368876080691642,2,1,1
HXRF96S3,Vicki Laflamme,MG Special,Labdrill,Won,2017-09-20,2017-12-15,54.0,Energy,1,54.0,86,0.6368876080691642,1,1,1
WTEAOER0,Violet Mclelland,GTX Basic,Bubba Gump,Won,2017-09-20,2017-12-14,472.0,Retail,1,472.0,85,0.6321243523316062,4,1,1
T8LSQO2S,Wilburn Farren,GTX Plus Pro,Xx-zobam,Lost,2017-09-20,2017-11-24,0.0,Manufacturing,0,0.0,65,0.6962025316455697,2,1,0
ABMOVF1A,Anna Snelling,MG Special,Toughzap,Won,2017-09-21,2017-09-30,66.0,Retail,1,66.0,9,0.6190476190476191,4,1,2
Q2GK9IT2,Boris Faz,GTXPro,Yearin,Lost,2017-09-21,2017-12-02,0.0,Retail,0,0.0,72,0.6601307189542484,4,1,0
J0WKJLR6,Cassey Cress,GTX Plus Basic,Massive Dynamic,Won,2017-09-21,2017-11-21,1039.0,Banking,1,1039.0,61,0.6245210727969349,0,1,1
B1D3HP8V,Corliss Cosme,GTX Plus Basic,Plussunin,Lost,2017-09-21,2017-11-22,0.0,Energy,0,0.0,62,0.6550218340611353,1,1,0
QHP95ULI,Corliss Cosme,GTXPro,Kan-code,Lost,2017-09-21,2017-09-25,0.0,Public Sector,0,0.0,4,0.6550218340611353,3,1,2
OAMR9KPA,Corliss Cosme,GTX Basic,Bluth Company,Won,2017-09-21,2017-12-21,550.0,Energy,1,550.0,91,0.6550218340611353,1,1,0
0GRGY09E,Darcel Schlecht,GTXPro,Rangreen,Lost,2017-09-21,2017-11-25,0.0,Energy,0,0.0,65,0.6311030741410488,1,1,2
MP9PICCD,Darcel Schlecht,GTXPro,Treequote,Won,2017-09-21,2017-12-30,4570.0,Retail,1,4570.0,100,0.6311030741410488,4,1,2
F34QYKQJ,Donn Cantrell,GTXPro,Betasoloin,Lost,2017-09-21,2017-11-30,0.0,Banking,0,0.0,70,0.5745454545454546,0,1,0
DHJ8KOUV,Gladys Colclough,GTX Plus Pro,Condax,Won,2017-09-21,2017-12-05,5138.0,Banking,1,5138.0,75,0.5818965517241379,0,1,1
JYNYK957,James Ascencio,MG Advanced,Labdrill,Won,2017-09-21,2017-12-02,3063.0,Energy,1,3063.0,72,0.6553398058252428,1,1,2
NOLWR5EX,Kami Bicknell,GTX Plus Basic,Sunnamplex,Lost,2017-09-21,2017-10-02,0.0,Public Sector,0,0.0,11,0.6397058823529411,3,1,0
BUHR2X8U,Kary Hendrixson,GTX Basic,Green-Plus,Won,2017-09-21,2017-12-30,613.0,Retail,1,613.0,100,0.6238805970149254,4,1,2
4OPFJFRO,Kary Hendrixson,GTXPro,Plexzap,Won,2017-09-21,2017-11-14,4808.0,Manufacturing,1,4808.0,54,0.6238805970149254,2,1,1
MLV2QDU6,Lajuana Vencill,GTX Plus Pro,Condax,Won,2017-09-21,2017-11-26,5160.0,Banking,1,5160.0,66,0.5497835497835498,0,1,0
V7T9ZP6C,Markita Hansen,GTX Basic,J-Texon,Won,2017-09-21,2017-10-01,566.0,Telecom,1,566.0,10,0.5726872246696035,6,1,0
WYS1XI44,Marty Freudenburg,MG Special,Warephase,Won,2017-09-21,2017-09-27,68.0,Retail,1,68.0,6,0.6288659793814433,4,1,0
C3HN12Z8,Maureen Marcano,GTX Basic,Kan-code,Lost,2017-09-21,2017-10-03,0.0,Public Sector,0,0.0,12,0.6995305164319249,3,1,1
YCQXHVMZ,Reed Clapper,GTXPro,The New York Inquirer,Won,2017-09-21,2017-12-22,5600.0,Banking,1,5600.0,92,0.6540084388185654,0,1,2
4PLSG7A3,Versie Hillebrand,MG Special,dambase,Won,2017-09-21,2017-12-12,61.0,Retail,1,61.0,82,0.6666666666666666,4,1,0
ZD772DU8,Vicki Laflamme,MG Special,Groovestreet,Lost,2017-09-21,2017-12-03,0.0,Retail,0,0.0,73,0.6368876080691642,4,1,2
2KVQ5Z4M,Wilburn Farren,MG Advanced,Xx-zobam,Lost,2017-09-21,2017-11-29,0.0,Manufacturing,0,0.0,69,0.6962025316455697,2,1,2
U6LLSWEN,Cassey Cress,GTX Plus Basic,Plussunin,Lost,2017-09-22,2017-11-27,0.0,Energy,0,0.0,66,0.6245210727969349,1,1,1
RVQTWBKE,Cassey Cress,GTX Plus Pro,Donware,Lost,2017-09-22,2017-11-24,0.0,Banking,0,0.0,63,0.6245210727969349,0,1,0
BWPBMVQH,Corliss Cosme,GTX Basic,Zotware,Lost,2017-09-22,2017-11-29,0.0,Banking,0,0.0,68,0.6550218340611353,0,1,2
YPSXMDRH,Daniell Hammack,GTXPro,The New York Inquirer,Won,2017-09-22,2017-12-23,4976.0,Banking,1,4976.0,92,0.6096256684491979,0,1,0
Q46QSEGT,Darcel Schlecht,GTXPro,Gogozoom,Lost,2017-09-22,2017-10-03,0.0,Telecom,0,0.0,11,0.6311030741410488,6,1,0
DT0ZJ9Z2,Darcel Schlecht,GTXPro,Inity,Won,2017-09-22,2017-12-24,4991.0,Manufacturing,1,4991.0,93,0.6311030741410488,2,1,1
55ZNV61S,Donn Cantrell,GTX Basic,Bioplex,Lost,2017-09-22,2017-10-04,0.0,Retail,0,0.0,12,0.5745454545454546,4,1,0
6PQS93V2,Donn Cantrell,GTXPro,Vehement Capital Partners,Won,2017-09-22,2017-10-04,5868.0,Banking,1,5868.0,12,0.5745454545454546,0,1,0
V929BUUS,Gladys Colclough,GTX Plus Basic,Isdom,Lost,2017-09-22,2017-12-21,0.0,Retail,0,0.0,90,0.5818965517241379,4,1,2
LDYYOH6W,Gladys Colclough,GTXPro,Bioholding,Won,2017-09-22,2017-11-24,4938.0,Banking,1,4938.0,63,0.5818965517241379,0,1,1
4MFY8UXP,Gladys Colclough,MG Advanced,Ron-tech,Won,2017-09-22,2017-12-14,3772.0,Manufacturing,1,3772.0,83,0.5818965517241379,2,1,0
EBJMZ5VE,James Ascencio,GTX Plus Pro,Cheers,Won,2017-09-22,2017-10-02,5784.0,Telecom,1,5784.0,10,0.6553398058252428,6,1,2
CMXOTVL7,Jonathan Berthelot,GTXPro,Conecom,Won,2017-09-22,2017-10-02,3485.0,Shipping,1,3485.0,10,0.6477272727272727,5,1,1
9XF2B7RS,Kami Bicknell,GTX Basic,Fasehatice,Won,2017-09-22,2017-09-28,675.0,Telecom,1,675.0,6,0.6397058823529411,6,1,1
WHV85GOQ,Kary Hendrixson,GTX Basic,Sonron,Lost,2017-09-22,2017-11-28,0.0,Manufacturing,0,0.0,67,0.6238805970149254,2,1,2
MXJAH0R5,Maureen Marcano,MG Special,Plusstrip,Lost,2017-09-22,2017-11-28,0.0,Public Sector,0,0.0,67,0.6995305164319249,3,1,2
OXW7DBDT,Rosalina Dieter,GTX Plus Basic,Doncon,Lost,2017-09-22,2017-11-02,0.0,Shipping,0,0.0,41,0.6545454545454545,5,1,2
W5EGDYPK,Rosalina Dieter,MG Special,Newex,Won,2017-09-22,2017-10-01,55.0,Energy,1,55.0,9,0.6545454545454545,1,1,2
C13104YM,Versie Hillebrand,MG Special,Toughzap,Lost,2017-09-22,2017-12-16,0.0,Retail,0,0.0,85,0.6666666666666666,4,1,2
1GA3AFTX,Versie Hillebrand,MG Advanced,Rangreen,Lost,2017-09-22,2017-12-12,0.0,Energy,0,0.0,81,0.6666666666666666,1,1,0
389D515R,Versie Hillebrand,GTX Plus Pro,Inity,Won,2017-09-22,2017-10-01,5775.0,Manufacturing,1,5775.0,9,0.6666666666666666,2,1,0
2751GWVC,Vicki Laflamme,GTX Basic,Hottechi,Won,2017-09-22,2017-11-18,651.0,Public Sector,1,651.0,57,0.6368876080691642,3,1,1
0UFUDIYT,Vicki Laflamme,GTX Basic,Scotfind,Won,2017-09-22,2017-11-22,570.0,Telecom,1,570.0,61,0.6368876080691642,6,1,0
Y3QBGJLM,Vicki Laflamme,MG Special,Blackzim,Won,2017-09-22,2017-12-30,54.0,Telecom,1,54.0,99,0.6368876080691642,6,1,0
O7U4I96P,Vicki Laflamme,MG Special,Scotfind,Won,2017-09-22,2017-09-29,47.0,Telecom,1,47.0,7,0.6368876080691642,6,1,0
Q0R3ZBNT,Wilburn Farren,MG Special,Silis,Won,2017-09-22,2017-11-08,56.0,Public Sector,1,56.0,47,0.6962025316455697,3,1,2
FGUWP1NF,Boris Faz,GTX Plus Basic,Vehement Capital Partners,Lost,2017-09-23,2017-10-05,0.0,Banking,0,0.0,12,0.6601307189542484,0,1,1
DH8R6PK5,Darcel Schlecht,GTXPro,Rangreen,Lost,2017-09-23,2017-12-12,0.0,Energy,0,0.0,80,0.6311030741410488,1,1,1
ZKFWTRRT,Darcel Schlecht,GTXPro,Bioholding,Won,2017-09-23,2017-09-30,4422.0,Banking,1,4422.0,7,0.6311030741410488,0,1,1
941SDVVZ,Darcel Schlecht,GTXPro,Hottechi,Won,2017-09-23,2017-10-02,5357.0,Public Sector,1,5357.0,9,0.6311030741410488,3,1,1
ODINSHYF,Gladys Colclough,MG Special,Bioholding,Lost,2017-09-23,2017-10-01,0.0,Banking,0,0.0,8,0.5818965517241379,0,1,0
0TICPBMF,Gladys Colclough,GTX Plus Basic,Conecom,Won,2017-09-23,2017-09-27,1047.0,Shipping,1,1047.0,4,0.5818965517241379,5,1,0
WANX7LM0,Gladys Colclough,GTXPro,Ron-tech,Won,2017-09-23,2017-12-29,5013.0,Manufacturing,1,5013.0,97,0.5818965517241379,2,1,2
9F2MDA5R,Hayden Neloms,MG Advanced,Finjob,Won,2017-09-23,2017-09-25,3197.0,Manufacturing,1,3197.0,2,0.7039473684210527,2,1,1
JUKJ3RAB,Jonathan Berthelot,GTX Plus Basic,Inity,Lost,2017-09-23,2017-10-05,0.0,Manufacturing,0,0.0,12,0.6477272727272727,2,1,0
YD3D41E0,Jonathan Berthelot,GTX Plus Basic,Zumgoity,Won,2017-09-23,2017-10-02,1127.0,Public Sector,1,1127.0,9,0.6477272727272727,3,1,0
RX8711KI,Kami Bicknell,GTX Basic,Plexzap,Won,2017-09-23,2017-12-24,468.0,Manufacturing,1,468.0,92,0.6397058823529411,2,1,2
F3BJAMUL,Kami Bicknell,MG Special,Rantouch,Won,2017-09-23,2017-11-19,55.0,Energy,1,55.0,57,0.6397058823529411,1,1,2
HZS2YVRN,Kary Hendrixson,MG Special,Finjob,Won,2017-09-23,2017-10-01,57.0,Manufacturing,1,57.0,8,0.6238805970149254,2,1,2
W3B077GY,Lajuana Vencill,MG Special,Zumgoity,Lost,2017-09-23,2017-11-07,0.0,Public Sector,0,0.0,45,0.5497835497835498,3,1,0
MGR0TSPK,Lajuana Vencill,GTX Plus Basic,Rangreen,Won,2017-09-23,2017-11-27,946.0,Energy,1,946.0,65,0.5497835497835498,1,1,0
TEF07JM6,Markita Hansen,GTX Basic,Xx-holding,Lost,2017-09-23,2017-10-02,0.0,Telecom,0,0.0,9,0.5726872246696035,6,1,2
N8SVXI48,Maureen Marcano,GTX Basic,Zoomit,Lost,2017-09-23,2017-11-14,0.0,Energy,0,0.0,52,0.6995305164319249,1,1,1
VG1WQW88,Maureen Marcano,MG Special,Golddex,Lost,2017-09-23,2017-11-06,0.0,Manufacturing,0,0.0,44,0.6995305164319249,2,1,2
MEKVHSCB,Moses Frase,MG Special,Dontechi,Lost,2017-09-23,2017-11-27,0.0,Shipping,0,0.0,65,0.6615384615384615,5,1,2
PBJ62FC3,Rosie Papadopoulos,GTXPro,Massive Dynamic,Lost,2017-09-23,2017-10-05,0.0,Banking,0,0.0,12,0.6446280991735537,0,1,2
O04P1WN6,Vicki Laflamme,GTXPro,Hottechi,Won,2017-09-23,2017-12-17,4415.0,Public Sector,1,4415.0,85,0.6368876080691642,3,1,2
600FP406,Violet Mclelland,MG Special,Bioplex,Won,2017-09-23,2017-10-02,60.0,Retail,1,60.0,9,0.6321243523316062,4,1,0
2EFTTOAV,Zane Levy,GTX Plus Pro,Green-Plus,Won,2017-09-23,2017-10-01,5865.0,Retail,1,5865.0,8,0.6168582375478927,4,1,1
DDXFIBEY,Anna Snelling,GTX Plus Pro,Treequote,Lost,2017-09-24,2017-11-23,0.0,Retail,0,0.0,60,0.6190476190476191,4,1,2
5BRWXIU3,Anna Snelling,MG Special,Codehow,Lost,2017-09-24,2017-11-27,0.0,Telecom,0,0.0,64,0.6190476190476191,6,1,1
WN9ZY701,Boris Faz,GTX Plus Basic,Kan-code,Lost,2017-09-24,2017-12-14,0.0,Public Sector,0,0.0,81,0.6601307189542484,3,1,1
DA8D04ED,Cecily Lampkin,MG Advanced,Globex Corporation,Lost,2017-09-24,2017-10-04,0.0,Retail,0,0.0,10,0.66875,4,1,1
WLQC2XK4,Cecily Lampkin,MG Special,Rundofase,Won,2017-09-24,2017-10-02,54.0,Public Sector,1,54.0,8,0.66875,3,1,2
A4CVM3PM,Corliss Cosme,GTXPro,Opentech,Won,2017-09-24,2017-12-27,5069.0,Retail,1,5069.0,94,0.6550218340611353,4,1,0
CNLE5EJ2,Daniell Hammack,GTX Plus Pro,Konex,Won,2017-09-24,2017-10-05,5378.0,Public Sector,1,5378.0,11,0.6096256684491979,3,1,2
D3HUUVPL,Daniell Hammack,GTXPro,Mathtouch,Won,2017-09-24,2017-12-04,5255.0,Energy,1,5255.0,71,0.6096256684491979,1,1,1
2UNDAQZ2,Darcel Schlecht,GTX Plus Basic,Domzoom,Lost,2017-09-24,2017-10-04,0.0,Retail,0,0.0,10,0.6311030741410488,4,1,1
R2E45IQ8,Darcel Schlecht,GTX Plus Pro,Conecom,Won,2017-09-24,2017-10-03,5144.0,Shipping,1,5144.0,9,0.6311030741410488,5,1,0
UX0H8B3W,Donn Cantrell,GTX Plus Pro,Donware,Lost,2017-09-24,2017-11-16,0.0,Banking,0,0.0,53,0.5745454545454546,0,1,2
VM0A3057,James Ascencio,GTX Plus Pro,Plusstrip,Won,2017-09-24,2017-10-03,5527.0,Public Sector,1,5527.0,9,0.6553398058252428,3,1,1
DX9CCI9C,Kary Hendrixson,MG Advanced,Nam-zim,Lost,2017-09-24,2017-12-19,0.0,Energy,0,0.0,86,0.6238805970149254,1,1,0
8SE1W979,Lajuana Vencill,GTX Basic,Hottechi,Lost,2017-09-24,2017-10-02,0.0,Public Sector,0,0.0,8,0.5497835497835498,3,1,1
L6AOARQ9,Lajuana Vencill,GTX Basic,dambase,Won,2017-09-24,2017-12-21,452.0,Retail,1,452.0,88,0.5497835497835498,4,1,0
I83GQQHA,Markita Hansen,MG Advanced,Kan-code,Lost,2017-09-24,2017-10-05,0.0,Public Sector,0,0.0,11,0.5726872246696035,3,1,0
10984DDU,Moses Frase,GTX Plus Pro,Toughzap,Won,2017-09-24,2017-12-28,7300.0,Retail,1,7300.0,95,0.6615384615384615,4,1,2
JQVW0KJV,Versie Hillebrand,MG Special,Genco Pura Olive Oil Company,Lost,2017-09-24,2017-11-09,0.0,Manufacturing,0,0.0,46,0.6666666666666666,2,1,1
UWZHNMR4,Vicki Laflamme,GTX Plus Pro,Blackzim,Won,2017-09-24,2017-11-26,5196.0,Telecom,1,5196.0,63,0.6368876080691642,6,1,2
TRET6F45,Vicki Laflamme,GTX Plus Pro,Faxquote,Won,2017-09-24,2017-12-26,5624.0,Telecom,1,5624.0,93,0.6368876080691642,6,1,1
8DDC9RLE,Vicki Laflamme,MG Advanced,J-Texon,Won,2017-09-24,2017-12-15,4110.0,Telecom,1,4110.0,82,0.6368876080691642,6,1,2
TFGYLK6C,Anna Snelling,GTX Basic,Inity,Lost,2017-09-25,2017-10-04,0.0,Manufacturing,0,0.0,9,0.6190476190476191,2,1,1
4YXXI2OI,Anna Snelling,MG Special,Codehow,Won,2017-09-25,2017-12-18,53.0,Telecom,1,53.0,84,0.6190476190476191,6,1,2
3C7A75LH,Cassey Cress,GTXPro,Massive Dynamic,Won,2017-09-25,2017-09-27,5727.0,Banking,1,5727.0,2,0.6245210727969349,0,1,0
02LUGFJS,Cassey Cress,GTXPro,Plussunin,Won,2017-09-25,2017-09-28,4308.0,Energy,1,4308.0,3,0.6245210727969349,1,1,1
KPF0GREK,Cassey Cress,MG Advanced,Plussunin,Won,2017-09-25,2017-12-09,3329.0,Energy,1,3329.0,75,0.6245210727969349,1,1,1
HEG2JK9Y,Daniell Hammack,GTX Plus Basic,Kinnamplus,Lost,2017-09-25,2017-10-03,0.0,Telecom,0,0.0,8,0.6096256684491979,6,1,0
1ZCAL93A,Darcel Schlecht,GTX Plus Pro,Hottechi,Lost,2017-09-25,2017-10-04,0.0,Public Sector,0,0.0,9,0.6311030741410488,3,1,2
5NW6HK74,Elease Gluck,MG Special,Doncon,Lost,2017-09-25,2017-10-04,0.0,Shipping,0,0.0,9,0.6349206349206349,5,1,1
7WFASDCZ,Jonathan Berthelot,GTX Basic,Gogozoom,Lost,2017-09-25,2017-10-03,0.0,Telecom,0,0.0,8,0.6477272727272727,6,1,1
7XNX75LI,Jonathan Berthelot,GTX Plus Pro,Dontechi,Lost,2017-09-25,2017-12-08,0.0,Shipping,0,0.0,74,0.6477272727272727,5,1,2
RAUWH0GP,Kami Bicknell,GTX Plus Pro,Labdrill,Won,2017-09-25,2017-11-27,6105.0,Energy,1,6105.0,63,0.6397058823529411,1,1,0
I86I0TJG,Kary Hendrixson,GTX Basic,Xx-holding,Won,2017-09-25,2017-11-13,549.0,Telecom,1,549.0,49,0.6238805970149254,6,1,2
TFW3KAYZ,Kary Hendrixson,GTXPro,Doncon,Won,2017-09-25,2017-11-12,4828.0,Shipping,1,4828.0,48,0.6238805970149254,5,1,2
9NH8ACMQ,Marty Freudenburg,GTX Plus Basic,Dontechi,Lost,2017-09-25,2017-10-04,0.0,Shipping,0,0.0,9,0.6288659793814433,5,1,2
86KARIC1,Maureen Marcano,GTX Basic,Y-corporation,Lost,2017-09-25,2017-10-03,0.0,Manufacturing,0,0.0,8,0.6995305164319249,2,1,1
N2SLAOZR,Moses Frase,GTX Basic,Finhigh,Lost,2017-09-25,2017-10-04,0.0,Banking,0,0.0,9,0.6615384615384615,0,1,0
02TUKBP3,Moses Frase,MG Special,Zumgoity,Lost,2017-09-25,2017-11-30,0.0,Public Sector,0,0.0,66,0.6615384615384615,3,1,0
KU0YOR3J,Niesha Huffines,GTX Plus Basic,Zumgoity,Won,2017-09-25,2017-10-04,1189.0,Public Sector,1,1189.0,9,0.6,3,1,2
BRGJCWO1,Niesha Huffines,MG Special,Hottechi,Won,2017-09-25,2017-11-28,51.0,Public Sector,1,51.0,64,0.6,3,1,1
IEIZU3TY,Reed Clapper,GTX Plus Basic,Mathtouch,Lost,2017-09-25,2017-12-24,0.0,Energy,0,0.0,90,0.6540084388185654,1,1,2
35KZ6QTP,Rosalina Dieter,MG Advanced,Xx-holding,Lost,2017-09-25,2017-10-03,0.0,Telecom,0,0.0,8,0.6545454545454545,6,1,1
V5ZP09PO,Versie Hillebrand,GTX Plus Basic,Dontechi,Lost,2017-09-25,2017-10-03,0.0,Shipping,0,0.0,8,0.6666666666666666,5,1,1
VKB9RFJT,Versie Hillebrand,MG Special,Condax,Won,2017-09-25,2017-11-20,55.0,Banking,1,55.0,56,0.6666666666666666,0,1,1
Y9HHGGOQ,Versie Hillebrand,MG Special,dambase,Won,2017-09-25,2017-10-04,53.0,Retail,1,53.0,9,0.6666666666666666,4,1,1
H3AEZ2BZ,Vicki Laflamme,MG Special,Plusstrip,Lost,2017-09-25,2017-10-05,0.0,Public Sector,0,0.0,10,0.6368876080691642,3,1,0
LUXAXNBV,Wilburn Farren,GTX Plus Pro,Donquadtech,Won,2017-09-25,2017-12-09,5960.0,Shipping,1,5960.0,75,0.6962025316455697,5,1,1
0XBMBVFP,Zane Levy,MG Advanced,Groovestreet,Won,2017-09-25,2017-10-04,3438.0,Retail,1,3438.0,9,0.6168582375478927,4,1,1
8KIMVD15,Anna Snelling,MG Special,Cancity,Lost,2017-09-26,2017-10-06,0.0,Public Sector,0,0.0,10,0.6190476190476191,3,1,2
Q06QD8ZW,Anna Snelling,MG Special,Globex Corporation,Won,2017-09-26,2017-11-03,54.0,Retail,1,54.0,38,0.6190476190476191,4,1,2
0SD3OBQI,Boris Faz,GTX Plus Basic,Konex,Lost,2017-09-26,2017-11-06,0.0,Public Sector,0,0.0,41,0.6601307189542484,3,1,0
YKZFQT7K,Cassey Cress,GTX Basic,Kinnamplus,Lost,2017-09-26,2017-10-05,0.0,Telecom,0,0.0,9,0.6245210727969349,6,1,2
I25J5M7W,Cassey Cress,MG Advanced,Iselectrics,Lost,2017-09-26,2017-09-28,0.0,Energy,0,0.0,2,0.6245210727969349,1,1,1
B2Z4BB5U,Cecily Lampkin,GTX Plus Pro,Toughzap,Lost,2017-09-26,2017-10-06,0.0,Retail,0,0.0,10,0.66875,4,1,2
87ZXBDQS,Cecily Lampkin,MG Special,Isdom,Lost,2017-09-26,2017-10-07,0.0,Retail,0,0.0,11,0.66875,4,1,0
3LYVAV6P,Cecily Lampkin,MG Special,Statholdings,Won,2017-09-26,2017-10-03,55.0,Manufacturing,1,55.0,7,0.66875,2,1,2
7I2O2ZCR,Corliss Cosme,GTX Plus Basic,Xx-zobam,Lost,2017-09-26,2017-11-19,0.0,Manufacturing,0,0.0,54,0.6550218340611353,2,1,2
SUX7JFN7,Daniell Hammack,GTX Plus Basic,Konex,Lost,2017-09-26,2017-11-19,0.0,Public Sector,0,0.0,54,0.6096256684491979,3,1,0
5DL7R4C3,Darcel Schlecht,GTXPro,Hottechi,Lost,2017-09-26,2017-10-03,0.0,Public Sector,0,0.0,7,0.6311030741410488,3,1,0
61ON3Y6O,Darcel Schlecht,MG Special,Streethex,Lost,2017-09-26,2017-10-02,0.0,Banking,0,0.0,6,0.6311030741410488,0,1,1
HOEKIDDI,Donn Cantrell,GTXPro,Ganjaflex,Lost,2017-09-26,2017-11-13,0.0,Retail,0,0.0,48,0.5745454545454546,4,1,2
10YLM9VF,Elease Gluck,GTXPro,Sonron,Lost,2017-09-26,2017-10-09,0.0,Manufacturing,0,0.0,13,0.6349206349206349,2,1,1
LN0DF2XI,Elease Gluck,MG Special,Sonron,Won,2017-09-26,2017-11-27,48.0,Manufacturing,1,48.0,62,0.6349206349206349,2,1,2
ZNE0DAIF,Hayden Neloms,GTX Plus Basic,Hottechi,Lost,2017-09-26,2017-11-24,0.0,Public Sector,0,0.0,59,0.7039473684210527,3,1,2
DTCHPCBB,Hayden Neloms,MG Advanced,Finjob,Won,2017-09-26,2017-12-14,3553.0,Manufacturing,1,3553.0,79,0.7039473684210527,2,1,1
YID2GAED,James Ascencio,GTX Plus Pro,Xx-holding,Lost,2017-09-26,2017-10-04,0.0,Telecom,0,0.0,8,0.6553398058252428,6,1,2
QFKL9UK2,Kary Hendrixson,GTXPro,J-Texon,Won,2017-09-26,2017-10-05,4727.0,Telecom,1,4727.0,9,0.6238805970149254,6,1,2
MC3OSDV0,Kary Hendrixson,MG Special,Sunnamplex,Won,2017-09-26,2017-10-02,65.0,Public Sector,1,65.0,6,0.6238805970149254,3,1,2
C7DOYN5Y,Lajuana Vencill,GTX Basic,Rangreen,Won,2017-09-26,2017-12-25,585.0,Energy,1,585.0,90,0.5497835497835498,1,1,0
K79T6VNV,Markita Hansen,MG Special,Plexzap,Lost,2017-09-26,2017-10-03,0.0,Manufacturing,0,0.0,7,0.5726872246696035,2,1,1
DX8R6PA4,Marty Freudenburg,GTX Plus Basic,Domzoom,Lost,2017-09-26,2017-10-03,0.0,Retail,0,0.0,7,0.6288659793814433,4,1,0
FZDD9758,Marty Freudenburg,MG Advanced,Cancity,Lost,2017-09-26,2017-10-07,0.0,Public Sector,0,0.0,11,0.6288659793814433,3,1,1
0SIFT5DE,Marty Freudenburg,MG Advanced,Rangreen,Lost,2017-09-26,2017-10-04,0.0,Energy,0,0.0,8,0.6288659793814433,1,1,1
MZSCFJZS,Marty Freudenburg,GTX Plus Pro,Konmatfix,Won,2017-09-26,2017-10-07,5708.0,Shipping,1,5708.0,11,0.6288659793814433,5,1,2
D6X5T9D4,Maureen Marcano,MG Special,Hottechi,Lost,2017-09-26,2017-10-05,0.0,Public Sector,0,0.0,9,0.6995305164319249,3,1,1
69Z30MBF,Moses Frase,GTX Basic,Bioholding,Won,2017-09-26,2017-11-15,571.0,Banking,1,571.0,50,0.6615384615384615,0,1,0
SH0BSL0Z,Moses Frase,GTX Basic,Scottech,Won,2017-09-26,2017-12-24,619.0,Banking,1,619.0,89,0.6615384615384615,0,1,0
Q5E0NILP,Reed Clapper,MG Advanced,Donware,Won,2017-09-26,2017-10-03,2984.0,Banking,1,2984.0,7,0.6540084388185654,0,1,0
RFTDQJ0U,Rosie Papadopoulos,GTX Basic,Bioplex,Won,2017-09-26,2017-10-01,558.0,Retail,1,558.0,5,0.6446280991735537,4,1,1
76NU9866,Rosie Papadopoulos,MG Special,Condax,Won,2017-09-26,2017-12-02,57.0,Banking,1,57.0,67,0.6446280991735537,0,1,0
13O8NTOT,Violet Mclelland,MG Special,Initech,Won,2017-09-26,2017-11-30,61.0,Banking,1,61.0,65,0.6321243523316062,0,1,1
AS3IYIRO,Anna Snelling,GTX Basic,Hottechi,Won,2017-09-27,2017-12-26,543.0,Public Sector,1,543.0,90,0.6190476190476191,3,1,0
L1WPBDZG,Boris Faz,GTXPro,Zotware,Won,2017-09-27,2017-12-12,4125.0,Banking,1,4125.0,76,0.6601307189542484,0,1,0
QK98E62R,Cassey Cress,GTX Plus Pro,Ganjaflex,Won,2017-09-27,2017-12-29,5301.0,Retail,1,5301.0,93,0.6245210727969349,4,1,1
F9THW1PW,Corliss Cosme,GTX Basic,Kinnamplus,Won,2017-09-27,2017-10-05,495.0,Telecom,1,495.0,8,0.6550218340611353,6,1,0
LQJISQSD,Corliss Cosme,GTX Plus Basic,Bioplex,Won,2017-09-27,2017-10-05,955.0,Retail,1,955.0,8,0.6550218340611353,4,1,2
84SZ58S9,Daniell Hammack,GTX Plus Basic,Iselectrics,Won,2017-09-27,2017-10-04,1225.0,Energy,1,1225.0,7,0.6096256684491979,1,1,1
Q5I9JWH7,Darcel Schlecht,GTXPro,Ron-tech,Lost,2017-09-27,2017-10-02,0.0,Manufacturing,0,0.0,5,0.6311030741410488,2,1,1
6BSKCQCX,Darcel Schlecht,GTX Basic,Conecom,Won,2017-09-27,2017-12-25,608.0,Shipping,1,608.0,89,0.6311030741410488,5,1,1
UKQD4DPD,Darcel Schlecht,GTXPro,Warephase,Won,2017-09-27,2017-11-13,4515.0,Retail,1,4515.0,47,0.6311030741410488,4,1,2
SI874ZK5,Donn Cantrell,GTXPro,Silis,Lost,2017-09-27,2017-10-06,0.0,Public Sector,0,0.0,9,0.5745454545454546,3,1,1
6XP6FVMN,Elease Gluck,MG Advanced,Green-Plus,Won,2017-09-27,2017-12-18,3772.0,Retail,1,3772.0,82,0.6349206349206349,4,1,0
NDMEB0VG,Garret Kinder,MG Advanced,Kan-code,Lost,2017-09-27,2017-10-05,0.0,Public Sector,0,0.0,8,0.6097560975609756,3,1,0
IGFQGZDK,Gladys Colclough,GTX Basic,Bioholding,Won,2017-09-27,2017-12-08,540.0,Banking,1,540.0,72,0.5818965517241379,0,1,0
Y2DLFFN6,Gladys Colclough,MG Advanced,Cancity,Won,2017-09-27,2017-09-30,2800.0,Public Sector,1,2800.0,3,0.5818965517241379,3,1,1
I6UCM2J9,Gladys Colclough,MG Advanced,Stanredtax,Won,2017-09-27,2017-10-05,3250.0,Retail,1,3250.0,8,0.5818965517241379,4,1,0
PT0I4XSM,Hayden Neloms,GTX Plus Basic,Plexzap,Won,2017-09-27,2017-10-07,1232.0,Manufacturing,1,1232.0,10,0.7039473684210527,2,1,1
X718EF6Y,Hayden Neloms,MG Advanced,Hatfan,Won,2017-09-27,2017-10-04,2811.0,Public Sector,1,2811.0,7,0.7039473684210527,3,1,0
VUAFV8SS,James Ascencio,GTX Plus Basic,Lexiqvolax,Won,2017-09-27,2017-12-07,1178.0,Public Sector,1,1178.0,71,0.6553398058252428,3,1,2
SXPV3WCV,Jonathan Berthelot,GTXPro,Treequote,Won,2017-09-27,2017-12-22,4869.0,Retail,1,4869.0,86,0.6477272727272727,4,1,2
9PH1EWCH,Kami Bicknell,MG Advanced,Cheers,Lost,2017-09-27,2017-12-03,0.0,Telecom,0,0.0,67,0.6397058823529411,6,1,2
THPCTGNI,Lajuana Vencill,GTX Plus Pro,Inity,Lost,2017-09-27,2017-10-02,0.0,Manufacturing,0,0.0,5,0.5497835497835498,2,1,2
XR4PPDOB,Lajuana Vencill,GTX Basic,Condax,Won,2017-09-27,2017-12-18,507.0,Banking,1,507.0,82,0.5497835497835498,0,1,1
EK06CNRW,Lajuana Vencill,MG Advanced,Bioholding,Won,2017-09-27,2017-10-06,3681.0,Banking,1,3681.0,9,0.5497835497835498,0,1,0
Q25T8PKX,Markita Hansen,GTX Plus Basic,Doncon,Lost,2017-09-27,2017-10-01,0.0,Shipping,0,0.0,4,0.5726872246696035,5,1,2
V86S5LWV,Marty Freudenburg,GTX Plus Basic,Dontechi,Lost,2017-09-27,2017-10-02,0.0,Shipping,0,0.0,5,0.6288659793814433,5,1,1
K8Y7CK9T,Marty Freudenburg,GTX Plus Pro,Treequote,Won,2017-09-27,2017-10-05,5280.0,Retail,1,5280.0,8,0.6288659793814433,4,1,2
ADS3CQ4B,Rosalina Dieter,MG Special,Finjob,Won,2017-09-27,2017-11-27,50.0,Manufacturing,1,50.0,61,0.6545454545454545,2,1,2
9UBU6UW4,Versie Hillebrand,MG Special,Genco Pura Olive Oil Company,Won,2017-09-27,2017-09-29,59.0,Manufacturing,1,59.0,2,0.6666666666666666,2,1,1
ZP9HW0LH,Vicki Laflamme,MG Advanced,Kan-code,Won,2017-09-27,2017-10-03,3794.0,Public Sector,1,3794.0,6,0.6368876080691642,3,1,1
WV41OJHX,Wilburn Farren,MG Advanced,Ganjaflex,Won,2017-09-27,2017-10-03,3786.0,Retail,1,3786.0,6,0.6962025316455697,4,1,0
FTUJY4FP,Cassey Cress,GTX Plus Basic,Condax,Lost,2017-09-28,2017-10-07,0.0,Banking,0,0.0,9,0.6245210727969349,0,1,0
ORBIW519,Donn Cantrell,MG Advanced,Plussunin,Lost,2017-09-28,2017-12-19,0.0,Energy,0,0.0,82,0.5745454545454546,1,1,2
369V78M2,Donn Cantrell,GTXPro,Mathtouch,Won,2017-09-28,2017-10-07,5553.0,Energy,1,5553.0,9,0.5745454545454546,1,1,2
792JYPG1,Donn Cantrell,MG Advanced,Konex,Won,2017-09-28,2017-10-08,3557.0,Public Sector,1,3557.0,10,0.5745454545454546,3,1,0
Y6Q7Z0SO,Elease Gluck,MG Special,Green-Plus,Won,2017-09-28,2017-10-08,63.0,Retail,1,63.0,10,0.6349206349206349,4,1,0
9IM813OI,Gladys Colclough,GTX Basic,Conecom,Lost,2017-09-28,2017-11-11,0.0,Shipping,0,0.0,44,0.5818965517241379,5,1,1
GXY3QZ2V,Lajuana Vencill,MG Advanced,Scottech,Won,2017-09-28,2017-10-06,3704.0,Banking,1,3704.0,8,0.5497835497835498,0,1,0
IVX52FRZ,Marty Freudenburg,GTX Plus Basic,Gogozoom,Lost,2017-09-28,2017-11-03,0.0,Telecom,0,0.0,36,0.6288659793814433,6,1,0
2CN1G52G,Marty Freudenburg,MG Advanced,Hottechi,Lost,2017-09-28,2017-10-03,0.0,Public Sector,0,0.0,5,0.6288659793814433,3,1,2
OR0PEAIV,Marty Freudenburg,GTX Plus Basic,Ron-tech,Won,2017-09-28,2017-11-30,1133.0,Manufacturing,1,1133.0,63,0.6288659793814433,2,1,0
EGOU8GB1,Maureen Marcano,GTX Plus Basic,Konex,Won,2017-09-28,2017-12-09,1292.0,Public Sector,1,1292.0,72,0.6995305164319249,3,1,2
IIKN6Q8E,Rosalina Dieter,MG Advanced,Plusstrip,Won,2017-09-28,2017-12-04,3278.0,Public Sector,1,3278.0,67,0.6545454545454545,3,1,0
VTX8GPN8,Versie Hillebrand,MG Special,Codehow,Won,2017-09-28,2017-10-05,55.0,Telecom,1,55.0,7,0.6666666666666666,6,1,1
DVGY4X7E,Vicki Laflamme,GTX Basic,Finjob,Won,2017-09-28,2017-12-23,498.0,Manufacturing,1,498.0,86,0.6368876080691642,2,1,0
W9LAIASV,Vicki Laflamme,MG Special,Sunnamplex,Won,2017-09-28,2017-12-30,55.0,Public Sector,1,55.0,93,0.6368876080691642,3,1,0
1JFYPP8R,Zane Levy,GTX Basic,Cheers,Won,2017-09-28,2017-10-05,571.0,Telecom,1,571.0,7,0.6168582375478927,6,1,0
A62JDGQK,Daniell Hammack,GTXPro,Bubba Gump,Won,2017-09-29,2017-10-05,4942.0,Retail,1,4942.0,6,0.6096256684491979,4,1,2
K25Z2KKH,Darcel Schlecht,GTX Plus Basic,Streethex,Lost,2017-09-29,2017-10-05,0.0,Banking,0,0.0,6,0.6311030741410488,0,1,1
U3F5X6BB,Donn Cantrell,MG Special,Bioplex,Lost,2017-09-29,2017-12-07,0.0,Retail,0,0.0,69,0.5745454545454546,4,1,0
VJD27D8U,Elease Gluck,GTXPro,Singletechno,Won,2017-09-29,2017-10-01,5340.0,Retail,1,5340.0,2,0.6349206349206349,4,1,2
9TMPRT6R,Garret Kinder,GTX Basic,Vehement Capital Partners,Lost,2017-09-29,2017-10-03,0.0,Banking,0,0.0,4,0.6097560975609756,0,1,1
CE81S7UN,Garret Kinder,MG Advanced,Zotware,Lost,2017-09-29,2017-10-08,0.0,Banking,0,0.0,9,0.6097560975609756,0,1,2
LEPH90QI,Gladys Colclough,GTX Plus Pro,Isdom,Won,2017-09-29,2017-10-09,5689.0,Retail,1,5689.0,10,0.5818965517241379,4,1,2
X1QNN2DG,James Ascencio,GTX Basic,Rantouch,Lost,2017-09-29,2017-10-08,0.0,Energy,0,0.0,9,0.6553398058252428,1,1,1
J8G6HTCM,James Ascencio,MG Special,Lexiqvolax,Lost,2017-09-29,2017-10-11,0.0,Public Sector,0,0.0,12,0.6553398058252428,3,1,0
94P229FH,Lajuana Vencill,MG Special,Dontechi,Won,2017-09-29,2017-12-30,52.0,Shipping,1,52.0,92,0.5497835497835498,5,1,2
Q6F9JWTY,Lajuana Vencill,MG Advanced,Rangreen,Won,2017-09-29,2017-12-10,3131.0,Energy,1,3131.0,72,0.5497835497835498,1,1,2
75JW1GRR,Markita Hansen,GTX Plus Basic,Konex,Lost,2017-09-29,2017-10-09,0.0,Public Sector,0,0.0,10,0.5726872246696035,3,1,0
P7X2J5DO,Markita Hansen,GTX Plus Pro,Singletechno,Lost,2017-09-29,2017-10-06,0.0,Retail,0,0.0,7,0.5726872246696035,4,1,0
LKBDKJLM,Markita Hansen,MG Special,Blackzim,Lost,2017-09-29,2017-11-27,0.0,Telecom,0,0.0,59,0.5726872246696035,6,1,1
9OT0018Y,Markita Hansen,MG Advanced,Goodsilron,Lost,2017-09-29,2017-10-10,0.0,Energy,0,0.0,11,0.5726872246696035,1,1,1
I6RH33SU,Marty Freudenburg,MG Advanced,Toughzap,Won,2017-09-29,2017-10-05,3957.0,Retail,1,3957.0,6,0.6288659793814433,4,1,1
STCU1IXE,Niesha Huffines,GTX Basic,Treequote,Won,2017-09-29,2017-12-30,523.0,Retail,1,523.0,92,0.6,4,1,0
E3CR358L,Niesha Huffines,GTX Plus Basic,Treequote,Won,2017-09-29,2017-12-21,1156.0,Retail,1,1156.0,83,0.6,4,1,2
BTOD096J,Reed Clapper,GTXPro,Bubba Gump,Lost,2017-09-29,2017-10-06,0.0,Retail,0,0.0,7,0.6540084388185654,4,1,2
1B2WYHTY,Rosalina Dieter,MG Advanced,Plexzap,Won,2017-09-29,2017-11-30,3509.0,Manufacturing,1,3509.0,62,0.6545454545454545,2,1,1
LB5622YN,Versie Hillebrand,MG Special,Hottechi,Lost,2017-09-29,2017-10-08,0.0,Public Sector,0,0.0,9,0.6666666666666666,3,1,0
HIX9V4W1,Versie Hillebrand,MG Advanced,Dontechi,Lost,2017-09-29,2017-10-03,0.0,Shipping,0,0.0,4,0.6666666666666666,5,1,2
XQ6FMG3L,Vicki Laflamme,GTX Basic,Lexiqvolax,Lost,2017-09-29,2017-10-06,0.0,Public Sector,0,0.0,7,0.6368876080691642,3,1,1
W40IER4O,Vicki Laflamme,MG Special,Sonron,Won,2017-09-29,2017-12-08,59.0,Manufacturing,1,59.0,70,0.6368876080691642,2,1,2
88PIK8A6,Violet Mclelland,MG Special,Kinnamplus,Lost,2017-09-29,2017-10-08,0.0,Telecom,0,0.0,9,0.6321243523316062,6,1,2
6K31TYOR,Zane Levy,GTX Basic,J-Texon,Won,2017-09-29,2017-10-05,502.0,Telecom,1,502.0,6,0.6168582375478927,6,1,0
H29XGJ5H,Anna Snelling,GTX Basic,Rangreen,Lost,2017-09-30,2017-12-04,0.0,Energy,0,0.0,65,0.6190476190476191,1,1,0
FSBZ3KOY,Anna Snelling,GTX Plus Pro,Toughzap,Lost,2017-09-30,2017-10-01,0.0,Retail,0,0.0,1,0.6190476190476191,4,1,2
T4SSD24J,Boris Faz,GTX Basic,Silis,Won,2017-09-30,2017-12-05,541.0,Public Sector,1,541.0,66,0.6601307189542484,3,1,1
ZDB6D35R,Cassey Cress,GTX Plus Pro,Ontomedia,Won,2017-09-30,2017-12-19,5026.0,Manufacturing,1,5026.0,80,0.6245210727969349,2,1,0
8RVTZBQO,Cecily Lampkin,MG Advanced,Dontechi,Won,2017-09-30,2017-10-10,3148.0,Shipping,1,3148.0,10,0.66875,5,1,2
CMM4A6NJ,Darcel Schlecht,GTX Plus Basic,Isdom,Lost,2017-09-30,2017-10-06,0.0,Retail,0,0.0,6,0.6311030741410488,4,1,0
7PMUB7T4,Darcel Schlecht,GTXPro,Bioholding,Lost,2017-09-30,2017-10-12,0.0,Banking,0,0.0,12,0.6311030741410488,0,1,0
KTHAX2XV,Darcel Schlecht,GTXPro,Isdom,Lost,2017-09-30,2017-10-05,0.0,Retail,0,0.0,5,0.6311030741410488,4,1,0
IHOTG9ZQ,Darcel Schlecht,MG Advanced,Rundofase,Won,2017-09-30,2017-10-09,3006.0,Public Sector,1,3006.0,9,0.6311030741410488,3,1,2
O2BF1KAT,Garret Kinder,MG Special,Mathtouch,Lost,2017-09-30,2017-12-19,0.0,Energy,0,0.0,80,0.6097560975609756,1,1,1
12HOWQMI,Garret Kinder,GTXPro,Kan-code,Won,2017-09-30,2017-10-07,5203.0,Public Sector,1,5203.0,7,0.6097560975609756,3,1,1
CXY4CXX1,Gladys Colclough,MG Special,Condax,Lost,2017-09-30,2017-10-07,0.0,Banking,0,0.0,7,0.5818965517241379,0,1,1
IIOVCSHC,Hayden Neloms,MG Advanced,Xx-holding,Won,2017-09-30,2017-12-10,2927.0,Telecom,1,2927.0,71,0.7039473684210527,6,1,0
3E09X4S2,Kary Hendrixson,GTX Basic,Rantouch,Lost,2017-09-30,2017-10-08,0.0,Energy,0,0.0,8,0.6238805970149254,1,1,2
6BATTRKM,Lajuana Vencill,GTX Basic,Finhigh,Lost,2017-09-30,2017-10-07,0.0,Banking,0,0.0,7,0.5497835497835498,0,1,0
GCWTH2MD,Lajuana Vencill,MG Advanced,Isdom,Lost,2017-09-30,2017-12-20,0.0,Retail,0,0.0,81,0.5497835497835498,4,1,1
C563WHG1,Lajuana Vencill,GTX Plus Pro,Betatech,Won,2017-09-30,2017-10-11,6156.0,Public Sector,1,6156.0,11,0.5497835497835498,3,1,1
D9WBSJRC,Marty Freudenburg,GTXPro,Warephase,Won,2017-09-30,2017-10-09,5007.0,Retail,1,5007.0,9,0.6288659793814433,4,1,2
X8P0Q1EU,Maureen Marcano,MG Special,Scotfind,Won,2017-09-30,2017-12-06,59.0,Telecom,1,59.0,67,0.6995305164319249,6,1,0
PBGB323I,Moses Frase,GTX Basic,Cancity,Won,2017-09-30,2017-10-07,549.0,Public Sector,1,549.0,7,0.6615384615384615,3,1,1
V5THS9V8,Niesha Huffines,GTX Plus Basic,Isdom,Won,2017-09-30,2017-11-27,1117.0,Retail,1,1117.0,58,0.6,4,1,2
579RHB6S,Versie Hillebrand,MG Special,Stanredtax,Won,2017-09-30,2017-10-08,57.0,Retail,1,57.0,8,0.6666666666666666,4,1,0
9HWUTUXQ,Vicki Laflamme,GTX Basic,Lexiqvolax,Lost,2017-09-30,2017-10-09,0.0,Public Sector,0,0.0,9,0.6368876080691642,3,1,0
T58F1T8V,Violet Mclelland,MG Special,Acme Corporation,Lost,2017-09-30,2017-10-08,0.0,Shipping,0,0.0,8,0.6321243523316062,5,1,1
U3UT9B1U,Violet Mclelland,MG Special,Silis,Won,2017-09-30,2017-12-24,55.0,Public Sector,1,55.0,85,0.6321243523316062,3,1,1
HY7D36UC,Violet Mclelland,MG Special,Umbrella Corporation,Won,2017-09-30,2017-12-22,63.0,Public Sector,1,63.0,83,0.6321243523316062,3,1,0
9YVTJF6C,Zane Levy,GTX Plus Basic,Rantouch,Won,2017-09-30,2017-10-08,1108.0,Energy,1,1108.0,8,0.6168582375478927,1,1,0
JGZVNKMT,Zane Levy,GTX Plus Basic,Y-corporation,Won,2017-09-30,2017-12-10,944.0,Manufacturing,1,944.0,71,0.6168582375478927,2,1,1
5B3BKUMD,Anna Snelling,GTX Basic,Finhigh,Lost,2017-10-01,2017-10-11,0.0,Banking,0,0.0,10,0.6190476190476191,0,1,0
MGHWZSN2,Boris Faz,MG Advanced,The New York Inquirer,Lost,2017-10-01,2017-10-06,0.0,Banking,0,0.0,5,0.6601307189542484,0,1,1
84N2YHUB,Cassey Cress,GTX Basic,Konex,Lost,2017-10-01,2017-12-01,0.0,Public Sector,0,0.0,61,0.6245210727969349,3,1,0
IFVL4WL5,Cecily Lampkin,GTX Plus Pro,Streethex,Won,2017-10-01,2017-12-10,3704.0,Banking,1,3704.0,70,0.66875,0,1,1
8EPT4HEV,Corliss Cosme,GTX Plus Pro,Konex,Lost,2017-10-01,2017-10-07,0.0,Public Sector,0,0.0,6,0.6550218340611353,3,1,2
HZNNKQ0T,Corliss Cosme,GTX Plus Basic,Donquadtech,Won,2017-10-01,2017-10-03,1076.0,Shipping,1,1076.0,2,0.6550218340611353,5,1,1
Z6ETLZQU,Corliss Cosme,GTX Plus Pro,Mathtouch,Won,2017-10-01,2017-12-18,5528.0,Energy,1,5528.0,78,0.6550218340611353,1,1,1
7MSQSYWR,Daniell Hammack,GTX Plus Basic,Initech,Lost,2017-10-01,2017-10-10,0.0,Banking,0,0.0,9,0.6096256684491979,0,1,2
5VJIXV02,Daniell Hammack,GTXPro,Yearin,Lost,2017-10-01,2017-12-01,0.0,Retail,0,0.0,61,0.6096256684491979,4,1,0
G23RCHB6,Darcel Schlecht,GTXPro,Rundofase,Lost,2017-10-01,2017-10-08,0.0,Public Sector,0,0.0,7,0.6311030741410488,3,1,2
RMFG5C6C,Darcel Schlecht,GTXPro,Globex Corporation,Won,2017-10-01,2017-10-09,4594.0,Retail,1,4594.0,8,0.6311030741410488,4,1,1
U2JOATN3,Darcel Schlecht,GTXPro,Scottech,Won,2017-10-01,2017-12-06,6166.0,Banking,1,6166.0,66,0.6311030741410488,0,1,0
JGZ3F67I,Donn Cantrell,GTX Basic,Kinnamplus,Lost,2017-10-01,2017-10-07,0.0,Telecom,0,0.0,6,0.5745454545454546,6,1,2
FHCSKQ4K,Donn Cantrell,GTX Plus Pro,Bluth Company,Won,2017-10-01,2017-12-30,5270.0,Energy,1,5270.0,90,0.5745454545454546,1,1,0
TU58PHME,Garret Kinder,GTX Plus Pro,Sumace,Lost,2017-10-01,2017-11-17,0.0,Energy,0,0.0,47,0.6097560975609756,1,1,0
9ZVX7NVU,Hayden Neloms,GTX Plus Basic,Xx-holding,Lost,2017-10-01,2017-10-08,0.0,Telecom,0,0.0,7,0.7039473684210527,6,1,2
I4OJHXIN,Hayden Neloms,MG Advanced,Cheers,Won,2017-10-01,2017-10-05,3169.0,Telecom,1,3169.0,4,0.7039473684210527,6,1,0
NE300YJ0,Jonathan Berthelot,GTX Basic,Treequote,Won,2017-10-01,2017-11-24,571.0,Retail,1,571.0,54,0.6477272727272727,4,1,2
TYLSS719,Kami Bicknell,GTX Basic,Goodsilron,Lost,2017-10-01,2017-12-03,0.0,Energy,0,0.0,63,0.6397058823529411,1,1,1
M3SQPUB1,Kami Bicknell,GTX Plus Pro,Green-Plus,Won,2017-10-01,2017-10-13,6304.0,Retail,1,6304.0,12,0.6397058823529411,4,1,0
PEIZDYXE,Markita Hansen,GTX Basic,Cheers,Lost,2017-10-01,2017-10-02,0.0,Telecom,0,0.0,1,0.5726872246696035,6,1,1
HGG0EZ00,Markita Hansen,GTXPro,Groovestreet,Lost,2017-10-01,2017-10-05,0.0,Retail,0,0.0,4,0.5726872246696035,4,1,1
XRRMX8K6,Marty Freudenburg,GTX Basic,Statholdings,Lost,2017-10-01,2017-10-12,0.0,Manufacturing,0,0.0,11,0.6288659793814433,2,1,0
BJLJV8XE,Marty Freudenburg,GTXPro,Condax,Won,2017-10-01,2017-12-15,4578.0,Banking,1,4578.0,75,0.6288659793814433,0,1,2
AQH7ORZZ,Reed Clapper,MG Special,Bluth Company,Won,2017-10-01,2017-12-18,62.0,Energy,1,62.0,78,0.6540084388185654,1,1,0
GLG1IOHT,Rosalina Dieter,MG Special,J-Texon,Won,2017-10-01,2017-10-08,51.0,Telecom,1,51.0,7,0.6545454545454545,6,1,1
89MUGU6K,Rosie Papadopoulos,GTXPro,Bluth Company,Won,2017-10-01,2017-11-30,4881.0,Energy,1,4881.0,60,0.6446280991735537,1,1,1
F5OETS8V,Vicki Laflamme,GTX Basic,Golddex,Won,2017-10-01,2017-12-18,544.0,Manufacturing,1,544.0,78,0.6368876080691642,2,1,2
CU7KT53A,Vicki Laflamme,MG Advanced,Goodsilron,Won,2017-10-01,2017-12-16,2941.0,Energy,1,2941.0,76,0.6368876080691642,1,1,0
0BYU67KG,Wilburn Farren,MG Advanced,Ganjaflex,Lost,2017-10-01,2017-12-13,0.0,Retail,0,0.0,73,0.6962025316455697,4,1,1
SLXPTSGS,Wilburn Farren,MG Special,Condax,Won,2017-10-01,2017-10-11,44.0,Banking,1,44.0,10,0.6962025316455697,0,1,1
FZGGKS2D,Zane Levy,GTX Plus Pro,Doncon,Won,2017-10-01,2017-12-23,4910.0,Shipping,1,4910.0,83,0.6168582375478927,5,1,1
6HDTZCCM,Anna Snelling,GTX Plus Pro,Warephase,Lost,2017-10-02,2017-10-14,0.0,Retail,0,0.0,12,0.6190476190476191,4,1,2
XUEHL04Z,Boris Faz,GTX Plus Basic,Konex,Lost,2017-10-02,2017-10-04,0.0,Public Sector,0,0.0,2,0.6601307189542484,3,1,1
CTZ5I5R5,Cassey Cress,GTX Plus Pro,Bioplex,Won,2017-10-02,2017-12-05,5469.0,Retail,1,5469.0,64,0.6245210727969349,4,1,1
988QUSNK,Cecily Lampkin,MG Advanced,Scottech,Lost,2017-10-02,2017-10-03,0.0,Banking,0,0.0,1,0.66875,0,1,0
2P0VIX4N,Cecily Lampkin,MG Advanced,Treequote,Lost,2017-10-02,2017-12-20,0.0,Retail,0,0.0,79,0.66875,4,1,0
TAPH7KQO,Cecily Lampkin,GTX Basic,Zumgoity,Won,2017-10-02,2017-12-07,568.0,Public Sector,1,568.0,66,0.66875,3,1,1
TWGFQS8L,Darcel Schlecht,GTX Plus Basic,Cancity,Lost,2017-10-02,2017-10-12,0.0,Public Sector,0,0.0,10,0.6311030741410488,3,1,1
MRPSU52W,Darcel Schlecht,MG Advanced,Genco Pura Olive Oil Company,Lost,2017-10-02,2017-10-09,0.0,Manufacturing,0,0.0,7,0.6311030741410488,2,1,0
UKXRWZ3P,Darcel Schlecht,GTX Plus Pro,Codehow,Won,2017-10-02,2017-10-04,5263.0,Telecom,1,5263.0,2,0.6311030741410488,6,1,2
C5XXGXUE,Darcel Schlecht,GTXPro,Toughzap,Won,2017-10-02,2017-10-09,4201.0,Retail,1,4201.0,7,0.6311030741410488,4,1,2
2IYQ5ALK,Jonathan Berthelot,GTX Basic,Warephase,Lost,2017-10-02,2017-10-07,0.0,Retail,0,0.0,5,0.6477272727272727,4,1,2
K4GL9NDX,Jonathan Berthelot,GTX Plus Basic,dambase,Lost,2017-10-02,2017-12-17,0.0,Retail,0,0.0,76,0.6477272727272727,4,1,2
OFKWBRP7,Jonathan Berthelot,GTX Plus Basic,Dontechi,Lost,2017-10-02,2017-10-10,0.0,Shipping,0,0.0,8,0.6477272727272727,5,1,2
1AGL4X1J,Jonathan Berthelot,GTX Plus Basic,Isdom,Lost,2017-10-02,2017-12-18,0.0,Retail,0,0.0,77,0.6477272727272727,4,1,2
TSU40NIZ,Kami Bicknell,GTXPro,Groovestreet,Lost,2017-10-02,2017-10-04,0.0,Retail,0,0.0,2,0.6397058823529411,4,1,2
VSN0PA06,Kami Bicknell,GTX Plus Basic,Sunnamplex,Won,2017-10-02,2017-10-03,1048.0,Public Sector,1,1048.0,1,0.6397058823529411,3,1,2
FQODPHUL,Kary Hendrixson,GTX Basic,Hatfan,Won,2017-10-02,2017-11-04,631.0,Public Sector,1,631.0,33,0.6238805970149254,3,1,0
KRUY5G5I,Lajuana Vencill,MG Advanced,Hottechi,Lost,2017-10-02,2017-10-13,0.0,Public Sector,0,0.0,11,0.5497835497835498,3,1,2
SCYV3JPO,Lajuana Vencill,GTX Basic,Betatech,Won,2017-10-02,2017-10-12,536.0,Public Sector,1,536.0,10,0.5497835497835498,3,1,2
T91ZAQRH,Lajuana Vencill,GTX Plus Basic,Genco Pura Olive Oil Company,Won,2017-10-02,2017-12-18,1127.0,Manufacturing,1,1127.0,77,0.5497835497835498,2,1,2
R293SULP,Marty Freudenburg,GTX Plus Basic,Ron-tech,Lost,2017-10-02,2017-10-04,0.0,Manufacturing,0,0.0,2,0.6288659793814433,2,1,1
UDKH3AM0,Marty Freudenburg,MG Special,Cancity,Won,2017-10-02,2017-10-09,56.0,Public Sector,1,56.0,7,0.6288659793814433,3,1,0
I4T9W7NQ,Maureen Marcano,GTX Basic,Hottechi,Lost,2017-10-02,2017-12-15,0.0,Public Sector,0,0.0,74,0.6995305164319249,3,1,0
H4ZSZQ9V,Reed Clapper,GTXPro,Bluth Company,Won,2017-10-02,2017-10-10,4186.0,Energy,1,4186.0,8,0.6540084388185654,1,1,0
2GQAAHG6,Reed Clapper,MG Advanced,Konex,Won,2017-10-02,2017-10-12,3670.0,Public Sector,1,3670.0,10,0.6540084388185654,3,1,2
7OGPA4I3,Reed Clapper,MG Advanced,Umbrella Corporation,Won,2017-10-02,2017-10-12,3482.0,Public Sector,1,3482.0,10,0.6540084388185654,3,1,2
54XJLU62,Rosie Papadopoulos,GTX Plus Basic,Gekko & Co,Lost,2017-10-02,2017-10-12,0.0,Telecom,0,0.0,10,0.6446280991735537,6,1,1
XSSK506P,Versie Hillebrand,MG Special,Funholding,Lost,2017-10-02,2017-10-04,0.0,Retail,0,0.0,2,0.6666666666666666,4,1,0
AJKE7ACY,Violet Mclelland,MG Special,Kinnamplus,Won,2017-10-02,2017-10-11,50.0,Telecom,1,50.0,9,0.6321243523316062,6,1,2
JPPLGVUS,Violet Mclelland,MG Advanced,Massive Dynamic,Won,2017-10-02,2017-12-31,3629.0,Banking,1,3629.0,90,0.6321243523316062,0,1,0
O7B3XCKF,Zane Levy,GTX Basic,Hottechi,Lost,2017-10-02,2017-10-03,0.0,Public Sector,0,0.0,1,0.6168582375478927,3,1,1
5A7S6Z6P,Zane Levy,GTXPro,Groovestreet,Lost,2017-10-02,2017-10-11,0.0,Retail,0,0.0,9,0.6168582375478927,4,1,1
OOB372R5,Zane Levy,GTX Basic,Condax,Won,2017-10-02,2017-10-12,544.0,Banking,1,544.0,10,0.6168582375478927,0,1,1
L67B6CU2,Anna Snelling,GTX Plus Pro,Rundofase,Lost,2017-10-03,2017-10-09,0.0,Public Sector,0,0.0,6,0.6190476190476191,3,1,0
6V0QV9CU,Cecily Lampkin,MG Advanced,Stanredtax,Won,2017-10-03,2017-10-10,3415.0,Retail,1,3415.0,7,0.66875,4,1,2
0MXZ36G7,Corliss Cosme,GTX Basic,Bubba Gump,Won,2017-10-03,2017-10-04,616.0,Retail,1,616.0,1,0.6550218340611353,4,1,2
LMCHDMJX,Daniell Hammack,GTX Plus Basic,Donware,Won,2017-10-03,2017-10-08,1050.0,Banking,1,1050.0,5,0.6096256684491979,0,1,1
4HBU57OV,Darcel Schlecht,MG Special,Toughzap,Won,2017-10-03,2017-10-10,58.0,Retail,1,58.0,7,0.6311030741410488,4,1,2
AOIM2Y7M,Donn Cantrell,MG Advanced,Zotware,Won,2017-10-03,2017-10-05,3858.0,Banking,1,3858.0,2,0.5745454545454546,0,1,1
5KC100IN,Elease Gluck,MG Special,Condax,Lost,2017-10-03,2017-10-13,0.0,Banking,0,0.0,10,0.6349206349206349,0,1,0
OOFWSKFF,Gladys Colclough,GTX Basic,Hottechi,Lost,2017-10-03,2017-10-04,0.0,Public Sector,0,0.0,1,0.5818965517241379,3,1,1
LV7HHGM4,Gladys Colclough,GTX Plus Pro,Funholding,Lost,2017-10-03,2017-10-05,0.0,Retail,0,0.0,2,0.5818965517241379,4,1,0
HBZEI375,Gladys Colclough,MG Advanced,Ron-tech,Lost,2017-10-03,2017-10-10,0.0,Manufacturing,0,0.0,7,0.5818965517241379,2,1,1
GRQZZNQB,Gladys Colclough,MG Advanced,Inity,Won,2017-10-03,2017-11-08,3207.0,Manufacturing,1,3207.0,36,0.5818965517241379,2,1,2
1D8XLZQ8,Hayden Neloms,MG Advanced,Konex,Won,2017-10-03,2017-11-21,3795.0,Public Sector,1,3795.0,49,0.7039473684210527,3,1,2
CAX04DY1,Jonathan Berthelot,MG Special,Rundofase,Lost,2017-10-03,2017-11-16,0.0,Public Sector,0,0.0,44,0.6477272727272727,3,1,1
ZVEH26GP,Kami Bicknell,GTX Plus Basic,J-Texon,Won,2017-10-03,2017-10-08,1028.0,Telecom,1,1028.0,5,0.6397058823529411,6,1,2
G7QR0SCP,Kami Bicknell,MG Special,Doncon,Won,2017-10-03,2017-10-15,64.0,Shipping,1,64.0,12,0.6397058823529411,5,1,2
DUOS7AO8,Marty Freudenburg,GTXPro,Rangreen,Lost,2017-10-03,2017-11-24,0.0,Energy,0,0.0,52,0.6288659793814433,1,1,2
CCCQGBSY,Reed Clapper,GTX Plus Basic,Bluth Company,Won,2017-10-03,2017-12-09,1284.0,Energy,1,1284.0,67,0.6540084388185654,1,1,0
C5Z2806X,Reed Clapper,GTXPro,Iselectrics,Won,2017-10-03,2017-12-28,5044.0,Energy,1,5044.0,86,0.6540084388185654,1,1,2
2CY7OS6A,Rosalina Dieter,MG Special,Y-corporation,Lost,2017-10-03,2017-10-06,0.0,Manufacturing,0,0.0,3,0.6545454545454545,2,1,0
FZKX09GE,Versie Hillebrand,MG Advanced,Rangreen,Won,2017-10-03,2017-10-09,3254.0,Energy,1,3254.0,6,0.6666666666666666,1,1,1
R2PBFVU7,Vicki Laflamme,GTXPro,Hottechi,Lost,2017-10-03,2017-10-08,0.0,Public Sector,0,0.0,5,0.6368876080691642,3,1,2
D4SJ5G2G,Violet Mclelland,MG Special,Xx-zobam,Lost,2017-10-03,2017-12-23,0.0,Manufacturing,0,0.0,81,0.6321243523316062,2,1,2
N2ESTUQT,Wilburn Farren,GTXPro,Vehement Capital Partners,Won,2017-10-03,2017-10-10,5127.0,Banking,1,5127.0,7,0.6962025316455697,0,1,2
3QSM7X3W,Zane Levy,GTXPro,Green-Plus,Won,2017-10-03,2017-11-06,4194.0,Retail,1,4194.0,34,0.6168582375478927,4,1,1
UG4BHJRQ,Zane Levy,GTXPro,Singletechno,Won,2017-10-03,2017-10-11,4105.0,Retail,1,4105.0,8,0.6168582375478927,4,1,0
NMF60XWK,Anna Snelling,MG Special,Cancity,Lost,2017-10-04,2017-10-13,0.0,Public Sector,0,0.0,9,0.6190476190476191,3,1,0
L6WEVHEN,Anna Snelling,MG Special,Gogozoom,Won,2017-10-04,2017-12-16,59.0,Telecom,1,59.0,73,0.6190476190476191,6,1,2
EYWXCFXJ,Boris Faz,GTX Plus Pro,Bluth Company,Lost,2017-10-04,2017-11-01,0.0,Energy,0,0.0,28,0.6601307189542484,1,1,1
QC9B7V93,Boris Faz,MG Advanced,Acme Corporation,Lost,2017-10-04,2017-10-11,0.0,Shipping,0,0.0,7,0.6601307189542484,5,1,1
CPVW06O2,Boris Faz,MG Special,Bubba Gump,Won,2017-10-04,2017-10-11,54.0,Retail,1,54.0,7,0.6601307189542484,4,1,1
2KNVLXA4,Cassey Cress,GTX Plus Pro,Plussunin,Won,2017-10-04,2017-10-14,5989.0,Energy,1,5989.0,10,0.6245210727969349,1,1,1
YI8JSLKX,Daniell Hammack,GTXPro,Silis,Lost,2017-10-04,2017-10-15,0.0,Public Sector,0,0.0,11,0.6096256684491979,3,1,1
E4O6XJ9E,Darcel Schlecht,GTXPro,Betatech,Lost,2017-10-04,2017-10-12,0.0,Public Sector,0,0.0,8,0.6311030741410488,3,1,0
L7TT9ZL4,Darcel Schlecht,GTX Plus Pro,Finhigh,Won,2017-10-04,2017-12-21,4735.0,Banking,1,4735.0,78,0.6311030741410488,0,1,0
JD6WHH6G,Darcel Schlecht,GTXPro,Rangreen,Won,2017-10-04,2017-10-10,5055.0,Energy,1,5055.0,6,0.6311030741410488,1,1,0
93OFIHMF,James Ascencio,GTX Plus Pro,Fasehatice,Won,2017-10-04,2017-12-05,4527.0,Telecom,1,4527.0,62,0.6553398058252428,6,1,2
9E7VMZ1J,Jonathan Berthelot,GTX Basic,dambase,Lost,2017-10-04,2017-12-23,0.0,Retail,0,0.0,80,0.6477272727272727,4,1,1
BUNGSHKB,Jonathan Berthelot,GTXPro,Scottech,Lost,2017-10-04,2017-10-15,0.0,Banking,0,0.0,11,0.6477272727272727,0,1,2
MK2YTCZN,Jonathan Berthelot,MG Special,Inity,Won,2017-10-04,2017-10-06,58.0,Manufacturing,1,58.0,2,0.6477272727272727,2,1,1
MZTB3C70,Kary Hendrixson,GTX Basic,J-Texon,Lost,2017-10-04,2017-11-17,0.0,Telecom,0,0.0,44,0.6238805970149254,6,1,0
LHG76MIU,Markita Hansen,MG Special,Rantouch,Won,2017-10-04,2017-12-03,62.0,Energy,1,62.0,60,0.5726872246696035,1,1,2
SGAJAIP9,Maureen Marcano,GTXPro,Blackzim,Won,2017-10-04,2017-12-20,5026.0,Telecom,1,5026.0,77,0.6995305164319249,6,1,0
UZ9SEIZ9,Vicki Laflamme,MG Special,Nam-zim,Lost,2017-10-04,2017-10-13,0.0,Energy,0,0.0,9,0.6368876080691642,1,1,1
KDY5FEUO,Vicki Laflamme,GTX Basic,Y-corporation,Won,2017-10-04,2017-12-20,496.0,Manufacturing,1,496.0,77,0.6368876080691642,2,1,1
ZRMZJVWK,Zane Levy,GTXPro,Plusstrip,Won,2017-10-04,2017-12-28,5491.0,Public Sector,1,5491.0,85,0.6168582375478927,3,1,1
JAG873Y3,Anna Snelling,MG Special,Hottechi,Lost,2017-10-05,2017-10-12,0.0,Public Sector,0,0.0,7,0.6190476190476191,3,1,0
WQTR95J3,Cecily Lampkin,GTX Basic,Stanredtax,Won,2017-10-05,2017-10-11,622.0,Retail,1,622.0,6,0.66875,4,1,1
1FHY3UGF,Corliss Cosme,GTXPro,Zotware,Lost,2017-10-05,2017-10-13,0.0,Banking,0,0.0,8,0.6550218340611353,0,1,0
B9KFRY53,Darcel Schlecht,GTX Plus Basic,Rangreen,Won,2017-10-05,2017-10-10,1132.0,Energy,1,1132.0,5,0.6311030741410488,1,1,2
ZRCY8P4P,Darcel Schlecht,GTX Plus Pro,Condax,Won,2017-10-05,2017-12-14,5422.0,Banking,1,5422.0,70,0.6311030741410488,0,1,1
M3RME16Q,Darcel Schlecht,GTXPro,Inity,Won,2017-10-05,2017-10-14,5170.0,Manufacturing,1,5170.0,9,0.6311030741410488,2,1,1
YPRHMUIB,Darcel Schlecht,GTXPro,Stanredtax,Won,2017-10-05,2017-12-22,5009.0,Retail,1,5009.0,78,0.6311030741410488,4,1,1
HM4ZINFJ,Donn Cantrell,MG Advanced,Zathunicon,Lost,2017-10-05,2017-10-10,0.0,Retail,0,0.0,5,0.5745454545454546,4,1,2
6WIQG92N,Elease Gluck,GTK 500,Konex,Lost,2017-10-05,2017-10-18,0.0,Public Sector,0,0.0,13,0.6349206349206349,3,1,1
3JMB4J8E,Garret Kinder,GTX Plus Pro,Acme Corporation,Won,2017-10-05,2017-10-07,5331.0,Shipping,1,5331.0,2,0.6097560975609756,5,1,0
FTZ4VYH4,Hayden Neloms,MG Advanced,Scotfind,Lost,2017-10-05,2017-12-13,0.0,Telecom,0,0.0,69,0.7039473684210527,6,1,0
GEJKKFOL,James Ascencio,GTX Basic,Groovestreet,Lost,2017-10-05,2017-10-10,0.0,Retail,0,0.0,5,0.6553398058252428,4,1,1
UYWQ5N0R,James Ascencio,GTXPro,Labdrill,Lost,2017-10-05,2017-11-23,0.0,Energy,0,0.0,49,0.6553398058252428,1,1,1
NDAFT4KV,James Ascencio,GTX Plus Basic,Hatfan,Won,2017-10-05,2017-10-18,1132.0,Public Sector,1,1132.0,13,0.6553398058252428,3,1,2
BO1GBSM0,James Ascencio,GTX Plus Pro,Blackzim,Won,2017-10-05,2017-10-11,5004.0,Telecom,1,5004.0,6,0.6553398058252428,6,1,2
FSVEMKSG,Jonathan Berthelot,GTX Basic,Inity,Won,2017-10-05,2017-10-10,556.0,Manufacturing,1,556.0,5,0.6477272727272727,2,1,2
V0XQVHQV,Jonathan Berthelot,MG Special,Gogozoom,Won,2017-10-05,2017-10-12,53.0,Telecom,1,53.0,7,0.6477272727272727,6,1,1
TFZMFOH9,Kami Bicknell,GTXPro,Finjob,Won,2017-10-05,2017-11-24,4362.0,Manufacturing,1,4362.0,50,0.6397058823529411,2,1,2
8T9ANK4E,Marty Freudenburg,GTX Basic,Warephase,Won,2017-10-05,2017-12-24,550.0,Retail,1,550.0,80,0.6288659793814433,4,1,2
76WXMI88,Moses Frase,MG Special,Stanredtax,Won,2017-10-05,2017-12-28,50.0,Retail,1,50.0,84,0.6615384615384615,4,1,0
ZH8XR8YT,Niesha Huffines,GTX Plus Basic,Dontechi,Lost,2017-10-05,2017-10-13,0.0,Shipping,0,0.0,8,0.6,5,1,2
PR9HQKA7,Niesha Huffines,GTX Plus Basic,Dontechi,Lost,2017-10-05,2017-10-15,0.0,Shipping,0,0.0,10,0.6,5,1,0
NMHDWGNT,Niesha Huffines,GTXPro,Funholding,Lost,2017-10-05,2017-10-15,0.0,Retail,0,0.0,10,0.6,4,1,0
WX3CPDYD,Reed Clapper,GTXPro,Gekko & Co,Won,2017-10-05,2017-12-31,4651.0,Telecom,1,4651.0,87,0.6540084388185654,6,1,2
3DF5FIAM,Reed Clapper,MG Advanced,Umbrella Corporation,Won,2017-10-05,2017-12-17,3285.0,Public Sector,1,3285.0,73,0.6540084388185654,3,1,0
018KKT5I,Rosalina Dieter,GTX Basic,Faxquote,Lost,2017-10-05,2017-10-11,0.0,Telecom,0,0.0,6,0.6545454545454545,6,1,1
9AOPLD0O,Rosie Papadopoulos,MG Advanced,Umbrella Corporation,Won,2017-10-05,2017-10-11,3002.0,Public Sector,1,3002.0,6,0.6446280991735537,3,1,1
J54XWY0O,Versie Hillebrand,GTX Basic,Betatech,Lost,2017-10-05,2017-10-16,0.0,Public Sector,0,0.0,11,0.6666666666666666,3,1,2
FJEL0TDN,Versie Hillebrand,MG Special,Conecom,Won,2017-10-05,2017-10-07,58.0,Shipping,1,58.0,2,0.6666666666666666,5,1,1
I5JTM3EK,Vicki Laflamme,MG Special,Zoomit,Lost,2017-10-05,2017-10-08,0.0,Energy,0,0.0,3,0.6368876080691642,1,1,0
3Q5R6HAY,Vicki Laflamme,MG Advanced,Doncon,Won,2017-10-05,2017-10-08,3435.0,Shipping,1,3435.0,3,0.6368876080691642,5,1,1
VOEOU1U6,Zane Levy,MG Special,Xx-holding,Lost,2017-10-05,2017-10-07,0.0,Telecom,0,0.0,2,0.6168582375478927,6,1,2
52IHI8JD,Anna Snelling,MG Special,Funholding,Lost,2017-10-06,2017-11-24,0.0,Retail,0,0.0,49,0.6190476190476191,4,1,2
7QPQ40X9,Anna Snelling,MG Advanced,Ron-tech,Lost,2017-10-06,2017-10-08,0.0,Manufacturing,0,0.0,2,0.6190476190476191,2,1,0
KFZ37330,Boris Faz,GTX Basic,Konex,Won,2017-10-06,2017-12-14,492.0,Public Sector,1,492.0,69,0.6601307189542484,3,1,2
T64JVA4T,Boris Faz,GTXPro,Xx-zobam,Won,2017-10-06,2017-10-07,4401.0,Manufacturing,1,4401.0,1,0.6601307189542484,2,1,1
Y5C1Q7UR,Cassey Cress,MG Special,Zathunicon,Won,2017-10-06,2017-12-26,50.0,Retail,1,50.0,81,0.6245210727969349,4,1,2
VN0XOAB6,Cassey Cress,MG Advanced,Bubba Gump,Won,2017-10-06,2017-11-12,3333.0,Retail,1,3333.0,37,0.6245210727969349,4,1,0
MVZG0BSG,Corliss Cosme,GTX Plus Basic,Donware,Won,2017-10-06,2017-10-16,1095.0,Banking,1,1095.0,10,0.6550218340611353,0,1,2
EM1W738H,Darcel Schlecht,GTX Plus Pro,dambase,Won,2017-10-06,2017-11-22,5595.0,Retail,1,5595.0,47,0.6311030741410488,4,1,1
13WLN2MJ,Darcel Schlecht,GTXPro,Finhigh,Won,2017-10-06,2017-10-08,4461.0,Banking,1,4461.0,2,0.6311030741410488,0,1,0
M4NNI01I,Donn Cantrell,GTX Plus Basic,Yearin,Lost,2017-10-06,2017-10-16,0.0,Retail,0,0.0,10,0.5745454545454546,4,1,1
U3FTUG3T,Gladys Colclough,GTX Basic,Streethex,Won,2017-10-06,2017-11-20,415.0,Banking,1,415.0,45,0.5818965517241379,0,1,0
RS13M1ZP,Gladys Colclough,MG Advanced,Stanredtax,Won,2017-10-06,2017-10-08,3212.0,Retail,1,3212.0,2,0.5818965517241379,4,1,2
10B65ZN9,James Ascencio,GTX Basic,Groovestreet,Won,2017-10-06,2017-12-31,457.0,Retail,1,457.0,86,0.6553398058252428,4,1,0
V4YBVSJ4,Jonathan Berthelot,GTX Plus Basic,Condax,Lost,2017-10-06,2017-10-17,0.0,Banking,0,0.0,11,0.6477272727272727,0,1,0
LVMPJ8JN,Jonathan Berthelot,GTX Basic,Codehow,Won,2017-10-06,2017-12-31,546.0,Telecom,1,546.0,86,0.6477272727272727,6,1,2
OV0LOPAA,Lajuana Vencill,GTX Plus Basic,Statholdings,Lost,2017-10-06,2017-10-12,0.0,Manufacturing,0,0.0,6,0.5497835497835498,2,1,1
0ISX53T3,Lajuana Vencill,GTX Basic,Globex Corporation,Won,2017-10-06,2017-12-21,453.0,Retail,1,453.0,76,0.5497835497835498,4,1,2
KL8PCQXC,Markita Hansen,GTXPro,Hatfan,Lost,2017-10-06,2017-10-15,0.0,Public Sector,0,0.0,9,0.5726872246696035,3,1,0
Q4KZSJ6Q,Moses Frase,GTX Basic,dambase,Won,2017-10-06,2017-10-07,510.0,Retail,1,510.0,1,0.6615384615384615,4,1,2
1IABHXOP,Moses Frase,GTX Basic,Gogozoom,Won,2017-10-06,2017-10-14,552.0,Telecom,1,552.0,8,0.6615384615384615,6,1,0
2RE0MZGV,Reed Clapper,MG Advanced,Zencorporation,Won,2017-10-06,2017-10-07,3203.0,Shipping,1,3203.0,1,0.6540084388185654,5,1,2
JLKLRCFZ,Rosie Papadopoulos,GTX Plus Pro,The New York Inquirer,Won,2017-10-06,2017-10-14,6228.0,Banking,1,6228.0,8,0.6446280991735537,0,1,2
2X9KWWCP,Versie Hillebrand,MG Special,dambase,Won,2017-10-06,2017-10-11,59.0,Retail,1,59.0,5,0.6666666666666666,4,1,1
IF2BUC3Q,Wilburn Farren,GTXPro,Mathtouch,Lost,2017-10-06,2017-10-08,0.0,Energy,0,0.0,2,0.6962025316455697,1,1,0
GU4HXZ55,Zane Levy,GTX Plus Basic,Condax,Won,2017-10-06,2017-12-23,1129.0,Banking,1,1129.0,78,0.6168582375478927,0,1,1
JQK0EF45,Anna Snelling,GTX Plus Pro,Streethex,Won,2017-10-07,2017-10-13,5349.0,Banking,1,5349.0,6,0.6190476190476191,0,1,0
YUUD6GIT,Boris Faz,GTX Plus Basic,Umbrella Corporation,Won,2017-10-07,2017-11-19,1148.0,Public Sector,1,1148.0,43,0.6601307189542484,3,1,2
FBDZ4LCK,Cassey Cress,GTX Basic,Zotware,Lost,2017-10-07,2017-10-08,0.0,Banking,0,0.0,1,0.6245210727969349,0,1,0
SQMPV6L6,Cecily Lampkin,MG Special,Toughzap,Won,2017-10-07,2017-10-19,52.0,Retail,1,52.0,12,0.66875,4,1,1
N9ZBEJFI,Cecily Lampkin,MG Advanced,Finhigh,Won,2017-10-07,2017-12-28,3253.0,Banking,1,3253.0,82,0.66875,0,1,1
EKXXH9IK,Daniell Hammack,GTX Plus Basic,Gekko & Co,Won,2017-10-07,2017-11-04,1267.0,Telecom,1,1267.0,28,0.6096256684491979,6,1,1
OC6ZMTK5,Daniell Hammack,GTX Plus Basic,Initech,Won,2017-10-07,2017-10-13,1096.0,Banking,1,1096.0,6,0.6096256684491979,0,1,0
M57LZE5F,Darcel Schlecht,MG Advanced,Hottechi,Lost,2017-10-07,2017-12-23,0.0,Public Sector,0,0.0,77,0.6311030741410488,3,1,1
1XO519P4,Darcel Schlecht,MG Special,Genco Pura Olive Oil Company,Won,2017-10-07,2017-12-30,54.0,Manufacturing,1,54.0,84,0.6311030741410488,2,1,1
UBWO7HIV,Hayden Neloms,MG Advanced,Green-Plus,Won,2017-10-07,2017-12-13,3293.0,Retail,1,3293.0,67,0.7039473684210527,4,1,1
00X8VEYH,Jonathan Berthelot,GTXPro,Rundofase,Won,2017-10-07,2017-12-22,4404.0,Public Sector,1,4404.0,76,0.6477272727272727,3,1,2
ZJ11PBUV,Jonathan Berthelot,GTXPro,Zumgoity,Won,2017-10-07,2017-10-09,5212.0,Public Sector,1,5212.0,2,0.6477272727272727,3,1,2
GJX7YGIF,Kami Bicknell,GTX Basic,Plexzap,Lost,2017-10-07,2017-11-25,0.0,Manufacturing,0,0.0,49,0.6397058823529411,2,1,0
MF6S92GQ,Kary Hendrixson,GTX Basic,Dalttechnology,Won,2017-10-07,2017-12-08,488.0,Shipping,1,488.0,62,0.6238805970149254,5,1,0
KTZDTM8W,Lajuana Vencill,GTX Basic,Globex Corporation,Won,2017-10-07,2017-10-13,594.0,Retail,1,594.0,6,0.5497835497835498,4,1,1
SH0S5N6U,Markita Hansen,GTX Basic,Singletechno,Won,2017-10-07,2017-12-30,464.0,Retail,1,464.0,84,0.5726872246696035,4,1,2
M3306MKK,Markita Hansen,MG Special,Cheers,Won,2017-10-07,2017-12-13,53.0,Telecom,1,53.0,67,0.5726872246696035,6,1,1
5H27L6YI,Marty Freudenburg,GTX Plus Basic,Finhigh,Lost,2017-10-07,2017-10-15,0.0,Banking,0,0.0,8,0.6288659793814433,0,1,1
FCEJCRKY,Marty Freudenburg,GTX Basic,Streethex,Won,2017-10-07,2017-10-08,661.0,Banking,1,661.0,1,0.6288659793814433,0,1,2
FTVBHHFC,Marty Freudenburg,GTX Plus Basic,Genco Pura Olive Oil Company,Won,2017-10-07,2017-10-14,1240.0,Manufacturing,1,1240.0,7,0.6288659793814433,2,1,2
CXE6ORIJ,Marty Freudenburg,MG Advanced,Isdom,Won,2017-10-07,2017-12-20,2763.0,Retail,1,2763.0,74,0.6288659793814433,4,1,2
QFIEJY21,Maureen Marcano,GTX Basic,Condax,Won,2017-10-07,2017-12-05,610.0,Banking,1,610.0,59,0.6995305164319249,0,1,0
4OUTIJAR,Maureen Marcano,MG Special,Hatfan,Won,2017-10-07,2017-12-14,59.0,Public Sector,1,59.0,68,0.6995305164319249,3,1,0
R19OP4QL,Moses Frase,GTX Basic,Rangreen,Won,2017-10-07,2017-10-19,577.0,Energy,1,577.0,12,0.6615384615384615,1,1,1
UU7QH2WX,Rosalina Dieter,MG Special,Kan-code,Lost,2017-10-07,2017-10-15,0.0,Public Sector,0,0.0,8,0.6545454545454545,3,1,0
O7WVUMZ5,Vicki Laflamme,GTX Plus Basic,Finjob,Won,2017-10-07,2017-10-09,1139.0,Manufacturing,1,1139.0,2,0.6368876080691642,2,1,2
NRMFYPAD,Anna Snelling,GTX Plus Pro,Treequote,Won,2017-10-08,2017-12-30,6038.0,Retail,1,6038.0,83,0.6190476190476191,4,1,2
63HMAJCZ,Boris Faz,GTXPro,Umbrella Corporation,Won,2017-10-08,2017-10-14,4605.0,Public Sector,1,4605.0,6,0.6601307189542484,3,1,0
MR49QBLO,Boris Faz,MG Advanced,Konex,Won,2017-10-08,2017-11-21,3264.0,Public Sector,1,3264.0,44,0.6601307189542484,3,1,1
V7C6RT5S,Cassey Cress,MG Advanced,Betasoloin,Won,2017-10-08,2017-10-17,3472.0,Banking,1,3472.0,9,0.6245210727969349,0,1,1
G1POINXI,Cecily Lampkin,GTX Plus Basic,Rangreen,Won,2017-10-08,2017-10-15,1186.0,Energy,1,1186.0,7,0.66875,1,1,0
S181FZ0Y,Corliss Cosme,GTX Basic,Zotware,Lost,2017-10-08,2017-10-16,0.0,Banking,0,0.0,8,0.6550218340611353,0,1,1
5J7T0GZU,Daniell Hammack,GTXPro,Sumace,Won,2017-10-08,2017-12-14,4964.0,Energy,1,4964.0,67,0.6096256684491979,1,1,1
0IAJNXTD,Darcel Schlecht,MG Special,Domzoom,Lost,2017-10-08,2017-10-10,0.0,Retail,0,0.0,2,0.6311030741410488,4,1,1
RMQME3N0,Donn Cantrell,GTX Plus Basic,Massive Dynamic,Lost,2017-10-08,2017-11-21,0.0,Banking,0,0.0,44,0.5745454545454546,0,1,2
G8C3GRPO,Garret Kinder,MG Advanced,Vehement Capital Partners,Won,2017-10-08,2017-10-20,2812.0,Banking,1,2812.0,12,0.6097560975609756,0,1,2
IY3U40F8,Gladys Colclough,GTX Plus Basic,Globex Corporation,Lost,2017-10-08,2017-10-14,0.0,Retail,0,0.0,6,0.5818965517241379,4,1,0
OZFSBIDF,Gladys Colclough,GTXPro,Toughzap,Lost,2017-10-08,2017-10-09,0.0,Retail,0,0.0,1,0.5818965517241379,4,1,2
IEJHIQYI,Hayden Neloms,MG Advanced,Blackzim,Won,2017-10-08,2017-12-22,3517.0,Telecom,1,3517.0,75,0.7039473684210527,6,1,1
6SQHVC0S,Jonathan Berthelot,GTXPro,dambase,Lost,2017-10-08,2017-12-26,0.0,Retail,0,0.0,79,0.6477272727272727,4,1,2
DIGZWVHI,Kami Bicknell,GTX Basic,Sunnamplex,Lost,2017-10-08,2017-10-09,0.0,Public Sector,0,0.0,1,0.6397058823529411,3,1,0
1ZT4IROS,Kami Bicknell,GTX Basic,Xx-holding,Won,2017-10-08,2017-10-10,608.0,Telecom,1,608.0,2,0.6397058823529411,6,1,2
60QEB2FZ,Kary Hendrixson,GTX Plus Pro,Fasehatice,Won,2017-10-08,2017-10-16,4989.0,Telecom,1,4989.0,8,0.6238805970149254,6,1,1
2PX317QP,Kary Hendrixson,GTXPro,Newex,Won,2017-10-08,2017-11-23,4780.0,Energy,1,4780.0,46,0.6238805970149254,1,1,1
2T0GMDKK,Markita Hansen,GTX Plus Basic,Blackzim,Lost,2017-10-08,2017-10-10,0.0,Telecom,0,0.0,2,0.5726872246696035,6,1,0
ZK6HTTBB,Markita Hansen,MG Special,Labdrill,Lost,2017-10-08,2017-10-14,0.0,Energy,0,0.0,6,0.5726872246696035,1,1,2
V74YPMJ4,Rosalina Dieter,MG Special,Zoomit,Lost,2017-10-08,2017-10-20,0.0,Energy,0,0.0,12,0.6545454545454545,1,1,2
8ZIX3LAF,Vicki Laflamme,MG Advanced,Newex,Won,2017-10-08,2017-10-09,3023.0,Energy,1,3023.0,1,0.6368876080691642,1,1,2
IVMMNSJB,Anna Snelling,GTX Plus Pro,Conecom,Lost,2017-10-09,2017-10-17,0.0,Shipping,0,0.0,8,0.6190476190476191,5,1,1
H9M21153,Anna Snelling,MG Advanced,Ron-tech,Won,2017-10-09,2017-10-20,3100.0,Manufacturing,1,3100.0,11,0.6190476190476191,2,1,0
JV0KXH4X,Boris Faz,GTX Plus Pro,Donquadtech,Won,2017-10-09,2017-12-30,6406.0,Shipping,1,6406.0,82,0.6601307189542484,5,1,2
V9UM2K16,Corliss Cosme,GTX Plus Pro,Kinnamplus,Won,2017-10-09,2017-10-15,5711.0,Telecom,1,5711.0,6,0.6550218340611353,6,1,1
SRV6TQ2E,Daniell Hammack,MG Special,Ontomedia,Won,2017-10-09,2017-10-18,58.0,Manufacturing,1,58.0,9,0.6096256684491979,2,1,1
94GJ7WZV,Darcel Schlecht,GTXPro,Statholdings,Lost,2017-10-09,2017-10-10,0.0,Manufacturing,0,0.0,1,0.6311030741410488,2,1,1
B24YQ6LA,Garret Kinder,GTX Basic,Zotware,Won,2017-10-09,2017-10-10,552.0,Banking,1,552.0,1,0.6097560975609756,0,1,2
RYELEM60,Garret Kinder,MG Advanced,The New York Inquirer,Won,2017-10-09,2017-10-20,3215.0,Banking,1,3215.0,11,0.6097560975609756,0,1,2
RL26ZS8F,Gladys Colclough,GTX Basic,Konmatfix,Lost,2017-10-09,2017-11-27,0.0,Shipping,0,0.0,49,0.5818965517241379,5,1,2
JKIAA2TF,James Ascencio,GTX Plus Basic,Finjob,Won,2017-10-09,2017-11-23,1112.0,Manufacturing,1,1112.0,45,0.6553398058252428,2,1,2
HTK2UHC8,Jonathan Berthelot,GTX Basic,Stanredtax,Lost,2017-10-09,2017-10-21,0.0,Retail,0,0.0,12,0.6477272727272727,4,1,2
SPRK2YOB,Jonathan Berthelot,GTX Plus Basic,Warephase,Won,2017-10-09,2017-11-25,1190.0,Retail,1,1190.0,47,0.6477272727272727,4,1,2
8F7VHV02,Kami Bicknell,GTX Basic,Finjob,Won,2017-10-09,2017-12-22,446.0,Manufacturing,1,446.0,74,0.6397058823529411,2,1,2
7FGVY6GK,Kami Bicknell,GTX Basic,Konex,Won,2017-10-09,2017-10-10,565.0,Public Sector,1,565.0,1,0.6397058823529411,3,1,2
6IZZL97A,Kary Hendrixson,GTX Basic,Singletechno,Lost,2017-10-09,2017-10-18,0.0,Retail,0,0.0,9,0.6238805970149254,4,1,2
C35YI5NJ,Markita Hansen,GTXPro,Singletechno,Won,2017-10-09,2017-12-25,4753.0,Retail,1,4753.0,77,0.5726872246696035,4,1,1
6U30UYDT,Marty Freudenburg,GTX Plus Basic,Genco Pura Olive Oil Company,Lost,2017-10-09,2017-11-30,0.0,Manufacturing,0,0.0,52,0.6288659793814433,2,1,2
ZXOHD0KE,Maureen Marcano,GTX Basic,Sunnamplex,Lost,2017-10-09,2017-10-19,0.0,Public Sector,0,0.0,10,0.6995305164319249,3,1,0
77Q6KD0O,Niesha Huffines,GTX Basic,Statholdings,Lost,2017-10-09,2017-10-21,0.0,Manufacturing,0,0.0,12,0.6,2,1,1
JIH6P53I,Niesha Huffines,GTX Plus Basic,Stanredtax,Won,2017-10-09,2017-10-10,1129.0,Retail,1,1129.0,1,0.6,4,1,2
WKTVP5WY,Rosalina Dieter,MG Special,Sunnamplex,Won,2017-10-09,2017-10-10,56.0,Public Sector,1,56.0,1,0.6545454545454545,3,1,0
10N0ZBYO,Rosalina Dieter,MG Advanced,Singletechno,Won,2017-10-09,2017-10-11,3435.0,Retail,1,3435.0,2,0.6545454545454545,4,1,2
IUVAUQ6I,Versie Hillebrand,MG Advanced,Rangreen,Won,2017-10-09,2017-10-14,3860.0,Energy,1,3860.0,5,0.6666666666666666,1,1,0
YH5L64AP,Violet Mclelland,MG Special,Yearin,Lost,2017-10-09,2017-12-23,0.0,Retail,0,0.0,75,0.6321243523316062,4,1,0
A71ENBVA,Zane Levy,GTX Basic,Hottechi,Lost,2017-10-09,2017-10-17,0.0,Public Sector,0,0.0,8,0.6168582375478927,3,1,0
4X8WU71C,Zane Levy,MG Advanced,Condax,Lost,2017-10-09,2017-10-11,0.0,Banking,0,0.0,2,0.6168582375478927,0,1,0
03H4RXBI,Zane Levy,GTX Basic,Y-corporation,Won,2017-10-09,2017-12-17,482.0,Manufacturing,1,482.0,69,0.6168582375478927,2,1,1
MQVOQZL7,Anna Snelling,MG Special,Codehow,Lost,2017-10-10,2017-10-19,0.0,Telecom,0,0.0,9,0.6190476190476191,6,1,1
OHD4TPKZ,Anna Snelling,GTX Plus Basic,Gogozoom,Won,2017-10-10,2017-10-11,1166.0,Telecom,1,1166.0,1,0.6190476190476191,6,1,0
V4PVZC5L,Boris Faz,MG Special,Kinnamplus,Lost,2017-10-10,2017-10-18,0.0,Telecom,0,0.0,8,0.6601307189542484,6,1,2
9G85W8XE,Corliss Cosme,GTX Plus Basic,Kan-code,Lost,2017-10-10,2017-10-15,0.0,Public Sector,0,0.0,5,0.6550218340611353,3,1,0
S6DXPVLA,Daniell Hammack,GTX Plus Basic,Yearin,Lost,2017-10-10,2017-11-13,0.0,Retail,0,0.0,34,0.6096256684491979,4,1,1
MKI4TLUN,Daniell Hammack,GTXPro,Zencorporation,Won,2017-10-10,2017-12-18,5112.0,Shipping,1,5112.0,69,0.6096256684491979,5,1,2
H41YA4SB,Darcel Schlecht,GTX Plus Basic,Toughzap,Lost,2017-10-10,2017-12-26,0.0,Retail,0,0.0,77,0.6311030741410488,4,1,1
MW4MSIWW,Darcel Schlecht,GTXPro,Warephase,Lost,2017-10-10,2017-10-14,0.0,Retail,0,0.0,4,0.6311030741410488,4,1,1
XSQOEHEA,Hayden Neloms,MG Advanced,Lexiqvolax,Lost,2017-10-10,2017-10-15,0.0,Public Sector,0,0.0,5,0.7039473684210527,3,1,2
GQT2DFWZ,Jonathan Berthelot,MG Advanced,Treequote,Won,2017-10-10,2017-10-20,3892.0,Retail,1,3892.0,10,0.6477272727272727,4,1,0
IQ9GMTBR,Kami Bicknell,GTX Basic,Dalttechnology,Won,2017-10-10,2017-10-11,473.0,Shipping,1,473.0,1,0.6397058823529411,5,1,0
ZR8H455M,Kary Hendrixson,GTX Basic,Groovestreet,Lost,2017-10-10,2017-10-14,0.0,Retail,0,0.0,4,0.6238805970149254,4,1,0
3F2EMUQ7,Kary Hendrixson,GTX Plus Basic,Scotfind,Lost,2017-10-10,2017-10-11,0.0,Telecom,0,0.0,1,0.6238805970149254,6,1,0
VB26KWQ6,Kary Hendrixson,GTX Basic,Faxquote,Won,2017-10-10,2017-11-20,511.0,Telecom,1,511.0,41,0.6238805970149254,6,1,2
7J1UD7ZW,Kary Hendrixson,GTX Basic,Hottechi,Won,2017-10-10,2017-10-12,509.0,Public Sector,1,509.0,2,0.6238805970149254,3,1,2
VR6NO9FA,Kary Hendrixson,GTX Basic,Labdrill,Won,2017-10-10,2017-10-22,528.0,Energy,1,528.0,12,0.6238805970149254,1,1,2
O8QGRK5P,Kary Hendrixson,GTX Basic,Sunnamplex,Won,2017-10-10,2017-10-14,549.0,Public Sector,1,549.0,4,0.6238805970149254,3,1,1
BOD1GBJU,Lajuana Vencill,GTX Basic,Rundofase,Lost,2017-10-10,2017-12-25,0.0,Public Sector,0,0.0,76,0.5497835497835498,3,1,2
TN3IRRND,Lajuana Vencill,MG Special,Gogozoom,Lost,2017-10-10,2017-10-19,0.0,Telecom,0,0.0,9,0.5497835497835498,6,1,0
PR224V1P,Marty Freudenburg,GTX Basic,Scottech,Lost,2017-10-10,2017-10-19,0.0,Banking,0,0.0,9,0.6288659793814433,0,1,1
60RDU2SZ,Marty Freudenburg,MG Advanced,Globex Corporation,Won,2017-10-10,2017-10-17,3578.0,Retail,1,3578.0,7,0.6288659793814433,4,1,0
X2I316HD,Moses Frase,GTX Basic,dambase,Won,2017-10-10,2017-12-29,523.0,Retail,1,523.0,80,0.6615384615384615,4,1,0
K5DNNWYT,Rosie Papadopoulos,GTXPro,Zencorporation,Won,2017-10-10,2017-10-11,4575.0,Shipping,1,4575.0,1,0.6446280991735537,5,1,2
941E65Z7,Vicki Laflamme,GTXPro,Plusstrip,Won,2017-10-10,2017-10-12,4552.0,Public Sector,1,4552.0,2,0.6368876080691642,3,1,2
77UHLYMA,Zane Levy,GTX Basic,Konex,Lost,2017-10-10,2017-10-11,0.0,Public Sector,0,0.0,1,0.6168582375478927,3,1,0
VR1XYM23,Zane Levy,GTX Basic,Blackzim,Won,2017-10-10,2017-12-23,551.0,Telecom,1,551.0,74,0.6168582375478927,6,1,0
TQ6BTW2Z,Zane Levy,GTX Basic,Faxquote,Won,2017-10-10,2017-10-18,545.0,Telecom,1,545.0,8,0.6168582375478927,6,1,1
IVSOSC0E,Zane Levy,GTX Plus Basic,Y-corporation,Won,2017-10-10,2017-10-15,1134.0,Manufacturing,1,1134.0,5,0.6168582375478927,2,1,2
KI4LTBV6,Anna Snelling,MG Advanced,Statholdings,Lost,2017-10-11,2017-10-13,0.0,Manufacturing,0,0.0,2,0.6190476190476191,2,1,1
4VZ0JIVZ,Anna Snelling,MG Advanced,Scottech,Won,2017-10-11,2017-10-16,3434.0,Banking,1,3434.0,5,0.6190476190476191,0,1,1
FNCXBWHQ,Boris Faz,GTX Basic,Condax,Won,2017-10-11,2017-12-27,505.0,Banking,1,505.0,77,0.6601307189542484,0,1,1
Q306R9K4,Boris Faz,GTX Plus Basic,Ganjaflex,Won,2017-10-11,2017-10-21,1066.0,Retail,1,1066.0,10,0.6601307189542484,4,1,0
KHRY7J40,Cassey Cress,GTX Basic,Zathunicon,Won,2017-10-11,2017-11-12,580.0,Retail,1,580.0,32,0.6245210727969349,4,1,1
AP9MLRZJ,Corliss Cosme,GTXPro,Initech,Won,2017-10-11,2017-12-20,4501.0,Banking,1,4501.0,70,0.6550218340611353,0,1,1
46JP2TQB,Darcel Schlecht,GTX Plus Basic,Globex Corporation,Lost,2017-10-11,2017-10-19,0.0,Retail,0,0.0,8,0.6311030741410488,4,1,0
W48N7MRO,Darcel Schlecht,GTX Plus Pro,Rundofase,Lost,2017-10-11,2017-10-13,0.0,Public Sector,0,0.0,2,0.6311030741410488,3,1,2
X4LSK4OE,Darcel Schlecht,GTX Plus Pro,Treequote,Won,2017-10-11,2017-11-03,6182.0,Retail,1,6182.0,23,0.6311030741410488,4,1,2
M1ZZYSTB,Donn Cantrell,GTXPro,Bubba Gump,Won,2017-10-11,2017-10-12,4763.0,Retail,1,4763.0,1,0.5745454545454546,4,1,1
0UOIGVEO,Donn Cantrell,MG Advanced,Gekko & Co,Won,2017-10-11,2017-10-20,3024.0,Telecom,1,3024.0,9,0.5745454545454546,6,1,0
AK9OXW30,Garret Kinder,MG Special,Ganjaflex,Lost,2017-10-11,2017-10-12,0.0,Retail,0,0.0,1,0.6097560975609756,4,1,2
CFGYG1EC,James Ascencio,GTX Basic,Green-Plus,Lost,2017-10-11,2017-10-13,0.0,Retail,0,0.0,2,0.6553398058252428,4,1,1
TS3P4VMD,James Ascencio,GTX Plus Pro,Goodsilron,Won,2017-10-11,2017-10-19,6751.0,Energy,1,6751.0,8,0.6553398058252428,1,1,1
8PEB9FHX,James Ascencio,MG Special,Goodsilron,Won,2017-10-11,2017-10-18,54.0,Energy,1,54.0,7,0.6553398058252428,1,1,0
V1YT1LP1,Jonathan Berthelot,GTX Basic,Stanredtax,Won,2017-10-11,2017-12-25,592.0,Retail,1,592.0,75,0.6477272727272727,4,1,1
DTIZX4YN,Jonathan Berthelot,GTX Plus Basic,Cancity,Won,2017-10-11,2017-10-22,969.0,Public Sector,1,969.0,11,0.6477272727272727,3,1,2
KMBY0IGV,Kami Bicknell,MG Special,Dalttechnology,Won,2017-10-11,2017-10-12,48.0,Shipping,1,48.0,1,0.6397058823529411,5,1,0
XULGG5K8,Kary Hendrixson,GTX Basic,Konex,Lost,2017-10-11,2017-10-13,0.0,Public Sector,0,0.0,2,0.6238805970149254,3,1,2
KP8ZZ3Y6,Kary Hendrixson,GTX Plus Basic,Labdrill,Lost,2017-10-11,2017-12-23,0.0,Energy,0,0.0,73,0.6238805970149254,1,1,2
SBF5S7LF,Kary Hendrixson,GTX Plus Pro,Hatfan,Won,2017-10-11,2017-10-21,6555.0,Public Sector,1,6555.0,10,0.6238805970149254,3,1,2
YIA65LM2,Lajuana Vencill,MG Advanced,Treequote,Lost,2017-10-11,2017-10-19,0.0,Retail,0,0.0,8,0.5497835497835498,4,1,1
TVBY6CND,Marty Freudenburg,GTX Plus Pro,Bioholding,Won,2017-10-11,2017-12-15,5271.0,Banking,1,5271.0,65,0.6288659793814433,0,1,1
EC9H6XHB,Rosie Papadopoulos,MG Special,Kan-code,Lost,2017-10-11,2017-11-22,0.0,Public Sector,0,0.0,42,0.6446280991735537,3,1,2
47QKNXLO,Rosie Papadopoulos,GTX Basic,Yearin,Won,2017-10-11,2017-12-10,472.0,Retail,1,472.0,60,0.6446280991735537,4,1,2
VW2PJALW,Versie Hillebrand,GTX Plus Pro,Cancity,Won,2017-10-11,2017-11-29,5211.0,Public Sector,1,5211.0,49,0.6666666666666666,3,1,0
GVLIYD9A,Vicki Laflamme,GTX Basic,Y-corporation,Won,2017-10-11,2017-12-11,430.0,Manufacturing,1,430.0,61,0.6368876080691642,2,1,0
II1GOQWL,Zane Levy,GTX Basic,Fasehatice,Lost,2017-10-11,2017-10-20,0.0,Telecom,0,0.0,9,0.6168582375478927,6,1,1
4P5BOQB5,Zane Levy,GTXPro,Singletechno,Won,2017-10-11,2017-12-22,4545.0,Retail,1,4545.0,72,0.6168582375478927,4,1,1
QYYOVTHC,Boris Faz,GTX Plus Basic,Umbrella Corporation,Lost,2017-10-12,2017-10-19,0.0,Public Sector,0,0.0,7,0.6601307189542484,3,1,0
AADN7F5T,Darcel Schlecht,MG Special,Zumgoity,Lost,2017-10-12,2017-10-17,0.0,Public Sector,0,0.0,5,0.6311030741410488,3,1,2
U8CWFFRH,Jonathan Berthelot,MG Advanced,Ron-tech,Lost,2017-10-12,2017-10-13,0.0,Manufacturing,0,0.0,1,0.6477272727272727,2,1,1
35HVN8Q3,Jonathan Berthelot,GTX Basic,Scottech,Won,2017-10-12,2017-10-21,528.0,Banking,1,528.0,9,0.6477272727272727,0,1,2
PNNZM0OZ,Jonathan Berthelot,GTXPro,Conecom,Won,2017-10-12,2017-12-28,5064.0,Shipping,1,5064.0,77,0.6477272727272727,5,1,0
UYZQCWAC,Jonathan Berthelot,MG Advanced,Conecom,Won,2017-10-12,2017-12-06,3203.0,Shipping,1,3203.0,55,0.6477272727272727,5,1,1
K0YFUK4X,Kami Bicknell,GTX Basic,Scotfind,Won,2017-10-12,2017-11-02,549.0,Telecom,1,549.0,21,0.6397058823529411,6,1,1
TUL0TZSR,Kary Hendrixson,GTX Basic,Dalttechnology,Won,2017-10-12,2017-10-23,594.0,Shipping,1,594.0,11,0.6238805970149254,5,1,0
LS2A22IA,Lajuana Vencill,GTX Basic,Globex Corporation,Lost,2017-10-12,2017-10-21,0.0,Retail,0,0.0,9,0.5497835497835498,4,1,1
L5K0S1U3,Lajuana Vencill,GTX Basic,Globex Corporation,Lost,2017-10-12,2017-10-22,0.0,Retail,0,0.0,10,0.5497835497835498,4,1,0
82LY53FE,Markita Hansen,GTX Basic,Labdrill,Won,2017-10-12,2017-11-01,529.0,Energy,1,529.0,20,0.5726872246696035,1,1,1
XRJTRP20,Maureen Marcano,GTXPro,Fasehatice,Won,2017-10-12,2017-10-17,4505.0,Telecom,1,4505.0,5,0.6995305164319249,6,1,0
D00FIU21,Moses Frase,GTX Basic,Finhigh,Won,2017-10-12,2017-12-11,457.0,Banking,1,457.0,60,0.6615384615384615,0,1,1
C48I5WD9,Moses Frase,MG Advanced,Warephase,Won,2017-10-12,2017-10-13,3090.0,Retail,1,3090.0,1,0.6615384615384615,4,1,2
HG0N3NJ4,Reed Clapper,MG Special,Zencorporation,Won,2017-10-12,2017-10-14,53.0,Shipping,1,53.0,2,0.6540084388185654,5,1,2
5ZUKTSJV,Violet Mclelland,GTX Plus Basic,Gekko & Co,Won,2017-10-12,2017-10-17,1004.0,Telecom,1,1004.0,5,0.6321243523316062,6,1,2
CD5B8P8U,Zane Levy,MG Advanced,Hottechi,Lost,2017-10-12,2017-10-19,0.0,Public Sector,0,0.0,7,0.6168582375478927,3,1,1
MBYY3F5P,Zane Levy,GTX Basic,J-Texon,Won,2017-10-12,2017-10-21,696.0,Telecom,1,696.0,9,0.6168582375478927,6,1,1
0V9YEQDU,Anna Snelling,MG Special,Treequote,Lost,2017-10-13,2017-10-22,0.0,Retail,0,0.0,9,0.6190476190476191,4,1,2
76GEYK0T,Cassey Cress,GTX Plus Basic,Opentech,Won,2017-10-13,2017-10-23,888.0,Retail,1,888.0,10,0.6245210727969349,4,1,2
0QUXNGR1,Cecily Lampkin,MG Advanced,Warephase,Lost,2017-10-13,2017-10-18,0.0,Retail,0,0.0,5,0.66875,4,1,0
4N9E1F86,Corliss Cosme,GTX Plus Basic,Zathunicon,Lost,2017-10-13,2017-10-20,0.0,Retail,0,0.0,7,0.6550218340611353,4,1,0
895XMROB,Corliss Cosme,GTX Plus Pro,Yearin,Lost,2017-10-13,2017-11-21,0.0,Retail,0,0.0,39,0.6550218340611353,4,1,0
LFMLZPA5,Daniell Hammack,GTXPro,Konex,Lost,2017-10-13,2017-10-22,0.0,Public Sector,0,0.0,9,0.6096256684491979,3,1,2
H54N095V,Darcel Schlecht,GTXPro,Gogozoom,Won,2017-10-13,2017-10-24,4767.0,Telecom,1,4767.0,11,0.6311030741410488,6,1,2
FQPECFYO,Darcel Schlecht,GTXPro,Hottechi,Won,2017-10-13,2017-12-20,4869.0,Public Sector,1,4869.0,68,0.6311030741410488,3,1,2
933OT3AE,Darcel Schlecht,MG Advanced,Ron-tech,Won,2017-10-13,2017-10-14,3475.0,Manufacturing,1,3475.0,1,0.6311030741410488,2,1,0
5HDKACI4,Donn Cantrell,GTX Basic,Initech,Lost,2017-10-13,2017-10-15,0.0,Banking,0,0.0,2,0.5745454545454546,0,1,1
GVEUKZ72,Donn Cantrell,MG Special,Donware,Lost,2017-10-13,2017-12-09,0.0,Banking,0,0.0,57,0.5745454545454546,0,1,2
YHOVVBSP,Donn Cantrell,MG Advanced,Kan-code,Lost,2017-10-13,2017-12-10,0.0,Public Sector,0,0.0,58,0.5745454545454546,3,1,1
ZN6HXJ5F,Hayden Neloms,GTX Plus Basic,Rantouch,Lost,2017-10-13,2017-10-20,0.0,Energy,0,0.0,7,0.7039473684210527,1,1,1
3IQ19UZ2,Hayden Neloms,MG Advanced,Kan-code,Won,2017-10-13,2017-10-14,3250.0,Public Sector,1,3250.0,1,0.7039473684210527,3,1,1
R2CG5WED,James Ascencio,GTX Plus Pro,Singletechno,Lost,2017-10-13,2017-12-03,0.0,Retail,0,0.0,51,0.6553398058252428,4,1,0
GH0FU105,Markita Hansen,MG Advanced,Nam-zim,Lost,2017-10-13,2017-10-18,0.0,Energy,0,0.0,5,0.5726872246696035,1,1,1
NDIZ18GW,Maureen Marcano,MG Advanced,Cheers,Lost,2017-10-13,2017-10-25,0.0,Telecom,0,0.0,12,0.6995305164319249,6,1,2
BRIOGGKC,Moses Frase,MG Advanced,Inity,Lost,2017-10-13,2017-11-29,0.0,Manufacturing,0,0.0,47,0.6615384615384615,2,1,0
GZYL4SG1,Moses Frase,GTX Plus Basic,Rangreen,Won,2017-10-13,2017-10-26,978.0,Energy,1,978.0,13,0.6615384615384615,1,1,2
7ZASHEBX,Reed Clapper,MG Special,Bubba Gump,Won,2017-10-13,2017-12-14,49.0,Retail,1,49.0,62,0.6540084388185654,4,1,2
WJ9JNMJ2,Versie Hillebrand,MG Special,Stanredtax,Won,2017-10-13,2017-10-24,49.0,Retail,1,49.0,11,0.6666666666666666,4,1,0
N3OWNMD3,Vicki Laflamme,GTX Plus Pro,Xx-holding,Lost,2017-10-13,2017-10-22,0.0,Telecom,0,0.0,9,0.6368876080691642,6,1,2
8U3LICIW,Vicki Laflamme,GTX Basic,Hottechi,Won,2017-10-13,2017-12-10,563.0,Public Sector,1,563.0,58,0.6368876080691642,3,1,2
JALBPRSF,Violet Mclelland,GTX Plus Basic,Umbrella Corporation,Lost,2017-10-13,2017-10-21,0.0,Public Sector,0,0.0,8,0.6321243523316062,3,1,0
0E1HHXGB,Violet Mclelland,MG Special,Donware,Lost,2017-10-13,2017-10-15,0.0,Banking,0,0.0,2,0.6321243523316062,0,1,2
MJXPSHYT,Violet Mclelland,MG Special,Zencorporation,Won,2017-10-13,2017-10-24,53.0,Shipping,1,53.0,11,0.6321243523316062,5,1,1
AF8SULB0,Cecily Lampkin,GTX Plus Basic,Rangreen,Won,2017-10-14,2017-10-26,1168.0,Energy,1,1168.0,12,0.66875,1,1,2
N8BM4XEP,Corliss Cosme,GTX Basic,The New York Inquirer,Won,2017-10-14,2017-11-17,560.0,Banking,1,560.0,34,0.6550218340611353,0,1,1
FZGBRGHF,Daniell Hammack,GTX Plus Basic,Gekko & Co,Lost,2017-10-14,2017-12-30,0.0,Telecom,0,0.0,77,0.6096256684491979,6,1,2
36PET9WM,Darcel Schlecht,GTXPro,Stanredtax,Lost,2017-10-14,2017-10-15,0.0,Retail,0,0.0,1,0.6311030741410488,4,1,0
GRO3S3HV,Darcel Schlecht,MG Special,Bioholding,Lost,2017-10-14,2017-10-21,0.0,Banking,0,0.0,7,0.6311030741410488,0,1,0
KG9R5M1Y,Darcel Schlecht,GTXPro,Dontechi,Won,2017-10-14,2017-10-18,4810.0,Shipping,1,4810.0,4,0.6311030741410488,5,1,2
R0S5FZ1G,Donn Cantrell,MG Special,Donware,Lost,2017-10-14,2017-11-01,0.0,Banking,0,0.0,18,0.5745454545454546,0,1,0
3W1Y39BY,Donn Cantrell,GTXPro,Silis,Won,2017-10-14,2017-10-24,4521.0,Public Sector,1,4521.0,10,0.5745454545454546,3,1,2
G58GOO4N,Garret Kinder,GTX Basic,Opentech,Lost,2017-10-14,2017-10-18,0.0,Retail,0,0.0,4,0.6097560975609756,4,1,0
JF0F2J5W,Garret Kinder,GTX Plus Basic,Donquadtech,Lost,2017-10-14,2017-10-15,0.0,Shipping,0,0.0,1,0.6097560975609756,5,1,1
93AE6QM4,Hayden Neloms,GTX Plus Basic,Hatfan,Won,2017-10-14,2017-10-15,881.0,Public Sector,1,881.0,1,0.7039473684210527,3,1,2
0YM4VJDP,James Ascencio,GTX Basic,Finjob,Lost,2017-10-14,2017-11-30,0.0,Manufacturing,0,0.0,47,0.6553398058252428,2,1,1
ICD9OMSF,Jonathan Berthelot,GTX Basic,Conecom,Won,2017-10-14,2017-10-22,472.0,Shipping,1,472.0,8,0.6477272727272727,5,1,1
IHJEX21Z,Kami Bicknell,GTX Basic,Newex,Won,2017-10-14,2017-12-03,562.0,Energy,1,562.0,50,0.6397058823529411,1,1,2
8JORJ1SS,Lajuana Vencill,GTX Basic,Conecom,Lost,2017-10-14,2017-10-20,0.0,Shipping,0,0.0,6,0.5497835497835498,5,1,1
0NKINI7S,Lajuana Vencill,MG Special,Toughzap,Won,2017-10-14,2017-10-16,42.0,Retail,1,42.0,2,0.5497835497835498,4,1,2
QFLFLCD0,Marty Freudenburg,GTXPro,Streethex,Lost,2017-10-14,2017-10-18,0.0,Banking,0,0.0,4,0.6288659793814433,0,1,1
OB3OK8BQ,Marty Freudenburg,GTX Basic,Dontechi,Won,2017-10-14,2017-12-26,615.0,Shipping,1,615.0,73,0.6288659793814433,5,1,2
5S3RN7H2,Niesha Huffines,GTX Plus Basic,Ron-tech,Lost,2017-10-14,2017-12-31,0.0,Manufacturing,0,0.0,78,0.6,2,1,2
6YCRJK5W,Rosalina Dieter,MG Advanced,Newex,Lost,2017-10-14,2017-10-23,0.0,Energy,0,0.0,9,0.6545454545454545,1,1,0
FDMK85GD,Versie Hillebrand,MG Special,Scottech,Won,2017-10-14,2017-10-22,58.0,Banking,1,58.0,8,0.6666666666666666,0,1,2
EVKQXZV6,Vicki Laflamme,MG Special,Green-Plus,Lost,2017-10-14,2017-11-01,0.0,Retail,0,0.0,18,0.6368876080691642,4,1,2
IDO6PU1B,Zane Levy,GTX Plus Pro,Hatfan,Lost,2017-10-14,2017-10-23,0.0,Public Sector,0,0.0,9,0.6168582375478927,3,1,1
CYAL1N0B,Zane Levy,GTXPro,Xx-holding,Won,2017-10-14,2017-10-15,4882.0,Telecom,1,4882.0,1,0.6168582375478927,6,1,2
9GSBUJMH,Anna Snelling,MG Special,Isdom,Lost,2017-10-15,2017-10-24,0.0,Retail,0,0.0,9,0.6190476190476191,4,1,0
ECB42PGL,Cassey Cress,GTX Plus Pro,Zotware,Lost,2017-10-15,2017-10-24,0.0,Banking,0,0.0,9,0.6245210727969349,0,1,1
PYIP2H5Z,Cecily Lampkin,MG Advanced,Streethex,Lost,2017-10-15,2017-10-16,0.0,Banking,0,0.0,1,0.66875,0,1,1
129P48QP,Daniell Hammack,GTX Plus Pro,Ganjaflex,Lost,2017-10-15,2017-10-25,0.0,Retail,0,0.0,10,0.6096256684491979,4,1,0
BUFF2EP5,Daniell Hammack,GTXPro,Kinnamplus,Won,2017-10-15,2017-11-01,5113.0,Telecom,1,5113.0,17,0.6096256684491979,6,1,1
IQRA0Q8C,Darcel Schlecht,GTX Plus Basic,Ron-tech,Won,2017-10-15,2017-10-16,1154.0,Manufacturing,1,1154.0,1,0.6311030741410488,2,1,1
14P6935C,Darcel Schlecht,GTXPro,Dontechi,Won,2017-10-15,2017-10-16,4885.0,Shipping,1,4885.0,1,0.6311030741410488,5,1,1
U220GK9W,Darcel Schlecht,GTXPro,Streethex,Won,2017-10-15,2017-10-16,4936.0,Banking,1,4936.0,1,0.6311030741410488,0,1,1
03R1VC7O,Donn Cantrell,GTX Plus Basic,Condax,Won,2017-10-15,2017-10-28,1062.0,Banking,1,1062.0,13,0.5745454545454546,0,1,0
LUFR7MJC,Gladys Colclough,GTXPro,Codehow,Lost,2017-10-15,2017-10-19,0.0,Telecom,0,0.0,4,0.5818965517241379,6,1,0
8EX2PGAY,Hayden Neloms,MG Special,Faxquote,Lost,2017-10-15,2017-10-21,0.0,Telecom,0,0.0,6,0.7039473684210527,6,1,1
C0H6SU2X,Hayden Neloms,GTX Plus Basic,Groovestreet,Won,2017-10-15,2017-12-20,954.0,Retail,1,954.0,66,0.7039473684210527,4,1,1
94JOUSW7,Kary Hendrixson,GTX Basic,Finjob,Lost,2017-10-15,2017-10-23,0.0,Manufacturing,0,0.0,8,0.6238805970149254,2,1,0
9RC58SP0,Kary Hendrixson,GTX Basic,Konex,Lost,2017-10-15,2017-10-26,0.0,Public Sector,0,0.0,11,0.6238805970149254,3,1,0
XFNYWN7B,Kary Hendrixson,GTX Plus Basic,Xx-holding,Won,2017-10-15,2017-10-16,868.0,Telecom,1,868.0,1,0.6238805970149254,6,1,0
6NFIUDKS,Kary Hendrixson,GTX Plus Pro,Doncon,Won,2017-10-15,2017-11-26,5867.0,Shipping,1,5867.0,42,0.6238805970149254,5,1,1
4TD018BE,Kary Hendrixson,GTXPro,Fasehatice,Won,2017-10-15,2017-10-16,5344.0,Telecom,1,5344.0,1,0.6238805970149254,6,1,1
SWKGC34P,Lajuana Vencill,MG Special,dambase,Lost,2017-10-15,2017-10-21,0.0,Retail,0,0.0,6,0.5497835497835498,4,1,2
C3Y94J5R,Marty Freudenburg,GTX Plus Pro,Globex Corporation,Lost,2017-10-15,2017-10-24,0.0,Retail,0,0.0,9,0.6288659793814433,4,1,0
2H45C9FK,Marty Freudenburg,GTXPro,Streethex,Lost,2017-10-15,2017-10-23,0.0,Banking,0,0.0,8,0.6288659793814433,0,1,1
LFM4SMIA,Moses Frase,GTX Plus Pro,Codehow,Won,2017-10-15,2017-10-23,5449.0,Telecom,1,5449.0,8,0.6615384615384615,6,1,0
MEXK5KU6,Reed Clapper,MG Advanced,The New York Inquirer,Lost,2017-10-15,2017-12-27,0.0,Banking,0,0.0,73,0.6540084388185654,0,1,1
UDXS7H12,Reed Clapper,GTX Plus Pro,Initech,Won,2017-10-15,2017-11-28,4500.0,Banking,1,4500.0,44,0.6540084388185654,0,1,0
4G61Z1HD,Versie Hillebrand,MG Special,Inity,Lost,2017-10-15,2017-10-25,0.0,Manufacturing,0,0.0,10,0.6666666666666666,2,1,1
X4KAK55N,Wilburn Farren,MG Special,Sumace,Won,2017-10-15,2017-10-23,51.0,Energy,1,51.0,8,0.6962025316455697,1,1,2
AHOYDL01,Zane Levy,GTX Plus Pro,Dalttechnology,Won,2017-10-15,2017-10-23,6637.0,Shipping,1,6637.0,8,0.6168582375478927,5,1,2
R5ILWVDD,Anna Snelling,MG Special,Stanredtax,Won,2017-10-16,2017-12-13,57.0,Retail,1,57.0,58,0.6190476190476191,4,1,0
J5WP57XS,Cecily Lampkin,GTX Plus Basic,Statholdings,Won,2017-10-16,2017-11-03,990.0,Manufacturing,1,990.0,18,0.66875,2,1,1
VPD4G16I,Corliss Cosme,GTXPro,Zencorporation,Won,2017-10-16,2017-10-17,4247.0,Shipping,1,4247.0,1,0.6550218340611353,5,1,1
Z173R82Y,Daniell Hammack,GTX Plus Basic,Sumace,Won,2017-10-16,2017-12-25,1008.0,Energy,1,1008.0,70,0.6096256684491979,1,1,0
TFGC7TPF,Darcel Schlecht,GTXPro,Stanredtax,Lost,2017-10-16,2017-10-19,0.0,Retail,0,0.0,3,0.6311030741410488,4,1,1
03X37HOO,Darcel Schlecht,MG Special,Zumgoity,Lost,2017-10-16,2017-10-17,0.0,Public Sector,0,0.0,1,0.6311030741410488,3,1,0
OWGXQLJS,Darcel Schlecht,GTXPro,Ron-tech,Won,2017-10-16,2017-10-25,4834.0,Manufacturing,1,4834.0,9,0.6311030741410488,2,1,1
Y4SN1R3L,Darcel Schlecht,MG Advanced,Conecom,Won,2017-10-16,2017-10-17,3490.0,Shipping,1,3490.0,1,0.6311030741410488,5,1,0
CX3PZ8DP,Donn Cantrell,GTX Basic,Initech,Lost,2017-10-16,2017-10-26,0.0,Banking,0,0.0,10,0.5745454545454546,0,1,1
V7DY5VAP,Gladys Colclough,MG Special,Codehow,Lost,2017-10-16,2017-10-24,0.0,Telecom,0,0.0,8,0.5818965517241379,6,1,0
JLB353E4,Hayden Neloms,MG Advanced,Cheers,Won,2017-10-16,2017-10-20,3744.0,Telecom,1,3744.0,4,0.7039473684210527,6,1,1
KOK62RF4,Kami Bicknell,GTXPro,Sonron,Lost,2017-10-16,2017-10-22,0.0,Manufacturing,0,0.0,6,0.6397058823529411,2,1,2
8U59BH8O,Kary Hendrixson,GTX Basic,Faxquote,Lost,2017-10-16,2017-10-26,0.0,Telecom,0,0.0,10,0.6238805970149254,6,1,1
BZR75SK1,Kary Hendrixson,GTX Basic,Singletechno,Lost,2017-10-16,2017-10-21,0.0,Retail,0,0.0,5,0.6238805970149254,4,1,0
48HBI36Y,Kary Hendrixson,GTX Basic,Nam-zim,Won,2017-10-16,2017-11-12,591.0,Energy,1,591.0,27,0.6238805970149254,1,1,2
ME7IZ1WY,Kary Hendrixson,MG Special,Dalttechnology,Won,2017-10-16,2017-10-24,48.0,Shipping,1,48.0,8,0.6238805970149254,5,1,1
STC921ZX,Markita Hansen,GTX Plus Basic,Golddex,Won,2017-10-16,2017-10-23,1060.0,Manufacturing,1,1060.0,7,0.5726872246696035,2,1,2
MJRDXH1B,Marty Freudenburg,GTX Plus Basic,Hottechi,Lost,2017-10-16,2017-10-21,0.0,Public Sector,0,0.0,5,0.6288659793814433,3,1,1
W2QJUK1Y,Moses Frase,GTX Basic,Betatech,Won,2017-10-16,2017-10-28,562.0,Public Sector,1,562.0,12,0.6615384615384615,3,1,2
B05SO4C6,Niesha Huffines,GTX Plus Basic,Hottechi,Lost,2017-10-16,2017-11-19,0.0,Public Sector,0,0.0,34,0.6,3,1,0
MC717WRG,Rosie Papadopoulos,GTXPro,Vehement Capital Partners,Lost,2017-10-16,2017-10-18,0.0,Banking,0,0.0,2,0.6446280991735537,0,1,1
P570QB1D,Versie Hillebrand,MG Special,Isdom,Won,2017-10-16,2017-10-17,57.0,Retail,1,57.0,1,0.6666666666666666,4,1,1
IWS4PKPP,Vicki Laflamme,GTX Basic,Green-Plus,Won,2017-10-16,2017-12-21,535.0,Retail,1,535.0,66,0.6368876080691642,4,1,0
GB3S67FY,Vicki Laflamme,GTXPro,Condax,Won,2017-10-16,2017-10-25,4580.0,Banking,1,4580.0,9,0.6368876080691642,0,1,2
0W8VWJDS,Vicki Laflamme,MG Special,Lexiqvolax,Won,2017-10-16,2017-10-18,56.0,Public Sector,1,56.0,2,0.6368876080691642,3,1,0
5J9ELX2Y,Zane Levy,GTX Plus Pro,Goodsilron,Won,2017-10-16,2017-10-23,4942.0,Energy,1,4942.0,7,0.6168582375478927,1,1,0
SQE6KE7V,Anna Snelling,MG Special,dambase,Won,2017-10-17,2017-10-23,55.0,Retail,1,55.0,6,0.6190476190476191,4,1,2
LH03MJX5,Boris Faz,GTX Plus Pro,Yearin,Lost,2017-10-17,2017-10-25,0.0,Retail,0,0.0,8,0.6601307189542484,4,1,0
0SQM849O,Cassey Cress,GTXPro,Xx-zobam,Won,2017-10-17,2017-10-29,5144.0,Manufacturing,1,5144.0,12,0.6245210727969349,2,1,1
KXTUVDLU,Corliss Cosme,MG Advanced,Plussunin,Lost,2017-10-17,2017-12-13,0.0,Energy,0,0.0,57,0.6550218340611353,1,1,1
9YOGUMN9,Darcel Schlecht,GTXPro,Rundofase,Lost,2017-10-17,2017-10-24,0.0,Public Sector,0,0.0,7,0.6311030741410488,3,1,1
C933ZQBB,Darcel Schlecht,GTXPro,Cancity,Won,2017-10-17,2017-10-23,5458.0,Public Sector,1,5458.0,6,0.6311030741410488,3,1,0
G9M9IEQY,Gladys Colclough,GTXPro,Rundofase,Lost,2017-10-17,2017-10-23,0.0,Public Sector,0,0.0,6,0.5818965517241379,3,1,1
M2VKMZPH,Jonathan Berthelot,GTXPro,Stanredtax,Won,2017-10-17,2017-10-19,5046.0,Retail,1,5046.0,2,0.6477272727272727,4,1,1
AZCY0HUP,Markita Hansen,GTX Basic,Hatfan,Lost,2017-10-17,2017-10-23,0.0,Public Sector,0,0.0,6,0.5726872246696035,3,1,1
7CMG05CY,Markita Hansen,MG Special,Goodsilron,Lost,2017-10-17,2017-10-26,0.0,Energy,0,0.0,9,0.5726872246696035,1,1,1
KDNNV952,Markita Hansen,MG Special,Nam-zim,Lost,2017-10-17,2017-10-26,0.0,Energy,0,0.0,9,0.5726872246696035,1,1,1
1UPVYK3H,Marty Freudenburg,MG Special,dambase,Won,2017-10-17,2017-10-26,64.0,Retail,1,64.0,9,0.6288659793814433,4,1,1
MUODVNBC,Versie Hillebrand,MG Special,Betatech,Won,2017-10-17,2017-10-27,54.0,Public Sector,1,54.0,10,0.6666666666666666,3,1,0
02G0NJCN,Vicki Laflamme,MG Special,Xx-holding,Won,2017-10-17,2017-10-26,68.0,Telecom,1,68.0,9,0.6368876080691642,6,1,1
76V79SHZ,Violet Mclelland,GTX Plus Basic,Betasoloin,Lost,2017-10-17,2017-10-18,0.0,Banking,0,0.0,1,0.6321243523316062,0,1,1
7JMQM7XK,Violet Mclelland,MG Special,The New York Inquirer,Lost,2017-10-17,2017-10-18,0.0,Banking,0,0.0,1,0.6321243523316062,0,1,2
PIPQZ9SQ,Wilburn Farren,MG Special,Massive Dynamic,Lost,2017-10-17,2017-10-19,0.0,Banking,0,0.0,2,0.6962025316455697,0,1,0
NXHAAD08,Zane Levy,GTX Plus Basic,Kan-code,Won,2017-10-17,2017-12-10,1129.0,Public Sector,1,1129.0,54,0.6168582375478927,3,1,0
ABMVTEUH,Cassey Cress,MG Advanced,The New York Inquirer,Lost,2017-10-18,2017-10-19,0.0,Banking,0,0.0,1,0.6245210727969349,0,1,0
9Q710H4R,Cecily Lampkin,GTX Plus Basic,Inity,Won,2017-10-18,2017-10-20,1200.0,Manufacturing,1,1200.0,2,0.66875,2,1,0
4QU2EXEY,Cecily Lampkin,MG Advanced,Globex Corporation,Won,2017-10-18,2017-12-19,3164.0,Retail,1,3164.0,62,0.66875,4,1,1
3MKAQ2YI,Corliss Cosme,GTX Plus Basic,Konex,Lost,2017-10-18,2017-10-25,0.0,Public Sector,0,0.0,7,0.6550218340611353,3,1,1
42CA70FG,Corliss Cosme,MG Advanced,Zotware,Won,2017-10-18,2017-10-26,3225.0,Banking,1,3225.0,8,0.6550218340611353,0,1,2
R2C8A8SA,Daniell Hammack,GTX Plus Basic,Massive Dynamic,Lost,2017-10-18,2017-11-05,0.0,Banking,0,0.0,18,0.6096256684491979,0,1,2
PY96Q77S,Darcel Schlecht,GTXPro,Rangreen,Won,2017-10-18,2017-10-20,4130.0,Energy,1,4130.0,2,0.6311030741410488,1,1,0
6QAWMSU2,Donn Cantrell,GTX Basic,Bluth Company,Lost,2017-10-18,2017-10-24,0.0,Energy,0,0.0,6,0.5745454545454546,1,1,2
5B9EIYPP,Donn Cantrell,GTXPro,Donware,Lost,2017-10-18,2017-11-29,0.0,Banking,0,0.0,42,0.5745454545454546,0,1,2
Z216TKEU,Elease Gluck,MG Special,Singletechno,Won,2017-10-18,2017-10-20,47.0,Retail,1,47.0,2,0.6349206349206349,4,1,0
9EHFBSBG,Garret Kinder,GTX Plus Pro,Konex,Won,2017-10-18,2017-10-25,4751.0,Public Sector,1,4751.0,7,0.6097560975609756,3,1,0
6SP45G3T,Gladys Colclough,MG Advanced,Konmatfix,Lost,2017-10-18,2017-10-24,0.0,Shipping,0,0.0,6,0.5818965517241379,5,1,2
7U28UXIL,Hayden Neloms,MG Advanced,Green-Plus,Lost,2017-10-18,2017-10-19,0.0,Retail,0,0.0,1,0.7039473684210527,4,1,1
V2YD7XYV,Hayden Neloms,MG Special,Y-corporation,Won,2017-10-18,2017-12-20,51.0,Manufacturing,1,51.0,63,0.7039473684210527,2,1,2
1GVU0QTO,Hayden Neloms,MG Advanced,Singletechno,Won,2017-10-18,2017-10-22,3696.0,Retail,1,3696.0,4,0.7039473684210527,4,1,2
QG7RGODO,Kami Bicknell,GTXPro,Plexzap,Lost,2017-10-18,2017-10-26,0.0,Manufacturing,0,0.0,8,0.6397058823529411,2,1,1
IHBYI8IO,Kami Bicknell,MG Advanced,Groovestreet,Won,2017-10-18,2017-10-24,3536.0,Retail,1,3536.0,6,0.6397058823529411,4,1,1
M5NUUVA4,Kary Hendrixson,GTX Basic,Dalttechnology,Lost,2017-10-18,2017-11-22,0.0,Shipping,0,0.0,35,0.6238805970149254,5,1,0
XKYQ16FS,Kary Hendrixson,MG Special,Nam-zim,Lost,2017-10-18,2017-11-05,0.0,Energy,0,0.0,18,0.6238805970149254,1,1,0
VVM450RP,Kary Hendrixson,MG Special,Plusstrip,Won,2017-10-18,2017-12-17,59.0,Public Sector,1,59.0,60,0.6238805970149254,3,1,2
60KWQS2V,Lajuana Vencill,GTX Basic,Funholding,Won,2017-10-18,2017-10-20,474.0,Retail,1,474.0,2,0.5497835497835498,4,1,1
1RND0S0B,Marty Freudenburg,MG Special,Bioholding,Won,2017-10-18,2017-10-30,43.0,Banking,1,43.0,12,0.6288659793814433,0,1,0
WI0LMD20,Marty Freudenburg,MG Special,Hottechi,Won,2017-10-18,2017-12-19,60.0,Public Sector,1,60.0,62,0.6288659793814433,3,1,2
4XPRCRX0,Niesha Huffines,GTX Basic,Treequote,Lost,2017-10-18,2017-10-29,0.0,Retail,0,0.0,11,0.6,4,1,1
5UEA6KVU,Niesha Huffines,GTX Basic,Ron-tech,Won,2017-10-18,2017-10-27,461.0,Manufacturing,1,461.0,9,0.6,2,1,2
GAUSPPYM,Reed Clapper,GTX Plus Basic,Xx-zobam,Lost,2017-10-18,2017-12-11,0.0,Manufacturing,0,0.0,54,0.6540084388185654,2,1,0
3Y1LN6CQ,Reed Clapper,MG Special,Gekko & Co,Won,2017-10-18,2017-10-19,54.0,Telecom,1,54.0,1,0.6540084388185654,6,1,0
W7GVI03S,Rosalina Dieter,MG Special,Plusstrip,Lost,2017-10-18,2017-12-02,0.0,Public Sector,0,0.0,45,0.6545454545454545,3,1,1
7RFTN4WI,Rosie Papadopoulos,GTX Plus Basic,Umbrella Corporation,Lost,2017-10-18,2017-10-25,0.0,Public Sector,0,0.0,7,0.6446280991735537,3,1,2
K00YH5XA,Rosie Papadopoulos,MG Special,Initech,Lost,2017-10-18,2017-10-28,0.0,Banking,0,0.0,10,0.6446280991735537,0,1,1
ZXIHEEV2,Vicki Laflamme,GTX Basic,Doncon,Lost,2017-10-18,2017-12-31,0.0,Shipping,0,0.0,74,0.6368876080691642,5,1,0
WPSHVGDZ,Vicki Laflamme,MG Advanced,Hottechi,Lost,2017-10-18,2017-10-24,0.0,Public Sector,0,0.0,6,0.6368876080691642,3,1,0
DXAO9R8N,Vicki Laflamme,MG Advanced,Rantouch,Won,2017-10-18,2017-10-27,3363.0,Energy,1,3363.0,9,0.6368876080691642,1,1,2
PN0IWJ0N,Anna Snelling,GTX Plus Basic,Hottechi,Won,2017-10-19,2017-10-30,1089.0,Public Sector,1,1089.0,11,0.6190476190476191,3,1,2
OXKWCAXO,Cassey Cress,GTXPro,Opentech,Lost,2017-10-19,2017-10-31,0.0,Retail,0,0.0,12,0.6245210727969349,4,1,2
7FVUE0GY,Cassey Cress,GTX Plus Basic,Acme Corporation,Won,2017-10-19,2017-10-21,1096.0,Shipping,1,1096.0,2,0.6245210727969349,5,1,1
FAIFAGJM,Cecily Lampkin,MG Special,Ron-tech,Won,2017-10-19,2017-10-29,62.0,Manufacturing,1,62.0,10,0.66875,2,1,2
IKDFG91F,Corliss Cosme,MG Advanced,Kan-code,Lost,2017-10-19,2017-12-26,0.0,Public Sector,0,0.0,68,0.6550218340611353,3,1,2
BP3I9G0F,Corliss Cosme,GTX Plus Basic,Konex,Won,2017-10-19,2017-10-21,1105.0,Public Sector,1,1105.0,2,0.6550218340611353,3,1,0
0GM4GDFT,Daniell Hammack,GTXPro,Bluth Company,Lost,2017-10-19,2017-10-28,0.0,Energy,0,0.0,9,0.6096256684491979,1,1,0
5YIWOUOZ,Daniell Hammack,GTXPro,Bioplex,Won,2017-10-19,2017-10-24,4353.0,Retail,1,4353.0,5,0.6096256684491979,4,1,2
LM3GZYXD,Darcel Schlecht,GTXPro,Finhigh,Lost,2017-10-19,2017-10-28,0.0,Banking,0,0.0,9,0.6311030741410488,0,1,2
UUCSEHJX,Darcel Schlecht,GTX Plus Pro,Warephase,Won,2017-10-19,2017-10-27,6276.0,Retail,1,6276.0,8,0.6311030741410488,4,1,0
OQQWTFSZ,Darcel Schlecht,GTXPro,Betatech,Won,2017-10-19,2017-10-27,4688.0,Public Sector,1,4688.0,8,0.6311030741410488,3,1,2
CWVAO587,Garret Kinder,GTX Basic,Ontomedia,Lost,2017-10-19,2017-10-26,0.0,Manufacturing,0,0.0,7,0.6097560975609756,2,1,1
YDZZNTEZ,Garret Kinder,MG Advanced,Opentech,Won,2017-10-19,2017-11-01,3422.0,Retail,1,3422.0,13,0.6097560975609756,4,1,1
O1DTVNH2,Gladys Colclough,MG Special,Hottechi,Lost,2017-10-19,2017-10-20,0.0,Public Sector,0,0.0,1,0.5818965517241379,3,1,1
Q6MGPT50,Gladys Colclough,GTXPro,Inity,Won,2017-10-19,2017-12-09,5192.0,Manufacturing,1,5192.0,51,0.5818965517241379,2,1,2
ENL7MDL2,Hayden Neloms,GTX Plus Basic,Hottechi,Won,2017-10-19,2017-10-28,1226.0,Public Sector,1,1226.0,9,0.7039473684210527,3,1,0
CLHPJZHP,Hayden Neloms,GTX Plus Pro,J-Texon,Won,2017-10-19,2017-10-25,4552.0,Telecom,1,4552.0,6,0.7039473684210527,6,1,2
XO4ZYI3G,James Ascencio,GTX Plus Pro,Xx-holding,Won,2017-10-19,2017-10-26,5569.0,Telecom,1,5569.0,7,0.6553398058252428,6,1,2
RSBEC5KF,James Ascencio,GTXPro,Fasehatice,Won,2017-10-19,2017-10-20,4389.0,Telecom,1,4389.0,1,0.6553398058252428,6,1,0
6Z6SRB1Y,Jonathan Berthelot,GTX Plus Pro,Hottechi,Lost,2017-10-19,2017-11-01,0.0,Public Sector,0,0.0,13,0.6477272727272727,3,1,0
FRSYEHJE,Lajuana Vencill,MG Advanced,Globex Corporation,Lost,2017-10-19,2017-10-21,0.0,Retail,0,0.0,2,0.5497835497835498,4,1,0
MV4DK68W,Lajuana Vencill,GTX Basic,Ron-tech,Won,2017-10-19,2017-10-26,451.0,Manufacturing,1,451.0,7,0.5497835497835498,2,1,1
I15B3BNW,Markita Hansen,MG Advanced,Plexzap,Lost,2017-10-19,2017-11-28,0.0,Manufacturing,0,0.0,40,0.5726872246696035,2,1,2
1CT3EWJ8,Markita Hansen,GTX Basic,Goodsilron,Won,2017-10-19,2017-10-21,553.0,Energy,1,553.0,2,0.5726872246696035,1,1,0
JPBLNA5V,Marty Freudenburg,GTXPro,Scottech,Lost,2017-10-19,2017-10-29,0.0,Banking,0,0.0,10,0.6288659793814433,0,1,2
R6OM4EDE,Maureen Marcano,GTX Basic,Blackzim,Won,2017-10-19,2017-11-01,524.0,Telecom,1,524.0,13,0.6995305164319249,6,1,1
74Y43OFL,Reed Clapper,MG Advanced,Plussunin,Lost,2017-10-19,2017-10-21,0.0,Energy,0,0.0,2,0.6540084388185654,1,1,1
OIOGIDI2,Versie Hillebrand,GTX Plus Basic,Ron-tech,Lost,2017-10-19,2017-10-31,0.0,Manufacturing,0,0.0,12,0.6666666666666666,2,1,0
SCN3BY47,Versie Hillebrand,MG Special,Inity,Won,2017-10-19,2017-10-27,53.0,Manufacturing,1,53.0,8,0.6666666666666666,2,1,0
HFF39KOB,Versie Hillebrand,MG Advanced,Statholdings,Won,2017-10-19,2017-10-20,2749.0,Manufacturing,1,2749.0,1,0.6666666666666666,2,1,2
OS59LIZX,Vicki Laflamme,GTXPro,J-Texon,Lost,2017-10-19,2017-10-26,0.0,Telecom,0,0.0,7,0.6368876080691642,6,1,0
O3S3SF3W,Vicki Laflamme,GTXPro,Rantouch,Lost,2017-10-19,2017-10-21,0.0,Energy,0,0.0,2,0.6368876080691642,1,1,2
WA0NRLP7,Vicki Laflamme,GTX Plus Pro,Groovestreet,Won,2017-10-19,2017-10-20,5368.0,Retail,1,5368.0,1,0.6368876080691642,4,1,0
GHOQQYQM,Wilburn Farren,GTXPro,Kan-code,Won,2017-10-19,2017-12-25,4734.0,Public Sector,1,4734.0,67,0.6962025316455697,3,1,2
6OXOIJ4D,Wilburn Farren,MG Advanced,Condax,Won,2017-10-19,2017-12-16,3089.0,Banking,1,3089.0,58,0.6962025316455697,0,1,2
DTFLKV60,Anna Snelling,MG Advanced,Dontechi,Lost,2017-10-20,2017-10-21,0.0,Shipping,0,0.0,1,0.6190476190476191,5,1,2
RELG4CYQ,Anna Snelling,MG Special,Gogozoom,Won,2017-10-20,2017-10-30,54.0,Telecom,1,54.0,10,0.6190476190476191,6,1,2
PLV91KH7,Cassey Cress,GTXPro,Silis,Won,2017-10-20,2017-10-27,4345.0,Public Sector,1,4345.0,7,0.6245210727969349,3,1,1
U289K4V3,Cecily Lampkin,MG Advanced,Warephase,Won,2017-10-20,2017-10-27,3848.0,Retail,1,3848.0,7,0.66875,4,1,2
PDXFX23P,Corliss Cosme,GTXPro,Initech,Won,2017-10-20,2017-10-26,4287.0,Banking,1,4287.0,6,0.6550218340611353,0,1,0
LULNYY3C,Darcel Schlecht,GTXPro,Codehow,Won,2017-10-20,2017-10-27,4435.0,Telecom,1,4435.0,7,0.6311030741410488,6,1,1
NJ1YGDZW,Darcel Schlecht,GTXPro,Stanredtax,Won,2017-10-20,2017-10-28,4699.0,Retail,1,4699.0,8,0.6311030741410488,4,1,1
CZC1J6FQ,Gladys Colclough,GTX Plus Pro,Cancity,Lost,2017-10-20,2017-10-24,0.0,Public Sector,0,0.0,4,0.5818965517241379,3,1,2
WSWJJ234,Gladys Colclough,MG Special,Genco Pura Olive Oil Company,Lost,2017-10-20,2017-10-22,0.0,Manufacturing,0,0.0,2,0.5818965517241379,2,1,1
MDBKYL2Q,Gladys Colclough,MG Special,Stanredtax,Won,2017-10-20,2017-10-30,60.0,Retail,1,60.0,10,0.5818965517241379,4,1,2
M9EU34FE,Hayden Neloms,GTX Plus Pro,Hatfan,Won,2017-10-20,2017-10-21,6026.0,Public Sector,1,6026.0,1,0.7039473684210527,3,1,0
HCARIWPE,James Ascencio,GTX Plus Pro,Golddex,Lost,2017-10-20,2017-10-27,0.0,Manufacturing,0,0.0,7,0.6553398058252428,2,1,2
WGJB2VDU,James Ascencio,GTX Plus Pro,Newex,Won,2017-10-20,2017-12-25,5095.0,Energy,1,5095.0,66,0.6553398058252428,1,1,1
JSLSL3SU,Kami Bicknell,GTX Basic,Sunnamplex,Won,2017-10-20,2017-12-16,565.0,Public Sector,1,565.0,57,0.6397058823529411,3,1,0
N1B45KIT,Maureen Marcano,GTX Plus Pro,Y-corporation,Won,2017-10-20,2017-12-22,5883.0,Manufacturing,1,5883.0,63,0.6995305164319249,2,1,2
30UA0RS8,Niesha Huffines,GTX Plus Basic,Funholding,Won,2017-10-20,2017-12-12,1135.0,Retail,1,1135.0,53,0.6,4,1,0
R1Z8J1JL,Reed Clapper,GTX Plus Basic,Konex,Won,2017-10-20,2017-12-21,903.0,Public Sector,1,903.0,62,0.6540084388185654,3,1,0
MJODFG6C,Vicki Laflamme,MG Special,Green-Plus,Lost,2017-10-20,2017-10-27,0.0,Retail,0,0.0,7,0.6368876080691642,4,1,1
6D7N5SQ7,Vicki Laflamme,MG Special,Lexiqvolax,Lost,2017-10-20,2017-10-28,0.0,Public Sector,0,0.0,8,0.6368876080691642,3,1,0
DQIKGS2U,Vicki Laflamme,MG Special,Dalttechnology,Won,2017-10-20,2017-11-03,48.0,Shipping,1,48.0,14,0.6368876080691642,5,1,1
EZNAGRVB,Zane Levy,GTX Plus Pro,Hatfan,Won,2017-10-20,2017-10-30,5388.0,Public Sector,1,5388.0,10,0.6168582375478927,3,1,0
C1M1RST0,Zane Levy,GTXPro,Plexzap,Won,2017-10-20,2017-10-27,4109.0,Manufacturing,1,4109.0,7,0.6168582375478927,2,1,2
KIZOEC3M,Anna Snelling,GTX Plus Basic,dambase,Lost,2017-10-21,2017-10-23,0.0,Retail,0,0.0,2,0.6190476190476191,4,1,0
CO7T7H41,Anna Snelling,MG Special,Ron-tech,Lost,2017-10-21,2017-10-27,0.0,Manufacturing,0,0.0,6,0.6190476190476191,2,1,2
BMQYRJC7,Anna Snelling,GTX Plus Pro,Codehow,Won,2017-10-21,2017-12-16,5543.0,Telecom,1,5543.0,56,0.6190476190476191,6,1,2
6ALPIXB7,Cassey Cress,GTX Plus Basic,Donware,Lost,2017-10-21,2017-11-29,0.0,Banking,0,0.0,39,0.6245210727969349,0,1,0
5NVTQW38,Cecily Lampkin,GTX Plus Basic,Streethex,Lost,2017-10-21,2017-10-28,0.0,Banking,0,0.0,7,0.66875,0,1,2
IOUUN8LM,Cecily Lampkin,MG Advanced,Genco Pura Olive Oil Company,Lost,2017-10-21,2017-10-27,0.0,Manufacturing,0,0.0,6,0.66875,2,1,0
3EZLRW47,Darcel Schlecht,GTXPro,Bioholding,Lost,2017-10-21,2017-10-31,0.0,Banking,0,0.0,10,0.6311030741410488,0,1,0
09AILR04,Darcel Schlecht,GTXPro,Statholdings,Won,2017-10-21,2017-10-29,4732.0,Manufacturing,1,4732.0,8,0.6311030741410488,2,1,2
KSYI5DDW,Darcel Schlecht,MG Special,Codehow,Won,2017-10-21,2017-11-07,55.0,Telecom,1,55.0,17,0.6311030741410488,6,1,2
W4R2C7N9,Donn Cantrell,GTX Basic,Xx-zobam,Lost,2017-10-21,2017-10-30,0.0,Manufacturing,0,0.0,9,0.5745454545454546,2,1,1
KY1CESUN,Donn Cantrell,GTX Plus Pro,The New York Inquirer,Lost,2017-10-21,2017-10-29,0.0,Banking,0,0.0,8,0.5745454545454546,0,1,2
M4EHG2ZB,Gladys Colclough,MG Special,Konmatfix,Won,2017-10-21,2017-10-30,52.0,Shipping,1,52.0,9,0.5818965517241379,5,1,1
DLAMSRVT,Jonathan Berthelot,GTX Basic,Genco Pura Olive Oil Company,Lost,2017-10-21,2017-10-22,0.0,Manufacturing,0,0.0,1,0.6477272727272727,2,1,2
PZNZD22T,Kami Bicknell,GTX Basic,Doncon,Lost,2017-10-21,2017-12-14,0.0,Shipping,0,0.0,54,0.6397058823529411,5,1,0
FVCN0HQ9,Kary Hendrixson,GTX Basic,Cheers,Lost,2017-10-21,2017-10-23,0.0,Telecom,0,0.0,2,0.6238805970149254,6,1,2
A0FVQ8KO,Kary Hendrixson,GTX Basic,Labdrill,Won,2017-10-21,2017-10-27,575.0,Energy,1,575.0,6,0.6238805970149254,1,1,0
6KGX67OZ,Maureen Marcano,GTX Basic,Green-Plus,Lost,2017-10-21,2017-10-30,0.0,Retail,0,0.0,9,0.6995305164319249,4,1,0
BXXGLPD7,Niesha Huffines,MG Special,Domzoom,Lost,2017-10-21,2017-11-01,0.0,Retail,0,0.0,11,0.6,4,1,0
MHF6GSB6,Reed Clapper,MG Advanced,Plussunin,Won,2017-10-21,2017-10-29,3612.0,Energy,1,3612.0,8,0.6540084388185654,1,1,1
TFILI4TE,Violet Mclelland,MG Special,Zathunicon,Lost,2017-10-21,2017-10-25,0.0,Retail,0,0.0,4,0.6321243523316062,4,1,2
4P0SDD91,Wilburn Farren,GTXPro,Iselectrics,Won,2017-10-21,2017-12-15,4970.0,Energy,1,4970.0,55,0.6962025316455697,1,1,0
ZZ4X9VN3,Wilburn Farren,MG Advanced,Ganjaflex,Won,2017-10-21,2017-10-31,2995.0,Retail,1,2995.0,10,0.6962025316455697,4,1,0
0J3UU8PZ,Boris Faz,GTX Basic,Zathunicon,Won,2017-10-22,2017-12-30,546.0,Retail,1,546.0,69,0.6601307189542484,4,1,1
UYPF6FZ3,Boris Faz,GTX Plus Basic,Gekko & Co,Won,2017-10-22,2017-12-20,1184.0,Telecom,1,1184.0,59,0.6601307189542484,6,1,2
2HKRINHL,Cassey Cress,GTX Plus Pro,Plussunin,Won,2017-10-22,2017-10-24,5500.0,Energy,1,5500.0,2,0.6245210727969349,1,1,2
G5JXIYRO,Cecily Lampkin,MG Advanced,Domzoom,Won,2017-10-22,2017-10-24,3616.0,Retail,1,3616.0,2,0.66875,4,1,1
4MXSHU7X,Corliss Cosme,GTK 500,Kan-code,Lost,2017-10-22,2017-11-30,0.0,Public Sector,0,0.0,39,0.6550218340611353,3,1,1
H4FIU51C,Daniell Hammack,MG Advanced,Mathtouch,Lost,2017-10-22,2017-10-26,0.0,Energy,0,0.0,4,0.6096256684491979,1,1,2
CC2ICRAG,Darcel Schlecht,GTX Plus Basic,Rundofase,Won,2017-10-22,2017-12-29,1087.0,Public Sector,1,1087.0,68,0.6311030741410488,3,1,1
RDC531P5,Darcel Schlecht,GTXPro,Inity,Won,2017-10-22,2017-10-30,3578.0,Manufacturing,1,3578.0,8,0.6311030741410488,2,1,2
9QX62IL2,Elease Gluck,GTX Basic,Finjob,Won,2017-10-22,2017-10-29,544.0,Manufacturing,1,544.0,7,0.6349206349206349,2,1,2
3GRTE6VM,Elease Gluck,MG Advanced,Dalttechnology,Won,2017-10-22,2017-10-29,3082.0,Shipping,1,3082.0,7,0.6349206349206349,5,1,0
E4BPOOL6,Elease Gluck,MG Advanced,Hottechi,Won,2017-10-22,2017-10-24,3450.0,Public Sector,1,3450.0,2,0.6349206349206349,3,1,0
B894QWQM,Garret Kinder,GTXPro,Kan-code,Won,2017-10-22,2017-10-29,5360.0,Public Sector,1,5360.0,7,0.6097560975609756,3,1,2
U9QMLC5Z,James Ascencio,GTXPro,Cheers,Won,2017-10-22,2017-11-01,4991.0,Telecom,1,4991.0,10,0.6553398058252428,6,1,2
VCQBM844,James Ascencio,MG Advanced,Cheers,Won,2017-10-22,2017-10-30,3294.0,Telecom,1,3294.0,8,0.6553398058252428,6,1,2
UE66OOQS,Jonathan Berthelot,GTX Plus Basic,Conecom,Lost,2017-10-22,2017-10-30,0.0,Shipping,0,0.0,8,0.6477272727272727,5,1,2
W5ABRRKC,Markita Hansen,GTX Plus Basic,Rantouch,Won,2017-10-22,2017-10-31,981.0,Energy,1,981.0,9,0.5726872246696035,1,1,2
Y8KI5ANO,Marty Freudenburg,GTX Plus Basic,Isdom,Lost,2017-10-22,2017-11-03,0.0,Retail,0,0.0,12,0.6288659793814433,4,1,2
CTM8WFGW,Marty Freudenburg,GTX Plus Pro,Streethex,Won,2017-10-22,2017-10-23,6233.0,Banking,1,6233.0,1,0.6288659793814433,0,1,1
RFUJTKVO,Marty Freudenburg,MG Special,Domzoom,Won,2017-10-22,2017-11-28,55.0,Retail,1,55.0,37,0.6288659793814433,4,1,2
ZMEKFXC5,Niesha Huffines,MG Special,Globex Corporation,Lost,2017-10-22,2017-10-28,0.0,Retail,0,0.0,6,0.6,4,1,1
LO2BMO33,Niesha Huffines,GTX Plus Pro,Conecom,Won,2017-10-22,2017-12-10,6142.0,Shipping,1,6142.0,49,0.6,5,1,1
4ETFTKHJ,Rosalina Dieter,MG Special,Golddex,Lost,2017-10-22,2017-10-29,0.0,Manufacturing,0,0.0,7,0.6545454545454545,2,1,2
528YB7Q0,Rosie Papadopoulos,GTX Plus Basic,Umbrella Corporation,Lost,2017-10-22,2017-12-06,0.0,Public Sector,0,0.0,45,0.6446280991735537,3,1,2
OFEUX5PI,Vicki Laflamme,GTXPro,Hatfan,Won,2017-10-22,2017-10-28,5190.0,Public Sector,1,5190.0,6,0.6368876080691642,3,1,1
S3V8Z52J,Cassey Cress,MG Advanced,Initech,Lost,2017-10-23,2017-10-25,0.0,Banking,0,0.0,2,0.6245210727969349,0,1,1
TTYSSNJH,Cassey Cress,GTX Plus Basic,Gekko & Co,Won,2017-10-23,2017-11-01,1027.0,Telecom,1,1027.0,9,0.6245210727969349,6,1,2
LROWI84G,Darcel Schlecht,GTX Plus Basic,Dontechi,Won,2017-10-23,2017-10-31,1237.0,Shipping,1,1237.0,8,0.6311030741410488,5,1,2
IQAP70OD,Darcel Schlecht,GTX Plus Basic,Streethex,Won,2017-10-23,2017-10-29,965.0,Banking,1,965.0,6,0.6311030741410488,0,1,1
JWWVG8KG,Darcel Schlecht,GTXPro,Inity,Won,2017-10-23,2017-11-03,5729.0,Manufacturing,1,5729.0,11,0.6311030741410488,2,1,1
7PEL3AIZ,Darcel Schlecht,GTXPro,Isdom,Won,2017-10-23,2017-10-24,5685.0,Retail,1,5685.0,1,0.6311030741410488,4,1,1
NXQR7LX6,Darcel Schlecht,GTXPro,Rundofase,Won,2017-10-23,2017-10-26,4024.0,Public Sector,1,4024.0,3,0.6311030741410488,3,1,0
JL358E5T,Donn Cantrell,GTX Basic,Silis,Won,2017-10-23,2017-12-12,511.0,Public Sector,1,511.0,50,0.5745454545454546,3,1,1
DHUG18WU,Elease Gluck,GTX Plus Pro,Sonron,Lost,2017-10-23,2017-10-30,0.0,Manufacturing,0,0.0,7,0.6349206349206349,2,1,0
T6ENEYKW,Garret Kinder,GTXPro,Ontomedia,Lost,2017-10-23,2017-11-04,0.0,Manufacturing,0,0.0,12,0.6097560975609756,2,1,2
3MGMH9AE,Gladys Colclough,MG Advanced,Stanredtax,Lost,2017-10-23,2017-10-24,0.0,Retail,0,0.0,1,0.5818965517241379,4,1,2
4Z84VV2P,Kary Hendrixson,GTXPro,Y-corporation,Won,2017-10-23,2017-11-05,4382.0,Manufacturing,1,4382.0,13,0.6238805970149254,2,1,1
DMYP7REE,Marty Freudenburg,GTX Plus Basic,Funholding,Lost,2017-10-23,2017-11-19,0.0,Retail,0,0.0,27,0.6288659793814433,4,1,2
1SKNSG2B,Marty Freudenburg,GTX Plus Pro,Treequote,Won,2017-10-23,2017-10-30,5516.0,Retail,1,5516.0,7,0.6288659793814433,4,1,2
G6MUC5R6,Versie Hillebrand,GTX Plus Pro,Finhigh,Lost,2017-10-23,2017-11-06,0.0,Banking,0,0.0,14,0.6666666666666666,0,1,2
6445PW4Z,Vicki Laflamme,GTXPro,Rantouch,Lost,2017-10-23,2017-10-24,0.0,Energy,0,0.0,1,0.6368876080691642,1,1,2
CUJIRCWV,Vicki Laflamme,MG Special,Condax,Won,2017-10-23,2017-12-28,51.0,Banking,1,51.0,66,0.6368876080691642,0,1,0
YSFFEUCQ,Zane Levy,GTX Plus Basic,Groovestreet,Lost,2017-10-23,2017-10-28,0.0,Retail,0,0.0,5,0.6168582375478927,4,1,0
OX0NE27G,Zane Levy,GTX Plus Basic,Kan-code,Won,2017-10-23,2017-10-31,1195.0,Public Sector,1,1195.0,8,0.6168582375478927,3,1,1
0B09WODM,Boris Faz,GTX Plus Basic,Mathtouch,Lost,2017-10-24,2017-10-26,0.0,Energy,0,0.0,2,0.6601307189542484,1,1,1
FSC4A2HZ,Cassey Cress,GTX Plus Pro,Silis,Lost,2017-10-24,2017-10-25,0.0,Public Sector,0,0.0,1,0.6245210727969349,3,1,1
YT5GLR6D,Cassey Cress,MG Advanced,Kinnamplus,Won,2017-10-24,2017-11-02,3588.0,Telecom,1,3588.0,9,0.6245210727969349,6,1,2
KOPJOMQE,Daniell Hammack,GTX Plus Basic,Massive Dynamic,Lost,2017-10-24,2017-10-29,0.0,Banking,0,0.0,5,0.6096256684491979,0,1,2
AS2BKSCT,Darcel Schlecht,GTX Plus Basic,Codehow,Lost,2017-10-24,2017-11-08,0.0,Telecom,0,0.0,15,0.6311030741410488,6,1,0
S3GVO59B,Darcel Schlecht,GTXPro,Stanredtax,Won,2017-10-24,2017-12-01,5542.0,Retail,1,5542.0,38,0.6311030741410488,4,1,0
L8POFR0T,James Ascencio,MG Advanced,Finjob,Won,2017-10-24,2017-12-31,3296.0,Manufacturing,1,3296.0,68,0.6553398058252428,2,1,1
RYF41KOV,Jonathan Berthelot,GTX Plus Basic,Domzoom,Lost,2017-10-24,2017-10-25,0.0,Retail,0,0.0,1,0.6477272727272727,4,1,0
MV7NPCI9,Jonathan Berthelot,GTX Basic,Betatech,Won,2017-10-24,2017-10-29,519.0,Public Sector,1,519.0,5,0.6477272727272727,3,1,0
TSN98FPQ,Jonathan Berthelot,GTX Plus Basic,Betatech,Won,2017-10-24,2017-10-25,1243.0,Public Sector,1,1243.0,1,0.6477272727272727,3,1,0
SQW60VII,Kami Bicknell,MG Advanced,Fasehatice,Lost,2017-10-24,2017-10-26,0.0,Telecom,0,0.0,2,0.6397058823529411,6,1,0
PGG2DUPO,Lajuana Vencill,GTX Plus Basic,Ron-tech,Won,2017-10-24,2017-10-31,1133.0,Manufacturing,1,1133.0,7,0.5497835497835498,2,1,0
85U38YFD,Marty Freudenburg,GTX Basic,Hottechi,Lost,2017-10-24,2017-12-24,0.0,Public Sector,0,0.0,61,0.6288659793814433,3,1,1
M7V7UJHZ,Marty Freudenburg,MG Advanced,Genco Pura Olive Oil Company,Lost,2017-10-24,2017-12-29,0.0,Manufacturing,0,0.0,66,0.6288659793814433,2,1,1
S56NVD4M,Maureen Marcano,GTX Plus Pro,Dalttechnology,Won,2017-10-24,2017-11-10,4945.0,Shipping,1,4945.0,17,0.6995305164319249,5,1,0
Y34O7SKI,Versie Hillebrand,MG Advanced,Treequote,Lost,2017-10-24,2017-10-30,0.0,Retail,0,0.0,6,0.6666666666666666,4,1,1
DSY9VD0O,Vicki Laflamme,GTX Basic,Cheers,Won,2017-10-24,2017-10-26,535.0,Telecom,1,535.0,2,0.6368876080691642,6,1,2
6ZR7IUC4,Zane Levy,MG Advanced,Zoomit,Lost,2017-10-24,2017-11-07,0.0,Energy,0,0.0,14,0.6168582375478927,1,1,0
8W9YXI59,Anna Snelling,MG Special,Cancity,Won,2017-10-25,2017-11-26,59.0,Public Sector,1,59.0,32,0.6190476190476191,3,1,2
YEH9VQCD,Daniell Hammack,GTX Basic,Condax,Won,2017-10-25,2017-10-27,526.0,Banking,1,526.0,2,0.6096256684491979,0,1,1
35GT4NM9,Donn Cantrell,GTX Basic,Acme Corporation,Won,2017-10-25,2017-11-05,586.0,Shipping,1,586.0,11,0.5745454545454546,5,1,1
MICIJ00A,Gladys Colclough,MG Advanced,Scottech,Lost,2017-10-25,2017-10-27,0.0,Banking,0,0.0,2,0.5818965517241379,0,1,2
D4ABG4I1,Jonathan Berthelot,GTXPro,Rundofase,Won,2017-10-25,2017-11-10,4356.0,Public Sector,1,4356.0,16,0.6477272727272727,3,1,1
EMK9P63G,Markita Hansen,GTX Basic,Condax,Won,2017-10-25,2017-10-26,566.0,Banking,1,566.0,1,0.5726872246696035,0,1,0
7GWM1WT0,Moses Frase,GTX Basic,Hottechi,Won,2017-10-25,2017-12-30,537.0,Public Sector,1,537.0,66,0.6615384615384615,3,1,2
U0XWF9TW,Violet Mclelland,MG Special,The New York Inquirer,Won,2017-10-25,2017-12-21,47.0,Banking,1,47.0,57,0.6321243523316062,0,1,0
E8L9I3QP,Zane Levy,GTX Basic,Condax,Won,2017-10-25,2017-11-03,447.0,Banking,1,447.0,9,0.6168582375478927,0,1,2
63S5SNBC,Anna Snelling,GTX Plus Basic,Domzoom,Won,2017-10-26,2017-10-27,1103.0,Retail,1,1103.0,1,0.6190476190476191,4,1,1
3PIPAOVU,Anna Snelling,MG Special,Finhigh,Won,2017-10-26,2017-12-28,57.0,Banking,1,57.0,63,0.6190476190476191,0,1,2
UBU4E17W,Cassey Cress,GTX Basic,Betasoloin,Lost,2017-10-26,2017-11-06,0.0,Banking,0,0.0,11,0.6245210727969349,0,1,2
99HAV7SY,Cecily Lampkin,GTX Plus Pro,Hottechi,Lost,2017-10-26,2017-11-24,0.0,Public Sector,0,0.0,29,0.66875,3,1,0
UX9D17FS,Corliss Cosme,GTXPro,Ontomedia,Won,2017-10-26,2017-11-04,4525.0,Manufacturing,1,4525.0,9,0.6550218340611353,2,1,1
FL804BH8,Darcel Schlecht,GTXPro,Isdom,Lost,2017-10-26,2017-10-30,0.0,Retail,0,0.0,4,0.6311030741410488,4,1,0
RWR0W3U8,Darcel Schlecht,GTXPro,Zumgoity,Lost,2017-10-26,2017-10-27,0.0,Public Sector,0,0.0,1,0.6311030741410488,3,1,1
8UU0I29V,Elease Gluck,GTX Basic,Fasehatice,Won,2017-10-26,2017-10-28,504.0,Telecom,1,504.0,2,0.6349206349206349,6,1,0
89A54FHW,Gladys Colclough,GTXPro,Dontechi,Lost,2017-10-26,2017-10-27,0.0,Shipping,0,0.0,1,0.5818965517241379,5,1,2
UGAEAB27,Marty Freudenburg,GTXPro,Scottech,Won,2017-10-26,2017-10-31,4377.0,Banking,1,4377.0,5,0.6288659793814433,0,1,0
U2JI00ER,Marty Freudenburg,MG Advanced,Betatech,Won,2017-10-26,2017-10-27,3353.0,Public Sector,1,3353.0,1,0.6288659793814433,3,1,1
56D231XJ,Maureen Marcano,GTX Plus Pro,Kan-code,Lost,2017-10-26,2017-10-31,0.0,Public Sector,0,0.0,5,0.6995305164319249,3,1,1
O2CFE5KX,Maureen Marcano,MG Special,Fasehatice,Won,2017-10-26,2017-11-03,50.0,Telecom,1,50.0,8,0.6995305164319249,6,1,2
UCLGT98S,Niesha Huffines,GTX Basic,Conecom,Lost,2017-10-26,2017-10-30,0.0,Shipping,0,0.0,4,0.6,5,1,1
BZG9DI4Z,Vicki Laflamme,GTX Basic,Blackzim,Lost,2017-10-26,2017-10-28,0.0,Telecom,0,0.0,2,0.6368876080691642,6,1,0
E2R39451,Vicki Laflamme,GTX Basic,Groovestreet,Lost,2017-10-26,2017-10-27,0.0,Retail,0,0.0,1,0.6368876080691642,4,1,2
KHQR5AKG,Vicki Laflamme,MG Advanced,Sunnamplex,Lost,2017-10-26,2017-11-04,0.0,Public Sector,0,0.0,9,0.6368876080691642,3,1,1
NMI79ZYT,Violet Mclelland,GTX Basic,Ganjaflex,Lost,2017-10-26,2017-10-31,0.0,Retail,0,0.0,5,0.6321243523316062,4,1,1
RU3HH59R,Violet Mclelland,GTX Basic,Zencorporation,Lost,2017-10-26,2017-10-28,0.0,Shipping,0,0.0,2,0.6321243523316062,5,1,0
IE1N4OUS,Anna Snelling,GTX Plus Pro,Rundofase,Won,2017-10-27,2017-12-07,5269.0,Public Sector,1,5269.0,41,0.6190476190476191,3,1,0
A5IABHP1,Boris Faz,GTXPro,Bioplex,Won,2017-10-27,2017-10-28,5275.0,Retail,1,5275.0,1,0.6601307189542484,4,1,2
FOFS0O2G,Cassey Cress,GTX Plus Pro,Xx-zobam,Lost,2017-10-27,2017-10-29,0.0,Manufacturing,0,0.0,2,0.6245210727969349,2,1,1
66BQC4C9,Cecily Lampkin,MG Advanced,Conecom,Lost,2017-10-27,2017-11-07,0.0,Shipping,0,0.0,11,0.66875,5,1,0
GXQJVJQT,Corliss Cosme,GTX Basic,Mathtouch,Won,2017-10-27,2017-10-29,601.0,Energy,1,601.0,2,0.6550218340611353,1,1,2
PP4ZY6TZ,Darcel Schlecht,GTK 500,Treequote,Lost,2017-10-27,2017-11-10,0.0,Retail,0,0.0,14,0.6311030741410488,4,1,1
7TOPAQ9Y,Darcel Schlecht,MG Special,Finhigh,Won,2017-10-27,2017-12-29,53.0,Banking,1,53.0,63,0.6311030741410488,0,1,1
7NJS374V,Elease Gluck,MG Special,Groovestreet,Won,2017-10-27,2017-11-10,46.0,Retail,1,46.0,14,0.6349206349206349,4,1,2
KKO2EFHS,James Ascencio,GTXPro,Hatfan,Lost,2017-10-27,2017-10-29,0.0,Public Sector,0,0.0,2,0.6553398058252428,3,1,2
PJJMVZAL,Jonathan Berthelot,GTX Basic,Treequote,Won,2017-10-27,2017-10-29,538.0,Retail,1,538.0,2,0.6477272727272727,4,1,0
MFYR7SSG,Kami Bicknell,MG Special,Plexzap,Won,2017-10-27,2017-12-15,53.0,Manufacturing,1,53.0,49,0.6397058823529411,2,1,1
F2F1LPTA,Lajuana Vencill,MG Advanced,Dontechi,Won,2017-10-27,2017-11-03,3296.0,Shipping,1,3296.0,7,0.5497835497835498,5,1,1
QVP4LFVD,Markita Hansen,GTX Basic,Doncon,Lost,2017-10-27,2017-10-28,0.0,Shipping,0,0.0,1,0.5726872246696035,5,1,1
7FZMWZJT,Marty Freudenburg,MG Advanced,Isdom,Won,2017-10-27,2017-11-07,3561.0,Retail,1,3561.0,11,0.6288659793814433,4,1,2
8THGVJ52,Maureen Marcano,GTX Plus Pro,Singletechno,Won,2017-10-27,2017-11-06,5655.0,Retail,1,5655.0,10,0.6995305164319249,4,1,0
M827K2PI,Moses Frase,GTX Basic,Domzoom,Won,2017-10-27,2017-12-14,656.0,Retail,1,656.0,48,0.6615384615384615,4,1,1
4ETZYSN3,Reed Clapper,MG Advanced,Donquadtech,Won,2017-10-27,2017-11-05,3258.0,Shipping,1,3258.0,9,0.6540084388185654,5,1,2
SZDGWQLT,Rosalina Dieter,GTX Basic,Goodsilron,Won,2017-10-27,2017-11-12,577.0,Energy,1,577.0,16,0.6545454545454545,1,1,1
YM5F751C,Versie Hillebrand,MG Special,Statholdings,Won,2017-10-27,2017-10-28,50.0,Manufacturing,1,50.0,1,0.6666666666666666,2,1,0
G7U0HP7Q,Vicki Laflamme,GTX Basic,Lexiqvolax,Lost,2017-10-27,2017-10-29,0.0,Public Sector,0,0.0,2,0.6368876080691642,3,1,1
FRNGLIYS,Anna Snelling,MG Special,dambase,Won,2017-10-28,2017-10-29,66.0,Retail,1,66.0,1,0.6190476190476191,4,1,0
OY08XJ2E,Corliss Cosme,GTX Plus Basic,Gekko & Co,Won,2017-10-28,2017-11-12,1079.0,Telecom,1,1079.0,15,0.6550218340611353,6,1,0
ZSZFPCYS,Darcel Schlecht,MG Advanced,Conecom,Lost,2017-10-28,2017-10-29,0.0,Shipping,0,0.0,1,0.6311030741410488,5,1,1
BXCEXXP4,Donn Cantrell,MG Advanced,Donquadtech,Lost,2017-10-28,2017-11-03,0.0,Shipping,0,0.0,6,0.5745454545454546,5,1,1
H3K2E35I,Elease Gluck,GTK 500,Cheers,Won,2017-10-28,2017-10-29,27971.0,Telecom,1,27971.0,1,0.6349206349206349,6,1,0
LB6S2ONR,Markita Hansen,GTX Basic,Y-corporation,Won,2017-10-28,2017-11-11,598.0,Manufacturing,1,598.0,14,0.5726872246696035,2,1,2
6BRNE2DV,Versie Hillebrand,MG Special,Statholdings,Lost,2017-10-28,2017-10-29,0.0,Manufacturing,0,0.0,1,0.6666666666666666,2,1,0
ST4H8MB7,Vicki Laflamme,GTXPro,J-Texon,Lost,2017-10-28,2017-10-29,0.0,Telecom,0,0.0,1,0.6368876080691642,6,1,1
VMGCRSWP,Violet Mclelland,MG Special,Bluth Company,Won,2017-10-28,2017-11-14,61.0,Energy,1,61.0,17,0.6321243523316062,1,1,1
4HJIT2B6,Zane Levy,GTX Basic,Rantouch,Lost,2017-10-28,2017-11-07,0.0,Energy,0,0.0,10,0.6168582375478927,1,1,2
DJY7S9AI,Zane Levy,MG Advanced,Plusstrip,Won,2017-10-28,2017-11-12,3082.0,Public Sector,1,3082.0,15,0.6168582375478927,3,1,0
X6MHLE33,Cassey Cress,GTX Basic,Gekko & Co,Lost,2017-10-29,2017-11-12,0.0,Telecom,0,0.0,14,0.6245210727969349,6,1,0
TLAWJR5V,Corliss Cosme,GTX Plus Pro,Ontomedia,Won,2017-10-29,2017-11-11,5646.0,Manufacturing,1,5646.0,13,0.6550218340611353,2,1,0
SQ63LXS8,Darcel Schlecht,MG Advanced,Codehow,Lost,2017-10-29,2017-11-04,0.0,Telecom,0,0.0,6,0.6311030741410488,6,1,1
L3PLDC1Y,Darcel Schlecht,GTXPro,Codehow,Won,2017-10-29,2017-10-30,4733.0,Telecom,1,4733.0,1,0.6311030741410488,6,1,0
HMG6NWSR,Gladys Colclough,MG Advanced,Cancity,Won,2017-10-29,2017-12-30,2931.0,Public Sector,1,2931.0,62,0.5818965517241379,3,1,2
KNH4ZX85,Jonathan Berthelot,MG Special,Bioholding,Won,2017-10-29,2017-10-31,62.0,Banking,1,62.0,2,0.6477272727272727,0,1,1
FV7Y3ZPO,Rosie Papadopoulos,MG Advanced,Konex,Lost,2017-10-29,2017-11-03,0.0,Public Sector,0,0.0,5,0.6446280991735537,3,1,1
DDQ0MDYY,Zane Levy,GTXPro,Green-Plus,Won,2017-10-29,2017-10-31,4178.0,Retail,1,4178.0,2,0.6168582375478927,4,1,0
HFER9GET,Cassey Cress,GTXPro,Kinnamplus,Won,2017-10-30,2017-11-04,5239.0,Telecom,1,5239.0,5,0.6245210727969349,6,1,2
005JS57S,Gladys Colclough,GTX Basic,Treequote,Won,2017-10-30,2017-11-11,539.0,Retail,1,539.0,12,0.5818965517241379,4,1,1
TWDNQ9TX,Jonathan Berthelot,GTX Plus Basic,Rangreen,Won,2017-10-30,2017-10-31,973.0,Energy,1,973.0,1,0.6477272727272727,1,1,1
G289FPBV,Lajuana Vencill,MG Special,Statholdings,Lost,2017-10-30,2017-10-31,0.0,Manufacturing,0,0.0,1,0.5497835497835498,2,1,0
G9H0MWBL,Reed Clapper,GTX Plus Pro,Ganjaflex,Lost,2017-10-30,2017-10-31,0.0,Retail,0,0.0,1,0.6540084388185654,4,1,0
P2YWZPES,Vicki Laflamme,GTX Basic,Konex,Won,2017-10-30,2017-11-04,622.0,Public Sector,1,622.0,5,0.6368876080691642,3,1,2
NPGETEDZ,Zane Levy,GTX Plus Basic,Sunnamplex,Lost,2017-10-30,2017-11-15,0.0,Public Sector,0,0.0,16,0.6168582375478927,3,1,0
J5I6Y4RN,Anna Snelling,MG Special,Isdom,Lost,2017-10-31,2017-11-10,0.0,Retail,0,0.0,10,0.6190476190476191,4,1,2
XRMOUF1R,Boris Faz,MG Advanced,Condax,Won,2017-10-31,2017-11-07,4172.0,Banking,1,4172.0,7,0.6601307189542484,0,1,1
TL0UILCV,Cassey Cress,GTXPro,Umbrella Corporation,Won,2017-10-31,2017-11-14,4529.0,Public Sector,1,4529.0,14,0.6245210727969349,3,1,2
FAS4V07H,Cassey Cress,MG Advanced,Konex,Won,2017-10-31,2017-12-10,2695.0,Public Sector,1,2695.0,40,0.6245210727969349,3,1,2
3Z9AX43T,Darcel Schlecht,GTXPro,Cancity,Lost,2017-10-31,2017-12-22,0.0,Public Sector,0,0.0,52,0.6311030741410488,3,1,2
5JO7SIGB,Darcel Schlecht,GTXPro,Conecom,Lost,2017-10-31,2017-11-10,0.0,Shipping,0,0.0,10,0.6311030741410488,5,1,1
8MQPNCCU,Donn Cantrell,GTX Basic,Ganjaflex,Won,2017-10-31,2017-11-09,486.0,Retail,1,486.0,9,0.5745454545454546,4,1,0
2DT70XCQ,Donn Cantrell,GTX Basic,Plussunin,Won,2017-10-31,2017-11-08,450.0,Energy,1,450.0,8,0.5745454545454546,1,1,1
HYBR36NG,Elease Gluck,MG Special,Finjob,Lost,2017-10-31,2017-11-09,0.0,Manufacturing,0,0.0,9,0.6349206349206349,2,1,0
WXOL5HTS,Garret Kinder,GTX Plus Pro,Ontomedia,Won,2017-10-31,2017-11-08,6818.0,Manufacturing,1,6818.0,8,0.6097560975609756,2,1,2
F15SU034,Gladys Colclough,MG Advanced,Condax,Won,2017-10-31,2017-12-21,3298.0,Banking,1,3298.0,51,0.5818965517241379,0,1,2
KLBW3TOH,Kami Bicknell,GTX Plus Pro,Goodsilron,Won,2017-10-31,2017-11-09,5512.0,Energy,1,5512.0,9,0.6397058823529411,1,1,2
ESNS1OS9,Kami Bicknell,GTX Plus Pro,Kan-code,Won,2017-10-31,2017-11-07,4742.0,Public Sector,1,4742.0,7,0.6397058823529411,3,1,2
HDUZC4G9,Kary Hendrixson,GTX Basic,Y-corporation,Won,2017-10-31,2017-11-02,653.0,Manufacturing,1,653.0,2,0.6238805970149254,2,1,2
1629C4UW,Lajuana Vencill,GTX Plus Basic,Conecom,Lost,2017-10-31,2017-11-10,0.0,Shipping,0,0.0,10,0.5497835497835498,5,1,0
0OXJ2HOP,Markita Hansen,MG Advanced,Dalttechnology,Won,2017-10-31,2017-11-11,4058.0,Shipping,1,4058.0,11,0.5726872246696035,5,1,0
RCGBY4IA,Reed Clapper,GTX Basic,Condax,Won,2017-10-31,2017-11-01,553.0,Banking,1,553.0,1,0.6540084388185654,0,1,2
8R0HTKUK,Rosie Papadopoulos,GTX Plus Pro,Xx-zobam,Lost,2017-10-31,2017-11-07,0.0,Manufacturing,0,0.0,7,0.6446280991735537,2,1,1
W2ZRP2EC,Vicki Laflamme,MG Special,Kan-code,Lost,2017-10-31,2017-11-03,0.0,Public Sector,0,0.0,3,0.6368876080691642,3,1,1
AEH9XJ3T,Cassey Cress,GTX Plus Basic,Kan-code,Lost,2017-11-01,2017-11-13,0.0,Public Sector,0,0.0,12,0.6245210727969349,3,1,2
X3DSI0TQ,Cecily Lampkin,GTX Plus Pro,Globex Corporation,Lost,2017-11-01,2017-11-15,0.0,Retail,0,0.0,14,0.66875,4,1,0
MG3X7625,Cecily Lampkin,GTX Plus Pro,Isdom,Won,2017-11-01,2017-12-22,5504.0,Retail,1,5504.0,51,0.66875,4,1,1
8JR8LXEU,Gladys Colclough,MG Special,Betatech,Won,2017-11-01,2017-11-05,53.0,Public Sector,1,53.0,4,0.5818965517241379,3,1,1
KMRR1P94,Jonathan Berthelot,GTX Basic,Treequote,Lost,2017-11-01,2017-11-17,0.0,Retail,0,0.0,16,0.6477272727272727,4,1,1
JRCD2VQY,Kami Bicknell,MG Advanced,Fasehatice,Won,2017-11-01,2017-11-06,3064.0,Telecom,1,3064.0,5,0.6397058823529411,6,1,2
FXKBY5FR,Maureen Marcano,MG Advanced,Rantouch,Won,2017-11-01,2017-11-14,2866.0,Energy,1,2866.0,13,0.6995305164319249,1,1,1
8415S7ZV,Vicki Laflamme,GTX Basic,Goodsilron,Lost,2017-11-01,2017-11-06,0.0,Energy,0,0.0,5,0.6368876080691642,1,1,1
UZ83LE9X,Vicki Laflamme,GTX Plus Pro,Xx-holding,Lost,2017-11-01,2017-11-10,0.0,Telecom,0,0.0,9,0.6368876080691642,6,1,1
GIDII30C,Vicki Laflamme,GTX Plus Basic,Lexiqvolax,Won,2017-11-01,2017-11-10,960.0,Public Sector,1,960.0,9,0.6368876080691642,3,1,1
IVVBVNDH,Vicki Laflamme,MG Special,Nam-zim,Won,2017-11-01,2017-11-02,55.0,Energy,1,55.0,1,0.6368876080691642,1,1,0
FBKK68G6,Boris Faz,GTXPro,Donquadtech,Won,2017-11-02,2017-11-07,4155.0,Shipping,1,4155.0,5,0.6601307189542484,5,1,2
SSSTYFDY,Daniell Hammack,GTX Plus Basic,Condax,Lost,2017-11-02,2017-11-05,0.0,Banking,0,0.0,3,0.6096256684491979,0,1,2
VSMB0KJW,Donn Cantrell,GTX Basic,Bubba Gump,Won,2017-11-02,2017-11-28,532.0,Retail,1,532.0,26,0.5745454545454546,4,1,0
UVS5WJRG,Jonathan Berthelot,GTX Basic,Cancity,Won,2017-11-02,2017-11-03,479.0,Public Sector,1,479.0,1,0.6477272727272727,3,1,0
MOBO9N8H,Kami Bicknell,GTX Basic,Xx-holding,Lost,2017-11-02,2017-11-07,0.0,Telecom,0,0.0,5,0.6397058823529411,6,1,2
5HHFR0VZ,Markita Hansen,GTXPro,Xx-holding,Won,2017-11-02,2017-11-29,4521.0,Telecom,1,4521.0,27,0.5726872246696035,6,1,1
0DYZ71WX,Reed Clapper,GTX Basic,Ganjaflex,Won,2017-11-02,2017-11-16,585.0,Retail,1,585.0,14,0.6540084388185654,4,1,1
Q1Q3D9BZ,Vicki Laflamme,GTX Basic,Sunnamplex,Lost,2017-11-02,2017-11-07,0.0,Public Sector,0,0.0,5,0.6368876080691642,3,1,2
9KV5GM4U,Vicki Laflamme,GTX Basic,Sonron,Won,2017-11-02,2017-11-06,430.0,Manufacturing,1,430.0,4,0.6368876080691642,2,1,1
6X24V0NC,Darcel Schlecht,GTXPro,Codehow,Lost,2017-11-03,2017-11-09,0.0,Telecom,0,0.0,6,0.6311030741410488,6,1,0
IIZV9WFC,Jonathan Berthelot,GTX Basic,Genco Pura Olive Oil Company,Won,2017-11-03,2017-12-02,577.0,Manufacturing,1,577.0,29,0.6477272727272727,2,1,1
WTZ2AHNW,Marty Freudenburg,GTXPro,Treequote,Won,2017-11-03,2017-12-18,4591.0,Retail,1,4591.0,45,0.6288659793814433,4,1,1
RQ5FNR4O,Maureen Marcano,GTX Basic,Groovestreet,Won,2017-11-03,2017-11-18,662.0,Retail,1,662.0,15,0.6995305164319249,4,1,1
9BZBU2GY,Maureen Marcano,GTX Plus Pro,Plusstrip,Won,2017-11-03,2017-12-31,5091.0,Public Sector,1,5091.0,58,0.6995305164319249,3,1,2
1FMCUSFS,Boris Faz,GTX Plus Pro,Plussunin,Won,2017-11-04,2017-12-08,5737.0,Energy,1,5737.0,34,0.6601307189542484,1,1,0
ZQSSHSL7,Cassey Cress,GTX Basic,Donquadtech,Won,2017-11-04,2017-11-06,583.0,Shipping,1,583.0,2,0.6245210727969349,5,1,1
SWYO7V7O,Darcel Schlecht,GTXPro,Hottechi,Lost,2017-11-04,2017-11-08,0.0,Public Sector,0,0.0,4,0.6311030741410488,3,1,2
62UFJ4IQ,James Ascencio,GTX Plus Pro,Sunnamplex,Won,2017-11-04,2017-11-10,5031.0,Public Sector,1,5031.0,6,0.6553398058252428,3,1,1
ZO4FDMPS,Marty Freudenburg,GTXPro,Rangreen,Lost,2017-11-04,2017-11-05,0.0,Energy,0,0.0,1,0.6288659793814433,1,1,0
D9LUG4D8,Reed Clapper,GTXPro,Plussunin,Won,2017-11-04,2017-11-21,4237.0,Energy,1,4237.0,17,0.6540084388185654,1,1,1
M23VU0A9,Rosie Papadopoulos,GTX Plus Pro,Konex,Lost,2017-11-04,2017-11-14,0.0,Public Sector,0,0.0,10,0.6446280991735537,3,1,0
YAVTI45C,Zane Levy,GTX Basic,Fasehatice,Won,2017-11-04,2017-12-12,481.0,Telecom,1,481.0,38,0.6168582375478927,6,1,1
XZUEXEUH,Anna Snelling,GTX Basic,Betatech,Won,2017-11-05,2017-11-09,480.0,Public Sector,1,480.0,4,0.6190476190476191,3,1,0
6Z3EP424,Elease Gluck,MG Special,Nam-zim,Won,2017-11-05,2017-11-16,51.0,Energy,1,51.0,11,0.6349206349206349,1,1,1
VPIXVUUE,Gladys Colclough,GTX Basic,Cancity,Lost,2017-11-05,2017-11-16,0.0,Public Sector,0,0.0,11,0.5818965517241379,3,1,0
F98UFHM2,Gladys Colclough,MG Special,Gogozoom,Won,2017-11-05,2017-12-31,52.0,Telecom,1,52.0,56,0.5818965517241379,6,1,1
JB7JEEI5,James Ascencio,GTX Plus Basic,Sunnamplex,Won,2017-11-05,2017-11-22,1218.0,Public Sector,1,1218.0,17,0.6553398058252428,3,1,1
FQP39JQV,Kary Hendrixson,GTX Plus Pro,Plusstrip,Won,2017-11-05,2017-11-12,5681.0,Public Sector,1,5681.0,7,0.6238805970149254,3,1,2
PWW6TH3V,Marty Freudenburg,MG Advanced,Dontechi,Lost,2017-11-05,2017-11-17,0.0,Shipping,0,0.0,12,0.6288659793814433,5,1,2
KXEZ5B3Q,Reed Clapper,MG Special,Massive Dynamic,Lost,2017-11-05,2017-11-17,0.0,Banking,0,0.0,12,0.6540084388185654,0,1,0
3UA6O3NG,Reed Clapper,GTX Plus Pro,Konex,Won,2017-11-05,2017-11-07,6767.0,Public Sector,1,6767.0,2,0.6540084388185654,3,1,1
3ML02CAH,Versie Hillebrand,MG Special,Cancity,Won,2017-11-05,2017-11-11,61.0,Public Sector,1,61.0,6,0.6666666666666666,3,1,0
T7AHYN7O,Violet Mclelland,MG Special,Opentech,Lost,2017-11-05,2017-11-21,0.0,Retail,0,0.0,16,0.6321243523316062,4,1,2
9BMWYLQV,Zane Levy,MG Special,Scotfind,Won,2017-11-05,2017-11-17,62.0,Telecom,1,62.0,12,0.6168582375478927,6,1,0
76ZQP7QY,Darcel Schlecht,GTXPro,Betatech,Lost,2017-11-06,2017-11-07,0.0,Public Sector,0,0.0,1,0.6311030741410488,3,1,0
DP7QR35U,Elease Gluck,GTX Plus Basic,Faxquote,Lost,2017-11-06,2017-11-07,0.0,Telecom,0,0.0,1,0.6349206349206349,6,1,2
VAD1MF34,Gladys Colclough,MG Special,Konmatfix,Won,2017-11-06,2017-12-19,48.0,Shipping,1,48.0,43,0.5818965517241379,5,1,1
6AA52750,Niesha Huffines,GTXPro,Funholding,Lost,2017-11-06,2017-11-13,0.0,Retail,0,0.0,7,0.6,4,1,0
WOD9UKMP,Cecily Lampkin,GTX Plus Basic,Stanredtax,Won,2017-11-07,2017-11-18,1059.0,Retail,1,1059.0,11,0.66875,4,1,2
T482GHJQ,Darcel Schlecht,GTXPro,Konmatfix,Won,2017-11-07,2017-12-20,5031.0,Shipping,1,5031.0,43,0.6311030741410488,5,1,1
JFIL5JU0,Lajuana Vencill,GTX Basic,dambase,Won,2017-11-07,2017-12-22,557.0,Retail,1,557.0,45,0.5497835497835498,4,1,2
3GVL1I1G,Rosie Papadopoulos,MG Advanced,Bluth Company,Won,2017-11-07,2017-11-14,3426.0,Energy,1,3426.0,7,0.6446280991735537,1,1,0
72C58IRY,Cecily Lampkin,MG Advanced,Funholding,Won,2017-11-08,2017-11-26,2968.0,Retail,1,2968.0,18,0.66875,4,1,1
MMIYELAE,Gladys Colclough,GTX Plus Basic,Genco Pura Olive Oil Company,Won,2017-11-08,2017-11-19,1071.0,Manufacturing,1,1071.0,11,0.5818965517241379,2,1,1
GS9UKUGV,Jonathan Berthelot,GTXPro,Treequote,Lost,2017-11-08,2017-11-16,0.0,Retail,0,0.0,8,0.6477272727272727,4,1,2
X9MTGVJZ,Kami Bicknell,GTX Plus Pro,Sunnamplex,Lost,2017-11-08,2017-11-26,0.0,Public Sector,0,0.0,18,0.6397058823529411,3,1,2
N22XN5IM,Kami Bicknell,GTX Plus Basic,Plusstrip,Won,2017-11-08,2017-12-04,1082.0,Public Sector,1,1082.0,26,0.6397058823529411,3,1,2
OTQTFK48,Kary Hendrixson,GTX Plus Basic,Plexzap,Won,2017-11-08,2017-11-11,1203.0,Manufacturing,1,1203.0,3,0.6238805970149254,2,1,1
URN9V0FK,Lajuana Vencill,MG Special,Konmatfix,Lost,2017-11-08,2017-12-30,0.0,Shipping,0,0.0,52,0.5497835497835498,5,1,1
K6TJSGUB,Marty Freudenburg,GTX Plus Basic,Warephase,Won,2017-11-08,2017-11-17,985.0,Retail,1,985.0,9,0.6288659793814433,4,1,0
CSXOYE1C,Niesha Huffines,GTX Plus Basic,Scottech,Won,2017-11-08,2017-11-20,1133.0,Banking,1,1133.0,12,0.6,0,1,1
4ATO2S4S,Violet Mclelland,MG Special,Bubba Gump,Won,2017-11-08,2017-12-27,56.0,Retail,1,56.0,49,0.6321243523316062,4,1,0
J0X7ZNDX,Donn Cantrell,GTX Basic,Zencorporation,Lost,2017-11-09,2017-11-13,0.0,Shipping,0,0.0,4,0.5745454545454546,5,1,2
GCCBRJF8,Garret Kinder,GTX Plus Pro,Sumace,Won,2017-11-09,2017-11-27,4884.0,Energy,1,4884.0,18,0.6097560975609756,1,1,2
G7ZZG9DI,James Ascencio,GTX Basic,Kan-code,Won,2017-11-09,2017-11-22,443.0,Public Sector,1,443.0,13,0.6553398058252428,3,1,1
TY9RBWLT,Kami Bicknell,GTX Basic,Goodsilron,Won,2017-11-09,2017-11-23,562.0,Energy,1,562.0,14,0.6397058823529411,1,1,2
NNREN4Q5,Kami Bicknell,GTX Basic,Groovestreet,Won,2017-11-09,2017-11-21,437.0,Retail,1,437.0,12,0.6397058823529411,4,1,2
T0H5HATU,Kary Hendrixson,MG Advanced,Rantouch,Lost,2017-11-09,2017-11-23,0.0,Energy,0,0.0,14,0.6238805970149254,1,1,1
49TIKZ5B,Kary Hendrixson,GTX Basic,Kan-code,Won,2017-11-09,2017-11-14,606.0,Public Sector,1,606.0,5,0.6238805970149254,3,1,0
ZM1HKZRS,Markita Hansen,MG Special,Sonron,Won,2017-11-09,2017-12-10,56.0,Manufacturing,1,56.0,31,0.5726872246696035,2,1,1
2FGV5XNE,Maureen Marcano,MG Advanced,Sunnamplex,Lost,2017-11-09,2017-11-27,0.0,Public Sector,0,0.0,18,0.6995305164319249,3,1,0
04G3DK6T,Moses Frase,MG Special,Warephase,Won,2017-11-09,2017-11-21,54.0,Retail,1,54.0,12,0.6615384615384615,4,1,1
QSCVBJNJ,Wilburn Farren,GTXPro,Acme Corporation,Lost,2017-11-09,2017-11-23,0.0,Shipping,0,0.0,14,0.6962025316455697,5,1,1
C3KQJVDU,Corliss Cosme,GTX Basic,Acme Corporation,Won,2017-11-10,2017-11-18,577.0,Shipping,1,577.0,8,0.6550218340611353,5,1,2
NZIJ3KKG,Daniell Hammack,GTX Plus Basic,Massive Dynamic,Lost,2017-11-10,2017-11-16,0.0,Banking,0,0.0,6,0.6096256684491979,0,1,1
F46Q34LY,Darcel Schlecht,GTXPro,Ron-tech,Won,2017-11-10,2017-11-20,4480.0,Manufacturing,1,4480.0,10,0.6311030741410488,2,1,1
5C13TAA8,Kary Hendrixson,GTX Plus Pro,Lexiqvolax,Won,2017-11-10,2017-12-22,6299.0,Public Sector,1,6299.0,42,0.6238805970149254,3,1,0
BFB6C54U,Kary Hendrixson,GTXPro,Condax,Won,2017-11-10,2017-12-01,4673.0,Banking,1,4673.0,21,0.6238805970149254,0,1,2
ZSYWCL6R,Markita Hansen,GTK 500,Xx-holding,Lost,2017-11-10,2017-11-26,0.0,Telecom,0,0.0,16,0.5726872246696035,6,1,0
VNJQD4Z7,Reed Clapper,GTX Plus Pro,Zathunicon,Won,2017-11-10,2017-12-29,4659.0,Retail,1,4659.0,49,0.6540084388185654,4,1,0
50OYB2YN,Corliss Cosme,GTX Plus Basic,Kinnamplus,Won,2017-11-11,2017-11-20,1180.0,Telecom,1,1180.0,9,0.6550218340611353,6,1,2
C8BIQFEN,Darcel Schlecht,GTX Plus Pro,Betatech,Lost,2017-11-11,2017-11-14,0.0,Public Sector,0,0.0,3,0.6311030741410488,3,1,2
0TEEJ0WD,Donn Cantrell,GTX Plus Basic,Opentech,Lost,2017-11-11,2017-11-18,0.0,Retail,0,0.0,7,0.5745454545454546,4,1,2
T2G750N6,Jonathan Berthelot,MG Special,Treequote,Won,2017-11-11,2017-12-04,57.0,Retail,1,57.0,23,0.6477272727272727,4,1,1
6BCEXGTX,Marty Freudenburg,GTX Plus Pro,Toughzap,Lost,2017-11-11,2017-11-22,0.0,Retail,0,0.0,11,0.6288659793814433,4,1,2
6ZFEAR57,Niesha Huffines,GTX Plus Basic,Genco Pura Olive Oil Company,Lost,2017-11-11,2017-11-22,0.0,Manufacturing,0,0.0,11,0.6,2,1,2
Y1JFDUVB,Versie Hillebrand,MG Special,Codehow,Won,2017-11-11,2017-12-20,48.0,Telecom,1,48.0,39,0.6666666666666666,6,1,2
7FCXBW1M,Violet Mclelland,MG Special,Bioplex,Won,2017-11-11,2017-11-13,51.0,Retail,1,51.0,2,0.6321243523316062,4,1,0
83Y5850C,Anna Snelling,MG Special,Inity,Lost,2017-11-12,2017-11-25,0.0,Manufacturing,0,0.0,13,0.6190476190476191,2,1,0
V1458D23,Corliss Cosme,GTX Plus Basic,Umbrella Corporation,Won,2017-11-12,2017-11-13,1138.0,Public Sector,1,1138.0,1,0.6550218340611353,3,1,1
LJEAX51Q,Darcel Schlecht,MG Special,Streethex,Won,2017-11-12,2017-12-21,49.0,Banking,1,49.0,39,0.6311030741410488,0,1,0
LDDQ5PN2,Garret Kinder,MG Advanced,Sumace,Lost,2017-11-12,2017-11-21,0.0,Energy,0,0.0,9,0.6097560975609756,1,1,1
WPJ0AS7T,Gladys Colclough,GTX Basic,Genco Pura Olive Oil Company,Won,2017-11-12,2017-12-28,650.0,Manufacturing,1,650.0,46,0.5818965517241379,2,1,0
4J8IA9GL,Kary Hendrixson,GTX Basic,Lexiqvolax,Won,2017-11-12,2017-12-29,470.0,Public Sector,1,470.0,47,0.6238805970149254,3,1,2
76RZPT87,Lajuana Vencill,GTX Basic,Isdom,Won,2017-11-12,2017-12-31,567.0,Retail,1,567.0,49,0.5497835497835498,4,1,0
9E3UNPHY,Markita Hansen,MG Advanced,Newex,Won,2017-11-12,2017-12-25,3836.0,Energy,1,3836.0,43,0.5726872246696035,1,1,1
CQ8UELF8,Marty Freudenburg,GTX Plus Pro,Rangreen,Won,2017-11-12,2017-11-14,5916.0,Energy,1,5916.0,2,0.6288659793814433,1,1,0
4E5E9MYV,Maureen Marcano,GTX Plus Basic,Cheers,Won,2017-11-12,2017-11-22,938.0,Telecom,1,938.0,10,0.6995305164319249,6,1,2
24BCH90I,Maureen Marcano,GTX Plus Basic,Kan-code,Won,2017-11-12,2017-11-15,1124.0,Public Sector,1,1124.0,3,0.6995305164319249,3,1,1
LWVZKYI0,Versie Hillebrand,MG Special,Gogozoom,Won,2017-11-12,2017-12-01,61.0,Telecom,1,61.0,19,0.6666666666666666,6,1,2
1W2EEX4L,Vicki Laflamme,MG Special,Faxquote,Lost,2017-11-12,2017-12-24,0.0,Telecom,0,0.0,42,0.6368876080691642,6,1,2
8977L373,Wilburn Farren,MG Advanced,Mathtouch,Won,2017-11-12,2017-11-19,4011.0,Energy,1,4011.0,7,0.6962025316455697,1,1,1
66LD5EF0,Zane Levy,GTX Plus Basic,Hatfan,Lost,2017-11-12,2017-11-15,0.0,Public Sector,0,0.0,3,0.6168582375478927,3,1,2
50JIFEWD,Zane Levy,GTXPro,Plusstrip,Won,2017-11-12,2017-11-17,5144.0,Public Sector,1,5144.0,5,0.6168582375478927,3,1,2
MTZQ55RH,Boris Faz,GTX Basic,Zotware,Won,2017-11-13,2017-11-24,493.0,Banking,1,493.0,11,0.6601307189542484,0,1,0
1V3O11ZD,Cassey Cress,GTX Basic,Kinnamplus,Lost,2017-11-13,2017-11-23,0.0,Telecom,0,0.0,10,0.6245210727969349,6,1,2
AIBZQM42,Daniell Hammack,GTX Plus Basic,Kinnamplus,Won,2017-11-13,2017-11-20,1224.0,Telecom,1,1224.0,7,0.6096256684491979,6,1,2
IZ5MV9YF,Jonathan Berthelot,GTX Basic,Isdom,Lost,2017-11-13,2017-11-21,0.0,Retail,0,0.0,8,0.6477272727272727,4,1,2
OHJX1K09,Kami Bicknell,GTX Basic,Konex,Lost,2017-11-13,2017-11-14,0.0,Public Sector,0,0.0,1,0.6397058823529411,3,1,2
I33TECO1,Kami Bicknell,GTXPro,Hottechi,Lost,2017-11-13,2017-11-30,0.0,Public Sector,0,0.0,17,0.6397058823529411,3,1,1
MT45X396,Lajuana Vencill,GTX Basic,Streethex,Lost,2017-11-13,2017-11-19,0.0,Banking,0,0.0,6,0.5497835497835498,0,1,0
V8ELYA6F,Anna Snelling,GTX Plus Pro,Treequote,Won,2017-11-14,2017-11-15,5276.0,Retail,1,5276.0,1,0.6190476190476191,4,1,2
K98JFWRC,Garret Kinder,GTX Plus Pro,Bioplex,Lost,2017-11-14,2017-11-28,0.0,Retail,0,0.0,14,0.6097560975609756,4,1,2
H6Q0LXVH,Gladys Colclough,GTX Plus Basic,Konmatfix,Lost,2017-11-14,2017-11-20,0.0,Shipping,0,0.0,6,0.5818965517241379,5,1,1
2BH5Q718,Hayden Neloms,MG Advanced,Scotfind,Lost,2017-11-14,2017-11-23,0.0,Telecom,0,0.0,9,0.7039473684210527,6,1,2
CSJKVMR9,James Ascencio,GTX Basic,Y-corporation,Lost,2017-11-14,2017-11-16,0.0,Manufacturing,0,0.0,2,0.6553398058252428,2,1,1
N3YVDYY2,Marty Freudenburg,GTX Plus Basic,Ron-tech,Won,2017-11-14,2017-11-23,947.0,Manufacturing,1,947.0,9,0.6288659793814433,2,1,0
LRP5IXX5,Reed Clapper,GTX Plus Pro,Konex,Lost,2017-11-14,2017-11-23,0.0,Public Sector,0,0.0,9,0.6540084388185654,3,1,0
SH1NTXPV,Violet Mclelland,MG Advanced,Kinnamplus,Won,2017-11-14,2017-11-29,3342.0,Telecom,1,3342.0,15,0.6321243523316062,6,1,2
MKAKCFBQ,Boris Faz,GTX Plus Pro,Ganjaflex,Won,2017-11-15,2017-12-30,5610.0,Retail,1,5610.0,45,0.6601307189542484,4,1,2
9YH8LS5H,Cassey Cress,MG Advanced,Condax,Lost,2017-11-15,2017-12-15,0.0,Banking,0,0.0,30,0.6245210727969349,0,1,2
RO8TURF5,Cassey Cress,GTX Basic,Donquadtech,Won,2017-11-15,2017-11-30,557.0,Shipping,1,557.0,15,0.6245210727969349,5,1,1
EW5ASXX4,Darcel Schlecht,GTXPro,Warephase,Lost,2017-11-15,2017-11-20,0.0,Retail,0,0.0,5,0.6311030741410488,4,1,2
MDLJKQ5B,Darcel Schlecht,GTXPro,dambase,Won,2017-11-15,2017-11-30,5600.0,Retail,1,5600.0,15,0.6311030741410488,4,1,2
7OIR36P2,Donn Cantrell,GTXPro,Acme Corporation,Won,2017-11-15,2017-12-27,4980.0,Shipping,1,4980.0,42,0.5745454545454546,5,1,0
GQ13O0AQ,Kami Bicknell,GTXPro,Kan-code,Lost,2017-11-15,2017-11-22,0.0,Public Sector,0,0.0,7,0.6397058823529411,3,1,2
S9DDUFGP,Kary Hendrixson,GTX Basic,Konex,Lost,2017-11-15,2017-11-28,0.0,Public Sector,0,0.0,13,0.6238805970149254,3,1,0
B5OXRZTT,Zane Levy,GTX Basic,Kan-code,Won,2017-11-15,2017-11-25,530.0,Public Sector,1,530.0,10,0.6168582375478927,3,1,2
FX1RWO67,Anna Snelling,MG Advanced,Hottechi,Won,2017-11-16,2017-12-31,3300.0,Public Sector,1,3300.0,45,0.6190476190476191,3,1,0
2AGA3ALY,Hayden Neloms,MG Advanced,Konex,Won,2017-11-16,2017-11-20,3664.0,Public Sector,1,3664.0,4,0.7039473684210527,3,1,2
P8ZOY6HA,James Ascencio,GTX Plus Pro,Konex,Lost,2017-11-16,2017-11-20,0.0,Public Sector,0,0.0,4,0.6553398058252428,3,1,0
PBGAZKMQ,Jonathan Berthelot,GTX Basic,Stanredtax,Won,2017-11-16,2017-11-22,575.0,Retail,1,575.0,6,0.6477272727272727,4,1,1
86MJT5KR,Markita Hansen,MG Special,Blackzim,Lost,2017-11-16,2017-11-23,0.0,Telecom,0,0.0,7,0.5726872246696035,6,1,0
20NZO7TT,Maureen Marcano,MG Advanced,J-Texon,Won,2017-11-16,2017-12-01,3271.0,Telecom,1,3271.0,15,0.6995305164319249,6,1,0
6FR9YZH2,Moses Frase,GTX Plus Pro,Bioholding,Lost,2017-11-16,2017-11-17,0.0,Banking,0,0.0,1,0.6615384615384615,0,1,0
LCZGL74L,Niesha Huffines,GTX Plus Basic,Cancity,Lost,2017-11-16,2017-11-26,0.0,Public Sector,0,0.0,10,0.6,3,1,2
6NWIZG2N,Reed Clapper,GTX Plus Basic,Mathtouch,Won,2017-11-16,2017-11-24,1035.0,Energy,1,1035.0,8,0.6540084388185654,1,1,2
IS2HLCEO,Boris Faz,MG Special,Plussunin,Lost,2017-11-17,2017-12-04,0.0,Energy,0,0.0,17,0.6601307189542484,1,1,2
90D20NZU,Darcel Schlecht,GTX Plus Pro,Inity,Won,2017-11-17,2017-11-24,4880.0,Manufacturing,1,4880.0,7,0.6311030741410488,2,1,1
P214KAH8,Donn Cantrell,MG Advanced,Yearin,Won,2017-11-17,2017-11-29,3644.0,Retail,1,3644.0,12,0.5745454545454546,4,1,1
HEMKK91Z,Elease Gluck,MG Advanced,Plusstrip,Won,2017-11-17,2017-12-13,3538.0,Public Sector,1,3538.0,26,0.6349206349206349,3,1,0
R2JKKVOO,Kami Bicknell,GTX Plus Basic,Cheers,Lost,2017-11-17,2017-11-27,0.0,Telecom,0,0.0,10,0.6397058823529411,6,1,1
6LS93NXH,Kary Hendrixson,GTX Basic,Goodsilron,Lost,2017-11-17,2017-11-27,0.0,Energy,0,0.0,10,0.6238805970149254,1,1,0
BI36TLO5,Reed Clapper,GTXPro,Bubba Gump,Won,2017-11-17,2017-12-06,4154.0,Retail,1,4154.0,19,0.6540084388185654,4,1,0
TYQFCQBN,Rosie Papadopoulos,GTXPro,Donware,Won,2017-11-17,2017-11-26,4620.0,Banking,1,4620.0,9,0.6446280991735537,0,1,0
DH4WEPQ5,Versie Hillebrand,GTX Plus Pro,Domzoom,Won,2017-11-17,2017-11-18,5653.0,Retail,1,5653.0,1,0.6666666666666666,4,1,1
NJAOJJY9,Violet Mclelland,MG Special,Bioplex,Lost,2017-11-17,2017-11-25,0.0,Retail,0,0.0,8,0.6321243523316062,4,1,2
VM6SAQYT,Violet Mclelland,MG Special,Donquadtech,Won,2017-11-17,2017-11-26,65.0,Shipping,1,65.0,9,0.6321243523316062,5,1,1
E2LVAU2T,Zane Levy,GTX Basic,Newex,Won,2017-11-17,2017-12-05,497.0,Energy,1,497.0,18,0.6168582375478927,1,1,0
CNAOGH7N,Boris Faz,GTXPro,Sumace,Won,2017-11-18,2017-12-07,4645.0,Energy,1,4645.0,19,0.6601307189542484,1,1,0
0ONK3WET,Cassey Cress,GTXPro,Massive Dynamic,Won,2017-11-18,2017-11-21,4243.0,Banking,1,4243.0,3,0.6245210727969349,0,1,1
9Y43IDMY,Daniell Hammack,GTX Plus Basic,Opentech,Lost,2017-11-18,2017-12-06,0.0,Retail,0,0.0,18,0.6096256684491979,4,1,0
UIE5G6GW,Darcel Schlecht,GTXPro,Cancity,Won,2017-11-18,2017-11-29,4617.0,Public Sector,1,4617.0,11,0.6311030741410488,3,1,0
GB6C2UK5,Elease Gluck,GTK 500,Xx-holding,Won,2017-11-18,2017-12-04,29220.0,Telecom,1,29220.0,16,0.6349206349206349,6,1,1
5S2JLJGL,Jonathan Berthelot,GTX Plus Basic,Funholding,Lost,2017-11-18,2017-11-30,0.0,Retail,0,0.0,12,0.6477272727272727,4,1,1
820NH7ZA,Kami Bicknell,GTX Basic,Konex,Won,2017-11-18,2017-12-04,643.0,Public Sector,1,643.0,16,0.6397058823529411,3,1,1
PIPYDN8Y,Kary Hendrixson,GTX Basic,Scotfind,Lost,2017-11-18,2017-11-21,0.0,Telecom,0,0.0,3,0.6238805970149254,6,1,0
E3LNNM8H,Maureen Marcano,GTX Plus Pro,Blackzim,Lost,2017-11-18,2017-12-05,0.0,Telecom,0,0.0,17,0.6995305164319249,6,1,0
UHYI2QB2,Moses Frase,MG Special,Funholding,Lost,2017-11-18,2017-11-28,0.0,Retail,0,0.0,10,0.6615384615384615,4,1,2
5SJP2J1J,Boris Faz,GTX Plus Basic,Mathtouch,Won,2017-11-19,2017-11-20,886.0,Energy,1,886.0,1,0.6601307189542484,1,1,2
R5V9DX5U,Cecily Lampkin,MG Advanced,Rangreen,Won,2017-11-19,2017-11-28,3206.0,Energy,1,3206.0,9,0.66875,1,1,1
PGCWLU4L,Daniell Hammack,GTX Basic,Gekko & Co,Won,2017-11-19,2017-11-20,678.0,Telecom,1,678.0,1,0.6096256684491979,6,1,2
RVI6ARFW,Darcel Schlecht,GTX Basic,Funholding,Won,2017-11-19,2017-11-20,549.0,Retail,1,549.0,1,0.6311030741410488,4,1,0
QVWPMJ8R,Donn Cantrell,GTX Plus Pro,Kan-code,Won,2017-11-19,2017-11-28,6540.0,Public Sector,1,6540.0,9,0.5745454545454546,3,1,2
7M7UED1P,Jonathan Berthelot,GTX Basic,Toughzap,Lost,2017-11-19,2017-11-21,0.0,Retail,0,0.0,2,0.6477272727272727,4,1,0
JW51LS6C,Maureen Marcano,MG Advanced,Lexiqvolax,Lost,2017-11-19,2017-12-04,0.0,Public Sector,0,0.0,15,0.6995305164319249,3,1,1
KU4GX1KD,Niesha Huffines,GTX Basic,Isdom,Won,2017-11-19,2017-11-28,662.0,Retail,1,662.0,9,0.6,4,1,1
GSE8QWMU,Vicki Laflamme,GTXPro,Finjob,Won,2017-11-19,2017-11-24,4540.0,Manufacturing,1,4540.0,5,0.6368876080691642,2,1,0
6MTK51P5,Anna Snelling,MG Special,Rundofase,Won,2017-11-20,2017-11-29,52.0,Public Sector,1,52.0,9,0.6190476190476191,3,1,2
QA2XTMMZ,Corliss Cosme,GTXPro,Yearin,Lost,2017-11-20,2017-11-27,0.0,Retail,0,0.0,7,0.6550218340611353,4,1,1
T58EDFV0,Kami Bicknell,GTX Basic,Goodsilron,Won,2017-11-20,2017-12-08,504.0,Energy,1,504.0,18,0.6397058823529411,1,1,1
C09PGOZG,Kary Hendrixson,GTX Basic,Kan-code,Won,2017-11-20,2017-12-04,589.0,Public Sector,1,589.0,14,0.6238805970149254,3,1,2
IG9RPWOZ,Moses Frase,GTX Plus Pro,Stanredtax,Won,2017-11-20,2017-12-09,5756.0,Retail,1,5756.0,19,0.6615384615384615,4,1,2
3GFZ7SN4,Moses Frase,MG Advanced,Streethex,Won,2017-11-20,2017-11-23,3161.0,Banking,1,3161.0,3,0.6615384615384615,0,1,0
DC1E84LC,Wilburn Farren,GTX Plus Pro,Umbrella Corporation,Won,2017-11-20,2017-12-08,5209.0,Public Sector,1,5209.0,18,0.6962025316455697,3,1,2
F0XGEQOE,Cassey Cress,MG Advanced,Kan-code,Lost,2017-11-21,2017-11-25,0.0,Public Sector,0,0.0,4,0.6245210727969349,3,1,2
EQIV6PMF,Cecily Lampkin,MG Special,dambase,Won,2017-11-21,2017-12-08,58.0,Retail,1,58.0,17,0.66875,4,1,2
SK3A12HI,Corliss Cosme,MG Special,Massive Dynamic,Won,2017-11-21,2017-12-21,57.0,Banking,1,57.0,30,0.6550218340611353,0,1,0
F28BOUE5,Donn Cantrell,GTXPro,Bubba Gump,Won,2017-11-21,2017-12-10,5466.0,Retail,1,5466.0,19,0.5745454545454546,4,1,0
Z7JCS0ZW,Gladys Colclough,GTX Plus Pro,Domzoom,Lost,2017-11-21,2017-11-24,0.0,Retail,0,0.0,3,0.5818965517241379,4,1,1
9E3H6ONP,James Ascencio,GTX Plus Pro,Lexiqvolax,Won,2017-11-21,2017-11-25,6932.0,Public Sector,1,6932.0,4,0.6553398058252428,3,1,0
FVTCAFCL,Kary Hendrixson,GTX Basic,Newex,Won,2017-11-21,2017-12-22,597.0,Energy,1,597.0,31,0.6238805970149254,1,1,1
9TTQYYIW,Markita Hansen,MG Advanced,Green-Plus,Lost,2017-11-21,2017-11-27,0.0,Retail,0,0.0,6,0.5726872246696035,4,1,2
33JYWJ1X,Maureen Marcano,GTX Basic,Cheers,Won,2017-11-21,2017-12-29,619.0,Telecom,1,619.0,38,0.6995305164319249,6,1,1
L11T0DYF,Vicki Laflamme,MG Advanced,Faxquote,Won,2017-11-21,2017-12-01,2590.0,Telecom,1,2590.0,10,0.6368876080691642,6,1,1
QJZVB9ZG,Wilburn Farren,GTXPro,Sumace,Lost,2017-11-21,2017-11-26,0.0,Energy,0,0.0,5,0.6962025316455697,1,1,2
WAEWV7YD,Cassey Cress,GTX Basic,Yearin,Won,2017-11-22,2017-12-07,609.0,Retail,1,609.0,15,0.6245210727969349,4,1,1
3RJPZ634,Corliss Cosme,GTXPro,Konex,Won,2017-11-22,2017-12-06,4492.0,Public Sector,1,4492.0,14,0.6550218340611353,3,1,0
FZH6NJAQ,Maureen Marcano,GTX Plus Basic,Rantouch,Lost,2017-11-22,2017-11-27,0.0,Energy,0,0.0,5,0.6995305164319249,1,1,0
4MPM6ZPU,Reed Clapper,GTXPro,Yearin,Lost,2017-11-22,2017-12-06,0.0,Retail,0,0.0,14,0.6540084388185654,4,1,0
U0XDMZK8,Violet Mclelland,MG Special,Kan-code,Won,2017-11-22,2017-12-05,47.0,Public Sector,1,47.0,13,0.6321243523316062,3,1,0
BF9D3HVC,Corliss Cosme,GTX Basic,Donquadtech,Lost,2017-11-23,2017-12-02,0.0,Shipping,0,0.0,9,0.6550218340611353,5,1,1
6AT4VS58,Kary Hendrixson,GTX Basic,Sonron,Won,2017-11-23,2017-12-08,484.0,Manufacturing,1,484.0,15,0.6238805970149254,2,1,1
S5FBJ31P,Marty Freudenburg,MG Advanced,Ron-tech,Lost,2017-11-23,2017-11-25,0.0,Manufacturing,0,0.0,2,0.6288659793814433,2,1,2
62JLAD45,Niesha Huffines,MG Special,Toughzap,Lost,2017-11-23,2017-11-28,0.0,Retail,0,0.0,5,0.6,4,1,1
Z7GJE1K0,Rosalina Dieter,MG Special,Dalttechnology,Won,2017-11-23,2017-12-07,49.0,Shipping,1,49.0,14,0.6545454545454545,5,1,1
N6ZLW0OG,Cassey Cress,GTX Plus Basic,Ganjaflex,Won,2017-11-24,2017-12-05,927.0,Retail,1,927.0,11,0.6245210727969349,4,1,1
IJ2CLOLZ,Daniell Hammack,GTXPro,Acme Corporation,Won,2017-11-24,2017-12-09,4445.0,Shipping,1,4445.0,15,0.6096256684491979,5,1,2
K4N74V6U,Darcel Schlecht,GTXPro,Codehow,Won,2017-11-24,2017-12-04,5110.0,Telecom,1,5110.0,10,0.6311030741410488,6,1,0
H7GFLCDH,Elease Gluck,MG Special,Blackzim,Won,2017-11-24,2017-12-18,62.0,Telecom,1,62.0,24,0.6349206349206349,6,1,1
0QMOIDET,James Ascencio,GTX Plus Basic,Konex,Won,2017-11-24,2017-12-11,1049.0,Public Sector,1,1049.0,17,0.6553398058252428,3,1,2
33JWQH71,Kami Bicknell,GTX Plus Basic,Labdrill,Won,2017-11-24,2017-12-05,885.0,Energy,1,885.0,11,0.6397058823529411,1,1,2
Z9WFXNX3,Markita Hansen,MG Advanced,Golddex,Lost,2017-11-24,2017-11-29,0.0,Manufacturing,0,0.0,5,0.5726872246696035,2,1,2
7ACIXBSY,Violet Mclelland,MG Advanced,Gekko & Co,Won,2017-11-24,2017-12-05,3612.0,Telecom,1,3612.0,11,0.6321243523316062,6,1,0
MEIBOSW7,Wilburn Farren,GTXPro,Zencorporation,Won,2017-11-24,2017-11-29,5106.0,Shipping,1,5106.0,5,0.6962025316455697,5,1,1
NBUHFAKW,Anna Snelling,MG Advanced,Genco Pura Olive Oil Company,Won,2017-11-25,2017-12-28,2477.0,Manufacturing,1,2477.0,33,0.6190476190476191,2,1,2
PJ3NGI1Y,Cassey Cress,MG Special,Donquadtech,Lost,2017-11-25,2017-12-10,0.0,Shipping,0,0.0,15,0.6245210727969349,5,1,0
RDZ2FC3A,Darcel Schlecht,GTX Basic,Warephase,Won,2017-11-25,2017-12-11,537.0,Retail,1,537.0,16,0.6311030741410488,4,1,2
R7GYOI0M,James Ascencio,GTX Plus Pro,Hatfan,Won,2017-11-25,2017-12-10,5547.0,Public Sector,1,5547.0,15,0.6553398058252428,3,1,2
Z1IF1M5M,Moses Frase,GTX Plus Basic,Konmatfix,Won,2017-11-25,2017-11-29,1001.0,Shipping,1,1001.0,4,0.6615384615384615,5,1,2
B133ECHC,Vicki Laflamme,GTX Plus Pro,Kan-code,Lost,2017-11-25,2017-12-05,0.0,Public Sector,0,0.0,10,0.6368876080691642,3,1,2
P55UV5QW,Violet Mclelland,GTX Plus Basic,Yearin,Lost,2017-11-25,2017-11-29,0.0,Retail,0,0.0,4,0.6321243523316062,4,1,2
H0HDYIYJ,Wilburn Farren,GTXPro,Umbrella Corporation,Won,2017-11-25,2017-11-29,5077.0,Public Sector,1,5077.0,4,0.6962025316455697,3,1,0
EBMBP7JQ,Anna Snelling,MG Advanced,dambase,Won,2017-11-26,2017-12-07,3844.0,Retail,1,3844.0,11,0.6190476190476191,4,1,1
MAUIC3DD,Corliss Cosme,GTX Plus Pro,Sumace,Lost,2017-11-26,2017-12-10,0.0,Energy,0,0.0,14,0.6550218340611353,1,1,1
20048JO2,Corliss Cosme,GTX Plus Basic,Opentech,Won,2017-11-26,2017-12-14,1204.0,Retail,1,1204.0,18,0.6550218340611353,4,1,1
U071YJYI,Darcel Schlecht,MG Advanced,Isdom,Lost,2017-11-26,2017-12-11,0.0,Retail,0,0.0,15,0.6311030741410488,4,1,1
Y3EVBV53,Gladys Colclough,GTX Basic,Stanredtax,Won,2017-11-26,2017-12-07,562.0,Retail,1,562.0,11,0.5818965517241379,4,1,0
JE63NRUA,Kami Bicknell,GTX Plus Basic,Faxquote,Lost,2017-11-26,2017-12-25,0.0,Telecom,0,0.0,29,0.6397058823529411,6,1,0
YA8CL4UM,Kami Bicknell,GTX Basic,Sunnamplex,Won,2017-11-26,2017-12-01,460.0,Public Sector,1,460.0,5,0.6397058823529411,3,1,0
43WRAJ1I,Versie Hillebrand,MG Special,Rundofase,Won,2017-11-26,2017-12-11,66.0,Public Sector,1,66.0,15,0.6666666666666666,3,1,2
DA7BZMMO,Versie Hillebrand,MG Advanced,Cancity,Won,2017-11-26,2017-12-12,3309.0,Public Sector,1,3309.0,16,0.6666666666666666,3,1,2
6QRZCDL0,Violet Mclelland,MG Advanced,Massive Dynamic,Lost,2017-11-26,2017-11-27,0.0,Banking,0,0.0,1,0.6321243523316062,0,1,2
348COZ5O,Darcel Schlecht,GTXPro,Genco Pura Olive Oil Company,Won,2017-11-27,2017-11-30,4888.0,Manufacturing,1,4888.0,3,0.6311030741410488,2,1,1
GLUYX9KN,Hayden Neloms,GTX Plus Basic,J-Texon,Won,2017-11-27,2017-12-12,1192.0,Telecom,1,1192.0,15,0.7039473684210527,6,1,2
2DT6W3HA,Reed Clapper,MG Advanced,Bluth Company,Lost,2017-11-27,2017-12-12,0.0,Energy,0,0.0,15,0.6540084388185654,1,1,1
WE03969I,Donn Cantrell,GTX Plus Basic,Gekko & Co,Won,2017-11-28,2017-12-09,1131.0,Telecom,1,1131.0,11,0.5745454545454546,6,1,2
3SOLZEZX,Hayden Neloms,GTX Plus Pro,Goodsilron,Won,2017-11-28,2017-12-12,5702.0,Energy,1,5702.0,14,0.7039473684210527,1,1,1
MAA6TJMM,Kami Bicknell,GTX Basic,Cheers,Won,2017-11-28,2017-12-13,563.0,Telecom,1,563.0,15,0.6397058823529411,6,1,2
0DY00J6O,Maureen Marcano,GTX Plus Pro,Xx-holding,Won,2017-11-28,2017-12-11,5886.0,Telecom,1,5886.0,13,0.6995305164319249,6,1,2
U8IUBGTW,Niesha Huffines,GTX Basic,Domzoom,Lost,2017-11-28,2017-12-05,0.0,Retail,0,0.0,7,0.6,4,1,0
EV0V1ZZA,Vicki Laflamme,MG Advanced,Hatfan,Lost,2017-11-28,2017-12-02,0.0,Public Sector,0,0.0,4,0.6368876080691642,3,1,2
RCDG00F7,Zane Levy,GTX Basic,Rantouch,Won,2017-11-28,2017-12-04,601.0,Energy,1,601.0,6,0.6168582375478927,1,1,2
XAKK81WB,Elease Gluck,MG Special,Sonron,Won,2017-11-29,2017-12-18,58.0,Manufacturing,1,58.0,19,0.6349206349206349,2,1,0
B6CHA7CX,Hayden Neloms,MG Special,Blackzim,Won,2017-11-29,2017-12-14,58.0,Telecom,1,58.0,15,0.7039473684210527,6,1,1
V263VR1Y,Hayden Neloms,MG Advanced,Finjob,Won,2017-11-29,2017-12-14,3285.0,Manufacturing,1,3285.0,15,0.7039473684210527,2,1,0
A2PTJA6G,Reed Clapper,MG Advanced,Plussunin,Won,2017-11-29,2017-12-08,3494.0,Energy,1,3494.0,9,0.6540084388185654,1,1,0
GUDTJY0I,Darcel Schlecht,MG Advanced,Finhigh,Lost,2017-11-30,2017-12-14,0.0,Banking,0,0.0,14,0.6311030741410488,0,1,1
MDK5NQJA,Donn Cantrell,GTX Plus Pro,Initech,Won,2017-11-30,2017-12-14,5204.0,Banking,1,5204.0,14,0.5745454545454546,0,1,2
GB1K3Y4Y,Garret Kinder,GTX Basic,The New York Inquirer,Won,2017-11-30,2017-12-15,579.0,Banking,1,579.0,15,0.6097560975609756,0,1,1
KKOU11ZD,Kary Hendrixson,GTX Plus Basic,Cheers,Won,2017-11-30,2017-12-14,1195.0,Telecom,1,1195.0,14,0.6238805970149254,6,1,2
KHZ3IOKH,Lajuana Vencill,GTX Plus Pro,Streethex,Won,2017-11-30,2017-12-29,6340.0,Banking,1,6340.0,29,0.5497835497835498,0,1,2
Q34UWP01,Wilburn Farren,GTX Plus Basic,Zathunicon,Won,2017-11-30,2017-12-19,1179.0,Retail,1,1179.0,19,0.6962025316455697,4,1,1
X70BM5FO,Anna Snelling,GTX Plus Basic,Condax,Won,2017-12-01,2017-12-22,1243.0,Banking,1,1243.0,21,0.6190476190476191,0,1,0
NCF02FA5,Elease Gluck,GTX Plus Basic,Zoomit,Won,2017-12-01,2017-12-15,953.0,Energy,1,953.0,14,0.6349206349206349,1,1,1
XF54BYUH,Moses Frase,GTX Plus Pro,Genco Pura Olive Oil Company,Won,2017-12-01,2017-12-09,5619.0,Manufacturing,1,5619.0,8,0.6615384615384615,2,1,2
23ZL97PN,Donn Cantrell,GTX Plus Basic,Betasoloin,Lost,2017-12-02,2017-12-12,0.0,Banking,0,0.0,10,0.5745454545454546,0,1,1
PVZ4YGQG,Donn Cantrell,GTX Plus Basic,Donware,Lost,2017-12-02,2017-12-11,0.0,Banking,0,0.0,9,0.5745454545454546,0,1,1
7L89U5DU,Hayden Neloms,MG Advanced,Plexzap,Won,2017-12-02,2017-12-20,3547.0,Manufacturing,1,3547.0,18,0.7039473684210527,2,1,2
KNN6C4O3,Kami Bicknell,GTXPro,Green-Plus,Won,2017-12-02,2017-12-15,4899.0,Retail,1,4899.0,13,0.6397058823529411,4,1,0
CXAEFADQ,Kary Hendrixson,GTX Plus Basic,Singletechno,Won,2017-12-02,2017-12-20,993.0,Retail,1,993.0,18,0.6238805970149254,4,1,1
G6433A35,James Ascencio,MG Special,Doncon,Won,2017-12-03,2017-12-10,54.0,Shipping,1,54.0,7,0.6553398058252428,5,1,2
1WVEAE8N,Jonathan Berthelot,GTX Plus Basic,Codehow,Lost,2017-12-03,2017-12-20,0.0,Telecom,0,0.0,17,0.6477272727272727,6,1,2
TJJFAU52,Rosie Papadopoulos,MG Special,Initech,Won,2017-12-03,2017-12-24,58.0,Banking,1,58.0,21,0.6446280991735537,0,1,1
JCJ5PJDH,Anna Snelling,MG Special,Hottechi,Won,2017-12-04,2017-12-13,57.0,Public Sector,1,57.0,9,0.6190476190476191,3,1,0
0RH9W4E2,Gladys Colclough,MG Special,Streethex,Lost,2017-12-04,2017-12-24,0.0,Banking,0,0.0,20,0.5818965517241379,0,1,1
MG3ZJ8F3,Gladys Colclough,GTX Plus Basic,Inity,Won,2017-12-04,2017-12-11,1110.0,Manufacturing,1,1110.0,7,0.5818965517241379,2,1,0
R892OD1B,Versie Hillebrand,MG Special,Rundofase,Won,2017-12-04,2017-12-08,57.0,Public Sector,1,57.0,4,0.6666666666666666,3,1,0
SZ09YDEF,Zane Levy,GTXPro,Finjob,Lost,2017-12-04,2017-12-20,0.0,Manufacturing,0,0.0,16,0.6168582375478927,2,1,0
9WUYZLBE,Zane Levy,MG Special,Nam-zim,Won,2017-12-04,2017-12-15,64.0,Energy,1,64.0,11,0.6168582375478927,1,1,0
RV7ERUUT,Boris Faz,GTX Plus Pro,Zotware,Won,2017-12-05,2017-12-07,5172.0,Banking,1,5172.0,2,0.6601307189542484,0,1,1
EY0JZ32S,Corliss Cosme,GTX Plus Basic,Zotware,Lost,2017-12-05,2017-12-27,0.0,Banking,0,0.0,22,0.6550218340611353,0,1,2
CEYW89RW,Kary Hendrixson,GTX Basic,Golddex,Lost,2017-12-05,2017-12-25,0.0,Manufacturing,0,0.0,20,0.6238805970149254,2,1,2
MBBBOMEV,Markita Hansen,MG Special,Faxquote,Lost,2017-12-05,2017-12-19,0.0,Telecom,0,0.0,14,0.5726872246696035,6,1,2
I6FIZ2S5,Niesha Huffines,GTX Plus Pro,Funholding,Won,2017-12-05,2017-12-19,6141.0,Retail,1,6141.0,14,0.6,4,1,2
7EYDG0CV,Anna Snelling,MG Special,Statholdings,Won,2017-12-06,2017-12-14,56.0,Manufacturing,1,56.0,8,0.6190476190476191,2,1,2
UFAABKQJ,Cecily Lampkin,GTX Basic,Dontechi,Won,2017-12-06,2017-12-12,515.0,Shipping,1,515.0,6,0.66875,5,1,2
7ZU2A8L1,Donn Cantrell,GTX Basic,Donware,Won,2017-12-06,2017-12-23,698.0,Banking,1,698.0,17,0.5745454545454546,0,1,1
O1HKZ4ZF,Donn Cantrell,GTX Basic,Yearin,Won,2017-12-06,2017-12-30,481.0,Retail,1,481.0,24,0.5745454545454546,4,1,0
8VO26H1R,Kary Hendrixson,GTXPro,Faxquote,Lost,2017-12-06,2017-12-22,0.0,Telecom,0,0.0,16,0.6238805970149254,6,1,2
A2OLLGWZ,Versie Hillebrand,MG Special,Rangreen,Won,2017-12-06,2017-12-14,49.0,Energy,1,49.0,8,0.6666666666666666,1,1,1
WKIRY6KE,Kary Hendrixson,GTX Plus Basic,Xx-holding,Won,2017-12-07,2017-12-18,1111.0,Telecom,1,1111.0,11,0.6238805970149254,6,1,2
EJYFAV40,Marty Freudenburg,GTX Plus Pro,Toughzap,Won,2017-12-07,2017-12-28,5862.0,Retail,1,5862.0,21,0.6288659793814433,4,1,2
8A1EB728,Rosalina Dieter,MG Special,J-Texon,Won,2017-12-07,2017-12-16,54.0,Telecom,1,54.0,9,0.6545454545454545,6,1,0
2KWQ6RAZ,Anna Snelling,MG Special,Cancity,Won,2017-12-08,2017-12-18,60.0,Public Sector,1,60.0,10,0.6190476190476191,3,1,0
823X29EZ,Donn Cantrell,GTXPro,Plussunin,Lost,2017-12-08,2017-12-22,0.0,Energy,0,0.0,14,0.5745454545454546,1,1,0
YY4VFPND,Kary Hendrixson,GTX Plus Basic,Golddex,Won,2017-12-08,2017-12-29,1168.0,Manufacturing,1,1168.0,21,0.6238805970149254,2,1,2
RYLBEZ4N,Violet Mclelland,MG Special,Gekko & Co,Won,2017-12-08,2017-12-18,48.0,Telecom,1,48.0,10,0.6321243523316062,6,1,2
Y4UIUIEG,Cecily Lampkin,GTX Plus Basic,Cancity,Won,2017-12-09,2017-12-24,986.0,Public Sector,1,986.0,15,0.66875,3,1,2
1HG8VLHU,Cecily Lampkin,MG Advanced,Toughzap,Won,2017-12-09,2017-12-16,3843.0,Retail,1,3843.0,7,0.66875,4,1,0
0OJE7J6C,Corliss Cosme,GTX Plus Pro,Gekko & Co,Won,2017-12-09,2017-12-17,5143.0,Telecom,1,5143.0,8,0.6550218340611353,6,1,1
OCVCCWPQ,Gladys Colclough,MG Special,Codehow,Won,2017-12-09,2017-12-24,52.0,Telecom,1,52.0,15,0.5818965517241379,6,1,2
S2KBTW2O,James Ascencio,GTX Plus Pro,Scotfind,Won,2017-12-09,2017-12-23,5576.0,Telecom,1,5576.0,14,0.6553398058252428,6,1,2
QJ9H7Y8W,Kami Bicknell,MG Special,Sunnamplex,Won,2017-12-09,2017-12-18,59.0,Public Sector,1,59.0,9,0.6397058823529411,3,1,2
FNA51WN6,Kary Hendrixson,GTXPro,J-Texon,Won,2017-12-09,2017-12-27,4178.0,Telecom,1,4178.0,18,0.6238805970149254,6,1,1
921APYA3,Markita Hansen,GTX Plus Basic,Lexiqvolax,Won,2017-12-09,2017-12-25,1192.0,Public Sector,1,1192.0,16,0.5726872246696035,3,1,2
CPC83NKN,Niesha Huffines,GTX Plus Basic,Conecom,Won,2017-12-09,2017-12-24,1047.0,Shipping,1,1047.0,15,0.6,5,1,1
TBS5Y874,Reed Clapper,GTX Plus Pro,Kan-code,Won,2017-12-09,2017-12-17,6456.0,Public Sector,1,6456.0,8,0.6540084388185654,3,1,2
6JZ0HCSF,Rosie Papadopoulos,GTXPro,Xx-zobam,Lost,2017-12-09,2017-12-29,0.0,Manufacturing,0,0.0,20,0.6446280991735537,2,1,1
JRSU8ALH,Anna Snelling,GTX Basic,Ron-tech,Lost,2017-12-10,2017-12-19,0.0,Manufacturing,0,0.0,9,0.6190476190476191,2,1,2
7GXUCFW5,Darcel Schlecht,GTXPro,Inity,Won,2017-12-10,2017-12-17,4755.0,Manufacturing,1,4755.0,7,0.6311030741410488,2,1,0
E66UG7VC,Maureen Marcano,MG Special,Y-corporation,Won,2017-12-10,2017-12-25,55.0,Manufacturing,1,55.0,15,0.6995305164319249,2,1,0
7IAHPFT9,Vicki Laflamme,MG Advanced,Faxquote,Won,2017-12-10,2017-12-18,3078.0,Telecom,1,3078.0,8,0.6368876080691642,6,1,0
04AOWMXV,Anna Snelling,GTX Basic,Codehow,Won,2017-12-11,2017-12-28,537.0,Telecom,1,537.0,17,0.6190476190476191,6,1,0
XZ9YR78K,Gladys Colclough,GTX Plus Basic,Hottechi,Won,2017-12-11,2017-12-18,1220.0,Public Sector,1,1220.0,7,0.5818965517241379,3,1,2
WZKN6PO4,Markita Hansen,MG Special,Finjob,Won,2017-12-11,2017-12-21,53.0,Manufacturing,1,53.0,10,0.5726872246696035,2,1,0
WQSUMJRZ,Versie Hillebrand,MG Special,Scottech,Won,2017-12-11,2017-12-18,60.0,Banking,1,60.0,7,0.6666666666666666,0,1,1
1RIO9PCD,Vicki Laflamme,GTX Basic,Hottechi,Won,2017-12-11,2017-12-29,494.0,Public Sector,1,494.0,18,0.6368876080691642,3,1,0
TQV7CO87,Jonathan Berthelot,GTX Basic,Genco Pura Olive Oil Company,Won,2017-12-12,2017-12-18,480.0,Manufacturing,1,480.0,6,0.6477272727272727,2,1,0
3FJPGYD7,Kami Bicknell,GTX Basic,Cheers,Lost,2017-12-12,2017-12-29,0.0,Telecom,0,0.0,17,0.6397058823529411,6,1,0
9AQFU718,Lajuana Vencill,GTX Basic,Toughzap,Lost,2017-12-12,2017-12-15,0.0,Retail,0,0.0,3,0.5497835497835498,4,1,2
AUJE7IZR,Maureen Marcano,GTX Plus Basic,Hottechi,Won,2017-12-12,2017-12-26,1075.0,Public Sector,1,1075.0,14,0.6995305164319249,3,1,0
LE3XYXEF,Reed Clapper,GTX Plus Basic,Ganjaflex,Lost,2017-12-12,2017-12-25,0.0,Retail,0,0.0,13,0.6540084388185654,4,1,1
TVU1PQEL,Jonathan Berthelot,GTX Plus Basic,Conecom,Won,2017-12-13,2017-12-28,1166.0,Shipping,1,1166.0,15,0.6477272727272727,5,1,0
3RGNKYWW,Kary Hendrixson,GTX Plus Basic,Hatfan,Won,2017-12-13,2017-12-26,921.0,Public Sector,1,921.0,13,0.6238805970149254,3,1,0
HNCSYU4T,Markita Hansen,MG Advanced,Faxquote,Won,2017-12-13,2017-12-27,3442.0,Telecom,1,3442.0,14,0.5726872246696035,6,1,0
1PXQZ40I,Versie Hillebrand,MG Advanced,Zumgoity,Won,2017-12-13,2017-12-27,3735.0,Public Sector,1,3735.0,14,0.6666666666666666,3,1,1
FYAVINLC,Vicki Laflamme,MG Special,Finjob,Won,2017-12-13,2017-12-17,50.0,Manufacturing,1,50.0,4,0.6368876080691642,2,1,0
60JGDDRO,Darcel Schlecht,GTXPro,Domzoom,Won,2017-12-14,2017-12-19,5052.0,Retail,1,5052.0,5,0.6311030741410488,4,1,1
R4BO7K5M,Kary Hendrixson,GTX Basic,Cheers,Lost,2017-12-14,2017-12-29,0.0,Telecom,0,0.0,15,0.6238805970149254,6,1,1
X4XN0M8A,Kary Hendrixson,MG Special,Hatfan,Won,2017-12-14,2017-12-30,44.0,Public Sector,1,44.0,16,0.6238805970149254,3,1,0
M4MAVN65,Vicki Laflamme,MG Special,Doncon,Lost,2017-12-14,2017-12-22,0.0,Shipping,0,0.0,8,0.6368876080691642,5,1,1
USJ0JACE,Violet Mclelland,GTX Plus Basic,Massive Dynamic,Won,2017-12-14,2017-12-16,960.0,Banking,1,960.0,2,0.6321243523316062,0,1,2
2SMQAWOA,Boris Faz,GTX Plus Pro,Zotware,Won,2017-12-15,2017-12-30,6469.0,Banking,1,6469.0,15,0.6601307189542484,0,1,0
JAYXM4QB,Maureen Marcano,GTX Plus Basic,Cheers,Won,2017-12-15,2017-12-19,914.0,Telecom,1,914.0,4,0.6995305164319249,6,1,0
NW5CPPIV,Versie Hillebrand,MG Advanced,Funholding,Lost,2017-12-15,2017-12-26,0.0,Retail,0,0.0,11,0.6666666666666666,4,1,1
8LFA54EQ,Rosalina Dieter,MG Special,Newex,Lost,2017-12-16,2017-12-21,0.0,Energy,0,0.0,5,0.6545454545454545,1,1,1
19MLD9YF,Rosalina Dieter,MG Advanced,J-Texon,Won,2017-12-16,2017-12-24,3379.0,Telecom,1,3379.0,8,0.6545454545454545,6,1,0
PLQ50D2O,Anna Snelling,MG Advanced,Domzoom,Won,2017-12-17,2017-12-26,3240.0,Retail,1,3240.0,9,0.6190476190476191,4,1,2
3VPQNW5Y,James Ascencio,GTX Plus Basic,Cheers,Won,2017-12-17,2017-12-31,1007.0,Telecom,1,1007.0,14,0.6553398058252428,6,1,1
FXYOCA0G,Markita Hansen,MG Special,J-Texon,Won,2017-12-17,2017-12-28,54.0,Telecom,1,54.0,11,0.5726872246696035,6,1,1
SK30SEKS,Rosalina Dieter,MG Special,Golddex,Won,2017-12-17,2017-12-25,49.0,Manufacturing,1,49.0,8,0.6545454545454545,2,1,2
Q30OVFCZ,Vicki Laflamme,GTX Plus Basic,Sonron,Lost,2017-12-17,2017-12-31,0.0,Manufacturing,0,0.0,14,0.6368876080691642,2,1,2
T1GPPZXH,Violet Mclelland,MG Special,Konex,Won,2017-12-17,2017-12-24,55.0,Public Sector,1,55.0,7,0.6321243523316062,3,1,0
WL31FAI3,Zane Levy,GTXPro,Blackzim,Won,2017-12-17,2017-12-26,5196.0,Telecom,1,5196.0,9,0.6168582375478927,6,1,2
6SNUFVQP,Anna Snelling,MG Special,Rundofase,Won,2017-12-18,2017-12-31,54.0,Public Sector,1,54.0,13,0.6190476190476191,3,1,0
5U83YWZB,Elease Gluck,GTXPro,Doncon,Won,2017-12-18,2017-12-26,4953.0,Shipping,1,4953.0,8,0.6349206349206349,5,1,2
ZFXYBJEY,Wilburn Farren,MG Advanced,Zotware,Won,2017-12-18,2017-12-24,3155.0,Banking,1,3155.0,6,0.6962025316455697,0,1,1
OHAARANW,Darcel Schlecht,GTXPro,Bioholding,Lost,2017-12-19,2017-12-30,0.0,Banking,0,0.0,11,0.6311030741410488,0,1,0
6GBGF19R,Rosie Papadopoulos,GTXPro,Plussunin,Won,2017-12-19,2017-12-30,4566.0,Energy,1,4566.0,11,0.6446280991735537,1,1,0
5XADPM6R,Versie Hillebrand,MG Special,Bioholding,Won,2017-12-19,2017-12-28,58.0,Banking,1,58.0,9,0.6666666666666666,0,1,0
YZX90X8X,Wilburn Farren,GTXPro,Umbrella Corporation,Won,2017-12-19,2017-12-28,4315.0,Public Sector,1,4315.0,9,0.6962025316455697,3,1,2
CNL7PCYU,Donn Cantrell,MG Advanced,Xx-zobam,Lost,2017-12-20,2017-12-28,0.0,Manufacturing,0,0.0,8,0.5745454545454546,2,1,1
9M88QXFW,Rosie Papadopoulos,GTXPro,Vehement Capital Partners,Won,2017-12-20,2017-12-29,5574.0,Banking,1,5574.0,9,0.6446280991735537,0,1,0
B50N6RL3,Gladys Colclough,MG Advanced,Genco Pura Olive Oil Company,Won,2017-12-21,2017-12-30,3494.0,Manufacturing,1,3494.0,9,0.5818965517241379,2,1,0
HLXSEMXV,Kami Bicknell,MG Special,Doncon,Won,2017-12-21,2017-12-28,50.0,Shipping,1,50.0,7,0.6397058823529411,5,1,0
MPMG4JTY,Vicki Laflamme,MG Special,Hottechi,Won,2017-12-21,2017-12-28,61.0,Public Sector,1,61.0,7,0.6368876080691642,3,1,0
8QJHJXY0,Kary Hendrixson,MG Special,Sunnamplex,Lost,2017-12-22,2017-12-31,0.0,Public Sector,0,0.0,9,0.6238805970149254,3,1,1
MSN4ZNU6,Violet Mclelland,MG Advanced,Betasoloin,Won,2017-12-22,2017-12-28,3673.0,Banking,1,3673.0,6,0.6321243523316062,0,1,2
3MXS2HRE,Cassey Cress,GTX Basic,Ganjaflex,Won,2017-12-23,2017-12-31,576.0,Retail,1,576.0,8,0.6245210727969349,4,1,1
1YBATFAY,James Ascencio,GTX Basic,Singletechno,Won,2017-12-24,2017-12-26,538.0,Retail,1,538.0,2,0.6553398058252428,4,1,0
2EBLR9N8,Lajuana Vencill,GTX Basic,Conecom,Won,2017-12-24,2017-12-26,622.0,Shipping,1,622.0,2,0.5497835497835498,5,1,1
VDGA4KXA,Violet Mclelland,GTX Plus Basic,Bluth Company,Won,2017-12-24,2017-12-30,1093.0,Energy,1,1093.0,6,0.6321243523316062,1,1,0
6WCNNK5J,Maureen Marcano,GTXPro,Hottechi,Won,2017-12-26,2017-12-29,4433.0,Public Sector,1,4433.0,3,0.6995305164319249,3,1,2
YJTQSZ9D,Gladys Colclough,GTX Plus Basic,Inity,Won,2017-12-27,2017-12-30,1052.0,Manufacturing,1,1052.0,3,0.5818965517241379,2,1,2
RB8GDYFY,Gladys Colclough,MG Special,Betatech,Won,2017-12-27,2017-12-29,67.0,Public Sector,1,67.0,2,0.5818965517241379,3,1,2
